condition,run_id,generation,best_fitness,avg_fitness,best_coverage,best_bugs,novelty,diversity
COV_ONLY,0,0,0.733333,0.656667,0.733333,5,0.816667,0.808276
COV_ONLY,0,1,0.750000,0.676667,0.750000,5,0.850000,0.823508
COV_ONLY,0,2,0.783333,0.693750,0.783333,6,0.866667,0.830921
COV_ONLY,0,3,0.800000,0.709167,0.800000,5,0.866667,0.834944
COV_ONLY,0,4,0.800000,0.727500,0.800000,5,0.866667,0.839465
COV_ONLY,0,5,0.850000,0.738750,0.850000,6,0.883333,0.840605
COV_ONLY,0,6,0.800000,0.737917,0.800000,5,0.883333,0.846121
COV_ONLY,0,7,0.833333,0.756250,0.833333,6,0.883333,0.849574
COV_ONLY,0,8,0.816667,0.772917,0.816667,4,0.883333,0.852478
COV_ONLY,0,9,0.816667,0.768333,0.816667,6,0.883333,0.855090
COV_ONLY,0,10,0.833333,0.769167,0.833333,6,0.883333,0.858739
COV_ONLY,0,11,0.850000,0.763750,0.850000,6,0.883333,0.856608
COV_ONLY,0,12,0.850000,0.783750,0.850000,6,0.883333,0.859656
COV_ONLY,0,13,0.833333,0.784583,0.833333,6,0.883333,0.861423
COV_ONLY,0,14,0.850000,0.799583,0.850000,6,0.883333,0.862320
COV_ONLY,0,15,0.866667,0.766250,0.866667,6,0.883333,0.861362
COV_ONLY,0,16,0.850000,0.797083,0.850000,6,0.883333,0.863617
COV_ONLY,0,17,0.850000,0.807500,0.850000,6,0.883333,0.867234
COV_ONLY,0,18,0.866667,0.798750,0.866667,6,0.883333,0.865687
COV_ONLY,0,19,0.866667,0.808333,0.866667,6,0.883333,0.866430
COV_ONLY,0,20,0.850000,0.804583,0.850000,7,0.883333,0.864088
COV_ONLY,0,21,0.866667,0.804583,0.866667,6,0.883333,0.865949
COV_ONLY,0,22,0.850000,0.798333,0.850000,6,0.883333,0.865884
COV_ONLY,0,23,0.883333,0.818333,0.883333,6,0.883333,0.868346
COV_ONLY,0,24,0.883333,0.818750,0.883333,6,0.883333,0.867540
COV_ONLY,0,25,0.866667,0.817083,0.866667,6,0.883333,0.869327
COV_ONLY,0,26,0.866667,0.812917,0.866667,6,0.883333,0.868767
COV_ONLY,0,27,0.866667,0.823333,0.866667,6,0.883333,0.870134
COV_ONLY,0,28,0.866667,0.816250,0.866667,6,0.883333,0.868913
COV_ONLY,0,29,0.850000,0.818750,0.850000,5,0.883333,0.868444
COV_ONLY,0,30,0.866667,0.819167,0.866667,6,0.883333,0.870185
COV_ONLY,0,31,0.866667,0.822083,0.866667,6,0.883333,0.871523
COV_ONLY,0,32,0.866667,0.822500,0.866667,6,0.883333,0.870389
COV_ONLY,0,33,0.866667,0.828750,0.866667,6,0.883333,0.869599
COV_ONLY,0,34,0.883333,0.827083,0.883333,6,0.883333,0.870898
COV_ONLY,0,35,0.866667,0.804167,0.866667,6,0.883333,0.870716
COV_ONLY,0,36,0.883333,0.831250,0.883333,6,0.883333,0.872537
COV_ONLY,0,37,0.883333,0.814167,0.883333,6,0.883333,0.872334
COV_ONLY,0,38,0.866667,0.829583,0.866667,6,0.883333,0.872162
COV_ONLY,0,39,0.883333,0.827500,0.883333,6,0.883333,0.871693
COV_ONLY,0,40,0.866667,0.833333,0.866667,6,0.883333,0.871492
COV_ONLY,0,41,0.866667,0.821250,0.866667,6,0.883333,0.871546
COV_ONLY,0,42,0.883333,0.828750,0.883333,6,0.883333,0.871497
COV_ONLY,0,43,0.866667,0.818333,0.866667,6,0.883333,0.871124
COV_ONLY,0,44,0.866667,0.829583,0.866667,5,0.883333,0.870621
COV_ONLY,0,45,0.866667,0.824167,0.866667,6,0.883333,0.868418
COV_ONLY,0,46,0.883333,0.830417,0.883333,6,0.883333,0.868987
COV_ONLY,0,47,0.883333,0.835833,0.883333,6,0.883333,0.870123
COV_ONLY,0,48,0.866667,0.837083,0.866667,5,0.883333,0.871086
COV_ONLY,0,49,0.883333,0.841250,0.883333,6,0.883333,0.871928
COV_ONLY,0,50,0.883333,0.832917,0.883333,6,0.883333,0.871464
COV_ONLY,0,51,0.883333,0.844583,0.883333,6,0.883333,0.873684
COV_ONLY,0,52,0.883333,0.840833,0.883333,6,0.883333,0.872067
COV_ONLY,0,53,0.883333,0.839583,0.883333,6,0.883333,0.871220
COV_ONLY,0,54,0.883333,0.835833,0.883333,6,0.883333,0.871157
COV_ONLY,0,55,0.883333,0.837500,0.883333,6,0.883333,0.870674
COV_ONLY,0,56,0.883333,0.844583,0.883333,6,0.883333,0.870672
COV_ONLY,0,57,0.883333,0.849167,0.883333,6,0.883333,0.870310
COV_ONLY,0,58,0.883333,0.837917,0.883333,6,0.883333,0.871073
COV_ONLY,0,59,0.883333,0.847083,0.883333,6,0.883333,0.870116
COV_ONLY,1,0,0.733333,0.665417,0.733333,4,0.816667,0.808560
COV_ONLY,1,1,0.733333,0.675417,0.733333,5,0.850000,0.822726
COV_ONLY,1,2,0.733333,0.677500,0.733333,5,0.850000,0.830643
COV_ONLY,1,3,0.750000,0.694583,0.750000,4,0.866667,0.833372
COV_ONLY,1,4,0.766667,0.704167,0.766667,4,0.866667,0.837982
COV_ONLY,1,5,0.766667,0.712083,0.766667,4,0.866667,0.843037
COV_ONLY,1,6,0.766667,0.708750,0.766667,5,0.866667,0.845380
COV_ONLY,1,7,0.800000,0.722917,0.800000,5,0.866667,0.849119
COV_ONLY,1,8,0.783333,0.728750,0.783333,4,0.866667,0.847214
COV_ONLY,1,9,0.783333,0.713333,0.783333,5,0.866667,0.844977
COV_ONLY,1,10,0.800000,0.735000,0.800000,4,0.883333,0.850097
COV_ONLY,1,11,0.800000,0.740417,0.800000,5,0.883333,0.850618
COV_ONLY,1,12,0.800000,0.741250,0.800000,5,0.883333,0.853490
COV_ONLY,1,13,0.816667,0.744583,0.816667,6,0.883333,0.853289
COV_ONLY,1,14,0.800000,0.745000,0.800000,5,0.883333,0.854358
COV_ONLY,1,15,0.816667,0.755000,0.816667,4,0.883333,0.856912
COV_ONLY,1,16,0.800000,0.758333,0.800000,5,0.883333,0.856153
COV_ONLY,1,17,0.816667,0.752500,0.816667,4,0.883333,0.858592
COV_ONLY,1,18,0.800000,0.755000,0.800000,4,0.883333,0.858698
COV_ONLY,1,19,0.833333,0.760417,0.833333,5,0.883333,0.857421
COV_ONLY,1,20,0.800000,0.763750,0.800000,4,0.883333,0.858220
COV_ONLY,1,21,0.816667,0.768750,0.816667,4,0.883333,0.861555
COV_ONLY,1,22,0.816667,0.776250,0.816667,5,0.883333,0.862226
COV_ONLY,1,23,0.816667,0.762500,0.816667,4,0.883333,0.861449
COV_ONLY,1,24,0.833333,0.769167,0.833333,4,0.883333,0.862433
COV_ONLY,1,25,0.833333,0.759167,0.833333,5,0.883333,0.860216
COV_ONLY,1,26,0.833333,0.775417,0.833333,6,0.883333,0.861731
COV_ONLY,1,27,0.833333,0.765000,0.833333,5,0.883333,0.860745
COV_ONLY,1,28,0.833333,0.791250,0.833333,4,0.883333,0.863933
COV_ONLY,1,29,0.833333,0.783333,0.833333,5,0.883333,0.864799
COV_ONLY,1,30,0.816667,0.782917,0.816667,5,0.883333,0.864164
COV_ONLY,1,31,0.850000,0.787083,0.850000,6,0.883333,0.867250
COV_ONLY,1,32,0.850000,0.795000,0.850000,5,0.883333,0.868661
COV_ONLY,1,33,0.850000,0.792917,0.850000,5,0.883333,0.865731
COV_ONLY,1,34,0.850000,0.802083,0.850000,5,0.883333,0.867328
COV_ONLY,1,35,0.833333,0.802500,0.833333,5,0.883333,0.864789
COV_ONLY,1,36,0.850000,0.799583,0.850000,5,0.883333,0.864702
COV_ONLY,1,37,0.850000,0.793333,0.850000,5,0.883333,0.864582
COV_ONLY,1,38,0.833333,0.797500,0.833333,5,0.883333,0.864907
COV_ONLY,1,39,0.850000,0.806667,0.850000,5,0.883333,0.863948
COV_ONLY,1,40,0.850000,0.798750,0.850000,5,0.883333,0.864051
COV_ONLY,1,41,0.850000,0.804583,0.850000,5,0.883333,0.864808
COV_ONLY,1,42,0.850000,0.798750,0.850000,5,0.883333,0.866620
COV_ONLY,1,43,0.850000,0.801250,0.850000,5,0.883333,0.866122
COV_ONLY,1,44,0.850000,0.810000,0.850000,5,0.883333,0.866575
COV_ONLY,1,45,0.850000,0.798750,0.850000,5,0.883333,0.865006
COV_ONLY,1,46,0.850000,0.810000,0.850000,6,0.883333,0.866012
COV_ONLY,1,47,0.866667,0.811250,0.866667,6,0.883333,0.864860
COV_ONLY,1,48,0.850000,0.818750,0.850000,5,0.883333,0.866248
COV_ONLY,1,49,0.866667,0.811667,0.866667,6,0.883333,0.864664
COV_ONLY,1,50,0.850000,0.817500,0.850000,6,0.883333,0.864925
COV_ONLY,1,51,0.866667,0.820000,0.866667,6,0.883333,0.865297
COV_ONLY,1,52,0.850000,0.804583,0.850000,4,0.883333,0.864997
COV_ONLY,1,53,0.850000,0.810000,0.850000,5,0.883333,0.865846
COV_ONLY,1,54,0.850000,0.814167,0.850000,5,0.883333,0.865729
COV_ONLY,1,55,0.866667,0.812917,0.866667,5,0.883333,0.864956
COV_ONLY,1,56,0.850000,0.813750,0.850000,6,0.883333,0.865622
COV_ONLY,1,57,0.866667,0.822083,0.866667,5,0.883333,0.866368
COV_ONLY,1,58,0.850000,0.807500,0.850000,5,0.883333,0.864099
COV_ONLY,1,59,0.850000,0.808750,0.850000,5,0.883333,0.864722
COV_ONLY,2,0,0.766667,0.670833,0.766667,5,0.833333,0.808545
COV_ONLY,2,1,0.733333,0.679167,0.733333,5,0.833333,0.816796
COV_ONLY,2,2,0.766667,0.695000,0.766667,6,0.850000,0.824599
COV_ONLY,2,3,0.783333,0.712917,0.783333,5,0.866667,0.832116
COV_ONLY,2,4,0.783333,0.717500,0.783333,5,0.883333,0.839079
COV_ONLY,2,5,0.816667,0.730417,0.816667,5,0.883333,0.841479
COV_ONLY,2,6,0.816667,0.743333,0.816667,5,0.883333,0.846761
COV_ONLY,2,7,0.816667,0.759583,0.816667,6,0.883333,0.847044
COV_ONLY,2,8,0.833333,0.766667,0.833333,5,0.883333,0.848972
COV_ONLY,2,9,0.833333,0.783750,0.833333,5,0.883333,0.852678
COV_ONLY,2,10,0.833333,0.777500,0.833333,6,0.883333,0.852303
COV_ONLY,2,11,0.816667,0.785833,0.816667,4,0.883333,0.855172
COV_ONLY,2,12,0.833333,0.787083,0.833333,5,0.883333,0.857774
COV_ONLY,2,13,0.833333,0.788750,0.833333,6,0.883333,0.856511
COV_ONLY,2,14,0.833333,0.791250,0.833333,6,0.883333,0.856413
COV_ONLY,2,15,0.850000,0.780833,0.850000,6,0.883333,0.856210
COV_ONLY,2,16,0.850000,0.795000,0.850000,5,0.883333,0.858171
COV_ONLY,2,17,0.850000,0.803333,0.850000,6,0.883333,0.859123
COV_ONLY,2,18,0.866667,0.806250,0.866667,6,0.883333,0.861267
COV_ONLY,2,19,0.850000,0.813750,0.850000,5,0.883333,0.861952
COV_ONLY,2,20,0.866667,0.805417,0.866667,6,0.883333,0.863047
COV_ONLY,2,21,0.866667,0.817500,0.866667,6,0.883333,0.865705
COV_ONLY,2,22,0.866667,0.815833,0.866667,7,0.883333,0.865755
COV_ONLY,2,23,0.850000,0.809583,0.850000,6,0.883333,0.866854
COV_ONLY,2,24,0.866667,0.815417,0.866667,6,0.883333,0.866519
COV_ONLY,2,25,0.866667,0.812500,0.866667,6,0.883333,0.869046
COV_ONLY,2,26,0.866667,0.815833,0.866667,6,0.883333,0.868180
COV_ONLY,2,27,0.866667,0.815833,0.866667,6,0.883333,0.866404
COV_ONLY,2,28,0.850000,0.817083,0.850000,6,0.883333,0.870027
COV_ONLY,2,29,0.866667,0.815417,0.866667,6,0.883333,0.868525
COV_ONLY,2,30,0.866667,0.816250,0.866667,6,0.883333,0.867002
COV_ONLY,2,31,0.850000,0.814167,0.850000,6,0.883333,0.864397
COV_ONLY,2,32,0.866667,0.823750,0.866667,6,0.883333,0.865619
COV_ONLY,2,33,0.866667,0.826250,0.866667,6,0.883333,0.864956
COV_ONLY,2,34,0.866667,0.820417,0.866667,6,0.883333,0.865936
COV_ONLY,2,35,0.883333,0.822917,0.883333,6,0.883333,0.864982
COV_ONLY,2,36,0.850000,0.822083,0.850000,6,0.883333,0.863456
COV_ONLY,2,37,0.866667,0.818333,0.866667,6,0.883333,0.865292
COV_ONLY,2,38,0.883333,0.823750,0.883333,6,0.883333,0.866712
COV_ONLY,2,39,0.883333,0.824167,0.883333,6,0.883333,0.865782
COV_ONLY,2,40,0.866667,0.822917,0.866667,6,0.883333,0.864190
COV_ONLY,2,41,0.866667,0.822917,0.866667,5,0.883333,0.865562
COV_ONLY,2,42,0.866667,0.824583,0.866667,6,0.883333,0.865802
COV_ONLY,2,43,0.866667,0.821667,0.866667,6,0.883333,0.864429
COV_ONLY,2,44,0.866667,0.839167,0.866667,6,0.883333,0.865005
COV_ONLY,2,45,0.883333,0.832917,0.883333,6,0.883333,0.865854
COV_ONLY,2,46,0.883333,0.833333,0.883333,6,0.883333,0.866958
COV_ONLY,2,47,0.883333,0.837083,0.883333,6,0.883333,0.865350
COV_ONLY,2,48,0.866667,0.829583,0.866667,5,0.900000,0.862023
COV_ONLY,2,49,0.883333,0.839583,0.883333,6,0.900000,0.863971
COV_ONLY,2,50,0.866667,0.823750,0.866667,6,0.900000,0.863810
COV_ONLY,2,51,0.883333,0.838333,0.883333,6,0.900000,0.864603
COV_ONLY,2,52,0.883333,0.835000,0.883333,6,0.900000,0.863326
COV_ONLY,2,53,0.866667,0.836250,0.866667,6,0.900000,0.863440
COV_ONLY,2,54,0.883333,0.828750,0.883333,6,0.900000,0.864743
COV_ONLY,2,55,0.883333,0.838333,0.883333,7,0.900000,0.864751
COV_ONLY,2,56,0.883333,0.826250,0.883333,6,0.900000,0.864551
COV_ONLY,2,57,0.883333,0.837917,0.883333,6,0.900000,0.867281
COV_ONLY,2,58,0.883333,0.837083,0.883333,6,0.900000,0.863755
COV_ONLY,2,59,0.883333,0.837083,0.883333,6,0.900000,0.863219
COV_ONLY,3,0,0.750000,0.662500,0.750000,4,0.833333,0.811415
COV_ONLY,3,1,0.783333,0.682500,0.783333,5,0.850000,0.824595
COV_ONLY,3,2,0.750000,0.690833,0.750000,4,0.850000,0.830253
COV_ONLY,3,3,0.783333,0.705417,0.783333,4,0.850000,0.833284
COV_ONLY,3,4,0.816667,0.712083,0.816667,6,0.866667,0.837752
COV_ONLY,3,5,0.800000,0.733333,0.800000,6,0.866667,0.844967
COV_ONLY,3,6,0.850000,0.754583,0.850000,6,0.883333,0.850331
COV_ONLY,3,7,0.800000,0.745417,0.800000,5,0.883333,0.854239
COV_ONLY,3,8,0.816667,0.750000,0.816667,5,0.883333,0.851357
COV_ONLY,3,9,0.816667,0.766250,0.816667,5,0.883333,0.854244
COV_ONLY,3,10,0.833333,0.762917,0.833333,6,0.883333,0.855656
COV_ONLY,3,11,0.833333,0.772917,0.833333,5,0.883333,0.854224
COV_ONLY,3,12,0.833333,0.762500,0.833333,4,0.883333,0.854028
COV_ONLY,3,13,0.833333,0.770000,0.833333,6,0.883333,0.856312
COV_ONLY,3,14,0.850000,0.775000,0.850000,6,0.883333,0.860230
COV_ONLY,3,15,0.833333,0.771250,0.833333,5,0.883333,0.858603
COV_ONLY,3,16,0.833333,0.787083,0.833333,5,0.883333,0.860779
COV_ONLY,3,17,0.833333,0.795417,0.833333,6,0.883333,0.860185
COV_ONLY,3,18,0.850000,0.788333,0.850000,6,0.883333,0.863710
COV_ONLY,3,19,0.850000,0.797917,0.850000,6,0.883333,0.863143
COV_ONLY,3,20,0.850000,0.782917,0.850000,6,0.883333,0.862676
COV_ONLY,3,21,0.850000,0.795417,0.850000,5,0.883333,0.861257
COV_ONLY,3,22,0.866667,0.795833,0.866667,6,0.883333,0.862930
COV_ONLY,3,23,0.850000,0.798333,0.850000,6,0.883333,0.866007
COV_ONLY,3,24,0.850000,0.796250,0.850000,6,0.883333,0.864478
COV_ONLY,3,25,0.866667,0.800000,0.866667,6,0.883333,0.866750
COV_ONLY,3,26,0.850000,0.787917,0.850000,5,0.883333,0.867247
COV_ONLY,3,27,0.850000,0.807500,0.850000,5,0.883333,0.866471
COV_ONLY,3,28,0.866667,0.808750,0.866667,5,0.883333,0.868607
COV_ONLY,3,29,0.850000,0.800417,0.850000,6,0.883333,0.866145
COV_ONLY,3,30,0.850000,0.802917,0.850000,6,0.883333,0.866978
COV_ONLY,3,31,0.850000,0.804167,0.850000,6,0.883333,0.868357
COV_ONLY,3,32,0.866667,0.813750,0.866667,6,0.883333,0.869915
COV_ONLY,3,33,0.850000,0.816250,0.850000,6,0.883333,0.869771
COV_ONLY,3,34,0.866667,0.827500,0.866667,6,0.883333,0.870620
COV_ONLY,3,35,0.866667,0.821250,0.866667,6,0.883333,0.869576
COV_ONLY,3,36,0.850000,0.825417,0.850000,5,0.883333,0.869175
COV_ONLY,3,37,0.866667,0.823750,0.866667,6,0.883333,0.871465
COV_ONLY,3,38,0.866667,0.816250,0.866667,6,0.883333,0.869599
COV_ONLY,3,39,0.866667,0.825833,0.866667,6,0.883333,0.871387
COV_ONLY,3,40,0.866667,0.820833,0.866667,6,0.883333,0.870795
COV_ONLY,3,41,0.850000,0.815000,0.850000,6,0.883333,0.866791
COV_ONLY,3,42,0.866667,0.818750,0.866667,6,0.883333,0.867297
COV_ONLY,3,43,0.866667,0.811250,0.866667,6,0.883333,0.868713
COV_ONLY,3,44,0.866667,0.810833,0.866667,6,0.883333,0.869471
COV_ONLY,3,45,0.866667,0.822917,0.866667,6,0.883333,0.869231
COV_ONLY,3,46,0.866667,0.817500,0.866667,5,0.883333,0.865920
COV_ONLY,3,47,0.866667,0.828750,0.866667,6,0.883333,0.866817
COV_ONLY,3,48,0.866667,0.827917,0.866667,6,0.883333,0.868838
COV_ONLY,3,49,0.866667,0.816667,0.866667,6,0.883333,0.867533
COV_ONLY,3,50,0.883333,0.833333,0.883333,6,0.883333,0.867192
COV_ONLY,3,51,0.866667,0.834167,0.866667,5,0.883333,0.869117
COV_ONLY,3,52,0.866667,0.834167,0.866667,6,0.883333,0.869859
COV_ONLY,3,53,0.866667,0.825417,0.866667,6,0.883333,0.867417
COV_ONLY,3,54,0.866667,0.828333,0.866667,6,0.883333,0.869183
COV_ONLY,3,55,0.866667,0.831667,0.866667,6,0.883333,0.868268
COV_ONLY,3,56,0.866667,0.826250,0.866667,5,0.883333,0.868255
COV_ONLY,3,57,0.866667,0.832917,0.866667,6,0.883333,0.868719
COV_ONLY,3,58,0.866667,0.834167,0.866667,6,0.883333,0.869309
COV_ONLY,3,59,0.866667,0.835417,0.866667,7,0.883333,0.868658
COV_ONLY,4,0,0.733333,0.660000,0.733333,5,0.833333,0.805662
COV_ONLY,4,1,0.733333,0.667917,0.733333,5,0.850000,0.820265
COV_ONLY,4,2,0.783333,0.691250,0.783333,6,0.850000,0.830511
COV_ONLY,4,3,0.750000,0.700000,0.750000,5,0.850000,0.835507
COV_ONLY,4,4,0.850000,0.720417,0.850000,6,0.883333,0.838011
COV_ONLY,4,5,0.833333,0.737083,0.833333,5,0.883333,0.840404
COV_ONLY,4,6,0.833333,0.750000,0.833333,6,0.883333,0.846986
COV_ONLY,4,7,0.850000,0.771250,0.850000,5,0.883333,0.850134
COV_ONLY,4,8,0.866667,0.794583,0.866667,6,0.883333,0.853264
COV_ONLY,4,9,0.850000,0.800000,0.850000,5,0.883333,0.853161
COV_ONLY,4,10,0.850000,0.792083,0.850000,6,0.883333,0.850332
COV_ONLY,4,11,0.850000,0.795417,0.850000,5,0.883333,0.846728
COV_ONLY,4,12,0.850000,0.806667,0.850000,6,0.883333,0.848051
COV_ONLY,4,13,0.866667,0.809583,0.866667,6,0.883333,0.847844
COV_ONLY,4,14,0.850000,0.804167,0.850000,6,0.883333,0.850555
COV_ONLY,4,15,0.866667,0.807917,0.866667,6,0.883333,0.851872
COV_ONLY,4,16,0.850000,0.802500,0.850000,6,0.883333,0.851306
COV_ONLY,4,17,0.866667,0.808333,0.866667,6,0.883333,0.850685
COV_ONLY,4,18,0.850000,0.812500,0.850000,6,0.883333,0.852782
COV_ONLY,4,19,0.866667,0.811250,0.866667,6,0.883333,0.851221
COV_ONLY,4,20,0.866667,0.799167,0.866667,6,0.883333,0.846085
COV_ONLY,4,21,0.883333,0.801667,0.883333,6,0.883333,0.848339
COV_ONLY,4,22,0.866667,0.810833,0.866667,6,0.883333,0.849231
COV_ONLY,4,23,0.866667,0.824583,0.866667,6,0.883333,0.850000
COV_ONLY,4,24,0.866667,0.808750,0.866667,6,0.883333,0.849833
COV_ONLY,4,25,0.866667,0.818750,0.866667,6,0.883333,0.851852
COV_ONLY,4,26,0.850000,0.809167,0.850000,6,0.883333,0.852163
COV_ONLY,4,27,0.866667,0.817500,0.866667,6,0.883333,0.852563
COV_ONLY,4,28,0.866667,0.817917,0.866667,6,0.883333,0.854875
COV_ONLY,4,29,0.866667,0.822917,0.866667,6,0.883333,0.859638
COV_ONLY,4,30,0.866667,0.825833,0.866667,6,0.883333,0.860706
COV_ONLY,4,31,0.866667,0.826667,0.866667,6,0.883333,0.861168
COV_ONLY,4,32,0.866667,0.811250,0.866667,6,0.883333,0.857792
COV_ONLY,4,33,0.866667,0.825417,0.866667,6,0.883333,0.859845
COV_ONLY,4,34,0.866667,0.827917,0.866667,6,0.883333,0.858499
COV_ONLY,4,35,0.866667,0.819583,0.866667,6,0.883333,0.859279
COV_ONLY,4,36,0.866667,0.828750,0.866667,6,0.883333,0.863473
COV_ONLY,4,37,0.866667,0.827917,0.866667,6,0.883333,0.863371
COV_ONLY,4,38,0.866667,0.827083,0.866667,6,0.883333,0.863727
COV_ONLY,4,39,0.883333,0.828333,0.883333,6,0.900000,0.862014
COV_ONLY,4,40,0.883333,0.815833,0.883333,6,0.900000,0.861722
COV_ONLY,4,41,0.866667,0.824583,0.866667,6,0.900000,0.863157
COV_ONLY,4,42,0.883333,0.831667,0.883333,6,0.900000,0.863679
COV_ONLY,4,43,0.883333,0.831250,0.883333,6,0.900000,0.863154
COV_ONLY,4,44,0.866667,0.833750,0.866667,6,0.900000,0.864074
COV_ONLY,4,45,0.866667,0.834167,0.866667,6,0.900000,0.863369
COV_ONLY,4,46,0.866667,0.829167,0.866667,6,0.900000,0.864026
COV_ONLY,4,47,0.866667,0.835417,0.866667,6,0.900000,0.863375
COV_ONLY,4,48,0.866667,0.835833,0.866667,6,0.900000,0.864252
COV_ONLY,4,49,0.866667,0.832917,0.866667,6,0.900000,0.863024
COV_ONLY,4,50,0.866667,0.835000,0.866667,6,0.900000,0.864906
COV_ONLY,4,51,0.866667,0.840833,0.866667,6,0.900000,0.865349
COV_ONLY,4,52,0.866667,0.839583,0.866667,6,0.900000,0.866519
COV_ONLY,4,53,0.866667,0.835833,0.866667,6,0.900000,0.865805
COV_ONLY,4,54,0.866667,0.841250,0.866667,6,0.900000,0.865421
COV_ONLY,4,55,0.866667,0.838333,0.866667,6,0.900000,0.867084
COV_ONLY,4,56,0.866667,0.839167,0.866667,6,0.900000,0.864591
COV_ONLY,4,57,0.866667,0.842917,0.866667,6,0.900000,0.867018
COV_ONLY,4,58,0.866667,0.842917,0.866667,6,0.900000,0.864886
COV_ONLY,4,59,0.866667,0.838750,0.866667,6,0.900000,0.865669
COV_ONLY,5,0,0.783333,0.669583,0.783333,6,0.850000,0.808178
COV_ONLY,5,1,0.733333,0.662500,0.733333,5,0.850000,0.815060
COV_ONLY,5,2,0.750000,0.690833,0.750000,5,0.850000,0.825838
COV_ONLY,5,3,0.800000,0.700417,0.800000,5,0.866667,0.833077
COV_ONLY,5,4,0.816667,0.720000,0.816667,5,0.866667,0.838656
COV_ONLY,5,5,0.800000,0.745000,0.800000,6,0.866667,0.841826
COV_ONLY,5,6,0.816667,0.749583,0.816667,5,0.866667,0.844524
COV_ONLY,5,7,0.800000,0.754167,0.800000,6,0.866667,0.845301
COV_ONLY,5,8,0.833333,0.764583,0.833333,5,0.883333,0.846951
COV_ONLY,5,9,0.816667,0.765000,0.816667,6,0.883333,0.847800
COV_ONLY,5,10,0.833333,0.762500,0.833333,6,0.883333,0.847961
COV_ONLY,5,11,0.833333,0.775833,0.833333,6,0.883333,0.848995
COV_ONLY,5,12,0.833333,0.776667,0.833333,6,0.883333,0.852441
COV_ONLY,5,13,0.850000,0.792083,0.850000,5,0.883333,0.855014
COV_ONLY,5,14,0.833333,0.784167,0.833333,6,0.883333,0.852844
COV_ONLY,5,15,0.833333,0.780000,0.833333,6,0.883333,0.854081
COV_ONLY,5,16,0.833333,0.783750,0.833333,5,0.883333,0.856282
COV_ONLY,5,17,0.833333,0.786667,0.833333,6,0.883333,0.857170
COV_ONLY,5,18,0.833333,0.783333,0.833333,5,0.883333,0.855671
COV_ONLY,5,19,0.850000,0.788333,0.850000,6,0.883333,0.853613
COV_ONLY,5,20,0.833333,0.789167,0.833333,6,0.883333,0.855199
COV_ONLY,5,21,0.850000,0.791667,0.850000,5,0.883333,0.855533
COV_ONLY,5,22,0.850000,0.792500,0.850000,6,0.883333,0.854406
COV_ONLY,5,23,0.850000,0.796667,0.850000,6,0.883333,0.852980
COV_ONLY,5,24,0.850000,0.795417,0.850000,6,0.883333,0.853721
COV_ONLY,5,25,0.866667,0.794167,0.866667,6,0.883333,0.854631
COV_ONLY,5,26,0.850000,0.801250,0.850000,6,0.883333,0.856258
COV_ONLY,5,27,0.850000,0.807083,0.850000,5,0.883333,0.856861
COV_ONLY,5,28,0.866667,0.803333,0.866667,6,0.883333,0.856964
COV_ONLY,5,29,0.866667,0.808333,0.866667,6,0.883333,0.857954
COV_ONLY,5,30,0.866667,0.809583,0.866667,6,0.883333,0.861666
COV_ONLY,5,31,0.850000,0.807083,0.850000,5,0.883333,0.860512
COV_ONLY,5,32,0.850000,0.815000,0.850000,6,0.883333,0.860272
COV_ONLY,5,33,0.866667,0.810417,0.866667,6,0.883333,0.859605
COV_ONLY,5,34,0.866667,0.813750,0.866667,6,0.883333,0.859139
COV_ONLY,5,35,0.866667,0.814583,0.866667,6,0.883333,0.861610
COV_ONLY,5,36,0.866667,0.811250,0.866667,6,0.883333,0.862536
COV_ONLY,5,37,0.850000,0.815833,0.850000,6,0.883333,0.861854
COV_ONLY,5,38,0.866667,0.817917,0.866667,6,0.883333,0.864345
COV_ONLY,5,39,0.850000,0.815000,0.850000,6,0.883333,0.865200
COV_ONLY,5,40,0.866667,0.818333,0.866667,6,0.883333,0.864046
COV_ONLY,5,41,0.866667,0.808750,0.866667,6,0.883333,0.865433
COV_ONLY,5,42,0.866667,0.817917,0.866667,6,0.883333,0.863330
COV_ONLY,5,43,0.850000,0.798750,0.850000,5,0.883333,0.861452
COV_ONLY,5,44,0.850000,0.817083,0.850000,6,0.883333,0.864477
COV_ONLY,5,45,0.866667,0.817917,0.866667,6,0.883333,0.863757
COV_ONLY,5,46,0.866667,0.818750,0.866667,6,0.883333,0.864318
COV_ONLY,5,47,0.850000,0.822500,0.850000,6,0.883333,0.864516
COV_ONLY,5,48,0.866667,0.825417,0.866667,6,0.883333,0.864737
COV_ONLY,5,49,0.866667,0.825417,0.866667,6,0.883333,0.866126
COV_ONLY,5,50,0.866667,0.825417,0.866667,6,0.883333,0.865993
COV_ONLY,5,51,0.866667,0.830000,0.866667,6,0.883333,0.868861
COV_ONLY,5,52,0.866667,0.829167,0.866667,6,0.883333,0.868152
COV_ONLY,5,53,0.866667,0.830417,0.866667,6,0.883333,0.869062
COV_ONLY,5,54,0.866667,0.830000,0.866667,6,0.883333,0.868890
COV_ONLY,5,55,0.866667,0.825833,0.866667,6,0.883333,0.865401
COV_ONLY,5,56,0.866667,0.832917,0.866667,6,0.883333,0.868406
COV_ONLY,5,57,0.866667,0.833750,0.866667,6,0.883333,0.869433
COV_ONLY,5,58,0.866667,0.833750,0.866667,6,0.883333,0.869138
COV_ONLY,5,59,0.866667,0.835833,0.866667,6,0.883333,0.869029
COV_ONLY,6,0,0.783333,0.674167,0.783333,5,0.833333,0.811884
COV_ONLY,6,1,0.750000,0.688333,0.750000,5,0.850000,0.827157
COV_ONLY,6,2,0.816667,0.701667,0.816667,6,0.850000,0.836196
COV_ONLY,6,3,0.783333,0.701667,0.783333,6,0.850000,0.838815
COV_ONLY,6,4,0.783333,0.712500,0.783333,5,0.850000,0.840080
COV_ONLY,6,5,0.800000,0.720417,0.800000,5,0.850000,0.843898
COV_ONLY,6,6,0.800000,0.738750,0.800000,5,0.866667,0.847045
COV_ONLY,6,7,0.816667,0.730417,0.816667,6,0.866667,0.851416
COV_ONLY,6,8,0.833333,0.769583,0.833333,6,0.866667,0.859098
COV_ONLY,6,9,0.850000,0.776250,0.850000,6,0.883333,0.861222
COV_ONLY,6,10,0.850000,0.795417,0.850000,5,0.883333,0.863092
COV_ONLY,6,11,0.833333,0.788333,0.833333,6,0.883333,0.864289
COV_ONLY,6,12,0.850000,0.786250,0.850000,6,0.883333,0.864406
COV_ONLY,6,13,0.866667,0.792500,0.866667,6,0.883333,0.865337
COV_ONLY,6,14,0.866667,0.798750,0.866667,5,0.883333,0.868521
COV_ONLY,6,15,0.850000,0.797917,0.850000,6,0.883333,0.867392
COV_ONLY,6,16,0.850000,0.792917,0.850000,5,0.883333,0.868627
COV_ONLY,6,17,0.833333,0.795417,0.833333,6,0.883333,0.869974
COV_ONLY,6,18,0.850000,0.802500,0.850000,5,0.883333,0.871634
COV_ONLY,6,19,0.850000,0.802083,0.850000,5,0.883333,0.869945
COV_ONLY,6,20,0.850000,0.807083,0.850000,6,0.883333,0.871685
COV_ONLY,6,21,0.850000,0.809167,0.850000,5,0.883333,0.872059
COV_ONLY,6,22,0.850000,0.804167,0.850000,5,0.883333,0.873422
COV_ONLY,6,23,0.850000,0.805000,0.850000,5,0.883333,0.873017
COV_ONLY,6,24,0.850000,0.800833,0.850000,6,0.883333,0.873067
COV_ONLY,6,25,0.866667,0.807917,0.866667,6,0.883333,0.872965
COV_ONLY,6,26,0.866667,0.810417,0.866667,6,0.883333,0.873248
COV_ONLY,6,27,0.866667,0.811250,0.866667,5,0.883333,0.873214
COV_ONLY,6,28,0.883333,0.810417,0.883333,7,0.883333,0.874143
COV_ONLY,6,29,0.866667,0.808750,0.866667,6,0.883333,0.873626
COV_ONLY,6,30,0.866667,0.812500,0.866667,5,0.900000,0.873382
COV_ONLY,6,31,0.866667,0.815417,0.866667,6,0.900000,0.873138
COV_ONLY,6,32,0.850000,0.822917,0.850000,5,0.900000,0.874738
COV_ONLY,6,33,0.866667,0.820417,0.866667,6,0.900000,0.874734
COV_ONLY,6,34,0.883333,0.822917,0.883333,6,0.900000,0.873819
COV_ONLY,6,35,0.883333,0.823333,0.883333,6,0.900000,0.874228
COV_ONLY,6,36,0.866667,0.822500,0.866667,6,0.900000,0.874184
COV_ONLY,6,37,0.866667,0.825000,0.866667,6,0.900000,0.873924
COV_ONLY,6,38,0.866667,0.820833,0.866667,6,0.900000,0.873636
COV_ONLY,6,39,0.883333,0.826250,0.883333,6,0.900000,0.874351
COV_ONLY,6,40,0.866667,0.827500,0.866667,5,0.900000,0.874474
COV_ONLY,6,41,0.866667,0.824167,0.866667,6,0.900000,0.873288
COV_ONLY,6,42,0.866667,0.819583,0.866667,6,0.900000,0.873661
COV_ONLY,6,43,0.866667,0.824167,0.866667,6,0.900000,0.874521
COV_ONLY,6,44,0.883333,0.819583,0.883333,6,0.900000,0.872747
COV_ONLY,6,45,0.866667,0.821667,0.866667,6,0.900000,0.874382
COV_ONLY,6,46,0.883333,0.820417,0.883333,6,0.900000,0.874899
COV_ONLY,6,47,0.883333,0.826667,0.883333,6,0.900000,0.878687
COV_ONLY,6,48,0.866667,0.828333,0.866667,6,0.900000,0.879120
COV_ONLY,6,49,0.883333,0.827083,0.883333,6,0.900000,0.878366
COV_ONLY,6,50,0.866667,0.822500,0.866667,6,0.900000,0.875699
COV_ONLY,6,51,0.866667,0.833750,0.866667,6,0.900000,0.877301
COV_ONLY,6,52,0.866667,0.827917,0.866667,5,0.900000,0.877082
COV_ONLY,6,53,0.883333,0.830833,0.883333,6,0.900000,0.877027
COV_ONLY,6,54,0.883333,0.840833,0.883333,6,0.900000,0.876660
COV_ONLY,6,55,0.866667,0.832500,0.866667,6,0.900000,0.877276
COV_ONLY,6,56,0.883333,0.840417,0.883333,6,0.900000,0.878218
COV_ONLY,6,57,0.866667,0.839167,0.866667,5,0.900000,0.877391
COV_ONLY,6,58,0.883333,0.845000,0.883333,6,0.900000,0.877203
COV_ONLY,6,59,0.866667,0.831250,0.866667,5,0.900000,0.877228
COV_ONLY,7,0,0.700000,0.660000,0.700000,5,0.833333,0.805381
COV_ONLY,7,1,0.750000,0.672500,0.750000,6,0.833333,0.816930
COV_ONLY,7,2,0.750000,0.680833,0.750000,4,0.833333,0.824608
COV_ONLY,7,3,0.766667,0.689167,0.766667,5,0.850000,0.832230
COV_ONLY,7,4,0.800000,0.706667,0.800000,5,0.866667,0.837638
COV_ONLY,7,5,0.800000,0.726667,0.800000,4,0.883333,0.840983
COV_ONLY,7,6,0.800000,0.737083,0.800000,5,0.883333,0.844406
COV_ONLY,7,7,0.800000,0.747500,0.800000,5,0.883333,0.848889
COV_ONLY,7,8,0.816667,0.730417,0.816667,5,0.883333,0.850540
COV_ONLY,7,9,0.800000,0.761250,0.800000,5,0.883333,0.852576
COV_ONLY,7,10,0.833333,0.762500,0.833333,6,0.883333,0.851844
COV_ONLY,7,11,0.816667,0.757083,0.816667,5,0.883333,0.851976
COV_ONLY,7,12,0.816667,0.771250,0.816667,5,0.883333,0.855478
COV_ONLY,7,13,0.833333,0.770833,0.833333,6,0.883333,0.854757
COV_ONLY,7,14,0.816667,0.773333,0.816667,5,0.883333,0.857381
COV_ONLY,7,15,0.850000,0.777083,0.850000,6,0.883333,0.856479
COV_ONLY,7,16,0.833333,0.781250,0.833333,5,0.883333,0.857507
COV_ONLY,7,17,0.833333,0.789167,0.833333,6,0.883333,0.860291
COV_ONLY,7,18,0.866667,0.789583,0.866667,6,0.883333,0.859385
COV_ONLY,7,19,0.833333,0.790000,0.833333,6,0.883333,0.857670
COV_ONLY,7,20,0.816667,0.781250,0.816667,5,0.883333,0.857951
COV_ONLY,7,21,0.833333,0.788333,0.833333,6,0.883333,0.857900
COV_ONLY,7,22,0.850000,0.800000,0.850000,5,0.883333,0.858642
COV_ONLY,7,23,0.833333,0.784583,0.833333,6,0.883333,0.858605
COV_ONLY,7,24,0.833333,0.798333,0.833333,6,0.883333,0.859102
COV_ONLY,7,25,0.850000,0.800000,0.850000,5,0.883333,0.862570
COV_ONLY,7,26,0.866667,0.795000,0.866667,6,0.883333,0.862886
COV_ONLY,7,27,0.833333,0.790000,0.833333,6,0.883333,0.864199
COV_ONLY,7,28,0.850000,0.804167,0.850000,5,0.883333,0.866039
COV_ONLY,7,29,0.850000,0.802083,0.850000,5,0.883333,0.865252
COV_ONLY,7,30,0.866667,0.814583,0.866667,6,0.883333,0.865808
COV_ONLY,7,31,0.850000,0.796250,0.850000,6,0.883333,0.864394
COV_ONLY,7,32,0.850000,0.811667,0.850000,6,0.883333,0.864315
COV_ONLY,7,33,0.850000,0.810417,0.850000,5,0.883333,0.865155
COV_ONLY,7,34,0.866667,0.802917,0.866667,6,0.883333,0.865440
COV_ONLY,7,35,0.850000,0.817917,0.850000,5,0.883333,0.866561
COV_ONLY,7,36,0.850000,0.811250,0.850000,6,0.883333,0.865224
COV_ONLY,7,37,0.850000,0.817083,0.850000,6,0.883333,0.865153
COV_ONLY,7,38,0.850000,0.815833,0.850000,6,0.883333,0.864706
COV_ONLY,7,39,0.866667,0.813750,0.866667,6,0.883333,0.864408
COV_ONLY,7,40,0.850000,0.809167,0.850000,5,0.883333,0.865488
COV_ONLY,7,41,0.866667,0.821667,0.866667,6,0.883333,0.867284
COV_ONLY,7,42,0.866667,0.831667,0.866667,6,0.883333,0.866043
COV_ONLY,7,43,0.866667,0.825000,0.866667,6,0.883333,0.867375
COV_ONLY,7,44,0.866667,0.821250,0.866667,6,0.883333,0.865993
COV_ONLY,7,45,0.850000,0.820000,0.850000,5,0.883333,0.865047
COV_ONLY,7,46,0.850000,0.822083,0.850000,6,0.883333,0.865582
COV_ONLY,7,47,0.850000,0.824167,0.850000,5,0.883333,0.866235
COV_ONLY,7,48,0.866667,0.822917,0.866667,6,0.883333,0.864859
COV_ONLY,7,49,0.850000,0.818333,0.850000,6,0.883333,0.863976
COV_ONLY,7,50,0.866667,0.831667,0.866667,6,0.883333,0.866095
COV_ONLY,7,51,0.866667,0.829167,0.866667,6,0.883333,0.868572
COV_ONLY,7,52,0.850000,0.824583,0.850000,5,0.883333,0.866528
COV_ONLY,7,53,0.866667,0.831250,0.866667,6,0.883333,0.868091
COV_ONLY,7,54,0.866667,0.827917,0.866667,6,0.883333,0.867299
COV_ONLY,7,55,0.866667,0.830000,0.866667,6,0.883333,0.867618
COV_ONLY,7,56,0.866667,0.834583,0.866667,6,0.883333,0.867296
COV_ONLY,7,57,0.866667,0.837500,0.866667,6,0.883333,0.867730
COV_ONLY,7,58,0.850000,0.810417,0.850000,6,0.883333,0.865238
COV_ONLY,7,59,0.866667,0.838750,0.866667,6,0.883333,0.867505
COV_ONLY,8,0,0.750000,0.671667,0.750000,5,0.866667,0.809981
COV_ONLY,8,1,0.750000,0.685833,0.750000,5,0.866667,0.823317
COV_ONLY,8,2,0.750000,0.695417,0.750000,4,0.866667,0.831386
COV_ONLY,8,3,0.783333,0.708750,0.783333,6,0.866667,0.836144
COV_ONLY,8,4,0.800000,0.708750,0.800000,5,0.866667,0.838539
COV_ONLY,8,5,0.800000,0.721250,0.800000,5,0.866667,0.840312
COV_ONLY,8,6,0.800000,0.722500,0.800000,5,0.866667,0.841511
COV_ONLY,8,7,0.800000,0.744583,0.800000,6,0.866667,0.845616
COV_ONLY,8,8,0.816667,0.742917,0.816667,5,0.883333,0.846770
COV_ONLY,8,9,0.800000,0.760000,0.800000,5,0.883333,0.849579
COV_ONLY,8,10,0.800000,0.758750,0.800000,5,0.883333,0.851031
COV_ONLY,8,11,0.816667,0.752500,0.816667,5,0.883333,0.848703
COV_ONLY,8,12,0.816667,0.770000,0.816667,5,0.883333,0.851412
COV_ONLY,8,13,0.816667,0.765417,0.816667,5,0.883333,0.850734
COV_ONLY,8,14,0.833333,0.783333,0.833333,5,0.883333,0.851962
COV_ONLY,8,15,0.833333,0.782500,0.833333,6,0.883333,0.851379
COV_ONLY,8,16,0.833333,0.782917,0.833333,6,0.883333,0.854300
COV_ONLY,8,17,0.850000,0.791250,0.850000,6,0.883333,0.855866
COV_ONLY,8,18,0.850000,0.793750,0.850000,6,0.883333,0.857247
COV_ONLY,8,19,0.850000,0.787917,0.850000,6,0.883333,0.857224
COV_ONLY,8,20,0.850000,0.796250,0.850000,6,0.883333,0.859195
COV_ONLY,8,21,0.850000,0.795000,0.850000,6,0.883333,0.860214
COV_ONLY,8,22,0.833333,0.797500,0.833333,5,0.883333,0.862708
COV_ONLY,8,23,0.833333,0.793333,0.833333,5,0.883333,0.864392
COV_ONLY,8,24,0.833333,0.797917,0.833333,6,0.883333,0.864877
COV_ONLY,8,25,0.833333,0.795000,0.833333,5,0.883333,0.866067
COV_ONLY,8,26,0.850000,0.802083,0.850000,6,0.883333,0.865355
COV_ONLY,8,27,0.850000,0.805417,0.850000,6,0.883333,0.866261
COV_ONLY,8,28,0.850000,0.805417,0.850000,5,0.883333,0.867470
COV_ONLY,8,29,0.850000,0.799167,0.850000,6,0.883333,0.864316
COV_ONLY,8,30,0.850000,0.802917,0.850000,6,0.883333,0.866034
COV_ONLY,8,31,0.850000,0.807083,0.850000,5,0.883333,0.865500
COV_ONLY,8,32,0.850000,0.809583,0.850000,5,0.883333,0.864501
COV_ONLY,8,33,0.850000,0.794583,0.850000,6,0.883333,0.864627
COV_ONLY,8,34,0.850000,0.805833,0.850000,6,0.883333,0.864317
COV_ONLY,8,35,0.850000,0.810833,0.850000,6,0.883333,0.864138
COV_ONLY,8,36,0.850000,0.807083,0.850000,6,0.883333,0.864497
COV_ONLY,8,37,0.850000,0.816667,0.850000,6,0.883333,0.863456
COV_ONLY,8,38,0.850000,0.817500,0.850000,5,0.883333,0.865349
COV_ONLY,8,39,0.866667,0.822500,0.866667,6,0.883333,0.864077
COV_ONLY,8,40,0.866667,0.815833,0.866667,6,0.883333,0.861738
COV_ONLY,8,41,0.850000,0.823333,0.850000,6,0.883333,0.864298
COV_ONLY,8,42,0.866667,0.820000,0.866667,6,0.883333,0.864246
COV_ONLY,8,43,0.866667,0.821250,0.866667,6,0.883333,0.864020
COV_ONLY,8,44,0.866667,0.818333,0.866667,6,0.883333,0.862938
COV_ONLY,8,45,0.866667,0.810833,0.866667,6,0.883333,0.860082
COV_ONLY,8,46,0.850000,0.817083,0.850000,6,0.883333,0.861825
COV_ONLY,8,47,0.850000,0.821250,0.850000,6,0.883333,0.863450
COV_ONLY,8,48,0.866667,0.826250,0.866667,6,0.883333,0.862584
COV_ONLY,8,49,0.866667,0.827500,0.866667,6,0.883333,0.863723
COV_ONLY,8,50,0.866667,0.823750,0.866667,6,0.883333,0.862850
COV_ONLY,8,51,0.866667,0.822083,0.866667,6,0.883333,0.863992
COV_ONLY,8,52,0.866667,0.830833,0.866667,6,0.883333,0.864551
COV_ONLY,8,53,0.866667,0.830417,0.866667,6,0.883333,0.864353
COV_ONLY,8,54,0.866667,0.824583,0.866667,6,0.883333,0.864092
COV_ONLY,8,55,0.866667,0.825833,0.866667,6,0.883333,0.864572
COV_ONLY,8,56,0.850000,0.820417,0.850000,6,0.883333,0.865347
COV_ONLY,8,57,0.866667,0.828750,0.866667,6,0.883333,0.866194
COV_ONLY,8,58,0.866667,0.823333,0.866667,6,0.883333,0.866537
COV_ONLY,8,59,0.866667,0.823750,0.866667,6,0.883333,0.865353
COV_ONLY,9,0,0.750000,0.667083,0.750000,4,0.850000,0.813750
COV_ONLY,9,1,0.716667,0.659583,0.716667,4,0.850000,0.817033
COV_ONLY,9,2,0.750000,0.678333,0.750000,5,0.850000,0.823433
COV_ONLY,9,3,0.766667,0.682917,0.766667,4,0.850000,0.824561
COV_ONLY,9,4,0.766667,0.697500,0.766667,5,0.850000,0.827143
COV_ONLY,9,5,0.766667,0.704583,0.766667,4,0.850000,0.831377
COV_ONLY,9,6,0.833333,0.722083,0.833333,6,0.883333,0.835517
COV_ONLY,9,7,0.800000,0.744167,0.800000,5,0.883333,0.838722
COV_ONLY,9,8,0.816667,0.742083,0.816667,5,0.883333,0.838355
COV_ONLY,9,9,0.833333,0.746667,0.833333,6,0.883333,0.843114
COV_ONLY,9,10,0.833333,0.769583,0.833333,6,0.883333,0.848075
COV_ONLY,9,11,0.833333,0.764167,0.833333,5,0.883333,0.848064
COV_ONLY,9,12,0.850000,0.777917,0.850000,6,0.883333,0.852170
COV_ONLY,9,13,0.866667,0.783333,0.866667,6,0.883333,0.855492
COV_ONLY,9,14,0.850000,0.778750,0.850000,6,0.883333,0.856884
COV_ONLY,9,15,0.833333,0.783333,0.833333,5,0.883333,0.858057
COV_ONLY,9,16,0.850000,0.788750,0.850000,5,0.883333,0.858853
COV_ONLY,9,17,0.850000,0.803333,0.850000,6,0.883333,0.862685
COV_ONLY,9,18,0.850000,0.802083,0.850000,6,0.883333,0.863295
COV_ONLY,9,19,0.850000,0.805833,0.850000,6,0.883333,0.865184
COV_ONLY,9,20,0.866667,0.802917,0.866667,6,0.883333,0.863949
COV_ONLY,9,21,0.850000,0.808750,0.850000,6,0.883333,0.863852
COV_ONLY,9,22,0.850000,0.807083,0.850000,6,0.883333,0.865241
COV_ONLY,9,23,0.850000,0.804583,0.850000,6,0.883333,0.865128
COV_ONLY,9,24,0.850000,0.813333,0.850000,6,0.883333,0.866714
COV_ONLY,9,25,0.850000,0.807500,0.850000,6,0.883333,0.866243
COV_ONLY,9,26,0.866667,0.811250,0.866667,6,0.883333,0.867596
COV_ONLY,9,27,0.850000,0.814167,0.850000,6,0.883333,0.866987
COV_ONLY,9,28,0.866667,0.809583,0.866667,6,0.883333,0.866685
COV_ONLY,9,29,0.850000,0.812500,0.850000,6,0.883333,0.866993
COV_ONLY,9,30,0.866667,0.807083,0.866667,6,0.883333,0.866650
COV_ONLY,9,31,0.866667,0.806250,0.866667,6,0.883333,0.866381
COV_ONLY,9,32,0.866667,0.817917,0.866667,6,0.883333,0.867320
COV_ONLY,9,33,0.866667,0.819583,0.866667,6,0.883333,0.867141
COV_ONLY,9,34,0.866667,0.823750,0.866667,6,0.883333,0.867689
COV_ONLY,9,35,0.866667,0.827917,0.866667,6,0.883333,0.867319
COV_ONLY,9,36,0.850000,0.821667,0.850000,6,0.883333,0.867447
COV_ONLY,9,37,0.850000,0.815417,0.850000,5,0.883333,0.866161
COV_ONLY,9,38,0.866667,0.825417,0.866667,6,0.883333,0.868536
COV_ONLY,9,39,0.866667,0.827500,0.866667,6,0.883333,0.867014
COV_ONLY,9,40,0.866667,0.802083,0.866667,6,0.883333,0.864721
COV_ONLY,9,41,0.866667,0.820417,0.866667,6,0.883333,0.867481
COV_ONLY,9,42,0.866667,0.823750,0.866667,6,0.883333,0.868768
COV_ONLY,9,43,0.866667,0.825000,0.866667,6,0.883333,0.867805
COV_ONLY,9,44,0.866667,0.819583,0.866667,6,0.883333,0.868617
COV_ONLY,9,45,0.866667,0.822083,0.866667,6,0.883333,0.867571
COV_ONLY,9,46,0.866667,0.826667,0.866667,6,0.883333,0.868455
COV_ONLY,9,47,0.866667,0.825833,0.866667,6,0.883333,0.867595
COV_ONLY,9,48,0.866667,0.831667,0.866667,6,0.883333,0.869019
COV_ONLY,9,49,0.866667,0.825833,0.866667,6,0.883333,0.868924
COV_ONLY,9,50,0.866667,0.815833,0.866667,5,0.883333,0.869037
COV_ONLY,9,51,0.866667,0.822083,0.866667,6,0.883333,0.869524
COV_ONLY,9,52,0.883333,0.833333,0.883333,6,0.883333,0.870019
COV_ONLY,9,53,0.883333,0.827917,0.883333,6,0.883333,0.869219
COV_ONLY,9,54,0.866667,0.835000,0.866667,6,0.883333,0.870163
COV_ONLY,9,55,0.883333,0.834583,0.883333,6,0.883333,0.871872
COV_ONLY,9,56,0.866667,0.831250,0.866667,6,0.883333,0.872411
COV_ONLY,9,57,0.866667,0.836667,0.866667,6,0.883333,0.872001
COV_ONLY,9,58,0.866667,0.840000,0.866667,6,0.883333,0.872246
COV_ONLY,9,59,0.883333,0.839167,0.883333,6,0.883333,0.871627
COV_ONLY,10,0,0.733333,0.661667,0.733333,5,0.850000,0.806936
COV_ONLY,10,1,0.750000,0.661667,0.750000,5,0.850000,0.809671
COV_ONLY,10,2,0.750000,0.673750,0.750000,4,0.850000,0.820637
COV_ONLY,10,3,0.783333,0.687500,0.783333,6,0.866667,0.826650
COV_ONLY,10,4,0.766667,0.697500,0.766667,5,0.866667,0.829217
COV_ONLY,10,5,0.783333,0.710833,0.783333,4,0.883333,0.831765
COV_ONLY,10,6,0.783333,0.717083,0.783333,4,0.883333,0.835624
COV_ONLY,10,7,0.816667,0.742500,0.816667,6,0.883333,0.839249
COV_ONLY,10,8,0.800000,0.737500,0.800000,5,0.883333,0.840884
COV_ONLY,10,9,0.800000,0.746250,0.800000,5,0.883333,0.840865
COV_ONLY,10,10,0.800000,0.749167,0.800000,6,0.883333,0.844572
COV_ONLY,10,11,0.816667,0.749583,0.816667,5,0.883333,0.845435
COV_ONLY,10,12,0.816667,0.752083,0.816667,5,0.883333,0.846383
COV_ONLY,10,13,0.816667,0.767083,0.816667,5,0.883333,0.847479
COV_ONLY,10,14,0.833333,0.758333,0.833333,5,0.883333,0.847956
COV_ONLY,10,15,0.833333,0.762083,0.833333,5,0.883333,0.849763
COV_ONLY,10,16,0.816667,0.771250,0.816667,6,0.883333,0.853829
COV_ONLY,10,17,0.816667,0.766250,0.816667,6,0.883333,0.853575
COV_ONLY,10,18,0.816667,0.767917,0.816667,5,0.883333,0.854947
COV_ONLY,10,19,0.833333,0.767917,0.833333,6,0.883333,0.856131
COV_ONLY,10,20,0.816667,0.761250,0.816667,5,0.883333,0.856360
COV_ONLY,10,21,0.833333,0.779583,0.833333,6,0.883333,0.857758
COV_ONLY,10,22,0.850000,0.769583,0.850000,6,0.883333,0.858382
COV_ONLY,10,23,0.816667,0.776250,0.816667,6,0.883333,0.860183
COV_ONLY,10,24,0.833333,0.769583,0.833333,6,0.883333,0.861165
COV_ONLY,10,25,0.850000,0.790417,0.850000,6,0.883333,0.861530
COV_ONLY,10,26,0.833333,0.784167,0.833333,6,0.883333,0.861039
COV_ONLY,10,27,0.866667,0.782083,0.866667,6,0.883333,0.862555
COV_ONLY,10,28,0.833333,0.785833,0.833333,6,0.883333,0.864041
COV_ONLY,10,29,0.850000,0.790000,0.850000,6,0.883333,0.864564
COV_ONLY,10,30,0.833333,0.796250,0.833333,6,0.883333,0.866851
COV_ONLY,10,31,0.850000,0.796250,0.850000,6,0.883333,0.865990
COV_ONLY,10,32,0.833333,0.793333,0.833333,5,0.883333,0.865593
COV_ONLY,10,33,0.850000,0.803750,0.850000,6,0.883333,0.866047
COV_ONLY,10,34,0.850000,0.799583,0.850000,4,0.883333,0.865744
COV_ONLY,10,35,0.850000,0.800833,0.850000,6,0.883333,0.866713
COV_ONLY,10,36,0.850000,0.802083,0.850000,6,0.883333,0.866896
COV_ONLY,10,37,0.866667,0.796250,0.866667,6,0.883333,0.867611
COV_ONLY,10,38,0.883333,0.810417,0.883333,6,0.883333,0.867365
COV_ONLY,10,39,0.866667,0.802500,0.866667,6,0.883333,0.867546
COV_ONLY,10,40,0.850000,0.800417,0.850000,6,0.883333,0.867284
COV_ONLY,10,41,0.866667,0.807500,0.866667,6,0.883333,0.867169
COV_ONLY,10,42,0.866667,0.804583,0.866667,6,0.883333,0.867127
COV_ONLY,10,43,0.850000,0.809583,0.850000,6,0.883333,0.867552
COV_ONLY,10,44,0.850000,0.807083,0.850000,6,0.883333,0.867771
COV_ONLY,10,45,0.850000,0.800833,0.850000,6,0.883333,0.869770
COV_ONLY,10,46,0.850000,0.812917,0.850000,6,0.883333,0.868370
COV_ONLY,10,47,0.866667,0.814167,0.866667,6,0.883333,0.867643
COV_ONLY,10,48,0.850000,0.816667,0.850000,5,0.883333,0.866880
COV_ONLY,10,49,0.850000,0.813750,0.850000,6,0.883333,0.867136
COV_ONLY,10,50,0.866667,0.815417,0.866667,6,0.883333,0.868749
COV_ONLY,10,51,0.883333,0.818750,0.883333,6,0.883333,0.867651
COV_ONLY,10,52,0.866667,0.816667,0.866667,6,0.883333,0.867126
COV_ONLY,10,53,0.866667,0.820833,0.866667,6,0.883333,0.869576
COV_ONLY,10,54,0.850000,0.810000,0.850000,6,0.883333,0.869413
COV_ONLY,10,55,0.850000,0.817500,0.850000,6,0.883333,0.868421
COV_ONLY,10,56,0.850000,0.818750,0.850000,6,0.883333,0.868618
COV_ONLY,10,57,0.866667,0.819167,0.866667,6,0.883333,0.868441
COV_ONLY,10,58,0.850000,0.822917,0.850000,6,0.883333,0.869680
COV_ONLY,10,59,0.866667,0.823333,0.866667,6,0.883333,0.868577
COV_ONLY,11,0,0.766667,0.657917,0.766667,5,0.800000,0.801745
COV_ONLY,11,1,0.766667,0.680000,0.766667,5,0.850000,0.816825
COV_ONLY,11,2,0.750000,0.685833,0.750000,4,0.850000,0.814160
COV_ONLY,11,3,0.783333,0.707917,0.783333,6,0.850000,0.819153
COV_ONLY,11,4,0.800000,0.717917,0.800000,6,0.850000,0.819703
COV_ONLY,11,5,0.783333,0.721250,0.783333,6,0.866667,0.820721
COV_ONLY,11,6,0.816667,0.726250,0.816667,6,0.866667,0.821720
COV_ONLY,11,7,0.800000,0.719583,0.800000,6,0.866667,0.823324
COV_ONLY,11,8,0.783333,0.731250,0.783333,5,0.866667,0.824148
COV_ONLY,11,9,0.816667,0.744583,0.816667,6,0.866667,0.827506
COV_ONLY,11,10,0.800000,0.742083,0.800000,5,0.866667,0.827910
COV_ONLY,11,11,0.800000,0.744167,0.800000,5,0.883333,0.832140
COV_ONLY,11,12,0.833333,0.751250,0.833333,6,0.883333,0.832909
COV_ONLY,11,13,0.800000,0.760833,0.800000,5,0.883333,0.839437
COV_ONLY,11,14,0.866667,0.765833,0.866667,6,0.883333,0.838081
COV_ONLY,11,15,0.816667,0.753750,0.816667,6,0.883333,0.836602
COV_ONLY,11,16,0.833333,0.773750,0.833333,6,0.883333,0.842395
COV_ONLY,11,17,0.850000,0.779167,0.850000,6,0.883333,0.843529
COV_ONLY,11,18,0.833333,0.777917,0.833333,5,0.883333,0.843922
COV_ONLY,11,19,0.833333,0.787083,0.833333,6,0.883333,0.846335
COV_ONLY,11,20,0.833333,0.787083,0.833333,6,0.883333,0.845144
COV_ONLY,11,21,0.833333,0.783333,0.833333,6,0.883333,0.845390
COV_ONLY,11,22,0.833333,0.778750,0.833333,6,0.883333,0.847262
COV_ONLY,11,23,0.833333,0.792083,0.833333,5,0.883333,0.847016
COV_ONLY,11,24,0.833333,0.790417,0.833333,6,0.883333,0.847479
COV_ONLY,11,25,0.833333,0.792500,0.833333,5,0.883333,0.848879
COV_ONLY,11,26,0.816667,0.788750,0.816667,5,0.883333,0.848426
COV_ONLY,11,27,0.816667,0.786667,0.816667,6,0.883333,0.848791
COV_ONLY,11,28,0.850000,0.775833,0.850000,5,0.883333,0.848870
COV_ONLY,11,29,0.833333,0.792083,0.833333,6,0.883333,0.849538
COV_ONLY,11,30,0.833333,0.795417,0.833333,6,0.883333,0.850425
COV_ONLY,11,31,0.833333,0.801250,0.833333,5,0.883333,0.851931
COV_ONLY,11,32,0.850000,0.805000,0.850000,6,0.883333,0.851764
COV_ONLY,11,33,0.866667,0.810417,0.866667,6,0.883333,0.851886
COV_ONLY,11,34,0.866667,0.789167,0.866667,6,0.883333,0.850269
COV_ONLY,11,35,0.850000,0.807083,0.850000,6,0.883333,0.853578
COV_ONLY,11,36,0.866667,0.800000,0.866667,6,0.883333,0.854967
COV_ONLY,11,37,0.850000,0.801667,0.850000,6,0.883333,0.852933
COV_ONLY,11,38,0.850000,0.803333,0.850000,6,0.883333,0.851212
COV_ONLY,11,39,0.833333,0.793750,0.833333,6,0.883333,0.851961
COV_ONLY,11,40,0.850000,0.802917,0.850000,6,0.883333,0.850619
COV_ONLY,11,41,0.850000,0.809167,0.850000,6,0.883333,0.850963
COV_ONLY,11,42,0.850000,0.801667,0.850000,6,0.883333,0.850437
COV_ONLY,11,43,0.866667,0.810000,0.866667,6,0.883333,0.852415
COV_ONLY,11,44,0.850000,0.801667,0.850000,6,0.900000,0.851400
COV_ONLY,11,45,0.833333,0.803333,0.833333,5,0.900000,0.849771
COV_ONLY,11,46,0.850000,0.803750,0.850000,6,0.900000,0.851112
COV_ONLY,11,47,0.866667,0.806667,0.866667,6,0.900000,0.850936
COV_ONLY,11,48,0.883333,0.819583,0.883333,6,0.900000,0.852621
COV_ONLY,11,49,0.850000,0.810417,0.850000,6,0.900000,0.851372
COV_ONLY,11,50,0.833333,0.813333,0.833333,5,0.900000,0.852450
COV_ONLY,11,51,0.866667,0.815833,0.866667,6,0.900000,0.850847
COV_ONLY,11,52,0.866667,0.817500,0.866667,7,0.900000,0.851789
COV_ONLY,11,53,0.883333,0.818750,0.883333,6,0.900000,0.853460
COV_ONLY,11,54,0.866667,0.819583,0.866667,6,0.900000,0.853099
COV_ONLY,11,55,0.866667,0.825000,0.866667,6,0.900000,0.853485
COV_ONLY,11,56,0.866667,0.815833,0.866667,6,0.900000,0.853969
COV_ONLY,11,57,0.850000,0.812500,0.850000,5,0.900000,0.852822
COV_ONLY,11,58,0.850000,0.818333,0.850000,6,0.900000,0.853137
COV_ONLY,11,59,0.866667,0.820000,0.866667,6,0.900000,0.854000
COV_ONLY,12,0,0.733333,0.657083,0.733333,5,0.833333,0.805817
COV_ONLY,12,1,0.733333,0.667500,0.733333,6,0.866667,0.817812
COV_ONLY,12,2,0.750000,0.684583,0.750000,5,0.883333,0.823960
COV_ONLY,12,3,0.800000,0.705000,0.800000,5,0.883333,0.833894
COV_ONLY,12,4,0.800000,0.706250,0.800000,6,0.883333,0.834718
COV_ONLY,12,5,0.800000,0.727917,0.800000,5,0.883333,0.841439
COV_ONLY,12,6,0.800000,0.737917,0.800000,5,0.883333,0.846581
COV_ONLY,12,7,0.800000,0.752083,0.800000,4,0.883333,0.849007
COV_ONLY,12,8,0.816667,0.758333,0.816667,6,0.883333,0.849689
COV_ONLY,12,9,0.833333,0.763750,0.833333,5,0.883333,0.851658
COV_ONLY,12,10,0.816667,0.765833,0.816667,5,0.883333,0.850542
COV_ONLY,12,11,0.816667,0.760417,0.816667,5,0.883333,0.851442
COV_ONLY,12,12,0.833333,0.774583,0.833333,5,0.883333,0.853889
COV_ONLY,12,13,0.833333,0.776667,0.833333,5,0.883333,0.857039
COV_ONLY,12,14,0.833333,0.777500,0.833333,6,0.883333,0.856279
COV_ONLY,12,15,0.850000,0.787917,0.850000,5,0.883333,0.858544
COV_ONLY,12,16,0.833333,0.785833,0.833333,6,0.883333,0.857323
COV_ONLY,12,17,0.833333,0.775000,0.833333,6,0.883333,0.858749
COV_ONLY,12,18,0.850000,0.780417,0.850000,6,0.883333,0.859251
COV_ONLY,12,19,0.850000,0.768750,0.850000,6,0.883333,0.859300
COV_ONLY,12,20,0.866667,0.770000,0.866667,5,0.883333,0.859154
COV_ONLY,12,21,0.833333,0.790833,0.833333,6,0.883333,0.860481
COV_ONLY,12,22,0.833333,0.790000,0.833333,5,0.883333,0.861106
COV_ONLY,12,23,0.850000,0.794167,0.850000,5,0.883333,0.860589
COV_ONLY,12,24,0.850000,0.786667,0.850000,6,0.883333,0.860438
COV_ONLY,12,25,0.866667,0.781667,0.866667,5,0.883333,0.857103
COV_ONLY,12,26,0.866667,0.795417,0.866667,6,0.883333,0.859237
COV_ONLY,12,27,0.850000,0.800417,0.850000,5,0.883333,0.858291
COV_ONLY,12,28,0.850000,0.797500,0.850000,6,0.883333,0.859063
COV_ONLY,12,29,0.850000,0.793333,0.850000,6,0.883333,0.859602
COV_ONLY,12,30,0.850000,0.797917,0.850000,5,0.883333,0.860950
COV_ONLY,12,31,0.883333,0.809167,0.883333,6,0.883333,0.859560
COV_ONLY,12,32,0.833333,0.797917,0.833333,4,0.883333,0.859166
COV_ONLY,12,33,0.850000,0.800833,0.850000,5,0.883333,0.858765
COV_ONLY,12,34,0.833333,0.795417,0.833333,5,0.883333,0.858336
COV_ONLY,12,35,0.833333,0.795833,0.833333,5,0.883333,0.855867
COV_ONLY,12,36,0.850000,0.802500,0.850000,5,0.883333,0.859246
COV_ONLY,12,37,0.850000,0.804167,0.850000,6,0.883333,0.859937
COV_ONLY,12,38,0.866667,0.777500,0.866667,6,0.883333,0.857119
COV_ONLY,12,39,0.883333,0.798750,0.883333,6,0.883333,0.860555
COV_ONLY,12,40,0.866667,0.810000,0.866667,6,0.883333,0.860124
COV_ONLY,12,41,0.850000,0.805417,0.850000,6,0.883333,0.860074
COV_ONLY,12,42,0.866667,0.801667,0.866667,6,0.883333,0.860473
COV_ONLY,12,43,0.833333,0.801667,0.833333,5,0.883333,0.862364
COV_ONLY,12,44,0.850000,0.805000,0.850000,5,0.883333,0.862550
COV_ONLY,12,45,0.866667,0.808750,0.866667,6,0.883333,0.859636
COV_ONLY,12,46,0.866667,0.807917,0.866667,6,0.883333,0.859775
COV_ONLY,12,47,0.850000,0.805417,0.850000,6,0.883333,0.860763
COV_ONLY,12,48,0.866667,0.787917,0.866667,6,0.883333,0.859561
COV_ONLY,12,49,0.866667,0.802917,0.866667,6,0.883333,0.861222
COV_ONLY,12,50,0.883333,0.808750,0.883333,6,0.883333,0.861047
COV_ONLY,12,51,0.866667,0.816667,0.866667,6,0.883333,0.862263
COV_ONLY,12,52,0.850000,0.816667,0.850000,6,0.883333,0.864066
COV_ONLY,12,53,0.866667,0.818333,0.866667,6,0.883333,0.863679
COV_ONLY,12,54,0.883333,0.816667,0.883333,6,0.883333,0.863909
COV_ONLY,12,55,0.850000,0.817500,0.850000,5,0.883333,0.865435
COV_ONLY,12,56,0.866667,0.822500,0.866667,6,0.883333,0.865871
COV_ONLY,12,57,0.850000,0.822083,0.850000,5,0.883333,0.865533
COV_ONLY,12,58,0.850000,0.822917,0.850000,5,0.883333,0.867139
COV_ONLY,12,59,0.866667,0.818333,0.866667,6,0.883333,0.867383
COV_ONLY,13,0,0.716667,0.658750,0.716667,6,0.833333,0.808346
COV_ONLY,13,1,0.733333,0.675417,0.733333,5,0.850000,0.819169
COV_ONLY,13,2,0.783333,0.680417,0.783333,6,0.850000,0.824760
COV_ONLY,13,3,0.750000,0.691667,0.750000,5,0.866667,0.827231
COV_ONLY,13,4,0.800000,0.711667,0.800000,6,0.866667,0.834341
COV_ONLY,13,5,0.816667,0.691250,0.816667,5,0.883333,0.840371
COV_ONLY,13,6,0.816667,0.742917,0.816667,6,0.883333,0.847955
COV_ONLY,13,7,0.833333,0.758750,0.833333,5,0.883333,0.850939
COV_ONLY,13,8,0.833333,0.767917,0.833333,6,0.883333,0.849399
COV_ONLY,13,9,0.833333,0.785833,0.833333,6,0.883333,0.852600
COV_ONLY,13,10,0.850000,0.793750,0.850000,6,0.883333,0.854089
COV_ONLY,13,11,0.866667,0.775417,0.866667,6,0.883333,0.853659
COV_ONLY,13,12,0.833333,0.784167,0.833333,6,0.883333,0.855261
COV_ONLY,13,13,0.850000,0.801667,0.850000,6,0.883333,0.858788
COV_ONLY,13,14,0.850000,0.810000,0.850000,6,0.883333,0.860411
COV_ONLY,13,15,0.850000,0.795000,0.850000,6,0.883333,0.857717
COV_ONLY,13,16,0.850000,0.792917,0.850000,6,0.883333,0.857588
COV_ONLY,13,17,0.866667,0.782917,0.866667,6,0.883333,0.857756
COV_ONLY,13,18,0.850000,0.807917,0.850000,6,0.883333,0.859084
COV_ONLY,13,19,0.866667,0.809583,0.866667,6,0.883333,0.860954
COV_ONLY,13,20,0.850000,0.808750,0.850000,6,0.883333,0.861250
COV_ONLY,13,21,0.850000,0.803750,0.850000,6,0.883333,0.861241
COV_ONLY,13,22,0.866667,0.805833,0.866667,6,0.883333,0.863301
COV_ONLY,13,23,0.850000,0.803333,0.850000,6,0.883333,0.863013
COV_ONLY,13,24,0.850000,0.805833,0.850000,6,0.883333,0.861581
COV_ONLY,13,25,0.866667,0.800833,0.866667,6,0.883333,0.863024
COV_ONLY,13,26,0.866667,0.785000,0.866667,6,0.883333,0.861822
COV_ONLY,13,27,0.850000,0.808750,0.850000,6,0.883333,0.862437
COV_ONLY,13,28,0.850000,0.802917,0.850000,6,0.883333,0.865226
COV_ONLY,13,29,0.850000,0.800417,0.850000,6,0.883333,0.864700
COV_ONLY,13,30,0.866667,0.797083,0.866667,6,0.883333,0.863297
COV_ONLY,13,31,0.866667,0.804583,0.866667,6,0.883333,0.865620
COV_ONLY,13,32,0.850000,0.791667,0.850000,6,0.883333,0.863686
COV_ONLY,13,33,0.850000,0.815000,0.850000,5,0.883333,0.864207
COV_ONLY,13,34,0.866667,0.819167,0.866667,6,0.883333,0.863744
COV_ONLY,13,35,0.866667,0.816667,0.866667,6,0.883333,0.867642
COV_ONLY,13,36,0.850000,0.812917,0.850000,6,0.883333,0.867964
COV_ONLY,13,37,0.850000,0.813333,0.850000,5,0.883333,0.867246
COV_ONLY,13,38,0.866667,0.809167,0.866667,6,0.883333,0.865850
COV_ONLY,13,39,0.866667,0.822083,0.866667,6,0.883333,0.867612
COV_ONLY,13,40,0.866667,0.815833,0.866667,6,0.883333,0.866601
COV_ONLY,13,41,0.866667,0.825833,0.866667,6,0.883333,0.866059
COV_ONLY,13,42,0.866667,0.817500,0.866667,6,0.883333,0.866709
COV_ONLY,13,43,0.866667,0.825417,0.866667,6,0.883333,0.866959
COV_ONLY,13,44,0.850000,0.820417,0.850000,6,0.883333,0.867598
COV_ONLY,13,45,0.866667,0.820833,0.866667,6,0.883333,0.866469
COV_ONLY,13,46,0.866667,0.822500,0.866667,6,0.883333,0.867948
COV_ONLY,13,47,0.866667,0.824167,0.866667,6,0.883333,0.867218
COV_ONLY,13,48,0.883333,0.826250,0.883333,6,0.883333,0.868645
COV_ONLY,13,49,0.866667,0.833333,0.866667,6,0.883333,0.868733
COV_ONLY,13,50,0.866667,0.828333,0.866667,6,0.883333,0.868428
COV_ONLY,13,51,0.866667,0.827917,0.866667,6,0.883333,0.869221
COV_ONLY,13,52,0.866667,0.832083,0.866667,6,0.883333,0.869109
COV_ONLY,13,53,0.866667,0.825417,0.866667,6,0.883333,0.867577
COV_ONLY,13,54,0.866667,0.827083,0.866667,6,0.883333,0.869732
COV_ONLY,13,55,0.883333,0.824583,0.883333,6,0.883333,0.869819
COV_ONLY,13,56,0.866667,0.824583,0.866667,6,0.883333,0.868124
COV_ONLY,13,57,0.866667,0.831667,0.866667,6,0.883333,0.868051
COV_ONLY,13,58,0.866667,0.825000,0.866667,6,0.883333,0.868173
COV_ONLY,13,59,0.866667,0.831667,0.866667,6,0.883333,0.867714
COV_ONLY,14,0,0.800000,0.664167,0.800000,6,0.850000,0.807882
COV_ONLY,14,1,0.766667,0.657500,0.766667,5,0.850000,0.809870
COV_ONLY,14,2,0.766667,0.688750,0.766667,5,0.866667,0.819275
COV_ONLY,14,3,0.800000,0.713750,0.800000,5,0.866667,0.824527
COV_ONLY,14,4,0.766667,0.714583,0.766667,5,0.866667,0.825975
COV_ONLY,14,5,0.783333,0.714583,0.783333,5,0.866667,0.827881
COV_ONLY,14,6,0.783333,0.728333,0.783333,4,0.866667,0.833693
COV_ONLY,14,7,0.800000,0.722917,0.800000,6,0.866667,0.832441
COV_ONLY,14,8,0.800000,0.733750,0.800000,6,0.883333,0.836608
COV_ONLY,14,9,0.800000,0.740833,0.800000,6,0.883333,0.838082
COV_ONLY,14,10,0.850000,0.760833,0.850000,6,0.883333,0.841419
COV_ONLY,14,11,0.833333,0.752917,0.833333,6,0.883333,0.841664
COV_ONLY,14,12,0.816667,0.753333,0.816667,5,0.883333,0.841127
COV_ONLY,14,13,0.816667,0.764167,0.816667,6,0.883333,0.845111
COV_ONLY,14,14,0.816667,0.752917,0.816667,6,0.883333,0.842869
COV_ONLY,14,15,0.816667,0.760833,0.816667,6,0.883333,0.844068
COV_ONLY,14,16,0.833333,0.772500,0.833333,6,0.883333,0.844139
COV_ONLY,14,17,0.866667,0.771250,0.866667,6,0.883333,0.847412
COV_ONLY,14,18,0.833333,0.777083,0.833333,5,0.883333,0.848255
COV_ONLY,14,19,0.866667,0.779583,0.866667,6,0.883333,0.850095
COV_ONLY,14,20,0.850000,0.775833,0.850000,6,0.883333,0.850432
COV_ONLY,14,21,0.866667,0.785833,0.866667,6,0.883333,0.854103
COV_ONLY,14,22,0.850000,0.784167,0.850000,5,0.883333,0.854124
COV_ONLY,14,23,0.850000,0.808333,0.850000,6,0.883333,0.859986
COV_ONLY,14,24,0.866667,0.796250,0.866667,6,0.883333,0.859352
COV_ONLY,14,25,0.866667,0.798750,0.866667,6,0.883333,0.861528
COV_ONLY,14,26,0.850000,0.799583,0.850000,6,0.883333,0.862599
COV_ONLY,14,27,0.850000,0.804167,0.850000,6,0.883333,0.864305
COV_ONLY,14,28,0.850000,0.805833,0.850000,6,0.883333,0.866192
COV_ONLY,14,29,0.850000,0.801667,0.850000,6,0.883333,0.865314
COV_ONLY,14,30,0.866667,0.811250,0.866667,6,0.883333,0.864825
COV_ONLY,14,31,0.866667,0.814583,0.866667,6,0.883333,0.865151
COV_ONLY,14,32,0.866667,0.817917,0.866667,6,0.883333,0.864753
COV_ONLY,14,33,0.850000,0.812917,0.850000,6,0.883333,0.864163
COV_ONLY,14,34,0.866667,0.824583,0.866667,6,0.883333,0.863804
COV_ONLY,14,35,0.866667,0.820833,0.866667,6,0.883333,0.863924
COV_ONLY,14,36,0.883333,0.822917,0.883333,6,0.883333,0.864022
COV_ONLY,14,37,0.866667,0.826667,0.866667,6,0.883333,0.862658
COV_ONLY,14,38,0.866667,0.820833,0.866667,6,0.883333,0.864251
COV_ONLY,14,39,0.866667,0.824167,0.866667,6,0.883333,0.864807
COV_ONLY,14,40,0.866667,0.830833,0.866667,6,0.883333,0.864620
COV_ONLY,14,41,0.866667,0.831667,0.866667,6,0.883333,0.863503
COV_ONLY,14,42,0.866667,0.820833,0.866667,6,0.883333,0.864066
COV_ONLY,14,43,0.866667,0.819167,0.866667,6,0.883333,0.861637
COV_ONLY,14,44,0.866667,0.825417,0.866667,6,0.883333,0.863977
COV_ONLY,14,45,0.866667,0.832917,0.866667,6,0.883333,0.864135
COV_ONLY,14,46,0.866667,0.822917,0.866667,6,0.883333,0.862262
COV_ONLY,14,47,0.883333,0.829167,0.883333,6,0.883333,0.861270
COV_ONLY,14,48,0.866667,0.826667,0.866667,6,0.883333,0.862971
COV_ONLY,14,49,0.866667,0.828750,0.866667,6,0.883333,0.862638
COV_ONLY,14,50,0.866667,0.824583,0.866667,6,0.883333,0.861063
COV_ONLY,14,51,0.866667,0.830417,0.866667,6,0.883333,0.861547
COV_ONLY,14,52,0.866667,0.830417,0.866667,6,0.883333,0.861695
COV_ONLY,14,53,0.866667,0.836250,0.866667,6,0.883333,0.861609
COV_ONLY,14,54,0.866667,0.842500,0.866667,6,0.883333,0.861645
COV_ONLY,14,55,0.866667,0.831667,0.866667,6,0.883333,0.860898
COV_ONLY,14,56,0.883333,0.837500,0.883333,6,0.883333,0.862325
COV_ONLY,14,57,0.866667,0.832083,0.866667,6,0.883333,0.861389
COV_ONLY,14,58,0.866667,0.830417,0.866667,6,0.883333,0.860396
COV_ONLY,14,59,0.866667,0.831250,0.866667,6,0.883333,0.859499
BUGS_ONLY,0,0,0.500000,0.395000,0.700000,5,0.816667,0.808276
BUGS_ONLY,0,1,0.500000,0.427500,0.650000,5,0.833333,0.815067
BUGS_ONLY,0,2,0.600000,0.457500,0.716667,6,0.833333,0.813027
BUGS_ONLY,0,3,0.600000,0.472500,0.750000,6,0.850000,0.809887
BUGS_ONLY,0,4,0.600000,0.500000,0.716667,6,0.850000,0.815596
BUGS_ONLY,0,5,0.600000,0.480000,0.700000,6,0.850000,0.818786
BUGS_ONLY,0,6,0.600000,0.512500,0.683333,6,0.850000,0.823551
BUGS_ONLY,0,7,0.600000,0.512500,0.683333,6,0.850000,0.824178
BUGS_ONLY,0,8,0.600000,0.497500,0.633333,6,0.850000,0.821752
BUGS_ONLY,0,9,0.600000,0.505000,0.700000,6,0.866667,0.823941
BUGS_ONLY,0,10,0.600000,0.492500,0.683333,6,0.866667,0.824088
BUGS_ONLY,0,11,0.600000,0.505000,0.800000,6,0.866667,0.828070
BUGS_ONLY,0,12,0.600000,0.500000,0.716667,6,0.866667,0.830719
BUGS_ONLY,0,13,0.600000,0.527500,0.683333,6,0.866667,0.833099
BUGS_ONLY,0,14,0.600000,0.520000,0.716667,6,0.866667,0.832172
BUGS_ONLY,0,15,0.600000,0.512500,0.733333,6,0.866667,0.829389
BUGS_ONLY,0,16,0.600000,0.520000,0.683333,6,0.866667,0.829793
BUGS_ONLY,0,17,0.600000,0.525000,0.733333,6,0.866667,0.827118
BUGS_ONLY,0,18,0.600000,0.495000,0.716667,6,0.866667,0.826785
BUGS_ONLY,0,19,0.600000,0.520000,0.683333,6,0.866667,0.830626
BUGS_ONLY,0,20,0.600000,0.510000,0.683333,6,0.866667,0.830802
BUGS_ONLY,0,21,0.600000,0.517500,0.733333,6,0.866667,0.826775
BUGS_ONLY,0,22,0.600000,0.527500,0.716667,6,0.866667,0.828733
BUGS_ONLY,0,23,0.600000,0.540000,0.700000,6,0.866667,0.833074
BUGS_ONLY,0,24,0.700000,0.545000,0.816667,7,0.883333,0.833851
BUGS_ONLY,0,25,0.600000,0.512500,0.800000,6,0.883333,0.838180
BUGS_ONLY,0,26,0.600000,0.537500,0.683333,6,0.883333,0.836802
BUGS_ONLY,0,27,0.600000,0.535000,0.716667,6,0.883333,0.831966
BUGS_ONLY,0,28,0.600000,0.537500,0.783333,6,0.883333,0.833884
BUGS_ONLY,0,29,0.600000,0.552500,0.750000,6,0.883333,0.833799
BUGS_ONLY,0,30,0.600000,0.567500,0.766667,6,0.883333,0.838000
BUGS_ONLY,0,31,0.600000,0.550000,0.766667,6,0.883333,0.837201
BUGS_ONLY,0,32,0.600000,0.550000,0.766667,6,0.883333,0.840530
BUGS_ONLY,0,33,0.600000,0.555000,0.766667,6,0.883333,0.840491
BUGS_ONLY,0,34,0.600000,0.565000,0.783333,6,0.883333,0.842226
BUGS_ONLY,0,35,0.600000,0.552500,0.783333,6,0.883333,0.842126
BUGS_ONLY,0,36,0.600000,0.565000,0.766667,6,0.883333,0.843868
BUGS_ONLY,0,37,0.600000,0.550000,0.800000,6,0.883333,0.837492
BUGS_ONLY,0,38,0.600000,0.557500,0.733333,6,0.883333,0.838361
BUGS_ONLY,0,39,0.600000,0.560000,0.733333,6,0.883333,0.838817
BUGS_ONLY,0,40,0.600000,0.572500,0.816667,6,0.883333,0.840161
BUGS_ONLY,0,41,0.600000,0.580000,0.683333,6,0.883333,0.839369
BUGS_ONLY,0,42,0.700000,0.562500,0.733333,7,0.883333,0.839952
BUGS_ONLY,0,43,0.600000,0.565000,0.750000,6,0.883333,0.844096
BUGS_ONLY,0,44,0.600000,0.572500,0.766667,6,0.883333,0.843175
BUGS_ONLY,0,45,0.600000,0.570000,0.750000,6,0.883333,0.843622
BUGS_ONLY,0,46,0.600000,0.575000,0.716667,6,0.883333,0.842935
BUGS_ONLY,0,47,0.600000,0.560000,0.716667,6,0.883333,0.843803
BUGS_ONLY,0,48,0.600000,0.580000,0.800000,6,0.883333,0.844539
BUGS_ONLY,0,49,0.600000,0.572500,0.800000,6,0.883333,0.843493
BUGS_ONLY,0,50,0.600000,0.577500,0.783333,6,0.883333,0.845020
BUGS_ONLY,0,51,0.600000,0.582500,0.750000,6,0.883333,0.843047
BUGS_ONLY,0,52,0.600000,0.582500,0.783333,6,0.883333,0.842689
BUGS_ONLY,0,53,0.600000,0.580000,0.816667,6,0.883333,0.843296
BUGS_ONLY,0,54,0.600000,0.592500,0.800000,6,0.883333,0.843328
BUGS_ONLY,0,55,0.600000,0.587500,0.783333,6,0.883333,0.842481
BUGS_ONLY,0,56,0.600000,0.577500,0.766667,6,0.883333,0.841137
BUGS_ONLY,0,57,0.600000,0.580000,0.783333,6,0.883333,0.839574
BUGS_ONLY,0,58,0.600000,0.585000,0.766667,6,0.883333,0.840821
BUGS_ONLY,0,59,0.600000,0.580000,0.750000,6,0.883333,0.838680
BUGS_ONLY,1,0,0.600000,0.407500,0.683333,6,0.816667,0.808560
BUGS_ONLY,1,1,0.600000,0.435000,0.716667,6,0.866667,0.816944
BUGS_ONLY,1,2,0.600000,0.482500,0.716667,6,0.866667,0.824716
BUGS_ONLY,1,3,0.500000,0.487500,0.666667,5,0.866667,0.827007
BUGS_ONLY,1,4,0.600000,0.505000,0.766667,6,0.866667,0.828793
BUGS_ONLY,1,5,0.600000,0.510000,0.750000,6,0.866667,0.830199
BUGS_ONLY,1,6,0.600000,0.495000,0.700000,6,0.866667,0.826926
BUGS_ONLY,1,7,0.600000,0.487500,0.700000,6,0.866667,0.827938
BUGS_ONLY,1,8,0.600000,0.500000,0.716667,6,0.866667,0.827358
BUGS_ONLY,1,9,0.600000,0.495000,0.700000,6,0.866667,0.829905
BUGS_ONLY,1,10,0.600000,0.507500,0.750000,6,0.866667,0.830741
BUGS_ONLY,1,11,0.600000,0.507500,0.783333,6,0.866667,0.832836
BUGS_ONLY,1,12,0.600000,0.495000,0.766667,6,0.866667,0.831997
BUGS_ONLY,1,13,0.600000,0.502500,0.716667,6,0.866667,0.831812
BUGS_ONLY,1,14,0.600000,0.500000,0.733333,6,0.866667,0.834469
BUGS_ONLY,1,15,0.600000,0.507500,0.750000,6,0.866667,0.834410
BUGS_ONLY,1,16,0.600000,0.495000,0.716667,6,0.866667,0.835464
BUGS_ONLY,1,17,0.600000,0.510000,0.683333,6,0.866667,0.835089
BUGS_ONLY,1,18,0.600000,0.502500,0.766667,6,0.866667,0.835966
BUGS_ONLY,1,19,0.600000,0.517500,0.783333,6,0.866667,0.842332
BUGS_ONLY,1,20,0.600000,0.502500,0.733333,6,0.866667,0.841146
BUGS_ONLY,1,21,0.600000,0.502500,0.750000,6,0.866667,0.842377
BUGS_ONLY,1,22,0.600000,0.512500,0.733333,6,0.866667,0.842400
BUGS_ONLY,1,23,0.600000,0.510000,0.750000,6,0.866667,0.836454
BUGS_ONLY,1,24,0.600000,0.512500,0.750000,6,0.866667,0.838419
BUGS_ONLY,1,25,0.600000,0.522500,0.750000,6,0.866667,0.837192
BUGS_ONLY,1,26,0.600000,0.542500,0.683333,6,0.866667,0.832541
BUGS_ONLY,1,27,0.600000,0.522500,0.650000,6,0.883333,0.832797
BUGS_ONLY,1,28,0.600000,0.525000,0.733333,6,0.883333,0.829643
BUGS_ONLY,1,29,0.600000,0.542500,0.766667,6,0.883333,0.833359
BUGS_ONLY,1,30,0.600000,0.537500,0.633333,6,0.883333,0.831401
BUGS_ONLY,1,31,0.600000,0.532500,0.750000,6,0.883333,0.827396
BUGS_ONLY,1,32,0.600000,0.542500,0.700000,6,0.883333,0.831420
BUGS_ONLY,1,33,0.600000,0.535000,0.716667,6,0.883333,0.831905
BUGS_ONLY,1,34,0.600000,0.555000,0.716667,6,0.883333,0.830078
BUGS_ONLY,1,35,0.600000,0.540000,0.750000,6,0.883333,0.826015
BUGS_ONLY,1,36,0.600000,0.572500,0.733333,6,0.883333,0.823307
BUGS_ONLY,1,37,0.600000,0.567500,0.716667,6,0.883333,0.822472
BUGS_ONLY,1,38,0.600000,0.560000,0.783333,6,0.883333,0.822435
BUGS_ONLY,1,39,0.600000,0.557500,0.766667,6,0.883333,0.822086
BUGS_ONLY,1,40,0.600000,0.572500,0.750000,6,0.883333,0.824890
BUGS_ONLY,1,41,0.600000,0.575000,0.700000,6,0.883333,0.822064
BUGS_ONLY,1,42,0.600000,0.575000,0.800000,6,0.883333,0.823645
BUGS_ONLY,1,43,0.600000,0.570000,0.766667,6,0.883333,0.823853
BUGS_ONLY,1,44,0.600000,0.580000,0.766667,6,0.883333,0.822900
BUGS_ONLY,1,45,0.600000,0.577500,0.716667,6,0.883333,0.825823
BUGS_ONLY,1,46,0.600000,0.587500,0.750000,6,0.883333,0.826519
BUGS_ONLY,1,47,0.600000,0.572500,0.816667,6,0.883333,0.825427
BUGS_ONLY,1,48,0.600000,0.585000,0.716667,6,0.883333,0.826666
BUGS_ONLY,1,49,0.600000,0.577500,0.683333,6,0.883333,0.825525
BUGS_ONLY,1,50,0.600000,0.590000,0.766667,6,0.883333,0.825057
BUGS_ONLY,1,51,0.600000,0.572500,0.733333,6,0.883333,0.825397
BUGS_ONLY,1,52,0.600000,0.562500,0.750000,6,0.883333,0.821530
BUGS_ONLY,1,53,0.600000,0.570000,0.733333,6,0.883333,0.821803
BUGS_ONLY,1,54,0.600000,0.587500,0.800000,6,0.883333,0.823073
BUGS_ONLY,1,55,0.600000,0.585000,0.766667,6,0.883333,0.823702
BUGS_ONLY,1,56,0.600000,0.582500,0.783333,6,0.883333,0.823266
BUGS_ONLY,1,57,0.600000,0.585000,0.733333,6,0.883333,0.824174
BUGS_ONLY,1,58,0.600000,0.587500,0.750000,6,0.883333,0.822722
BUGS_ONLY,1,59,0.600000,0.595000,0.716667,6,0.883333,0.822503
BUGS_ONLY,2,0,0.600000,0.422500,0.733333,6,0.833333,0.808545
BUGS_ONLY,2,1,0.600000,0.435000,0.666667,6,0.850000,0.808023
BUGS_ONLY,2,2,0.600000,0.467500,0.716667,6,0.850000,0.806072
BUGS_ONLY,2,3,0.600000,0.450000,0.683333,6,0.850000,0.811525
BUGS_ONLY,2,4,0.600000,0.442500,0.683333,6,0.850000,0.812498
BUGS_ONLY,2,5,0.600000,0.465000,0.700000,6,0.850000,0.816195
BUGS_ONLY,2,6,0.600000,0.462500,0.716667,6,0.850000,0.817576
BUGS_ONLY,2,7,0.600000,0.477500,0.683333,6,0.850000,0.816573
BUGS_ONLY,2,8,0.600000,0.465000,0.700000,6,0.850000,0.816952
BUGS_ONLY,2,9,0.600000,0.490000,0.716667,6,0.850000,0.821238
BUGS_ONLY,2,10,0.600000,0.500000,0.666667,6,0.850000,0.820453
BUGS_ONLY,2,11,0.600000,0.487500,0.683333,6,0.850000,0.818173
BUGS_ONLY,2,12,0.600000,0.490000,0.783333,6,0.850000,0.817437
BUGS_ONLY,2,13,0.600000,0.490000,0.700000,6,0.850000,0.818731
BUGS_ONLY,2,14,0.600000,0.485000,0.700000,6,0.850000,0.817932
BUGS_ONLY,2,15,0.500000,0.472500,0.650000,5,0.850000,0.820408
BUGS_ONLY,2,16,0.600000,0.487500,0.683333,6,0.850000,0.819994
BUGS_ONLY,2,17,0.600000,0.487500,0.683333,6,0.850000,0.821150
BUGS_ONLY,2,18,0.600000,0.500000,0.683333,6,0.866667,0.817653
BUGS_ONLY,2,19,0.600000,0.500000,0.716667,6,0.866667,0.825590
BUGS_ONLY,2,20,0.600000,0.485000,0.716667,6,0.866667,0.823586
BUGS_ONLY,2,21,0.600000,0.502500,0.700000,6,0.866667,0.824481
BUGS_ONLY,2,22,0.600000,0.495000,0.666667,6,0.866667,0.828243
BUGS_ONLY,2,23,0.600000,0.505000,0.633333,6,0.866667,0.825591
BUGS_ONLY,2,24,0.600000,0.502500,0.716667,6,0.866667,0.822434
BUGS_ONLY,2,25,0.600000,0.507500,0.733333,6,0.866667,0.825328
BUGS_ONLY,2,26,0.600000,0.512500,0.700000,6,0.866667,0.817742
BUGS_ONLY,2,27,0.600000,0.512500,0.700000,6,0.866667,0.820716
BUGS_ONLY,2,28,0.600000,0.507500,0.700000,6,0.866667,0.822592
BUGS_ONLY,2,29,0.600000,0.502500,0.700000,6,0.866667,0.819181
BUGS_ONLY,2,30,0.600000,0.505000,0.666667,6,0.866667,0.819631
BUGS_ONLY,2,31,0.600000,0.517500,0.683333,6,0.866667,0.817464
BUGS_ONLY,2,32,0.600000,0.530000,0.650000,6,0.866667,0.816582
BUGS_ONLY,2,33,0.600000,0.542500,0.700000,6,0.866667,0.817961
BUGS_ONLY,2,34,0.600000,0.537500,0.683333,6,0.866667,0.815906
BUGS_ONLY,2,35,0.600000,0.525000,0.733333,6,0.866667,0.814666
BUGS_ONLY,2,36,0.600000,0.532500,0.750000,6,0.866667,0.815002
BUGS_ONLY,2,37,0.600000,0.530000,0.733333,6,0.866667,0.817147
BUGS_ONLY,2,38,0.600000,0.512500,0.766667,6,0.866667,0.816032
BUGS_ONLY,2,39,0.600000,0.537500,0.750000,6,0.866667,0.817875
BUGS_ONLY,2,40,0.600000,0.527500,0.783333,6,0.866667,0.820253
BUGS_ONLY,2,41,0.600000,0.532500,0.750000,6,0.866667,0.818885
BUGS_ONLY,2,42,0.600000,0.525000,0.716667,6,0.866667,0.816935
BUGS_ONLY,2,43,0.600000,0.527500,0.716667,6,0.866667,0.815053
BUGS_ONLY,2,44,0.600000,0.540000,0.783333,6,0.866667,0.814926
BUGS_ONLY,2,45,0.600000,0.542500,0.783333,6,0.866667,0.811863
BUGS_ONLY,2,46,0.600000,0.530000,0.716667,6,0.866667,0.813348
BUGS_ONLY,2,47,0.600000,0.537500,0.716667,6,0.866667,0.815376
BUGS_ONLY,2,48,0.600000,0.550000,0.766667,6,0.866667,0.812586
BUGS_ONLY,2,49,0.600000,0.552500,0.700000,6,0.866667,0.813297
BUGS_ONLY,2,50,0.600000,0.545000,0.700000,6,0.866667,0.813811
BUGS_ONLY,2,51,0.600000,0.542500,0.750000,6,0.866667,0.815191
BUGS_ONLY,2,52,0.600000,0.542500,0.683333,6,0.866667,0.815474
BUGS_ONLY,2,53,0.600000,0.535000,0.750000,6,0.866667,0.816169
BUGS_ONLY,2,54,0.600000,0.547500,0.733333,6,0.866667,0.818509
BUGS_ONLY,2,55,0.600000,0.545000,0.800000,6,0.883333,0.816396
BUGS_ONLY,2,56,0.600000,0.555000,0.750000,6,0.883333,0.817694
BUGS_ONLY,2,57,0.600000,0.557500,0.766667,6,0.883333,0.819108
BUGS_ONLY,2,58,0.600000,0.527500,0.750000,6,0.883333,0.819674
BUGS_ONLY,2,59,0.600000,0.560000,0.766667,6,0.883333,0.820269
BUGS_ONLY,3,0,0.500000,0.377500,0.683333,5,0.833333,0.811415
BUGS_ONLY,3,1,0.600000,0.410000,0.716667,6,0.850000,0.822515
BUGS_ONLY,3,2,0.600000,0.455000,0.666667,6,0.850000,0.830244
BUGS_ONLY,3,3,0.600000,0.460000,0.733333,6,0.850000,0.829514
BUGS_ONLY,3,4,0.600000,0.465000,0.700000,6,0.850000,0.828445
BUGS_ONLY,3,5,0.600000,0.467500,0.733333,6,0.850000,0.828081
BUGS_ONLY,3,6,0.600000,0.480000,0.683333,6,0.850000,0.833772
BUGS_ONLY,3,7,0.600000,0.495000,0.683333,6,0.866667,0.836546
BUGS_ONLY,3,8,0.600000,0.497500,0.700000,6,0.866667,0.838107
BUGS_ONLY,3,9,0.600000,0.500000,0.716667,6,0.866667,0.841433
BUGS_ONLY,3,10,0.600000,0.510000,0.700000,6,0.866667,0.844760
BUGS_ONLY,3,11,0.600000,0.492500,0.716667,6,0.866667,0.845566
BUGS_ONLY,3,12,0.600000,0.495000,0.766667,6,0.866667,0.846426
BUGS_ONLY,3,13,0.600000,0.495000,0.800000,6,0.866667,0.848444
BUGS_ONLY,3,14,0.600000,0.505000,0.783333,6,0.866667,0.850335
BUGS_ONLY,3,15,0.600000,0.512500,0.733333,6,0.866667,0.849740
BUGS_ONLY,3,16,0.600000,0.507500,0.683333,6,0.883333,0.849484
BUGS_ONLY,3,17,0.600000,0.510000,0.700000,6,0.883333,0.848908
BUGS_ONLY,3,18,0.600000,0.512500,0.733333,6,0.883333,0.850475
BUGS_ONLY,3,19,0.600000,0.515000,0.700000,6,0.883333,0.851054
BUGS_ONLY,3,20,0.600000,0.507500,0.733333,6,0.883333,0.850100
BUGS_ONLY,3,21,0.600000,0.497500,0.733333,6,0.883333,0.852048
BUGS_ONLY,3,22,0.600000,0.517500,0.700000,6,0.883333,0.851137
BUGS_ONLY,3,23,0.600000,0.520000,0.816667,6,0.883333,0.851866
BUGS_ONLY,3,24,0.600000,0.515000,0.733333,6,0.883333,0.851675
BUGS_ONLY,3,25,0.600000,0.515000,0.766667,6,0.883333,0.848803
BUGS_ONLY,3,26,0.600000,0.537500,0.716667,6,0.883333,0.849120
BUGS_ONLY,3,27,0.600000,0.517500,0.783333,6,0.883333,0.845248
BUGS_ONLY,3,28,0.600000,0.515000,0.766667,6,0.883333,0.846304
BUGS_ONLY,3,29,0.600000,0.532500,0.733333,6,0.883333,0.848812
BUGS_ONLY,3,30,0.600000,0.530000,0.783333,6,0.883333,0.850215
BUGS_ONLY,3,31,0.600000,0.530000,0.733333,6,0.883333,0.847661
BUGS_ONLY,3,32,0.600000,0.527500,0.733333,6,0.883333,0.846443
BUGS_ONLY,3,33,0.600000,0.525000,0.783333,6,0.883333,0.845926
BUGS_ONLY,3,34,0.600000,0.542500,0.783333,6,0.883333,0.847475
BUGS_ONLY,3,35,0.600000,0.537500,0.700000,6,0.883333,0.847118
BUGS_ONLY,3,36,0.600000,0.537500,0.733333,6,0.883333,0.844183
BUGS_ONLY,3,37,0.600000,0.537500,0.783333,6,0.883333,0.843993
BUGS_ONLY,3,38,0.600000,0.555000,0.733333,6,0.883333,0.840640
BUGS_ONLY,3,39,0.600000,0.557500,0.833333,6,0.883333,0.840509
BUGS_ONLY,3,40,0.600000,0.565000,0.816667,6,0.883333,0.837029
BUGS_ONLY,3,41,0.600000,0.567500,0.716667,6,0.883333,0.839653
BUGS_ONLY,3,42,0.600000,0.570000,0.733333,6,0.883333,0.839200
BUGS_ONLY,3,43,0.600000,0.570000,0.766667,6,0.883333,0.840571
BUGS_ONLY,3,44,0.600000,0.577500,0.783333,6,0.883333,0.842106
BUGS_ONLY,3,45,0.600000,0.582500,0.716667,6,0.883333,0.841252
BUGS_ONLY,3,46,0.600000,0.570000,0.800000,6,0.883333,0.841729
BUGS_ONLY,3,47,0.600000,0.577500,0.833333,6,0.883333,0.841135
BUGS_ONLY,3,48,0.600000,0.575000,0.783333,6,0.883333,0.839552
BUGS_ONLY,3,49,0.600000,0.580000,0.750000,6,0.883333,0.840767
BUGS_ONLY,3,50,0.600000,0.582500,0.733333,6,0.883333,0.840099
BUGS_ONLY,3,51,0.600000,0.582500,0.816667,6,0.883333,0.838820
BUGS_ONLY,3,52,0.600000,0.585000,0.733333,6,0.883333,0.837754
BUGS_ONLY,3,53,0.600000,0.585000,0.716667,6,0.883333,0.835930
BUGS_ONLY,3,54,0.600000,0.587500,0.800000,6,0.883333,0.837768
BUGS_ONLY,3,55,0.600000,0.580000,0.800000,6,0.883333,0.836282
BUGS_ONLY,3,56,0.600000,0.590000,0.766667,6,0.883333,0.837221
BUGS_ONLY,3,57,0.600000,0.590000,0.750000,6,0.883333,0.837150
BUGS_ONLY,3,58,0.600000,0.582500,0.783333,6,0.883333,0.837475
BUGS_ONLY,3,59,0.600000,0.580000,0.733333,6,0.883333,0.834809
BUGS_ONLY,4,0,0.500000,0.387500,0.733333,5,0.833333,0.805662
BUGS_ONLY,4,1,0.600000,0.427500,0.666667,6,0.850000,0.810704
BUGS_ONLY,4,2,0.600000,0.450000,0.700000,6,0.850000,0.811494
BUGS_ONLY,4,3,0.600000,0.460000,0.716667,6,0.850000,0.815305
BUGS_ONLY,4,4,0.600000,0.470000,0.766667,6,0.850000,0.814128
BUGS_ONLY,4,5,0.600000,0.480000,0.766667,6,0.850000,0.820327
BUGS_ONLY,4,6,0.600000,0.492500,0.766667,6,0.866667,0.824397
BUGS_ONLY,4,7,0.600000,0.502500,0.750000,6,0.866667,0.829827
BUGS_ONLY,4,8,0.600000,0.510000,0.733333,6,0.866667,0.828522
BUGS_ONLY,4,9,0.600000,0.507500,0.716667,6,0.866667,0.832285
BUGS_ONLY,4,10,0.600000,0.512500,0.733333,6,0.866667,0.832443
BUGS_ONLY,4,11,0.600000,0.502500,0.783333,6,0.866667,0.831835
BUGS_ONLY,4,12,0.600000,0.500000,0.733333,6,0.866667,0.831906
BUGS_ONLY,4,13,0.600000,0.510000,0.783333,6,0.883333,0.831165
BUGS_ONLY,4,14,0.600000,0.510000,0.800000,6,0.883333,0.829342
BUGS_ONLY,4,15,0.600000,0.525000,0.700000,6,0.883333,0.835897
BUGS_ONLY,4,16,0.600000,0.537500,0.766667,6,0.883333,0.835054
BUGS_ONLY,4,17,0.600000,0.547500,0.800000,6,0.883333,0.837466
BUGS_ONLY,4,18,0.600000,0.550000,0.733333,6,0.883333,0.839713
BUGS_ONLY,4,19,0.600000,0.550000,0.783333,6,0.883333,0.839053
BUGS_ONLY,4,20,0.600000,0.550000,0.783333,6,0.883333,0.840048
BUGS_ONLY,4,21,0.600000,0.540000,0.766667,6,0.883333,0.840330
BUGS_ONLY,4,22,0.600000,0.560000,0.733333,6,0.883333,0.839535
BUGS_ONLY,4,23,0.600000,0.532500,0.750000,6,0.883333,0.836433
BUGS_ONLY,4,24,0.600000,0.550000,0.800000,6,0.883333,0.837243
BUGS_ONLY,4,25,0.600000,0.577500,0.783333,6,0.883333,0.835926
BUGS_ONLY,4,26,0.600000,0.577500,0.766667,6,0.883333,0.836422
BUGS_ONLY,4,27,0.600000,0.565000,0.766667,6,0.883333,0.838349
BUGS_ONLY,4,28,0.600000,0.567500,0.666667,6,0.883333,0.836354
BUGS_ONLY,4,29,0.600000,0.567500,0.800000,6,0.883333,0.838119
BUGS_ONLY,4,30,0.600000,0.585000,0.733333,6,0.883333,0.836691
BUGS_ONLY,4,31,0.600000,0.582500,0.700000,6,0.883333,0.835832
BUGS_ONLY,4,32,0.600000,0.577500,0.733333,6,0.883333,0.836350
BUGS_ONLY,4,33,0.600000,0.570000,0.816667,6,0.883333,0.836703
BUGS_ONLY,4,34,0.600000,0.575000,0.750000,6,0.883333,0.834635
BUGS_ONLY,4,35,0.600000,0.585000,0.766667,6,0.883333,0.836278
BUGS_ONLY,4,36,0.600000,0.582500,0.800000,6,0.883333,0.834948
BUGS_ONLY,4,37,0.600000,0.577500,0.783333,6,0.883333,0.834382
BUGS_ONLY,4,38,0.600000,0.567500,0.733333,6,0.883333,0.834052
BUGS_ONLY,4,39,0.600000,0.580000,0.766667,6,0.883333,0.835512
BUGS_ONLY,4,40,0.600000,0.550000,0.683333,6,0.883333,0.833080
BUGS_ONLY,4,41,0.600000,0.577500,0.800000,6,0.883333,0.834839
BUGS_ONLY,4,42,0.600000,0.570000,0.783333,6,0.883333,0.832322
BUGS_ONLY,4,43,0.600000,0.575000,0.800000,6,0.883333,0.833556
BUGS_ONLY,4,44,0.600000,0.562500,0.733333,6,0.883333,0.830696
BUGS_ONLY,4,45,0.600000,0.575000,0.700000,6,0.883333,0.832996
BUGS_ONLY,4,46,0.600000,0.572500,0.766667,6,0.883333,0.834316
BUGS_ONLY,4,47,0.600000,0.572500,0.800000,6,0.883333,0.836062
BUGS_ONLY,4,48,0.600000,0.585000,0.750000,6,0.883333,0.835062
BUGS_ONLY,4,49,0.600000,0.587500,0.733333,6,0.883333,0.837499
BUGS_ONLY,4,50,0.600000,0.590000,0.800000,6,0.883333,0.834743
BUGS_ONLY,4,51,0.600000,0.585000,0.766667,6,0.883333,0.834985
BUGS_ONLY,4,52,0.600000,0.597500,0.783333,6,0.883333,0.834692
BUGS_ONLY,4,53,0.600000,0.587500,0.716667,6,0.883333,0.834792
BUGS_ONLY,4,54,0.600000,0.590000,0.783333,6,0.883333,0.834438
BUGS_ONLY,4,55,0.600000,0.590000,0.766667,6,0.883333,0.835331
BUGS_ONLY,4,56,0.600000,0.590000,0.766667,6,0.883333,0.835889
BUGS_ONLY,4,57,0.600000,0.587500,0.800000,6,0.883333,0.835515
BUGS_ONLY,4,58,0.600000,0.595000,0.716667,6,0.883333,0.832285
BUGS_ONLY,4,59,0.600000,0.590000,0.700000,6,0.883333,0.832925
BUGS_ONLY,5,0,0.600000,0.417500,0.783333,6,0.850000,0.808178
BUGS_ONLY,5,1,0.600000,0.422500,0.716667,6,0.850000,0.817571
BUGS_ONLY,5,2,0.500000,0.427500,0.650000,5,0.850000,0.818428
BUGS_ONLY,5,3,0.500000,0.427500,0.700000,5,0.850000,0.822928
BUGS_ONLY,5,4,0.600000,0.470000,0.766667,6,0.866667,0.826092
BUGS_ONLY,5,5,0.500000,0.457500,0.616667,5,0.866667,0.822701
BUGS_ONLY,5,6,0.600000,0.470000,0.700000,6,0.866667,0.826258
BUGS_ONLY,5,7,0.600000,0.467500,0.700000,6,0.866667,0.825367
BUGS_ONLY,5,8,0.600000,0.470000,0.716667,6,0.866667,0.826720
BUGS_ONLY,5,9,0.500000,0.470000,0.600000,5,0.866667,0.824684
BUGS_ONLY,5,10,0.600000,0.480000,0.700000,6,0.866667,0.826783
BUGS_ONLY,5,11,0.600000,0.487500,0.733333,6,0.866667,0.825041
BUGS_ONLY,5,12,0.600000,0.485000,0.733333,6,0.866667,0.824823
BUGS_ONLY,5,13,0.600000,0.472500,0.800000,6,0.866667,0.826054
BUGS_ONLY,5,14,0.600000,0.500000,0.783333,6,0.866667,0.832878
BUGS_ONLY,5,15,0.600000,0.500000,0.783333,6,0.866667,0.837904
BUGS_ONLY,5,16,0.600000,0.507500,0.800000,6,0.866667,0.842143
BUGS_ONLY,5,17,0.600000,0.500000,0.750000,6,0.883333,0.844394
BUGS_ONLY,5,18,0.600000,0.520000,0.783333,6,0.883333,0.846574
BUGS_ONLY,5,19,0.600000,0.505000,0.766667,6,0.883333,0.849285
BUGS_ONLY,5,20,0.600000,0.515000,0.800000,6,0.883333,0.850961
BUGS_ONLY,5,21,0.600000,0.507500,0.766667,6,0.883333,0.849862
BUGS_ONLY,5,22,0.600000,0.507500,0.833333,6,0.883333,0.846785
BUGS_ONLY,5,23,0.600000,0.542500,0.800000,6,0.883333,0.852045
BUGS_ONLY,5,24,0.600000,0.512500,0.733333,6,0.883333,0.849962
BUGS_ONLY,5,25,0.600000,0.535000,0.783333,6,0.883333,0.850477
BUGS_ONLY,5,26,0.600000,0.517500,0.766667,6,0.883333,0.851558
BUGS_ONLY,5,27,0.600000,0.527500,0.783333,6,0.883333,0.851683
BUGS_ONLY,5,28,0.600000,0.535000,0.766667,6,0.883333,0.852169
BUGS_ONLY,5,29,0.600000,0.540000,0.766667,6,0.883333,0.851096
BUGS_ONLY,5,30,0.600000,0.520000,0.750000,6,0.883333,0.850252
BUGS_ONLY,5,31,0.600000,0.522500,0.700000,6,0.883333,0.848189
BUGS_ONLY,5,32,0.600000,0.527500,0.700000,6,0.883333,0.846665
BUGS_ONLY,5,33,0.600000,0.527500,0.733333,6,0.883333,0.848225
BUGS_ONLY,5,34,0.600000,0.552500,0.783333,6,0.883333,0.847670
BUGS_ONLY,5,35,0.600000,0.545000,0.833333,6,0.883333,0.847942
BUGS_ONLY,5,36,0.600000,0.562500,0.816667,6,0.883333,0.847880
BUGS_ONLY,5,37,0.600000,0.545000,0.766667,6,0.883333,0.849271
BUGS_ONLY,5,38,0.600000,0.560000,0.800000,6,0.883333,0.847955
BUGS_ONLY,5,39,0.600000,0.572500,0.766667,6,0.883333,0.849541
BUGS_ONLY,5,40,0.600000,0.557500,0.783333,6,0.883333,0.852875
BUGS_ONLY,5,41,0.600000,0.575000,0.750000,6,0.883333,0.847716
BUGS_ONLY,5,42,0.600000,0.567500,0.816667,6,0.883333,0.848361
BUGS_ONLY,5,43,0.600000,0.567500,0.833333,6,0.883333,0.846789
BUGS_ONLY,5,44,0.600000,0.582500,0.716667,6,0.883333,0.848584
BUGS_ONLY,5,45,0.600000,0.570000,0.783333,6,0.883333,0.848460
BUGS_ONLY,5,46,0.600000,0.580000,0.683333,6,0.883333,0.846419
BUGS_ONLY,5,47,0.600000,0.570000,0.766667,6,0.883333,0.849568
BUGS_ONLY,5,48,0.600000,0.585000,0.783333,6,0.883333,0.850187
BUGS_ONLY,5,49,0.600000,0.585000,0.816667,6,0.883333,0.847332
BUGS_ONLY,5,50,0.600000,0.580000,0.800000,6,0.883333,0.851755
BUGS_ONLY,5,51,0.600000,0.582500,0.783333,6,0.883333,0.849136
BUGS_ONLY,5,52,0.600000,0.582500,0.750000,6,0.883333,0.852023
BUGS_ONLY,5,53,0.600000,0.585000,0.833333,6,0.883333,0.851808
BUGS_ONLY,5,54,0.600000,0.582500,0.766667,6,0.883333,0.850622
BUGS_ONLY,5,55,0.600000,0.587500,0.800000,6,0.883333,0.850536
BUGS_ONLY,5,56,0.600000,0.590000,0.833333,6,0.883333,0.850731
BUGS_ONLY,5,57,0.600000,0.587500,0.766667,6,0.883333,0.849509
BUGS_ONLY,5,58,0.600000,0.587500,0.783333,6,0.883333,0.849474
BUGS_ONLY,5,59,0.600000,0.595000,0.800000,6,0.883333,0.849687
BUGS_ONLY,6,0,0.500000,0.407500,0.700000,5,0.833333,0.811884
BUGS_ONLY,6,1,0.600000,0.450000,0.716667,6,0.850000,0.814994
BUGS_ONLY,6,2,0.600000,0.420000,0.683333,6,0.850000,0.816101
BUGS_ONLY,6,3,0.600000,0.455000,0.733333,6,0.850000,0.819151
BUGS_ONLY,6,4,0.600000,0.472500,0.716667,6,0.866667,0.825400
BUGS_ONLY,6,5,0.600000,0.487500,0.716667,6,0.866667,0.826419
BUGS_ONLY,6,6,0.600000,0.512500,0.700000,6,0.866667,0.835227
BUGS_ONLY,6,7,0.600000,0.495000,0.750000,6,0.866667,0.831310
BUGS_ONLY,6,8,0.600000,0.502500,0.650000,6,0.866667,0.833030
BUGS_ONLY,6,9,0.600000,0.505000,0.716667,6,0.866667,0.834200
BUGS_ONLY,6,10,0.600000,0.505000,0.683333,6,0.866667,0.836539
BUGS_ONLY,6,11,0.600000,0.522500,0.733333,6,0.866667,0.838387
BUGS_ONLY,6,12,0.600000,0.535000,0.700000,6,0.866667,0.838342
BUGS_ONLY,6,13,0.600000,0.532500,0.716667,6,0.866667,0.842066
BUGS_ONLY,6,14,0.600000,0.537500,0.783333,6,0.866667,0.839186
BUGS_ONLY,6,15,0.600000,0.537500,0.766667,6,0.883333,0.842665
BUGS_ONLY,6,16,0.600000,0.557500,0.750000,6,0.883333,0.839833
BUGS_ONLY,6,17,0.600000,0.542500,0.750000,6,0.883333,0.840016
BUGS_ONLY,6,18,0.600000,0.560000,0.733333,6,0.883333,0.838408
BUGS_ONLY,6,19,0.600000,0.555000,0.766667,6,0.883333,0.839343
BUGS_ONLY,6,20,0.600000,0.552500,0.750000,6,0.883333,0.838903
BUGS_ONLY,6,21,0.600000,0.555000,0.700000,6,0.883333,0.838629
BUGS_ONLY,6,22,0.600000,0.560000,0.750000,6,0.883333,0.840602
BUGS_ONLY,6,23,0.600000,0.560000,0.766667,6,0.883333,0.835801
BUGS_ONLY,6,24,0.600000,0.555000,0.716667,6,0.883333,0.836761
BUGS_ONLY,6,25,0.600000,0.557500,0.733333,6,0.883333,0.838382
BUGS_ONLY,6,26,0.600000,0.552500,0.800000,6,0.883333,0.842629
BUGS_ONLY,6,27,0.600000,0.540000,0.766667,6,0.883333,0.844741
BUGS_ONLY,6,28,0.600000,0.552500,0.750000,6,0.883333,0.842797
BUGS_ONLY,6,29,0.600000,0.565000,0.766667,6,0.883333,0.839362
BUGS_ONLY,6,30,0.600000,0.572500,0.783333,6,0.883333,0.839145
BUGS_ONLY,6,31,0.600000,0.567500,0.750000,6,0.883333,0.838874
BUGS_ONLY,6,32,0.600000,0.567500,0.700000,6,0.883333,0.838961
BUGS_ONLY,6,33,0.600000,0.577500,0.733333,6,0.883333,0.838723
BUGS_ONLY,6,34,0.600000,0.565000,0.700000,6,0.883333,0.839188
BUGS_ONLY,6,35,0.600000,0.570000,0.733333,6,0.883333,0.838557
BUGS_ONLY,6,36,0.600000,0.577500,0.766667,6,0.883333,0.838344
BUGS_ONLY,6,37,0.600000,0.570000,0.800000,6,0.883333,0.836331
BUGS_ONLY,6,38,0.600000,0.582500,0.750000,6,0.883333,0.837018
BUGS_ONLY,6,39,0.600000,0.567500,0.783333,6,0.883333,0.837412
BUGS_ONLY,6,40,0.600000,0.575000,0.750000,6,0.883333,0.837638
BUGS_ONLY,6,41,0.600000,0.582500,0.783333,6,0.883333,0.840580
BUGS_ONLY,6,42,0.600000,0.572500,0.750000,6,0.883333,0.840473
BUGS_ONLY,6,43,0.600000,0.572500,0.800000,6,0.883333,0.841409
BUGS_ONLY,6,44,0.600000,0.587500,0.716667,6,0.883333,0.840182
BUGS_ONLY,6,45,0.600000,0.585000,0.716667,6,0.883333,0.839771
BUGS_ONLY,6,46,0.600000,0.595000,0.733333,6,0.883333,0.838248
BUGS_ONLY,6,47,0.600000,0.582500,0.733333,6,0.883333,0.836590
BUGS_ONLY,6,48,0.600000,0.585000,0.733333,6,0.883333,0.834445
BUGS_ONLY,6,49,0.600000,0.585000,0.683333,6,0.883333,0.833800
BUGS_ONLY,6,50,0.600000,0.582500,0.683333,6,0.883333,0.836194
BUGS_ONLY,6,51,0.600000,0.575000,0.750000,6,0.883333,0.836347
BUGS_ONLY,6,52,0.600000,0.590000,0.683333,6,0.883333,0.835910
BUGS_ONLY,6,53,0.600000,0.567500,0.783333,6,0.883333,0.833723
BUGS_ONLY,6,54,0.600000,0.587500,0.750000,6,0.883333,0.836424
BUGS_ONLY,6,55,0.600000,0.585000,0.716667,6,0.883333,0.835728
BUGS_ONLY,6,56,0.600000,0.582500,0.716667,6,0.883333,0.836638
BUGS_ONLY,6,57,0.600000,0.592500,0.733333,6,0.883333,0.836973
BUGS_ONLY,6,58,0.600000,0.587500,0.766667,6,0.883333,0.836263
BUGS_ONLY,6,59,0.600000,0.592500,0.750000,6,0.883333,0.837506
BUGS_ONLY,7,0,0.500000,0.395000,0.700000,5,0.833333,0.805381
BUGS_ONLY,7,1,0.600000,0.437500,0.666667,6,0.850000,0.811094
BUGS_ONLY,7,2,0.600000,0.457500,0.683333,6,0.850000,0.816608
BUGS_ONLY,7,3,0.600000,0.497500,0.716667,6,0.850000,0.821071
BUGS_ONLY,7,4,0.600000,0.482500,0.716667,6,0.850000,0.823353
BUGS_ONLY,7,5,0.600000,0.500000,0.700000,6,0.850000,0.828661
BUGS_ONLY,7,6,0.600000,0.500000,0.650000,6,0.850000,0.826995
BUGS_ONLY,7,7,0.600000,0.497500,0.766667,6,0.850000,0.826876
BUGS_ONLY,7,8,0.600000,0.507500,0.716667,6,0.850000,0.827999
BUGS_ONLY,7,9,0.600000,0.495000,0.700000,6,0.850000,0.825892
BUGS_ONLY,7,10,0.600000,0.492500,0.733333,6,0.850000,0.825298
BUGS_ONLY,7,11,0.600000,0.477500,0.716667,6,0.850000,0.821660
BUGS_ONLY,7,12,0.600000,0.490000,0.683333,6,0.850000,0.821853
BUGS_ONLY,7,13,0.600000,0.485000,0.700000,6,0.850000,0.823012
BUGS_ONLY,7,14,0.600000,0.495000,0.700000,6,0.850000,0.826440
BUGS_ONLY,7,15,0.600000,0.500000,0.716667,6,0.850000,0.826024
BUGS_ONLY,7,16,0.600000,0.497500,0.716667,6,0.850000,0.826064
BUGS_ONLY,7,17,0.500000,0.495000,0.700000,5,0.850000,0.826807
BUGS_ONLY,7,18,0.600000,0.505000,0.716667,6,0.850000,0.829126
BUGS_ONLY,7,19,0.600000,0.495000,0.700000,6,0.850000,0.831313
BUGS_ONLY,7,20,0.600000,0.500000,0.716667,6,0.850000,0.829589
BUGS_ONLY,7,21,0.600000,0.510000,0.716667,6,0.850000,0.833207
BUGS_ONLY,7,22,0.600000,0.507500,0.683333,6,0.850000,0.833037
BUGS_ONLY,7,23,0.600000,0.512500,0.750000,6,0.850000,0.832246
BUGS_ONLY,7,24,0.600000,0.510000,0.716667,6,0.850000,0.834481
BUGS_ONLY,7,25,0.600000,0.510000,0.716667,6,0.850000,0.834923
BUGS_ONLY,7,26,0.600000,0.510000,0.666667,6,0.866667,0.834065
BUGS_ONLY,7,27,0.600000,0.510000,0.700000,6,0.866667,0.835910
BUGS_ONLY,7,28,0.600000,0.510000,0.700000,6,0.866667,0.832109
BUGS_ONLY,7,29,0.600000,0.515000,0.716667,6,0.866667,0.832557
BUGS_ONLY,7,30,0.600000,0.507500,0.750000,6,0.866667,0.829975
BUGS_ONLY,7,31,0.600000,0.527500,0.716667,6,0.866667,0.833210
BUGS_ONLY,7,32,0.600000,0.512500,0.650000,6,0.866667,0.832979
BUGS_ONLY,7,33,0.600000,0.515000,0.733333,6,0.883333,0.834547
BUGS_ONLY,7,34,0.600000,0.527500,0.750000,6,0.883333,0.835942
BUGS_ONLY,7,35,0.600000,0.542500,0.650000,6,0.883333,0.834485
BUGS_ONLY,7,36,0.600000,0.530000,0.650000,6,0.883333,0.832989
BUGS_ONLY,7,37,0.600000,0.535000,0.716667,6,0.883333,0.832304
BUGS_ONLY,7,38,0.600000,0.547500,0.783333,6,0.883333,0.827573
BUGS_ONLY,7,39,0.600000,0.532500,0.716667,6,0.883333,0.827843
BUGS_ONLY,7,40,0.600000,0.550000,0.716667,6,0.883333,0.831959
BUGS_ONLY,7,41,0.600000,0.540000,0.700000,6,0.883333,0.832402
BUGS_ONLY,7,42,0.600000,0.552500,0.700000,6,0.883333,0.832938
BUGS_ONLY,7,43,0.600000,0.560000,0.683333,6,0.883333,0.837018
BUGS_ONLY,7,44,0.600000,0.562500,0.700000,6,0.883333,0.836509
BUGS_ONLY,7,45,0.600000,0.565000,0.733333,6,0.883333,0.835155
BUGS_ONLY,7,46,0.600000,0.572500,0.683333,6,0.883333,0.834351
BUGS_ONLY,7,47,0.600000,0.555000,0.716667,6,0.883333,0.833645
BUGS_ONLY,7,48,0.600000,0.565000,0.750000,6,0.883333,0.833440
BUGS_ONLY,7,49,0.600000,0.562500,0.750000,6,0.883333,0.830040
BUGS_ONLY,7,50,0.600000,0.570000,0.700000,6,0.883333,0.832549
BUGS_ONLY,7,51,0.600000,0.562500,0.683333,6,0.883333,0.829623
BUGS_ONLY,7,52,0.600000,0.572500,0.750000,6,0.883333,0.829245
BUGS_ONLY,7,53,0.600000,0.572500,0.700000,6,0.883333,0.827002
BUGS_ONLY,7,54,0.600000,0.572500,0.700000,6,0.883333,0.828511
BUGS_ONLY,7,55,0.600000,0.575000,0.716667,6,0.883333,0.827152
BUGS_ONLY,7,56,0.600000,0.580000,0.783333,6,0.883333,0.824719
BUGS_ONLY,7,57,0.600000,0.565000,0.700000,6,0.883333,0.824706
BUGS_ONLY,7,58,0.600000,0.570000,0.666667,6,0.883333,0.823955
BUGS_ONLY,7,59,0.600000,0.580000,0.650000,6,0.883333,0.824529
BUGS_ONLY,8,0,0.600000,0.437500,0.700000,6,0.866667,0.809981
BUGS_ONLY,8,1,0.600000,0.455000,0.666667,6,0.866667,0.811020
BUGS_ONLY,8,2,0.600000,0.470000,0.633333,6,0.866667,0.808439
BUGS_ONLY,8,3,0.600000,0.460000,0.666667,6,0.866667,0.805411
BUGS_ONLY,8,4,0.600000,0.497500,0.650000,6,0.866667,0.812671
BUGS_ONLY,8,5,0.600000,0.492500,0.666667,6,0.866667,0.818622
BUGS_ONLY,8,6,0.600000,0.477500,0.700000,6,0.866667,0.819574
BUGS_ONLY,8,7,0.600000,0.495000,0.666667,6,0.866667,0.819503
BUGS_ONLY,8,8,0.600000,0.487500,0.700000,6,0.866667,0.815861
BUGS_ONLY,8,9,0.600000,0.480000,0.716667,6,0.866667,0.818274
BUGS_ONLY,8,10,0.600000,0.505000,0.683333,6,0.866667,0.818157
BUGS_ONLY,8,11,0.600000,0.510000,0.700000,6,0.866667,0.819019
BUGS_ONLY,8,12,0.600000,0.497500,0.700000,6,0.866667,0.820875
BUGS_ONLY,8,13,0.600000,0.500000,0.700000,6,0.866667,0.820558
BUGS_ONLY,8,14,0.600000,0.505000,0.716667,6,0.866667,0.818132
BUGS_ONLY,8,15,0.600000,0.500000,0.683333,6,0.866667,0.821165
BUGS_ONLY,8,16,0.600000,0.522500,0.666667,6,0.866667,0.820231
BUGS_ONLY,8,17,0.600000,0.532500,0.666667,6,0.866667,0.822673
BUGS_ONLY,8,18,0.600000,0.520000,0.783333,6,0.866667,0.824499
BUGS_ONLY,8,19,0.600000,0.525000,0.750000,6,0.866667,0.828270
BUGS_ONLY,8,20,0.600000,0.530000,0.683333,6,0.866667,0.825545
BUGS_ONLY,8,21,0.600000,0.510000,0.733333,6,0.866667,0.821587
BUGS_ONLY,8,22,0.600000,0.547500,0.766667,6,0.866667,0.824424
BUGS_ONLY,8,23,0.600000,0.525000,0.683333,6,0.866667,0.827781
BUGS_ONLY,8,24,0.600000,0.540000,0.666667,6,0.866667,0.827953
BUGS_ONLY,8,25,0.600000,0.545000,0.716667,6,0.866667,0.828801
BUGS_ONLY,8,26,0.600000,0.545000,0.766667,6,0.866667,0.830816
BUGS_ONLY,8,27,0.600000,0.545000,0.750000,6,0.866667,0.831062
BUGS_ONLY,8,28,0.600000,0.557500,0.766667,6,0.866667,0.834023
BUGS_ONLY,8,29,0.600000,0.535000,0.716667,6,0.866667,0.828590
BUGS_ONLY,8,30,0.600000,0.545000,0.733333,6,0.866667,0.831443
BUGS_ONLY,8,31,0.600000,0.560000,0.716667,6,0.866667,0.833207
BUGS_ONLY,8,32,0.600000,0.575000,0.733333,6,0.866667,0.833906
BUGS_ONLY,8,33,0.600000,0.557500,0.700000,6,0.883333,0.833295
BUGS_ONLY,8,34,0.600000,0.567500,0.733333,6,0.883333,0.835467
BUGS_ONLY,8,35,0.600000,0.565000,0.716667,6,0.883333,0.833604
BUGS_ONLY,8,36,0.600000,0.567500,0.800000,6,0.883333,0.834280
BUGS_ONLY,8,37,0.600000,0.587500,0.700000,6,0.883333,0.834108
BUGS_ONLY,8,38,0.600000,0.580000,0.683333,6,0.883333,0.834051
BUGS_ONLY,8,39,0.600000,0.555000,0.716667,6,0.883333,0.833512
BUGS_ONLY,8,40,0.600000,0.567500,0.750000,6,0.883333,0.835963
BUGS_ONLY,8,41,0.600000,0.567500,0.750000,6,0.883333,0.832988
BUGS_ONLY,8,42,0.600000,0.560000,0.750000,6,0.883333,0.831774
BUGS_ONLY,8,43,0.600000,0.550000,0.783333,6,0.883333,0.829083
BUGS_ONLY,8,44,0.600000,0.565000,0.633333,6,0.883333,0.829525
BUGS_ONLY,8,45,0.600000,0.577500,0.733333,6,0.883333,0.831868
BUGS_ONLY,8,46,0.600000,0.557500,0.716667,6,0.883333,0.830481
BUGS_ONLY,8,47,0.600000,0.575000,0.733333,6,0.883333,0.828021
BUGS_ONLY,8,48,0.600000,0.580000,0.666667,6,0.883333,0.830711
BUGS_ONLY,8,49,0.600000,0.575000,0.700000,6,0.883333,0.826200
BUGS_ONLY,8,50,0.600000,0.575000,0.683333,6,0.883333,0.827509
BUGS_ONLY,8,51,0.600000,0.565000,0.733333,6,0.883333,0.825314
BUGS_ONLY,8,52,0.600000,0.570000,0.766667,6,0.883333,0.824395
BUGS_ONLY,8,53,0.600000,0.580000,0.733333,6,0.883333,0.824313
BUGS_ONLY,8,54,0.600000,0.580000,0.716667,6,0.883333,0.823123
BUGS_ONLY,8,55,0.600000,0.570000,0.683333,6,0.883333,0.822410
BUGS_ONLY,8,56,0.600000,0.562500,0.650000,6,0.883333,0.825513
BUGS_ONLY,8,57,0.600000,0.582500,0.733333,6,0.883333,0.824418
BUGS_ONLY,8,58,0.600000,0.582500,0.700000,6,0.883333,0.824640
BUGS_ONLY,8,59,0.600000,0.585000,0.683333,6,0.883333,0.820865
BUGS_ONLY,9,0,0.600000,0.415000,0.716667,6,0.850000,0.813750
BUGS_ONLY,9,1,0.600000,0.417500,0.750000,6,0.850000,0.814062
BUGS_ONLY,9,2,0.600000,0.462500,0.683333,6,0.850000,0.819521
BUGS_ONLY,9,3,0.600000,0.467500,0.766667,6,0.866667,0.825246
BUGS_ONLY,9,4,0.600000,0.485000,0.766667,6,0.883333,0.830379
BUGS_ONLY,9,5,0.600000,0.512500,0.750000,6,0.883333,0.837727
BUGS_ONLY,9,6,0.600000,0.497500,0.716667,6,0.883333,0.838339
BUGS_ONLY,9,7,0.600000,0.505000,0.783333,6,0.883333,0.838684
BUGS_ONLY,9,8,0.600000,0.502500,0.733333,6,0.883333,0.834862
BUGS_ONLY,9,9,0.600000,0.500000,0.683333,6,0.883333,0.835255
BUGS_ONLY,9,10,0.600000,0.495000,0.716667,6,0.883333,0.835125
BUGS_ONLY,9,11,0.600000,0.505000,0.733333,6,0.883333,0.835192
BUGS_ONLY,9,12,0.600000,0.512500,0.750000,6,0.883333,0.834745
BUGS_ONLY,9,13,0.600000,0.532500,0.700000,6,0.883333,0.839076
BUGS_ONLY,9,14,0.600000,0.520000,0.766667,6,0.883333,0.838646
BUGS_ONLY,9,15,0.600000,0.520000,0.766667,6,0.883333,0.838471
BUGS_ONLY,9,16,0.600000,0.527500,0.733333,6,0.883333,0.840672
BUGS_ONLY,9,17,0.600000,0.522500,0.750000,6,0.883333,0.840408
BUGS_ONLY,9,18,0.600000,0.530000,0.716667,6,0.883333,0.841576
BUGS_ONLY,9,19,0.600000,0.535000,0.683333,6,0.883333,0.842409
BUGS_ONLY,9,20,0.600000,0.530000,0.783333,6,0.883333,0.842640
BUGS_ONLY,9,21,0.600000,0.545000,0.766667,6,0.883333,0.845631
BUGS_ONLY,9,22,0.600000,0.542500,0.750000,6,0.883333,0.844024
BUGS_ONLY,9,23,0.600000,0.550000,0.800000,6,0.883333,0.842747
BUGS_ONLY,9,24,0.600000,0.535000,0.783333,6,0.883333,0.840760
BUGS_ONLY,9,25,0.600000,0.530000,0.733333,6,0.883333,0.837916
BUGS_ONLY,9,26,0.600000,0.537500,0.800000,6,0.883333,0.839791
BUGS_ONLY,9,27,0.600000,0.527500,0.800000,6,0.883333,0.838741
BUGS_ONLY,9,28,0.600000,0.537500,0.800000,6,0.883333,0.837526
BUGS_ONLY,9,29,0.600000,0.552500,0.766667,6,0.883333,0.840385
BUGS_ONLY,9,30,0.600000,0.555000,0.750000,6,0.883333,0.838712
BUGS_ONLY,9,31,0.600000,0.540000,0.716667,6,0.883333,0.836822
BUGS_ONLY,9,32,0.600000,0.552500,0.783333,6,0.883333,0.840865
BUGS_ONLY,9,33,0.600000,0.545000,0.733333,6,0.883333,0.839931
BUGS_ONLY,9,34,0.600000,0.550000,0.816667,6,0.883333,0.839989
BUGS_ONLY,9,35,0.600000,0.562500,0.750000,6,0.883333,0.840556
BUGS_ONLY,9,36,0.600000,0.557500,0.766667,6,0.883333,0.841632
BUGS_ONLY,9,37,0.600000,0.562500,0.750000,6,0.883333,0.839830
BUGS_ONLY,9,38,0.600000,0.570000,0.766667,6,0.883333,0.839603
BUGS_ONLY,9,39,0.600000,0.557500,0.766667,6,0.883333,0.839601
BUGS_ONLY,9,40,0.600000,0.562500,0.750000,6,0.883333,0.839614
BUGS_ONLY,9,41,0.600000,0.567500,0.716667,6,0.883333,0.834279
BUGS_ONLY,9,42,0.600000,0.557500,0.716667,6,0.883333,0.835804
BUGS_ONLY,9,43,0.600000,0.570000,0.750000,6,0.883333,0.834192
BUGS_ONLY,9,44,0.600000,0.555000,0.766667,6,0.883333,0.834369
BUGS_ONLY,9,45,0.600000,0.567500,0.716667,6,0.883333,0.835111
BUGS_ONLY,9,46,0.600000,0.562500,0.733333,6,0.883333,0.836639
BUGS_ONLY,9,47,0.600000,0.575000,0.783333,6,0.883333,0.835171
BUGS_ONLY,9,48,0.600000,0.575000,0.733333,6,0.883333,0.837313
BUGS_ONLY,9,49,0.600000,0.567500,0.783333,6,0.883333,0.836599
BUGS_ONLY,9,50,0.600000,0.562500,0.750000,6,0.883333,0.837588
BUGS_ONLY,9,51,0.600000,0.570000,0.716667,6,0.883333,0.835020
BUGS_ONLY,9,52,0.600000,0.587500,0.700000,6,0.883333,0.837481
BUGS_ONLY,9,53,0.600000,0.585000,0.816667,6,0.883333,0.836008
BUGS_ONLY,9,54,0.600000,0.577500,0.783333,6,0.883333,0.837064
BUGS_ONLY,9,55,0.600000,0.585000,0.750000,6,0.883333,0.835323
BUGS_ONLY,9,56,0.600000,0.585000,0.750000,6,0.883333,0.837332
BUGS_ONLY,9,57,0.600000,0.572500,0.783333,6,0.883333,0.835485
BUGS_ONLY,9,58,0.600000,0.577500,0.783333,6,0.883333,0.837835
BUGS_ONLY,9,59,0.600000,0.590000,0.766667,6,0.883333,0.839398
BUGS_ONLY,10,0,0.500000,0.412500,0.650000,5,0.850000,0.806936
BUGS_ONLY,10,1,0.600000,0.397500,0.716667,6,0.850000,0.801165
BUGS_ONLY,10,2,0.600000,0.425000,0.766667,6,0.866667,0.807837
BUGS_ONLY,10,3,0.500000,0.432500,0.683333,5,0.866667,0.803977
BUGS_ONLY,10,4,0.500000,0.445000,0.683333,5,0.866667,0.807278
BUGS_ONLY,10,5,0.600000,0.437500,0.633333,6,0.866667,0.807630
BUGS_ONLY,10,6,0.600000,0.470000,0.700000,6,0.866667,0.810157
BUGS_ONLY,10,7,0.600000,0.480000,0.716667,6,0.866667,0.811652
BUGS_ONLY,10,8,0.600000,0.480000,0.650000,6,0.866667,0.805532
BUGS_ONLY,10,9,0.600000,0.467500,0.716667,6,0.866667,0.804438
BUGS_ONLY,10,10,0.600000,0.485000,0.716667,6,0.866667,0.803218
BUGS_ONLY,10,11,0.600000,0.480000,0.600000,6,0.866667,0.806977
BUGS_ONLY,10,12,0.600000,0.480000,0.650000,6,0.866667,0.806077
BUGS_ONLY,10,13,0.500000,0.485000,0.733333,5,0.866667,0.807010
BUGS_ONLY,10,14,0.600000,0.497500,0.683333,6,0.866667,0.806264
BUGS_ONLY,10,15,0.600000,0.495000,0.666667,6,0.866667,0.810820
BUGS_ONLY,10,16,0.600000,0.507500,0.716667,6,0.866667,0.812301
BUGS_ONLY,10,17,0.600000,0.505000,0.700000,6,0.866667,0.811459
BUGS_ONLY,10,18,0.600000,0.515000,0.700000,6,0.883333,0.815034
BUGS_ONLY,10,19,0.600000,0.512500,0.666667,6,0.883333,0.816177
BUGS_ONLY,10,20,0.600000,0.500000,0.700000,6,0.883333,0.816502
BUGS_ONLY,10,21,0.600000,0.505000,0.666667,6,0.883333,0.815464
BUGS_ONLY,10,22,0.600000,0.510000,0.683333,6,0.883333,0.815403
BUGS_ONLY,10,23,0.600000,0.492500,0.750000,6,0.883333,0.816364
BUGS_ONLY,10,24,0.600000,0.500000,0.716667,6,0.883333,0.819372
BUGS_ONLY,10,25,0.600000,0.505000,0.766667,6,0.883333,0.817363
BUGS_ONLY,10,26,0.600000,0.517500,0.733333,6,0.883333,0.817173
BUGS_ONLY,10,27,0.600000,0.500000,0.716667,6,0.883333,0.816013
BUGS_ONLY,10,28,0.600000,0.502500,0.783333,6,0.883333,0.816274
BUGS_ONLY,10,29,0.600000,0.512500,0.783333,6,0.883333,0.819602
BUGS_ONLY,10,30,0.600000,0.517500,0.783333,6,0.883333,0.819088
BUGS_ONLY,10,31,0.600000,0.525000,0.766667,6,0.883333,0.820852
BUGS_ONLY,10,32,0.600000,0.512500,0.783333,6,0.883333,0.820356
BUGS_ONLY,10,33,0.600000,0.505000,0.716667,6,0.883333,0.818691
BUGS_ONLY,10,34,0.600000,0.517500,0.683333,6,0.883333,0.822679
BUGS_ONLY,10,35,0.600000,0.515000,0.783333,6,0.883333,0.820110
BUGS_ONLY,10,36,0.600000,0.517500,0.700000,6,0.883333,0.818763
BUGS_ONLY,10,37,0.600000,0.527500,0.766667,6,0.883333,0.819721
BUGS_ONLY,10,38,0.600000,0.515000,0.783333,6,0.883333,0.825500
BUGS_ONLY,10,39,0.600000,0.525000,0.750000,6,0.883333,0.826823
BUGS_ONLY,10,40,0.600000,0.535000,0.783333,6,0.883333,0.829662
BUGS_ONLY,10,41,0.600000,0.527500,0.716667,6,0.883333,0.829424
BUGS_ONLY,10,42,0.600000,0.545000,0.783333,6,0.883333,0.828041
BUGS_ONLY,10,43,0.600000,0.532500,0.733333,6,0.883333,0.831892
BUGS_ONLY,10,44,0.600000,0.532500,0.716667,6,0.883333,0.831567
BUGS_ONLY,10,45,0.600000,0.540000,0.733333,6,0.883333,0.832876
BUGS_ONLY,10,46,0.600000,0.547500,0.750000,6,0.883333,0.835565
BUGS_ONLY,10,47,0.600000,0.537500,0.766667,6,0.883333,0.834440
BUGS_ONLY,10,48,0.600000,0.547500,0.700000,6,0.883333,0.836549
BUGS_ONLY,10,49,0.600000,0.542500,0.766667,6,0.883333,0.836764
BUGS_ONLY,10,50,0.600000,0.525000,0.683333,6,0.883333,0.838034
BUGS_ONLY,10,51,0.600000,0.545000,0.750000,6,0.883333,0.836784
BUGS_ONLY,10,52,0.600000,0.537500,0.766667,6,0.883333,0.834835
BUGS_ONLY,10,53,0.600000,0.542500,0.783333,6,0.883333,0.835462
BUGS_ONLY,10,54,0.600000,0.535000,0.750000,6,0.883333,0.834099
BUGS_ONLY,10,55,0.600000,0.545000,0.766667,6,0.883333,0.838397
BUGS_ONLY,10,56,0.600000,0.545000,0.750000,6,0.883333,0.837458
BUGS_ONLY,10,57,0.600000,0.540000,0.800000,6,0.883333,0.839934
BUGS_ONLY,10,58,0.600000,0.545000,0.800000,6,0.883333,0.839412
BUGS_ONLY,10,59,0.600000,0.547500,0.766667,6,0.883333,0.841323
BUGS_ONLY,11,0,0.500000,0.400000,0.766667,5,0.800000,0.801745
BUGS_ONLY,11,1,0.600000,0.450000,0.700000,6,0.850000,0.808768
BUGS_ONLY,11,2,0.600000,0.465000,0.716667,6,0.850000,0.819220
BUGS_ONLY,11,3,0.600000,0.487500,0.700000,6,0.850000,0.816015
BUGS_ONLY,11,4,0.600000,0.470000,0.716667,6,0.850000,0.818331
BUGS_ONLY,11,5,0.600000,0.480000,0.700000,6,0.866667,0.815361
BUGS_ONLY,11,6,0.600000,0.492500,0.733333,6,0.866667,0.815910
BUGS_ONLY,11,7,0.600000,0.490000,0.666667,6,0.866667,0.817075
BUGS_ONLY,11,8,0.600000,0.492500,0.716667,6,0.866667,0.820662
BUGS_ONLY,11,9,0.600000,0.512500,0.700000,6,0.866667,0.824511
BUGS_ONLY,11,10,0.600000,0.512500,0.716667,6,0.866667,0.824514
BUGS_ONLY,11,11,0.600000,0.502500,0.700000,6,0.866667,0.827041
BUGS_ONLY,11,12,0.600000,0.505000,0.750000,6,0.866667,0.830161
BUGS_ONLY,11,13,0.600000,0.522500,0.750000,6,0.866667,0.825689
BUGS_ONLY,11,14,0.600000,0.517500,0.666667,6,0.866667,0.826106
BUGS_ONLY,11,15,0.600000,0.522500,0.683333,6,0.866667,0.825398
BUGS_ONLY,11,16,0.600000,0.537500,0.766667,6,0.866667,0.825676
BUGS_ONLY,11,17,0.600000,0.517500,0.683333,6,0.866667,0.828272
BUGS_ONLY,11,18,0.600000,0.545000,0.733333,6,0.866667,0.830065
BUGS_ONLY,11,19,0.600000,0.540000,0.666667,6,0.883333,0.830827
BUGS_ONLY,11,20,0.600000,0.545000,0.800000,6,0.883333,0.830288
BUGS_ONLY,11,21,0.600000,0.537500,0.716667,6,0.883333,0.829981
BUGS_ONLY,11,22,0.600000,0.545000,0.750000,6,0.883333,0.831289
BUGS_ONLY,11,23,0.600000,0.520000,0.766667,6,0.883333,0.832905
BUGS_ONLY,11,24,0.600000,0.542500,0.683333,6,0.883333,0.836849
BUGS_ONLY,11,25,0.600000,0.527500,0.783333,6,0.883333,0.838531
BUGS_ONLY,11,26,0.600000,0.527500,0.766667,6,0.883333,0.836025
BUGS_ONLY,11,27,0.600000,0.550000,0.766667,6,0.883333,0.837172
BUGS_ONLY,11,28,0.600000,0.537500,0.716667,6,0.883333,0.835567
BUGS_ONLY,11,29,0.600000,0.547500,0.766667,6,0.883333,0.836559
BUGS_ONLY,11,30,0.600000,0.560000,0.733333,6,0.883333,0.834582
BUGS_ONLY,11,31,0.600000,0.540000,0.666667,6,0.883333,0.832799
BUGS_ONLY,11,32,0.600000,0.557500,0.683333,6,0.883333,0.833939
BUGS_ONLY,11,33,0.600000,0.565000,0.716667,6,0.883333,0.833281
BUGS_ONLY,11,34,0.600000,0.545000,0.716667,6,0.883333,0.833323
BUGS_ONLY,11,35,0.600000,0.570000,0.633333,6,0.883333,0.832139
BUGS_ONLY,11,36,0.600000,0.560000,0.666667,6,0.883333,0.835066
BUGS_ONLY,11,37,0.600000,0.575000,0.733333,6,0.883333,0.829510
BUGS_ONLY,11,38,0.600000,0.567500,0.700000,6,0.883333,0.829050
BUGS_ONLY,11,39,0.600000,0.567500,0.750000,6,0.883333,0.829287
BUGS_ONLY,11,40,0.600000,0.587500,0.766667,6,0.883333,0.830733
BUGS_ONLY,11,41,0.600000,0.580000,0.683333,6,0.883333,0.831461
BUGS_ONLY,11,42,0.600000,0.570000,0.766667,6,0.883333,0.829807
BUGS_ONLY,11,43,0.600000,0.577500,0.750000,6,0.883333,0.828994
BUGS_ONLY,11,44,0.600000,0.580000,0.766667,6,0.883333,0.830869
BUGS_ONLY,11,45,0.600000,0.582500,0.733333,6,0.883333,0.832102
BUGS_ONLY,11,46,0.600000,0.580000,0.750000,6,0.883333,0.835571
BUGS_ONLY,11,47,0.600000,0.590000,0.750000,6,0.883333,0.836325
BUGS_ONLY,11,48,0.600000,0.587500,0.716667,6,0.883333,0.838245
BUGS_ONLY,11,49,0.600000,0.587500,0.716667,6,0.883333,0.837217
BUGS_ONLY,11,50,0.600000,0.585000,0.750000,6,0.883333,0.837834
BUGS_ONLY,11,51,0.600000,0.582500,0.733333,6,0.883333,0.836105
BUGS_ONLY,11,52,0.600000,0.592500,0.733333,6,0.883333,0.835951
BUGS_ONLY,11,53,0.600000,0.582500,0.733333,6,0.883333,0.836746
BUGS_ONLY,11,54,0.600000,0.590000,0.750000,6,0.883333,0.835626
BUGS_ONLY,11,55,0.600000,0.580000,0.733333,6,0.883333,0.834159
BUGS_ONLY,11,56,0.600000,0.587500,0.733333,6,0.883333,0.835406
BUGS_ONLY,11,57,0.600000,0.590000,0.800000,6,0.883333,0.837079
BUGS_ONLY,11,58,0.600000,0.590000,0.750000,6,0.883333,0.835028
BUGS_ONLY,11,59,0.600000,0.587500,0.750000,6,0.883333,0.838334
BUGS_ONLY,12,0,0.500000,0.395000,0.683333,5,0.833333,0.805817
BUGS_ONLY,12,1,0.600000,0.435000,0.683333,6,0.850000,0.810567
BUGS_ONLY,12,2,0.500000,0.427500,0.683333,5,0.866667,0.805323
BUGS_ONLY,12,3,0.600000,0.460000,0.683333,6,0.866667,0.810960
BUGS_ONLY,12,4,0.600000,0.455000,0.716667,6,0.866667,0.815075
BUGS_ONLY,12,5,0.600000,0.455000,0.683333,6,0.866667,0.816355
BUGS_ONLY,12,6,0.600000,0.490000,0.750000,6,0.866667,0.823182
BUGS_ONLY,12,7,0.600000,0.497500,0.716667,6,0.866667,0.825196
BUGS_ONLY,12,8,0.600000,0.497500,0.700000,6,0.866667,0.826250
BUGS_ONLY,12,9,0.600000,0.502500,0.716667,6,0.866667,0.826560
BUGS_ONLY,12,10,0.600000,0.467500,0.733333,6,0.866667,0.825422
BUGS_ONLY,12,11,0.600000,0.490000,0.683333,6,0.866667,0.827697
BUGS_ONLY,12,12,0.600000,0.497500,0.733333,6,0.866667,0.828450
BUGS_ONLY,12,13,0.600000,0.497500,0.750000,6,0.866667,0.826254
BUGS_ONLY,12,14,0.600000,0.497500,0.683333,6,0.866667,0.826073
BUGS_ONLY,12,15,0.600000,0.497500,0.683333,6,0.866667,0.824377
BUGS_ONLY,12,16,0.600000,0.497500,0.683333,6,0.883333,0.824390
BUGS_ONLY,12,17,0.600000,0.502500,0.700000,6,0.883333,0.825082
BUGS_ONLY,12,18,0.600000,0.500000,0.666667,6,0.883333,0.828173
BUGS_ONLY,12,19,0.600000,0.502500,0.750000,6,0.883333,0.830878
BUGS_ONLY,12,20,0.600000,0.520000,0.733333,6,0.883333,0.832677
BUGS_ONLY,12,21,0.600000,0.525000,0.733333,6,0.883333,0.832090
BUGS_ONLY,12,22,0.600000,0.527500,0.666667,6,0.883333,0.832040
BUGS_ONLY,12,23,0.600000,0.527500,0.733333,6,0.883333,0.837663
BUGS_ONLY,12,24,0.600000,0.527500,0.750000,6,0.883333,0.835605
BUGS_ONLY,12,25,0.600000,0.535000,0.750000,6,0.883333,0.834775
BUGS_ONLY,12,26,0.600000,0.512500,0.750000,6,0.883333,0.833302
BUGS_ONLY,12,27,0.600000,0.547500,0.750000,6,0.883333,0.834962
BUGS_ONLY,12,28,0.600000,0.537500,0.750000,6,0.883333,0.832577
BUGS_ONLY,12,29,0.600000,0.555000,0.716667,6,0.883333,0.833767
BUGS_ONLY,12,30,0.600000,0.547500,0.750000,6,0.883333,0.833349
BUGS_ONLY,12,31,0.600000,0.545000,0.733333,6,0.883333,0.833687
BUGS_ONLY,12,32,0.600000,0.557500,0.716667,6,0.883333,0.827798
BUGS_ONLY,12,33,0.600000,0.537500,0.783333,6,0.883333,0.826851
BUGS_ONLY,12,34,0.600000,0.530000,0.700000,6,0.883333,0.824711
BUGS_ONLY,12,35,0.600000,0.562500,0.750000,6,0.883333,0.830261
BUGS_ONLY,12,36,0.600000,0.557500,0.750000,6,0.883333,0.829806
BUGS_ONLY,12,37,0.600000,0.567500,0.733333,6,0.883333,0.831990
BUGS_ONLY,12,38,0.600000,0.545000,0.766667,6,0.883333,0.829512
BUGS_ONLY,12,39,0.600000,0.572500,0.716667,6,0.883333,0.822644
BUGS_ONLY,12,40,0.600000,0.567500,0.733333,6,0.883333,0.822783
BUGS_ONLY,12,41,0.600000,0.565000,0.750000,6,0.883333,0.825047
BUGS_ONLY,12,42,0.600000,0.555000,0.766667,6,0.883333,0.823717
BUGS_ONLY,12,43,0.600000,0.557500,0.683333,6,0.883333,0.820420
BUGS_ONLY,12,44,0.600000,0.572500,0.766667,6,0.883333,0.821713
BUGS_ONLY,12,45,0.600000,0.550000,0.716667,6,0.883333,0.821304
BUGS_ONLY,12,46,0.600000,0.557500,0.683333,6,0.883333,0.825154
BUGS_ONLY,12,47,0.600000,0.570000,0.733333,6,0.883333,0.824522
BUGS_ONLY,12,48,0.600000,0.567500,0.716667,6,0.883333,0.823192
BUGS_ONLY,12,49,0.600000,0.555000,0.733333,6,0.883333,0.822858
BUGS_ONLY,12,50,0.600000,0.552500,0.783333,6,0.883333,0.821990
BUGS_ONLY,12,51,0.600000,0.565000,0.716667,6,0.883333,0.824239
BUGS_ONLY,12,52,0.600000,0.577500,0.733333,6,0.883333,0.825831
BUGS_ONLY,12,53,0.600000,0.562500,0.683333,6,0.883333,0.833895
BUGS_ONLY,12,54,0.600000,0.575000,0.800000,6,0.883333,0.828678
BUGS_ONLY,12,55,0.600000,0.570000,0.716667,6,0.883333,0.828395
BUGS_ONLY,12,56,0.600000,0.572500,0.733333,6,0.883333,0.824075
BUGS_ONLY,12,57,0.600000,0.577500,0.700000,6,0.883333,0.822491
BUGS_ONLY,12,58,0.600000,0.567500,0.750000,6,0.883333,0.821847
BUGS_ONLY,12,59,0.600000,0.577500,0.733333,6,0.883333,0.821702
BUGS_ONLY,13,0,0.600000,0.405000,0.716667,6,0.833333,0.808346
BUGS_ONLY,13,1,0.600000,0.430000,0.716667,6,0.833333,0.813923
BUGS_ONLY,13,2,0.600000,0.440000,0.700000,6,0.833333,0.814463
BUGS_ONLY,13,3,0.600000,0.460000,0.716667,6,0.833333,0.814812
BUGS_ONLY,13,4,0.600000,0.485000,0.716667,6,0.850000,0.818839
BUGS_ONLY,13,5,0.600000,0.480000,0.716667,6,0.850000,0.820698
BUGS_ONLY,13,6,0.600000,0.502500,0.700000,6,0.850000,0.820098
BUGS_ONLY,13,7,0.600000,0.495000,0.700000,6,0.850000,0.823901
BUGS_ONLY,13,8,0.600000,0.512500,0.750000,6,0.850000,0.827057
BUGS_ONLY,13,9,0.600000,0.490000,0.816667,6,0.850000,0.826597
BUGS_ONLY,13,10,0.600000,0.480000,0.750000,6,0.866667,0.826386
BUGS_ONLY,13,11,0.600000,0.505000,0.700000,6,0.866667,0.827308
BUGS_ONLY,13,12,0.600000,0.487500,0.716667,6,0.866667,0.823285
BUGS_ONLY,13,13,0.600000,0.527500,0.700000,6,0.866667,0.827057
BUGS_ONLY,13,14,0.600000,0.505000,0.700000,6,0.866667,0.829240
BUGS_ONLY,13,15,0.600000,0.522500,0.700000,6,0.866667,0.830487
BUGS_ONLY,13,16,0.600000,0.490000,0.766667,6,0.866667,0.827584
BUGS_ONLY,13,17,0.600000,0.525000,0.700000,6,0.866667,0.830773
BUGS_ONLY,13,18,0.600000,0.517500,0.700000,6,0.866667,0.829699
BUGS_ONLY,13,19,0.600000,0.517500,0.716667,6,0.866667,0.828283
BUGS_ONLY,13,20,0.600000,0.537500,0.733333,6,0.866667,0.828978
BUGS_ONLY,13,21,0.600000,0.525000,0.716667,6,0.866667,0.826219
BUGS_ONLY,13,22,0.600000,0.537500,0.700000,6,0.866667,0.828336
BUGS_ONLY,13,23,0.600000,0.525000,0.733333,6,0.866667,0.824255
BUGS_ONLY,13,24,0.600000,0.512500,0.733333,6,0.866667,0.825427
BUGS_ONLY,13,25,0.600000,0.522500,0.633333,6,0.866667,0.827095
BUGS_ONLY,13,26,0.600000,0.505000,0.750000,6,0.866667,0.831484
BUGS_ONLY,13,27,0.600000,0.527500,0.766667,6,0.866667,0.830741
BUGS_ONLY,13,28,0.600000,0.537500,0.750000,6,0.866667,0.825653
BUGS_ONLY,13,29,0.600000,0.532500,0.666667,6,0.866667,0.826351
BUGS_ONLY,13,30,0.600000,0.537500,0.750000,6,0.883333,0.828456
BUGS_ONLY,13,31,0.600000,0.522500,0.733333,6,0.883333,0.825889
BUGS_ONLY,13,32,0.600000,0.527500,0.750000,6,0.883333,0.825971
BUGS_ONLY,13,33,0.600000,0.527500,0.716667,6,0.883333,0.827939
BUGS_ONLY,13,34,0.600000,0.530000,0.750000,6,0.883333,0.829536
BUGS_ONLY,13,35,0.600000,0.532500,0.733333,6,0.883333,0.824770
BUGS_ONLY,13,36,0.600000,0.552500,0.766667,6,0.883333,0.827530
BUGS_ONLY,13,37,0.600000,0.557500,0.666667,6,0.883333,0.827009
BUGS_ONLY,13,38,0.600000,0.542500,0.750000,6,0.883333,0.825440
BUGS_ONLY,13,39,0.600000,0.552500,0.800000,6,0.883333,0.826184
BUGS_ONLY,13,40,0.600000,0.540000,0.750000,6,0.883333,0.824157
BUGS_ONLY,13,41,0.600000,0.540000,0.750000,6,0.883333,0.825744
BUGS_ONLY,13,42,0.600000,0.542500,0.766667,6,0.883333,0.827244
BUGS_ONLY,13,43,0.600000,0.560000,0.733333,6,0.883333,0.828594
BUGS_ONLY,13,44,0.600000,0.550000,0.750000,6,0.883333,0.828830
BUGS_ONLY,13,45,0.600000,0.540000,0.783333,6,0.883333,0.827878
BUGS_ONLY,13,46,0.600000,0.547500,0.716667,6,0.883333,0.827435
BUGS_ONLY,13,47,0.600000,0.555000,0.700000,6,0.883333,0.828074
BUGS_ONLY,13,48,0.600000,0.560000,0.750000,6,0.883333,0.828442
BUGS_ONLY,13,49,0.600000,0.557500,0.733333,6,0.883333,0.827631
BUGS_ONLY,13,50,0.600000,0.545000,0.750000,6,0.883333,0.825694
BUGS_ONLY,13,51,0.600000,0.537500,0.733333,6,0.883333,0.825077
BUGS_ONLY,13,52,0.600000,0.555000,0.766667,6,0.883333,0.825622
BUGS_ONLY,13,53,0.600000,0.557500,0.733333,6,0.883333,0.826709
BUGS_ONLY,13,54,0.600000,0.560000,0.716667,6,0.883333,0.824869
BUGS_ONLY,13,55,0.600000,0.572500,0.700000,6,0.883333,0.823230
BUGS_ONLY,13,56,0.600000,0.555000,0.766667,6,0.883333,0.822548
BUGS_ONLY,13,57,0.600000,0.557500,0.716667,6,0.883333,0.823182
BUGS_ONLY,13,58,0.600000,0.545000,0.733333,6,0.883333,0.821157
BUGS_ONLY,13,59,0.600000,0.567500,0.766667,6,0.883333,0.820553
BUGS_ONLY,14,0,0.600000,0.420000,0.716667,6,0.850000,0.807882
BUGS_ONLY,14,1,0.500000,0.410000,0.683333,5,0.866667,0.803486
BUGS_ONLY,14,2,0.600000,0.460000,0.683333,6,0.866667,0.811408
BUGS_ONLY,14,3,0.600000,0.487500,0.683333,6,0.866667,0.812638
BUGS_ONLY,14,4,0.500000,0.477500,0.683333,5,0.866667,0.811126
BUGS_ONLY,14,5,0.600000,0.490000,0.716667,6,0.866667,0.813387
BUGS_ONLY,14,6,0.600000,0.480000,0.733333,6,0.866667,0.816096
BUGS_ONLY,14,7,0.600000,0.500000,0.733333,6,0.866667,0.818485
BUGS_ONLY,14,8,0.600000,0.507500,0.683333,6,0.866667,0.820746
BUGS_ONLY,14,9,0.600000,0.505000,0.716667,6,0.866667,0.824556
BUGS_ONLY,14,10,0.600000,0.512500,0.733333,6,0.866667,0.831457
BUGS_ONLY,14,11,0.600000,0.527500,0.750000,6,0.866667,0.833218
BUGS_ONLY,14,12,0.600000,0.507500,0.733333,6,0.866667,0.828839
BUGS_ONLY,14,13,0.600000,0.517500,0.700000,6,0.866667,0.828857
BUGS_ONLY,14,14,0.600000,0.520000,0.683333,6,0.866667,0.832687
BUGS_ONLY,14,15,0.600000,0.522500,0.750000,6,0.866667,0.833317
BUGS_ONLY,14,16,0.600000,0.537500,0.750000,6,0.866667,0.831582
BUGS_ONLY,14,17,0.600000,0.520000,0.783333,6,0.883333,0.831390
BUGS_ONLY,14,18,0.600000,0.522500,0.783333,6,0.883333,0.833934
BUGS_ONLY,14,19,0.600000,0.512500,0.716667,6,0.883333,0.829132
BUGS_ONLY,14,20,0.600000,0.542500,0.783333,6,0.883333,0.833813
BUGS_ONLY,14,21,0.600000,0.527500,0.783333,6,0.883333,0.838050
BUGS_ONLY,14,22,0.600000,0.535000,0.733333,6,0.883333,0.838266
BUGS_ONLY,14,23,0.600000,0.532500,0.800000,6,0.883333,0.836482
BUGS_ONLY,14,24,0.600000,0.535000,0.766667,6,0.883333,0.838732
BUGS_ONLY,14,25,0.600000,0.555000,0.766667,6,0.883333,0.836393
BUGS_ONLY,14,26,0.600000,0.550000,0.783333,6,0.883333,0.839042
BUGS_ONLY,14,27,0.600000,0.532500,0.733333,6,0.883333,0.840318
BUGS_ONLY,14,28,0.600000,0.520000,0.766667,6,0.883333,0.835072
BUGS_ONLY,14,29,0.600000,0.535000,0.783333,6,0.883333,0.839052
BUGS_ONLY,14,30,0.600000,0.547500,0.816667,6,0.883333,0.845417
BUGS_ONLY,14,31,0.600000,0.540000,0.816667,6,0.883333,0.842361
BUGS_ONLY,14,32,0.600000,0.560000,0.800000,6,0.883333,0.842778
BUGS_ONLY,14,33,0.600000,0.547500,0.766667,6,0.883333,0.840222
BUGS_ONLY,14,34,0.600000,0.562500,0.750000,6,0.883333,0.839897
BUGS_ONLY,14,35,0.600000,0.525000,0.766667,6,0.883333,0.842342
BUGS_ONLY,14,36,0.600000,0.555000,0.800000,6,0.883333,0.843865
BUGS_ONLY,14,37,0.600000,0.572500,0.733333,6,0.883333,0.845922
BUGS_ONLY,14,38,0.600000,0.565000,0.766667,6,0.883333,0.848701
BUGS_ONLY,14,39,0.600000,0.555000,0.766667,6,0.883333,0.845689
BUGS_ONLY,14,40,0.600000,0.555000,0.766667,6,0.883333,0.846855
BUGS_ONLY,14,41,0.600000,0.547500,0.800000,6,0.883333,0.846123
BUGS_ONLY,14,42,0.600000,0.532500,0.766667,6,0.883333,0.846522
BUGS_ONLY,14,43,0.600000,0.537500,0.733333,6,0.883333,0.844434
BUGS_ONLY,14,44,0.600000,0.555000,0.733333,6,0.883333,0.843468
BUGS_ONLY,14,45,0.600000,0.562500,0.816667,6,0.883333,0.844739
BUGS_ONLY,14,46,0.600000,0.570000,0.716667,6,0.883333,0.845968
BUGS_ONLY,14,47,0.600000,0.567500,0.816667,6,0.883333,0.846044
BUGS_ONLY,14,48,0.600000,0.562500,0.766667,6,0.883333,0.845581
BUGS_ONLY,14,49,0.600000,0.575000,0.766667,6,0.883333,0.845341
BUGS_ONLY,14,50,0.600000,0.572500,0.766667,6,0.883333,0.846242
BUGS_ONLY,14,51,0.600000,0.562500,0.766667,6,0.883333,0.843040
BUGS_ONLY,14,52,0.600000,0.565000,0.816667,6,0.883333,0.846382
BUGS_ONLY,14,53,0.600000,0.570000,0.750000,6,0.883333,0.843025
BUGS_ONLY,14,54,0.600000,0.560000,0.766667,6,0.883333,0.842440
BUGS_ONLY,14,55,0.600000,0.580000,0.750000,6,0.883333,0.843976
BUGS_ONLY,14,56,0.600000,0.570000,0.750000,6,0.883333,0.842795
BUGS_ONLY,14,57,0.600000,0.580000,0.816667,6,0.883333,0.844353
BUGS_ONLY,14,58,0.600000,0.575000,0.783333,6,0.883333,0.844305
BUGS_ONLY,14,59,0.600000,0.582500,0.750000,6,0.883333,0.845188
COV_BUGS,0,0,0.616667,0.525833,0.733333,5,0.816667,0.808276
COV_BUGS,0,1,0.683333,0.548542,0.766667,6,0.833333,0.820121
COV_BUGS,0,2,0.658333,0.570833,0.716667,6,0.850000,0.826706
COV_BUGS,0,3,0.658333,0.588125,0.716667,6,0.850000,0.834429
COV_BUGS,0,4,0.691667,0.609375,0.783333,6,0.850000,0.839652
COV_BUGS,0,5,0.708333,0.611875,0.816667,6,0.850000,0.842592
COV_BUGS,0,6,0.683333,0.619583,0.766667,6,0.866667,0.847650
COV_BUGS,0,7,0.691667,0.626042,0.783333,6,0.866667,0.848224
COV_BUGS,0,8,0.708333,0.631042,0.816667,6,0.866667,0.846928
COV_BUGS,0,9,0.716667,0.646875,0.833333,6,0.866667,0.852387
COV_BUGS,0,10,0.708333,0.646250,0.816667,6,0.883333,0.852062
COV_BUGS,0,11,0.716667,0.650833,0.833333,6,0.883333,0.854244
COV_BUGS,0,12,0.725000,0.670417,0.850000,6,0.883333,0.856987
COV_BUGS,0,13,0.725000,0.655208,0.850000,6,0.883333,0.856300
COV_BUGS,0,14,0.716667,0.656042,0.833333,6,0.883333,0.856260
COV_BUGS,0,15,0.733333,0.666458,0.766667,7,0.883333,0.856824
COV_BUGS,0,16,0.733333,0.670208,0.866667,6,0.883333,0.858565
COV_BUGS,0,17,0.733333,0.662292,0.766667,7,0.883333,0.856463
COV_BUGS,0,18,0.725000,0.647708,0.850000,6,0.883333,0.859135
COV_BUGS,0,19,0.733333,0.668333,0.866667,6,0.883333,0.861069
COV_BUGS,0,20,0.725000,0.667083,0.850000,6,0.883333,0.862138
COV_BUGS,0,21,0.725000,0.652708,0.850000,6,0.883333,0.861349
COV_BUGS,0,22,0.733333,0.668750,0.866667,6,0.883333,0.859532
COV_BUGS,0,23,0.725000,0.676667,0.850000,6,0.883333,0.860953
COV_BUGS,0,24,0.775000,0.675208,0.850000,7,0.883333,0.861931
COV_BUGS,0,25,0.725000,0.677708,0.850000,6,0.883333,0.859029
COV_BUGS,0,26,0.725000,0.683958,0.850000,6,0.883333,0.860582
COV_BUGS,0,27,0.725000,0.688125,0.850000,6,0.883333,0.859775
COV_BUGS,0,28,0.725000,0.684375,0.850000,6,0.883333,0.860960
COV_BUGS,0,29,0.733333,0.680417,0.866667,6,0.883333,0.861964
COV_BUGS,0,30,0.733333,0.687917,0.866667,6,0.883333,0.858784
COV_BUGS,0,31,0.725000,0.675208,0.850000,6,0.883333,0.858989
COV_BUGS,0,32,0.733333,0.675000,0.866667,6,0.883333,0.859271
COV_BUGS,0,33,0.733333,0.690833,0.866667,6,0.883333,0.858510
COV_BUGS,0,34,0.783333,0.694375,0.866667,7,0.883333,0.857449
COV_BUGS,0,35,0.733333,0.695833,0.866667,6,0.883333,0.859665
COV_BUGS,0,36,0.733333,0.673333,0.866667,6,0.883333,0.854720
COV_BUGS,0,37,0.725000,0.687708,0.850000,6,0.883333,0.858741
COV_BUGS,0,38,0.725000,0.697083,0.850000,6,0.883333,0.858946
COV_BUGS,0,39,0.725000,0.695833,0.850000,6,0.883333,0.858278
COV_BUGS,0,40,0.733333,0.696042,0.866667,6,0.883333,0.857337
COV_BUGS,0,41,0.758333,0.691250,0.816667,7,0.883333,0.860220
COV_BUGS,0,42,0.725000,0.681667,0.850000,6,0.883333,0.858034
COV_BUGS,0,43,0.733333,0.690208,0.866667,6,0.883333,0.860271
COV_BUGS,0,44,0.725000,0.692292,0.850000,6,0.883333,0.858970
COV_BUGS,0,45,0.725000,0.695417,0.850000,6,0.883333,0.860171
COV_BUGS,0,46,0.725000,0.683750,0.850000,6,0.883333,0.861089
COV_BUGS,0,47,0.733333,0.687708,0.866667,6,0.883333,0.860295
COV_BUGS,0,48,0.725000,0.692708,0.850000,6,0.883333,0.859279
COV_BUGS,0,49,0.733333,0.698542,0.866667,6,0.883333,0.858860
COV_BUGS,0,50,0.733333,0.704375,0.866667,6,0.883333,0.859276
COV_BUGS,0,51,0.725000,0.705625,0.850000,6,0.883333,0.858448
COV_BUGS,0,52,0.725000,0.681667,0.850000,6,0.883333,0.858219
COV_BUGS,0,53,0.733333,0.697708,0.866667,6,0.883333,0.862598
COV_BUGS,0,54,0.725000,0.706042,0.850000,6,0.883333,0.860860
COV_BUGS,0,55,0.733333,0.696875,0.866667,6,0.883333,0.860574
COV_BUGS,0,56,0.725000,0.697917,0.850000,6,0.883333,0.863183
COV_BUGS,0,57,0.733333,0.698333,0.866667,6,0.883333,0.862116
COV_BUGS,0,58,0.733333,0.697500,0.866667,6,0.883333,0.862547
COV_BUGS,0,59,0.725000,0.694792,0.850000,6,0.883333,0.860812
COV_BUGS,1,0,0.650000,0.536458,0.700000,6,0.816667,0.808560
COV_BUGS,1,1,0.666667,0.556875,0.733333,6,0.850000,0.814206
COV_BUGS,1,2,0.658333,0.571667,0.716667,6,0.866667,0.821231
COV_BUGS,1,3,0.650000,0.586458,0.700000,6,0.866667,0.829008
COV_BUGS,1,4,0.683333,0.607917,0.766667,6,0.866667,0.831744
COV_BUGS,1,5,0.700000,0.608750,0.800000,6,0.866667,0.837663
COV_BUGS,1,6,0.708333,0.628958,0.816667,6,0.866667,0.840594
COV_BUGS,1,7,0.716667,0.625000,0.833333,6,0.866667,0.842944
COV_BUGS,1,8,0.700000,0.627500,0.800000,6,0.866667,0.845506
COV_BUGS,1,9,0.716667,0.640833,0.833333,6,0.866667,0.845290
COV_BUGS,1,10,0.716667,0.633750,0.833333,6,0.866667,0.851079
COV_BUGS,1,11,0.725000,0.656667,0.850000,6,0.883333,0.851847
COV_BUGS,1,12,0.716667,0.660417,0.833333,6,0.883333,0.853520
COV_BUGS,1,13,0.716667,0.656667,0.833333,6,0.883333,0.851189
COV_BUGS,1,14,0.725000,0.654375,0.850000,6,0.883333,0.853862
COV_BUGS,1,15,0.716667,0.664375,0.833333,6,0.883333,0.854297
COV_BUGS,1,16,0.708333,0.666458,0.816667,6,0.883333,0.855475
COV_BUGS,1,17,0.725000,0.670208,0.850000,6,0.883333,0.855623
COV_BUGS,1,18,0.716667,0.662917,0.833333,6,0.883333,0.856567
COV_BUGS,1,19,0.708333,0.659583,0.816667,6,0.883333,0.854110
COV_BUGS,1,20,0.725000,0.668542,0.850000,6,0.883333,0.857729
COV_BUGS,1,21,0.725000,0.675833,0.850000,6,0.883333,0.855150
COV_BUGS,1,22,0.716667,0.666458,0.833333,6,0.883333,0.853674
COV_BUGS,1,23,0.716667,0.675208,0.833333,6,0.883333,0.856893
COV_BUGS,1,24,0.716667,0.677500,0.833333,6,0.883333,0.858257
COV_BUGS,1,25,0.733333,0.668542,0.866667,6,0.883333,0.857332
COV_BUGS,1,26,0.733333,0.680208,0.866667,6,0.883333,0.856532
COV_BUGS,1,27,0.733333,0.673125,0.866667,6,0.883333,0.855489
COV_BUGS,1,28,0.716667,0.669792,0.833333,6,0.883333,0.856163
COV_BUGS,1,29,0.733333,0.677083,0.866667,6,0.883333,0.857561
COV_BUGS,1,30,0.733333,0.690208,0.866667,6,0.883333,0.859958
COV_BUGS,1,31,0.733333,0.691042,0.866667,6,0.883333,0.862391
COV_BUGS,1,32,0.733333,0.672083,0.866667,6,0.883333,0.863512
COV_BUGS,1,33,0.733333,0.691250,0.866667,6,0.883333,0.864093
COV_BUGS,1,34,0.733333,0.688542,0.866667,6,0.883333,0.864717
COV_BUGS,1,35,0.733333,0.686875,0.866667,6,0.883333,0.863116
COV_BUGS,1,36,0.725000,0.678750,0.850000,6,0.883333,0.863463
COV_BUGS,1,37,0.733333,0.685833,0.866667,6,0.883333,0.862949
COV_BUGS,1,38,0.733333,0.690208,0.866667,6,0.883333,0.863220
COV_BUGS,1,39,0.733333,0.701875,0.866667,6,0.883333,0.864242
COV_BUGS,1,40,0.733333,0.696250,0.866667,6,0.883333,0.863996
COV_BUGS,1,41,0.733333,0.697292,0.866667,6,0.883333,0.864532
COV_BUGS,1,42,0.733333,0.680000,0.866667,6,0.883333,0.864413
COV_BUGS,1,43,0.725000,0.694792,0.850000,6,0.883333,0.864703
COV_BUGS,1,44,0.733333,0.693750,0.866667,6,0.883333,0.865112
COV_BUGS,1,45,0.733333,0.692500,0.866667,6,0.883333,0.863677
COV_BUGS,1,46,0.733333,0.701250,0.866667,6,0.883333,0.865799
COV_BUGS,1,47,0.733333,0.707708,0.866667,6,0.883333,0.865887
COV_BUGS,1,48,0.750000,0.695625,0.800000,7,0.883333,0.868149
COV_BUGS,1,49,0.733333,0.707917,0.866667,6,0.883333,0.868215
COV_BUGS,1,50,0.733333,0.711458,0.866667,6,0.883333,0.867889
COV_BUGS,1,51,0.733333,0.701458,0.866667,6,0.883333,0.868672
COV_BUGS,1,52,0.733333,0.699375,0.866667,6,0.883333,0.868327
COV_BUGS,1,53,0.733333,0.698750,0.866667,6,0.883333,0.868634
COV_BUGS,1,54,0.733333,0.702708,0.866667,6,0.883333,0.867497
COV_BUGS,1,55,0.733333,0.682708,0.866667,6,0.883333,0.864788
COV_BUGS,1,56,0.775000,0.701250,0.850000,7,0.883333,0.868385
COV_BUGS,1,57,0.733333,0.692083,0.866667,6,0.883333,0.870826
COV_BUGS,1,58,0.733333,0.697500,0.866667,6,0.883333,0.869490
COV_BUGS,1,59,0.775000,0.710833,0.850000,7,0.883333,0.869539
COV_BUGS,2,0,0.666667,0.546667,0.733333,6,0.833333,0.808545
COV_BUGS,2,1,0.650000,0.554792,0.700000,6,0.850000,0.813088
COV_BUGS,2,2,0.633333,0.580000,0.766667,5,0.850000,0.817823
COV_BUGS,2,3,0.666667,0.571250,0.733333,6,0.866667,0.817316
COV_BUGS,2,4,0.683333,0.589792,0.766667,6,0.866667,0.821890
COV_BUGS,2,5,0.675000,0.606667,0.750000,6,0.866667,0.827318
COV_BUGS,2,6,0.708333,0.618750,0.816667,6,0.866667,0.831883
COV_BUGS,2,7,0.700000,0.621667,0.800000,6,0.866667,0.840387
COV_BUGS,2,8,0.725000,0.632292,0.850000,6,0.883333,0.847136
COV_BUGS,2,9,0.716667,0.630833,0.833333,6,0.883333,0.851647
COV_BUGS,2,10,0.725000,0.647500,0.850000,6,0.883333,0.849789
COV_BUGS,2,11,0.725000,0.657708,0.850000,6,0.883333,0.849924
COV_BUGS,2,12,0.725000,0.667708,0.850000,6,0.883333,0.851406
COV_BUGS,2,13,0.708333,0.666875,0.816667,6,0.883333,0.854471
COV_BUGS,2,14,0.708333,0.663125,0.816667,6,0.883333,0.852618
COV_BUGS,2,15,0.725000,0.663750,0.850000,6,0.883333,0.852147
COV_BUGS,2,16,0.725000,0.670625,0.850000,6,0.883333,0.853117
COV_BUGS,2,17,0.725000,0.678333,0.850000,6,0.883333,0.853315
COV_BUGS,2,18,0.725000,0.676042,0.850000,6,0.883333,0.852339
COV_BUGS,2,19,0.716667,0.680417,0.833333,6,0.883333,0.852438
COV_BUGS,2,20,0.725000,0.688542,0.850000,6,0.883333,0.853233
COV_BUGS,2,21,0.725000,0.665208,0.850000,6,0.883333,0.849652
COV_BUGS,2,22,0.725000,0.677083,0.850000,6,0.883333,0.854504
COV_BUGS,2,23,0.733333,0.687292,0.866667,6,0.883333,0.854134
COV_BUGS,2,24,0.725000,0.683750,0.850000,6,0.883333,0.854663
COV_BUGS,2,25,0.725000,0.686250,0.850000,6,0.883333,0.851728
COV_BUGS,2,26,0.716667,0.657708,0.833333,6,0.883333,0.847773
COV_BUGS,2,27,0.733333,0.684375,0.866667,6,0.883333,0.852324
COV_BUGS,2,28,0.725000,0.680833,0.850000,6,0.883333,0.853370
COV_BUGS,2,29,0.725000,0.683542,0.850000,6,0.883333,0.856479
COV_BUGS,2,30,0.725000,0.685000,0.850000,6,0.883333,0.856273
COV_BUGS,2,31,0.716667,0.688750,0.833333,6,0.900000,0.856372
COV_BUGS,2,32,0.725000,0.694167,0.850000,6,0.900000,0.856921
COV_BUGS,2,33,0.725000,0.691250,0.850000,6,0.900000,0.855243
COV_BUGS,2,34,0.725000,0.694167,0.850000,6,0.900000,0.857028
COV_BUGS,2,35,0.733333,0.690417,0.866667,6,0.900000,0.857890
COV_BUGS,2,36,0.733333,0.696667,0.866667,6,0.900000,0.860383
COV_BUGS,2,37,0.725000,0.696250,0.850000,6,0.900000,0.859025
COV_BUGS,2,38,0.725000,0.696875,0.850000,6,0.900000,0.858544
COV_BUGS,2,39,0.733333,0.690000,0.866667,6,0.900000,0.853991
COV_BUGS,2,40,0.733333,0.687292,0.866667,6,0.900000,0.858334
COV_BUGS,2,41,0.733333,0.691875,0.866667,6,0.900000,0.857392
COV_BUGS,2,42,0.733333,0.699167,0.866667,6,0.900000,0.856913
COV_BUGS,2,43,0.725000,0.696875,0.850000,6,0.900000,0.856099
COV_BUGS,2,44,0.733333,0.696250,0.866667,6,0.900000,0.857874
COV_BUGS,2,45,0.733333,0.700208,0.866667,6,0.900000,0.857949
COV_BUGS,2,46,0.733333,0.693125,0.866667,6,0.900000,0.856245
COV_BUGS,2,47,0.733333,0.699167,0.866667,6,0.900000,0.858161
COV_BUGS,2,48,0.733333,0.696250,0.866667,6,0.900000,0.857675
COV_BUGS,2,49,0.733333,0.692917,0.866667,6,0.900000,0.858461
COV_BUGS,2,50,0.725000,0.694375,0.850000,6,0.900000,0.857913
COV_BUGS,2,51,0.758333,0.708958,0.816667,7,0.900000,0.858135
COV_BUGS,2,52,0.725000,0.689583,0.850000,6,0.900000,0.857446
COV_BUGS,2,53,0.725000,0.688125,0.850000,6,0.900000,0.858679
COV_BUGS,2,54,0.741667,0.695833,0.883333,6,0.900000,0.858057
COV_BUGS,2,55,0.733333,0.692292,0.866667,6,0.900000,0.858890
COV_BUGS,2,56,0.733333,0.698750,0.866667,6,0.900000,0.860422
COV_BUGS,2,57,0.733333,0.703333,0.866667,6,0.900000,0.861876
COV_BUGS,2,58,0.725000,0.701042,0.850000,6,0.900000,0.861538
COV_BUGS,2,59,0.733333,0.700833,0.866667,6,0.900000,0.861824
COV_BUGS,3,0,0.608333,0.520000,0.716667,5,0.833333,0.811415
COV_BUGS,3,1,0.625000,0.550000,0.750000,5,0.866667,0.826055
COV_BUGS,3,2,0.675000,0.566875,0.750000,6,0.866667,0.833072
COV_BUGS,3,3,0.675000,0.585000,0.750000,6,0.866667,0.839010
COV_BUGS,3,4,0.683333,0.606042,0.766667,6,0.866667,0.842057
COV_BUGS,3,5,0.691667,0.608958,0.783333,6,0.866667,0.845804
COV_BUGS,3,6,0.675000,0.617500,0.750000,6,0.866667,0.846858
COV_BUGS,3,7,0.725000,0.621875,0.850000,6,0.883333,0.850482
COV_BUGS,3,8,0.700000,0.629792,0.800000,6,0.883333,0.853825
COV_BUGS,3,9,0.708333,0.642708,0.816667,6,0.883333,0.856684
COV_BUGS,3,10,0.716667,0.637917,0.833333,6,0.883333,0.859072
COV_BUGS,3,11,0.725000,0.658542,0.850000,6,0.883333,0.861218
COV_BUGS,3,12,0.716667,0.655833,0.833333,6,0.883333,0.861412
COV_BUGS,3,13,0.725000,0.659375,0.850000,6,0.883333,0.860728
COV_BUGS,3,14,0.733333,0.666875,0.866667,6,0.883333,0.864483
COV_BUGS,3,15,0.716667,0.666042,0.833333,6,0.883333,0.861616
COV_BUGS,3,16,0.725000,0.668958,0.850000,6,0.883333,0.861462
COV_BUGS,3,17,0.733333,0.653958,0.866667,6,0.883333,0.860349
COV_BUGS,3,18,0.725000,0.670000,0.850000,6,0.883333,0.863079
COV_BUGS,3,19,0.725000,0.662917,0.850000,6,0.883333,0.860189
COV_BUGS,3,20,0.725000,0.660833,0.850000,6,0.883333,0.860404
COV_BUGS,3,21,0.725000,0.669583,0.850000,6,0.883333,0.859812
COV_BUGS,3,22,0.733333,0.681042,0.866667,6,0.883333,0.861120
COV_BUGS,3,23,0.733333,0.669583,0.866667,6,0.883333,0.859330
COV_BUGS,3,24,0.725000,0.664583,0.850000,6,0.883333,0.857916
COV_BUGS,3,25,0.725000,0.669792,0.850000,6,0.883333,0.863462
COV_BUGS,3,26,0.725000,0.681458,0.850000,6,0.883333,0.862944
COV_BUGS,3,27,0.733333,0.668542,0.866667,6,0.883333,0.860460
COV_BUGS,3,28,0.725000,0.684792,0.850000,6,0.883333,0.864079
COV_BUGS,3,29,0.725000,0.678750,0.850000,6,0.883333,0.865173
COV_BUGS,3,30,0.725000,0.684375,0.850000,6,0.883333,0.865139
COV_BUGS,3,31,0.725000,0.677083,0.850000,6,0.883333,0.865564
COV_BUGS,3,32,0.733333,0.687083,0.866667,6,0.883333,0.867894
COV_BUGS,3,33,0.733333,0.690000,0.866667,6,0.883333,0.867785
COV_BUGS,3,34,0.741667,0.677083,0.883333,6,0.883333,0.868791
COV_BUGS,3,35,0.733333,0.692292,0.866667,6,0.883333,0.868118
COV_BUGS,3,36,0.733333,0.690833,0.866667,6,0.883333,0.868165
COV_BUGS,3,37,0.758333,0.685417,0.816667,7,0.883333,0.870479
COV_BUGS,3,38,0.733333,0.672708,0.866667,6,0.883333,0.871114
COV_BUGS,3,39,0.733333,0.679167,0.866667,6,0.883333,0.872403
COV_BUGS,3,40,0.766667,0.683542,0.833333,7,0.883333,0.872464
COV_BUGS,3,41,0.733333,0.675208,0.866667,6,0.883333,0.873592
COV_BUGS,3,42,0.725000,0.683333,0.850000,6,0.883333,0.873254
COV_BUGS,3,43,0.766667,0.686875,0.833333,7,0.883333,0.873157
COV_BUGS,3,44,0.733333,0.686667,0.866667,6,0.883333,0.872191
COV_BUGS,3,45,0.741667,0.684792,0.883333,6,0.883333,0.874018
COV_BUGS,3,46,0.733333,0.686667,0.866667,6,0.883333,0.874366
COV_BUGS,3,47,0.733333,0.691250,0.866667,6,0.883333,0.874901
COV_BUGS,3,48,0.775000,0.700000,0.850000,7,0.883333,0.872199
COV_BUGS,3,49,0.741667,0.701667,0.883333,6,0.883333,0.873525
COV_BUGS,3,50,0.741667,0.700833,0.883333,6,0.883333,0.874595
COV_BUGS,3,51,0.733333,0.689583,0.866667,6,0.883333,0.874906
COV_BUGS,3,52,0.733333,0.691667,0.866667,6,0.883333,0.872711
COV_BUGS,3,53,0.741667,0.699583,0.883333,6,0.883333,0.875437
COV_BUGS,3,54,0.783333,0.704792,0.866667,7,0.883333,0.875423
COV_BUGS,3,55,0.741667,0.697292,0.883333,6,0.883333,0.875670
COV_BUGS,3,56,0.733333,0.696667,0.866667,6,0.883333,0.874935
COV_BUGS,3,57,0.733333,0.696667,0.866667,6,0.883333,0.874228
COV_BUGS,3,58,0.741667,0.703750,0.883333,6,0.883333,0.875570
COV_BUGS,3,59,0.733333,0.695833,0.866667,6,0.883333,0.875405
COV_BUGS,4,0,0.616667,0.523750,0.733333,5,0.833333,0.805662
COV_BUGS,4,1,0.616667,0.546458,0.733333,5,0.850000,0.814843
COV_BUGS,4,2,0.658333,0.564167,0.716667,6,0.850000,0.822561
COV_BUGS,4,3,0.675000,0.582917,0.750000,6,0.866667,0.822899
COV_BUGS,4,4,0.691667,0.598333,0.783333,6,0.866667,0.827688
COV_BUGS,4,5,0.675000,0.596875,0.750000,6,0.866667,0.830849
COV_BUGS,4,6,0.675000,0.596458,0.750000,6,0.866667,0.835172
COV_BUGS,4,7,0.708333,0.610208,0.816667,6,0.866667,0.833881
COV_BUGS,4,8,0.691667,0.616458,0.783333,6,0.866667,0.840863
COV_BUGS,4,9,0.675000,0.616458,0.750000,6,0.866667,0.840154
COV_BUGS,4,10,0.716667,0.623750,0.833333,6,0.866667,0.838711
COV_BUGS,4,11,0.700000,0.628333,0.800000,6,0.866667,0.843956
COV_BUGS,4,12,0.700000,0.626458,0.800000,6,0.866667,0.842842
COV_BUGS,4,13,0.708333,0.620833,0.816667,6,0.866667,0.845857
COV_BUGS,4,14,0.708333,0.641667,0.816667,6,0.866667,0.849358
COV_BUGS,4,15,0.716667,0.639792,0.833333,6,0.866667,0.854366
COV_BUGS,4,16,0.708333,0.629375,0.816667,6,0.883333,0.852040
COV_BUGS,4,17,0.708333,0.635833,0.816667,6,0.883333,0.853177
COV_BUGS,4,18,0.725000,0.644792,0.850000,6,0.883333,0.853949
COV_BUGS,4,19,0.716667,0.647917,0.833333,6,0.883333,0.855257
COV_BUGS,4,20,0.716667,0.649375,0.833333,6,0.883333,0.855968
COV_BUGS,4,21,0.708333,0.650417,0.816667,6,0.883333,0.855338
COV_BUGS,4,22,0.716667,0.646458,0.833333,6,0.883333,0.856693
COV_BUGS,4,23,0.716667,0.644583,0.833333,6,0.883333,0.857079
COV_BUGS,4,24,0.716667,0.642500,0.833333,6,0.883333,0.858458
COV_BUGS,4,25,0.725000,0.663542,0.850000,6,0.883333,0.860810
COV_BUGS,4,26,0.716667,0.667292,0.833333,6,0.883333,0.862108
COV_BUGS,4,27,0.716667,0.653750,0.833333,6,0.883333,0.863257
COV_BUGS,4,28,0.716667,0.656875,0.833333,6,0.883333,0.861810
COV_BUGS,4,29,0.716667,0.663958,0.833333,6,0.883333,0.865367
COV_BUGS,4,30,0.733333,0.677917,0.866667,6,0.883333,0.868463
COV_BUGS,4,31,0.733333,0.653125,0.866667,6,0.883333,0.865769
COV_BUGS,4,32,0.725000,0.671458,0.850000,6,0.883333,0.866590
COV_BUGS,4,33,0.716667,0.662917,0.833333,6,0.883333,0.866357
COV_BUGS,4,34,0.716667,0.666042,0.833333,6,0.883333,0.867985
COV_BUGS,4,35,0.733333,0.671667,0.866667,6,0.883333,0.868380
COV_BUGS,4,36,0.725000,0.678750,0.850000,6,0.883333,0.867362
COV_BUGS,4,37,0.733333,0.676458,0.866667,6,0.883333,0.869067
COV_BUGS,4,38,0.733333,0.678333,0.866667,6,0.883333,0.867450
COV_BUGS,4,39,0.733333,0.683542,0.866667,6,0.883333,0.866355
COV_BUGS,4,40,0.733333,0.673750,0.866667,6,0.883333,0.866504
COV_BUGS,4,41,0.725000,0.690208,0.850000,6,0.883333,0.867571
COV_BUGS,4,42,0.733333,0.679167,0.866667,6,0.883333,0.865380
COV_BUGS,4,43,0.733333,0.682917,0.866667,6,0.883333,0.867088
COV_BUGS,4,44,0.725000,0.683125,0.850000,6,0.883333,0.866918
COV_BUGS,4,45,0.733333,0.679583,0.866667,6,0.883333,0.867168
COV_BUGS,4,46,0.766667,0.676042,0.833333,7,0.883333,0.866728
COV_BUGS,4,47,0.733333,0.689375,0.866667,6,0.883333,0.866568
COV_BUGS,4,48,0.733333,0.690625,0.866667,6,0.883333,0.866959
COV_BUGS,4,49,0.733333,0.698542,0.866667,6,0.883333,0.867953
COV_BUGS,4,50,0.733333,0.701458,0.866667,6,0.883333,0.867595
COV_BUGS,4,51,0.766667,0.698958,0.833333,7,0.883333,0.868960
COV_BUGS,4,52,0.733333,0.701458,0.866667,6,0.883333,0.869251
COV_BUGS,4,53,0.733333,0.698958,0.866667,6,0.883333,0.869262
COV_BUGS,4,54,0.783333,0.704583,0.866667,7,0.883333,0.870197
COV_BUGS,4,55,0.733333,0.700625,0.866667,6,0.883333,0.867627
COV_BUGS,4,56,0.766667,0.689167,0.833333,7,0.883333,0.868268
COV_BUGS,4,57,0.733333,0.695417,0.866667,6,0.883333,0.868220
COV_BUGS,4,58,0.733333,0.706875,0.866667,6,0.883333,0.868316
COV_BUGS,4,59,0.733333,0.703125,0.866667,6,0.883333,0.867755
COV_BUGS,5,0,0.691667,0.543542,0.783333,6,0.850000,0.808178
COV_BUGS,5,1,0.633333,0.527917,0.666667,6,0.850000,0.816972
COV_BUGS,5,2,0.700000,0.586042,0.800000,6,0.850000,0.827676
COV_BUGS,5,3,0.700000,0.603750,0.800000,6,0.866667,0.838266
COV_BUGS,5,4,0.700000,0.621042,0.800000,6,0.866667,0.843329
COV_BUGS,5,5,0.716667,0.633333,0.833333,6,0.866667,0.845199
COV_BUGS,5,6,0.700000,0.636667,0.800000,6,0.883333,0.847546
COV_BUGS,5,7,0.691667,0.630417,0.783333,6,0.883333,0.845203
COV_BUGS,5,8,0.716667,0.638125,0.833333,6,0.883333,0.846999
COV_BUGS,5,9,0.725000,0.651250,0.850000,6,0.883333,0.848896
COV_BUGS,5,10,0.708333,0.647500,0.816667,6,0.883333,0.850132
COV_BUGS,5,11,0.716667,0.643125,0.833333,6,0.883333,0.849711
COV_BUGS,5,12,0.716667,0.655417,0.833333,6,0.883333,0.852209
COV_BUGS,5,13,0.725000,0.655208,0.850000,6,0.883333,0.850546
COV_BUGS,5,14,0.716667,0.656667,0.833333,6,0.883333,0.855120
COV_BUGS,5,15,0.716667,0.656250,0.833333,6,0.883333,0.854779
COV_BUGS,5,16,0.716667,0.655000,0.833333,6,0.883333,0.853150
COV_BUGS,5,17,0.716667,0.673125,0.833333,6,0.883333,0.852366
COV_BUGS,5,18,0.733333,0.662708,0.866667,6,0.883333,0.854766
COV_BUGS,5,19,0.725000,0.669792,0.850000,6,0.883333,0.853879
COV_BUGS,5,20,0.716667,0.668542,0.833333,6,0.883333,0.853669
COV_BUGS,5,21,0.716667,0.660417,0.833333,6,0.883333,0.854386
COV_BUGS,5,22,0.733333,0.642708,0.866667,6,0.883333,0.853573
COV_BUGS,5,23,0.725000,0.667917,0.850000,6,0.883333,0.854359
COV_BUGS,5,24,0.716667,0.664792,0.833333,6,0.883333,0.858828
COV_BUGS,5,25,0.725000,0.664583,0.850000,6,0.883333,0.854484
COV_BUGS,5,26,0.725000,0.678333,0.850000,6,0.883333,0.857831
COV_BUGS,5,27,0.733333,0.695833,0.866667,6,0.883333,0.857412
COV_BUGS,5,28,0.725000,0.684583,0.850000,6,0.883333,0.856927
COV_BUGS,5,29,0.733333,0.692083,0.866667,6,0.883333,0.857046
COV_BUGS,5,30,0.725000,0.683542,0.850000,6,0.883333,0.857182
COV_BUGS,5,31,0.725000,0.675417,0.850000,6,0.883333,0.856310
COV_BUGS,5,32,0.733333,0.695625,0.866667,6,0.883333,0.859005
COV_BUGS,5,33,0.733333,0.685417,0.866667,6,0.883333,0.858748
COV_BUGS,5,34,0.733333,0.673750,0.866667,6,0.883333,0.859260
COV_BUGS,5,35,0.733333,0.686667,0.866667,6,0.883333,0.860641
COV_BUGS,5,36,0.733333,0.699375,0.866667,6,0.883333,0.862245
COV_BUGS,5,37,0.733333,0.692917,0.866667,6,0.883333,0.860938
COV_BUGS,5,38,0.733333,0.687917,0.866667,6,0.883333,0.859637
COV_BUGS,5,39,0.733333,0.695417,0.866667,6,0.883333,0.862275
COV_BUGS,5,40,0.741667,0.703958,0.883333,6,0.883333,0.862056
COV_BUGS,5,41,0.733333,0.699583,0.866667,6,0.883333,0.858621
COV_BUGS,5,42,0.725000,0.692917,0.850000,6,0.883333,0.854756
COV_BUGS,5,43,0.733333,0.684792,0.866667,6,0.883333,0.855967
COV_BUGS,5,44,0.733333,0.693958,0.866667,6,0.883333,0.855120
COV_BUGS,5,45,0.733333,0.698958,0.866667,6,0.883333,0.855334
COV_BUGS,5,46,0.733333,0.695417,0.866667,6,0.883333,0.855182
COV_BUGS,5,47,0.733333,0.708750,0.866667,6,0.883333,0.855637
COV_BUGS,5,48,0.733333,0.705625,0.866667,6,0.883333,0.857243
COV_BUGS,5,49,0.733333,0.694375,0.866667,6,0.883333,0.857928
COV_BUGS,5,50,0.733333,0.699792,0.866667,6,0.883333,0.857930
COV_BUGS,5,51,0.733333,0.707083,0.866667,6,0.883333,0.858846
COV_BUGS,5,52,0.733333,0.701042,0.866667,6,0.883333,0.858099
COV_BUGS,5,53,0.733333,0.699583,0.866667,6,0.883333,0.857430
COV_BUGS,5,54,0.733333,0.692917,0.866667,6,0.883333,0.855865
COV_BUGS,5,55,0.733333,0.699583,0.866667,6,0.883333,0.856992
COV_BUGS,5,56,0.733333,0.700208,0.866667,6,0.883333,0.857970
COV_BUGS,5,57,0.733333,0.703958,0.866667,6,0.883333,0.856687
COV_BUGS,5,58,0.733333,0.708125,0.866667,6,0.883333,0.858424
COV_BUGS,5,59,0.733333,0.703958,0.866667,6,0.883333,0.857191
COV_BUGS,6,0,0.641667,0.540833,0.783333,5,0.833333,0.811884
COV_BUGS,6,1,0.658333,0.561667,0.716667,6,0.833333,0.828221
COV_BUGS,6,2,0.666667,0.578333,0.733333,6,0.833333,0.829596
COV_BUGS,6,3,0.658333,0.589375,0.716667,6,0.850000,0.831150
COV_BUGS,6,4,0.683333,0.613125,0.766667,6,0.866667,0.834924
COV_BUGS,6,5,0.666667,0.594583,0.733333,6,0.866667,0.836831
COV_BUGS,6,6,0.691667,0.617083,0.783333,6,0.883333,0.841394
COV_BUGS,6,7,0.708333,0.628750,0.816667,6,0.883333,0.845636
COV_BUGS,6,8,0.716667,0.652917,0.833333,6,0.883333,0.847538
COV_BUGS,6,9,0.708333,0.647917,0.816667,6,0.883333,0.846769
COV_BUGS,6,10,0.716667,0.656042,0.833333,6,0.883333,0.848315
COV_BUGS,6,11,0.716667,0.651875,0.833333,6,0.883333,0.850936
COV_BUGS,6,12,0.716667,0.659583,0.833333,6,0.883333,0.854617
COV_BUGS,6,13,0.725000,0.663125,0.850000,6,0.883333,0.857311
COV_BUGS,6,14,0.725000,0.655000,0.850000,6,0.883333,0.856315
COV_BUGS,6,15,0.750000,0.662500,0.800000,7,0.883333,0.860550
COV_BUGS,6,16,0.725000,0.666667,0.850000,6,0.883333,0.860234
COV_BUGS,6,17,0.716667,0.668125,0.833333,6,0.883333,0.861722
COV_BUGS,6,18,0.725000,0.672500,0.850000,6,0.883333,0.862394
COV_BUGS,6,19,0.716667,0.680625,0.833333,6,0.883333,0.860783
COV_BUGS,6,20,0.716667,0.671667,0.833333,6,0.883333,0.860683
COV_BUGS,6,21,0.725000,0.676042,0.850000,6,0.883333,0.860525
COV_BUGS,6,22,0.733333,0.683542,0.866667,6,0.883333,0.860846
COV_BUGS,6,23,0.733333,0.692083,0.866667,6,0.883333,0.861328
COV_BUGS,6,24,0.725000,0.676458,0.850000,6,0.883333,0.860029
COV_BUGS,6,25,0.725000,0.686667,0.850000,6,0.883333,0.862291
COV_BUGS,6,26,0.725000,0.695000,0.850000,6,0.883333,0.860132
COV_BUGS,6,27,0.725000,0.685625,0.850000,6,0.883333,0.858288
COV_BUGS,6,28,0.725000,0.694167,0.850000,6,0.883333,0.859390
COV_BUGS,6,29,0.733333,0.678125,0.866667,6,0.883333,0.860067
COV_BUGS,6,30,0.725000,0.682917,0.850000,6,0.883333,0.858270
COV_BUGS,6,31,0.725000,0.675208,0.850000,6,0.883333,0.858981
COV_BUGS,6,32,0.725000,0.682292,0.850000,6,0.883333,0.857933
COV_BUGS,6,33,0.733333,0.676250,0.866667,6,0.883333,0.856833
COV_BUGS,6,34,0.725000,0.683750,0.850000,6,0.883333,0.859476
COV_BUGS,6,35,0.733333,0.683333,0.866667,6,0.883333,0.858597
COV_BUGS,6,36,0.758333,0.685000,0.816667,7,0.883333,0.857249
COV_BUGS,6,37,0.733333,0.668750,0.866667,6,0.883333,0.858976
COV_BUGS,6,38,0.733333,0.690625,0.866667,6,0.883333,0.860616
COV_BUGS,6,39,0.733333,0.682917,0.866667,6,0.883333,0.859595
COV_BUGS,6,40,0.775000,0.677500,0.850000,7,0.883333,0.860412
COV_BUGS,6,41,0.725000,0.681875,0.850000,6,0.883333,0.857033
COV_BUGS,6,42,0.733333,0.693542,0.866667,6,0.883333,0.858248
COV_BUGS,6,43,0.725000,0.685000,0.850000,6,0.883333,0.858482
COV_BUGS,6,44,0.725000,0.677500,0.850000,6,0.883333,0.857560
COV_BUGS,6,45,0.725000,0.656042,0.850000,6,0.883333,0.856182
COV_BUGS,6,46,0.725000,0.669375,0.850000,6,0.883333,0.856931
COV_BUGS,6,47,0.733333,0.679375,0.866667,6,0.883333,0.857778
COV_BUGS,6,48,0.725000,0.686875,0.850000,6,0.883333,0.858573
COV_BUGS,6,49,0.733333,0.692917,0.866667,6,0.883333,0.858361
COV_BUGS,6,50,0.733333,0.695000,0.866667,6,0.883333,0.859387
COV_BUGS,6,51,0.725000,0.679583,0.850000,6,0.883333,0.857722
COV_BUGS,6,52,0.725000,0.684375,0.850000,6,0.883333,0.860013
COV_BUGS,6,53,0.733333,0.692500,0.866667,6,0.883333,0.859502
COV_BUGS,6,54,0.733333,0.692083,0.866667,6,0.883333,0.859294
COV_BUGS,6,55,0.725000,0.686667,0.850000,6,0.883333,0.860865
COV_BUGS,6,56,0.733333,0.696458,0.866667,6,0.883333,0.860277
COV_BUGS,6,57,0.733333,0.699167,0.866667,6,0.883333,0.859322
COV_BUGS,6,58,0.758333,0.690625,0.816667,7,0.883333,0.858249
COV_BUGS,6,59,0.733333,0.691875,0.866667,6,0.883333,0.856089
COV_BUGS,7,0,0.600000,0.527500,0.700000,5,0.833333,0.805381
COV_BUGS,7,1,0.666667,0.564167,0.733333,6,0.850000,0.812594
COV_BUGS,7,2,0.675000,0.564375,0.750000,6,0.850000,0.816180
COV_BUGS,7,3,0.683333,0.586042,0.766667,6,0.850000,0.824548
COV_BUGS,7,4,0.683333,0.593958,0.766667,6,0.850000,0.828978
COV_BUGS,7,5,0.658333,0.595625,0.716667,6,0.866667,0.832961
COV_BUGS,7,6,0.700000,0.602708,0.800000,6,0.866667,0.832589
COV_BUGS,7,7,0.708333,0.599375,0.816667,6,0.866667,0.827381
COV_BUGS,7,8,0.700000,0.609375,0.800000,6,0.866667,0.833383
COV_BUGS,7,9,0.700000,0.606667,0.800000,6,0.866667,0.830190
COV_BUGS,7,10,0.716667,0.623333,0.833333,6,0.866667,0.835561
COV_BUGS,7,11,0.700000,0.620833,0.800000,6,0.866667,0.834298
COV_BUGS,7,12,0.708333,0.635000,0.816667,6,0.866667,0.835000
COV_BUGS,7,13,0.700000,0.643542,0.800000,6,0.883333,0.841978
COV_BUGS,7,14,0.716667,0.653750,0.833333,6,0.883333,0.840729
COV_BUGS,7,15,0.716667,0.641042,0.833333,6,0.883333,0.840588
COV_BUGS,7,16,0.708333,0.635000,0.816667,6,0.883333,0.841395
COV_BUGS,7,17,0.700000,0.642292,0.800000,6,0.883333,0.841827
COV_BUGS,7,18,0.716667,0.655833,0.833333,6,0.883333,0.846728
COV_BUGS,7,19,0.708333,0.642917,0.816667,6,0.883333,0.845225
COV_BUGS,7,20,0.725000,0.652708,0.850000,6,0.883333,0.848641
COV_BUGS,7,21,0.700000,0.652708,0.800000,6,0.883333,0.852342
COV_BUGS,7,22,0.716667,0.656667,0.833333,6,0.883333,0.853299
COV_BUGS,7,23,0.708333,0.668125,0.816667,6,0.883333,0.852689
COV_BUGS,7,24,0.716667,0.672500,0.833333,6,0.883333,0.854877
COV_BUGS,7,25,0.716667,0.668542,0.833333,6,0.883333,0.853284
COV_BUGS,7,26,0.716667,0.671667,0.833333,6,0.883333,0.854176
COV_BUGS,7,27,0.716667,0.662708,0.833333,6,0.883333,0.854139
COV_BUGS,7,28,0.725000,0.671667,0.850000,6,0.883333,0.853766
COV_BUGS,7,29,0.725000,0.671042,0.850000,6,0.883333,0.856497
COV_BUGS,7,30,0.725000,0.666667,0.850000,6,0.883333,0.853176
COV_BUGS,7,31,0.725000,0.666458,0.850000,6,0.883333,0.849150
COV_BUGS,7,32,0.725000,0.673542,0.850000,6,0.883333,0.852241
COV_BUGS,7,33,0.716667,0.681458,0.833333,6,0.883333,0.853712
COV_BUGS,7,34,0.716667,0.674375,0.833333,6,0.883333,0.854533
COV_BUGS,7,35,0.733333,0.667917,0.866667,6,0.883333,0.853562
COV_BUGS,7,36,0.725000,0.679375,0.850000,6,0.883333,0.854357
COV_BUGS,7,37,0.725000,0.679583,0.850000,6,0.883333,0.857302
COV_BUGS,7,38,0.716667,0.671458,0.833333,6,0.883333,0.856320
COV_BUGS,7,39,0.725000,0.694167,0.850000,6,0.883333,0.857874
COV_BUGS,7,40,0.758333,0.686667,0.816667,7,0.883333,0.857369
COV_BUGS,7,41,0.725000,0.678125,0.850000,6,0.883333,0.860536
COV_BUGS,7,42,0.725000,0.691458,0.850000,6,0.883333,0.860515
COV_BUGS,7,43,0.733333,0.693333,0.866667,6,0.883333,0.861356
COV_BUGS,7,44,0.725000,0.700000,0.850000,6,0.883333,0.862149
COV_BUGS,7,45,0.733333,0.695833,0.866667,6,0.883333,0.860888
COV_BUGS,7,46,0.733333,0.690417,0.866667,6,0.883333,0.859425
COV_BUGS,7,47,0.733333,0.703750,0.866667,6,0.883333,0.862410
COV_BUGS,7,48,0.733333,0.697500,0.866667,6,0.883333,0.860650
COV_BUGS,7,49,0.733333,0.689583,0.866667,6,0.883333,0.863509
COV_BUGS,7,50,0.725000,0.700417,0.850000,6,0.883333,0.863588
COV_BUGS,7,51,0.733333,0.701042,0.866667,6,0.883333,0.862095
COV_BUGS,7,52,0.733333,0.707917,0.866667,6,0.883333,0.863564
COV_BUGS,7,53,0.741667,0.709583,0.883333,6,0.883333,0.862522
COV_BUGS,7,54,0.733333,0.706667,0.866667,6,0.883333,0.865454
COV_BUGS,7,55,0.733333,0.704583,0.866667,6,0.883333,0.863242
COV_BUGS,7,56,0.766667,0.709792,0.833333,7,0.883333,0.865044
COV_BUGS,7,57,0.733333,0.700625,0.866667,6,0.883333,0.866744
COV_BUGS,7,58,0.741667,0.706042,0.883333,6,0.883333,0.867366
COV_BUGS,7,59,0.725000,0.701875,0.850000,6,0.883333,0.864857
COV_BUGS,8,0,0.675000,0.554583,0.750000,6,0.866667,0.809981
COV_BUGS,8,1,0.666667,0.559167,0.733333,6,0.866667,0.818380
COV_BUGS,8,2,0.700000,0.562083,0.800000,6,0.866667,0.822701
COV_BUGS,8,3,0.708333,0.584167,0.816667,6,0.866667,0.829735
COV_BUGS,8,4,0.675000,0.611042,0.750000,6,0.866667,0.836030
COV_BUGS,8,5,0.708333,0.625833,0.816667,6,0.883333,0.841471
COV_BUGS,8,6,0.716667,0.630833,0.833333,6,0.883333,0.839218
COV_BUGS,8,7,0.700000,0.617083,0.800000,6,0.883333,0.833834
COV_BUGS,8,8,0.708333,0.644167,0.816667,6,0.883333,0.840935
COV_BUGS,8,9,0.716667,0.633542,0.833333,6,0.883333,0.839013
COV_BUGS,8,10,0.733333,0.647500,0.866667,6,0.883333,0.837901
COV_BUGS,8,11,0.725000,0.632292,0.850000,6,0.883333,0.837658
COV_BUGS,8,12,0.683333,0.625417,0.766667,6,0.883333,0.839147
COV_BUGS,8,13,0.725000,0.647500,0.850000,6,0.883333,0.845200
COV_BUGS,8,14,0.725000,0.665833,0.850000,6,0.883333,0.846303
COV_BUGS,8,15,0.725000,0.654375,0.850000,6,0.883333,0.848445
COV_BUGS,8,16,0.716667,0.665625,0.833333,6,0.883333,0.852227
COV_BUGS,8,17,0.716667,0.670417,0.833333,6,0.883333,0.851201
COV_BUGS,8,18,0.725000,0.669583,0.850000,6,0.883333,0.853607
COV_BUGS,8,19,0.716667,0.665833,0.833333,6,0.883333,0.852967
COV_BUGS,8,20,0.725000,0.670833,0.850000,6,0.883333,0.853186
COV_BUGS,8,21,0.725000,0.676667,0.850000,6,0.883333,0.853240
COV_BUGS,8,22,0.733333,0.678333,0.866667,6,0.883333,0.854793
COV_BUGS,8,23,0.725000,0.677500,0.850000,6,0.883333,0.857272
COV_BUGS,8,24,0.725000,0.666875,0.850000,6,0.883333,0.856839
COV_BUGS,8,25,0.733333,0.671042,0.866667,6,0.883333,0.856845
COV_BUGS,8,26,0.725000,0.681458,0.850000,6,0.883333,0.859158
COV_BUGS,8,27,0.733333,0.672917,0.866667,6,0.883333,0.860527
COV_BUGS,8,28,0.733333,0.673542,0.866667,6,0.883333,0.859545
COV_BUGS,8,29,0.725000,0.675625,0.850000,6,0.883333,0.861754
COV_BUGS,8,30,0.725000,0.690000,0.850000,6,0.883333,0.862897
COV_BUGS,8,31,0.733333,0.683333,0.866667,6,0.883333,0.860853
COV_BUGS,8,32,0.725000,0.672708,0.850000,6,0.883333,0.861847
COV_BUGS,8,33,0.766667,0.685833,0.833333,7,0.883333,0.862218
COV_BUGS,8,34,0.741667,0.683958,0.783333,7,0.883333,0.861120
COV_BUGS,8,35,0.758333,0.675208,0.816667,7,0.883333,0.860583
COV_BUGS,8,36,0.741667,0.688125,0.783333,7,0.883333,0.859700
COV_BUGS,8,37,0.733333,0.674167,0.766667,7,0.883333,0.859396
COV_BUGS,8,38,0.725000,0.683333,0.850000,6,0.883333,0.858713
COV_BUGS,8,39,0.725000,0.688125,0.850000,6,0.883333,0.860096
COV_BUGS,8,40,0.733333,0.684583,0.866667,6,0.883333,0.858416
COV_BUGS,8,41,0.733333,0.687292,0.866667,6,0.883333,0.856757
COV_BUGS,8,42,0.741667,0.656042,0.883333,6,0.883333,0.853736
COV_BUGS,8,43,0.733333,0.688542,0.866667,6,0.883333,0.859165
COV_BUGS,8,44,0.733333,0.682500,0.866667,6,0.883333,0.857030
COV_BUGS,8,45,0.725000,0.684583,0.850000,6,0.883333,0.856531
COV_BUGS,8,46,0.733333,0.690625,0.866667,6,0.883333,0.856488
COV_BUGS,8,47,0.725000,0.673750,0.850000,6,0.883333,0.856617
COV_BUGS,8,48,0.733333,0.689375,0.866667,6,0.883333,0.857090
COV_BUGS,8,49,0.733333,0.699583,0.766667,7,0.883333,0.855775
COV_BUGS,8,50,0.733333,0.681667,0.866667,6,0.883333,0.856411
COV_BUGS,8,51,0.733333,0.691250,0.866667,6,0.883333,0.856982
COV_BUGS,8,52,0.741667,0.690833,0.883333,6,0.883333,0.858338
COV_BUGS,8,53,0.733333,0.698333,0.866667,6,0.883333,0.858944
COV_BUGS,8,54,0.733333,0.701042,0.866667,6,0.883333,0.862174
COV_BUGS,8,55,0.733333,0.702292,0.866667,6,0.883333,0.862878
COV_BUGS,8,56,0.741667,0.700417,0.883333,6,0.883333,0.862230
COV_BUGS,8,57,0.741667,0.701250,0.883333,6,0.883333,0.867366
COV_BUGS,8,58,0.733333,0.703958,0.866667,6,0.883333,0.867456
COV_BUGS,8,59,0.725000,0.695417,0.850000,6,0.883333,0.867397
COV_BUGS,9,0,0.658333,0.541042,0.716667,6,0.850000,0.813750
COV_BUGS,9,1,0.666667,0.537083,0.733333,6,0.850000,0.818200
COV_BUGS,9,2,0.666667,0.573958,0.733333,6,0.850000,0.822366
COV_BUGS,9,3,0.658333,0.577708,0.716667,6,0.850000,0.828301
COV_BUGS,9,4,0.675000,0.596458,0.750000,6,0.850000,0.827637
COV_BUGS,9,5,0.666667,0.597917,0.733333,6,0.850000,0.832233
COV_BUGS,9,6,0.675000,0.606875,0.750000,6,0.850000,0.836179
COV_BUGS,9,7,0.675000,0.598958,0.750000,6,0.850000,0.837840
COV_BUGS,9,8,0.683333,0.608125,0.766667,6,0.850000,0.841471
COV_BUGS,9,9,0.683333,0.603125,0.766667,6,0.850000,0.840002
COV_BUGS,9,10,0.708333,0.615833,0.816667,6,0.866667,0.843039
COV_BUGS,9,11,0.700000,0.620833,0.800000,6,0.883333,0.841919
COV_BUGS,9,12,0.700000,0.626042,0.800000,6,0.883333,0.843479
COV_BUGS,9,13,0.716667,0.625208,0.833333,6,0.883333,0.846896
COV_BUGS,9,14,0.716667,0.646875,0.833333,6,0.883333,0.851594
COV_BUGS,9,15,0.716667,0.656667,0.833333,6,0.883333,0.852382
COV_BUGS,9,16,0.708333,0.655208,0.816667,6,0.883333,0.850878
COV_BUGS,9,17,0.708333,0.653750,0.816667,6,0.883333,0.853689
COV_BUGS,9,18,0.716667,0.664583,0.833333,6,0.883333,0.855529
COV_BUGS,9,19,0.716667,0.669167,0.833333,6,0.883333,0.855993
COV_BUGS,9,20,0.725000,0.674583,0.850000,6,0.883333,0.855022
COV_BUGS,9,21,0.716667,0.666042,0.833333,6,0.883333,0.857083
COV_BUGS,9,22,0.716667,0.662083,0.833333,6,0.883333,0.854438
COV_BUGS,9,23,0.716667,0.653750,0.833333,6,0.883333,0.856522
COV_BUGS,9,24,0.716667,0.665417,0.833333,6,0.883333,0.855988
COV_BUGS,9,25,0.716667,0.671042,0.833333,6,0.883333,0.855114
COV_BUGS,9,26,0.733333,0.661875,0.866667,6,0.883333,0.858793
COV_BUGS,9,27,0.716667,0.678750,0.833333,6,0.883333,0.857725
COV_BUGS,9,28,0.733333,0.668125,0.866667,6,0.883333,0.858230
COV_BUGS,9,29,0.733333,0.687708,0.866667,6,0.883333,0.859933
COV_BUGS,9,30,0.741667,0.678958,0.883333,6,0.883333,0.862091
COV_BUGS,9,31,0.741667,0.685833,0.883333,6,0.883333,0.862182
COV_BUGS,9,32,0.725000,0.680000,0.850000,6,0.883333,0.861740
COV_BUGS,9,33,0.733333,0.678333,0.866667,6,0.883333,0.864115
COV_BUGS,9,34,0.733333,0.687708,0.866667,6,0.883333,0.861216
COV_BUGS,9,35,0.733333,0.672500,0.866667,6,0.883333,0.858402
COV_BUGS,9,36,0.741667,0.697083,0.883333,6,0.883333,0.861914
COV_BUGS,9,37,0.766667,0.686250,0.833333,7,0.883333,0.860085
COV_BUGS,9,38,0.725000,0.690208,0.850000,6,0.883333,0.858904
COV_BUGS,9,39,0.733333,0.695417,0.866667,6,0.883333,0.861348
COV_BUGS,9,40,0.733333,0.695208,0.866667,6,0.883333,0.860784
COV_BUGS,9,41,0.741667,0.692917,0.883333,6,0.883333,0.860200
COV_BUGS,9,42,0.733333,0.694583,0.866667,6,0.883333,0.864217
COV_BUGS,9,43,0.733333,0.689167,0.866667,6,0.883333,0.861426
COV_BUGS,9,44,0.733333,0.700000,0.866667,6,0.883333,0.862215
COV_BUGS,9,45,0.725000,0.700208,0.850000,6,0.883333,0.861492
COV_BUGS,9,46,0.733333,0.698125,0.866667,6,0.883333,0.862961
COV_BUGS,9,47,0.741667,0.696875,0.883333,6,0.883333,0.862779
COV_BUGS,9,48,0.741667,0.690208,0.883333,6,0.883333,0.861872
COV_BUGS,9,49,0.733333,0.703333,0.866667,6,0.883333,0.860302
COV_BUGS,9,50,0.733333,0.698750,0.866667,6,0.883333,0.861456
COV_BUGS,9,51,0.725000,0.683333,0.850000,6,0.883333,0.862737
COV_BUGS,9,52,0.733333,0.686667,0.866667,6,0.883333,0.861876
COV_BUGS,9,53,0.733333,0.706458,0.866667,6,0.883333,0.864558
COV_BUGS,9,54,0.733333,0.701042,0.866667,6,0.883333,0.862260
COV_BUGS,9,55,0.733333,0.709792,0.866667,6,0.883333,0.862648
COV_BUGS,9,56,0.741667,0.704583,0.883333,6,0.883333,0.863453
COV_BUGS,9,57,0.725000,0.694792,0.850000,6,0.883333,0.863189
COV_BUGS,9,58,0.733333,0.693333,0.866667,6,0.883333,0.861677
COV_BUGS,9,59,0.733333,0.695417,0.866667,6,0.883333,0.862138
COV_BUGS,10,0,0.616667,0.537083,0.733333,5,0.850000,0.806936
COV_BUGS,10,1,0.658333,0.529375,0.716667,6,0.850000,0.810762
COV_BUGS,10,2,0.650000,0.547083,0.700000,6,0.850000,0.809556
COV_BUGS,10,3,0.666667,0.556458,0.733333,6,0.850000,0.807516
COV_BUGS,10,4,0.658333,0.571042,0.716667,6,0.850000,0.810331
COV_BUGS,10,5,0.683333,0.578958,0.766667,6,0.850000,0.821922
COV_BUGS,10,6,0.691667,0.596042,0.783333,6,0.850000,0.823410
COV_BUGS,10,7,0.675000,0.595000,0.750000,6,0.850000,0.824006
COV_BUGS,10,8,0.691667,0.594375,0.783333,6,0.850000,0.823789
COV_BUGS,10,9,0.691667,0.609583,0.783333,6,0.850000,0.827290
COV_BUGS,10,10,0.700000,0.601042,0.800000,6,0.850000,0.827566
COV_BUGS,10,11,0.700000,0.619375,0.800000,6,0.866667,0.835960
COV_BUGS,10,12,0.683333,0.611042,0.766667,6,0.866667,0.838219
COV_BUGS,10,13,0.716667,0.629375,0.833333,6,0.883333,0.842427
COV_BUGS,10,14,0.708333,0.643125,0.816667,6,0.883333,0.846179
COV_BUGS,10,15,0.708333,0.645000,0.816667,6,0.883333,0.847385
COV_BUGS,10,16,0.716667,0.653542,0.833333,6,0.883333,0.848114
COV_BUGS,10,17,0.708333,0.651042,0.816667,6,0.883333,0.846690
COV_BUGS,10,18,0.716667,0.650833,0.833333,6,0.883333,0.849496
COV_BUGS,10,19,0.708333,0.656458,0.816667,6,0.883333,0.853317
COV_BUGS,10,20,0.716667,0.649583,0.833333,6,0.883333,0.852390
COV_BUGS,10,21,0.716667,0.658958,0.833333,6,0.883333,0.854408
COV_BUGS,10,22,0.716667,0.661667,0.833333,6,0.883333,0.854493
COV_BUGS,10,23,0.725000,0.670417,0.850000,6,0.883333,0.854774
COV_BUGS,10,24,0.716667,0.665000,0.833333,6,0.883333,0.855265
COV_BUGS,10,25,0.725000,0.664167,0.850000,6,0.883333,0.855997
COV_BUGS,10,26,0.716667,0.665417,0.833333,6,0.883333,0.855849
COV_BUGS,10,27,0.733333,0.679167,0.866667,6,0.883333,0.858567
COV_BUGS,10,28,0.725000,0.672083,0.850000,6,0.883333,0.856670
COV_BUGS,10,29,0.716667,0.667917,0.833333,6,0.883333,0.859617
COV_BUGS,10,30,0.733333,0.680417,0.866667,6,0.883333,0.861774
COV_BUGS,10,31,0.750000,0.678958,0.800000,7,0.883333,0.862494
COV_BUGS,10,32,0.750000,0.678542,0.800000,7,0.883333,0.863397
COV_BUGS,10,33,0.758333,0.690208,0.816667,7,0.883333,0.862887
COV_BUGS,10,34,0.741667,0.687500,0.783333,7,0.883333,0.861859
COV_BUGS,10,35,0.733333,0.692708,0.866667,6,0.883333,0.861405
COV_BUGS,10,36,0.733333,0.690625,0.866667,6,0.883333,0.860981
COV_BUGS,10,37,0.725000,0.688542,0.850000,6,0.883333,0.860267
COV_BUGS,10,38,0.758333,0.688333,0.816667,7,0.883333,0.860693
COV_BUGS,10,39,0.733333,0.686875,0.866667,6,0.883333,0.860737
COV_BUGS,10,40,0.750000,0.686042,0.800000,7,0.883333,0.861731
COV_BUGS,10,41,0.775000,0.696875,0.850000,7,0.883333,0.860904
COV_BUGS,10,42,0.766667,0.697917,0.833333,7,0.883333,0.862313
COV_BUGS,10,43,0.733333,0.686042,0.866667,6,0.883333,0.862119
COV_BUGS,10,44,0.725000,0.688542,0.850000,6,0.883333,0.863348
COV_BUGS,10,45,0.775000,0.692917,0.850000,7,0.883333,0.862567
COV_BUGS,10,46,0.733333,0.700000,0.866667,6,0.883333,0.862520
COV_BUGS,10,47,0.750000,0.688333,0.800000,7,0.883333,0.863146
COV_BUGS,10,48,0.733333,0.693750,0.866667,6,0.883333,0.863577
COV_BUGS,10,49,0.775000,0.700000,0.850000,7,0.883333,0.862232
COV_BUGS,10,50,0.725000,0.705000,0.850000,6,0.883333,0.863184
COV_BUGS,10,51,0.741667,0.697917,0.883333,6,0.883333,0.864054
COV_BUGS,10,52,0.733333,0.702292,0.866667,6,0.883333,0.862891
COV_BUGS,10,53,0.725000,0.693333,0.850000,6,0.883333,0.862905
COV_BUGS,10,54,0.750000,0.705625,0.800000,7,0.883333,0.862582
COV_BUGS,10,55,0.766667,0.702083,0.833333,7,0.883333,0.862610
COV_BUGS,10,56,0.733333,0.696458,0.866667,6,0.883333,0.862686
COV_BUGS,10,57,0.733333,0.700208,0.866667,6,0.883333,0.863812
COV_BUGS,10,58,0.741667,0.708125,0.883333,6,0.883333,0.863754
COV_BUGS,10,59,0.766667,0.700625,0.833333,7,0.883333,0.861363
COV_BUGS,11,0,0.633333,0.528958,0.766667,5,0.800000,0.801745
COV_BUGS,11,1,0.666667,0.565208,0.733333,6,0.850000,0.814894
COV_BUGS,11,2,0.633333,0.590417,0.766667,5,0.866667,0.825038
COV_BUGS,11,3,0.666667,0.588958,0.733333,6,0.866667,0.829196
COV_BUGS,11,4,0.683333,0.597708,0.766667,6,0.866667,0.829945
COV_BUGS,11,5,0.666667,0.599167,0.733333,6,0.883333,0.832315
COV_BUGS,11,6,0.700000,0.617500,0.800000,6,0.883333,0.831548
COV_BUGS,11,7,0.683333,0.610417,0.766667,6,0.883333,0.832984
COV_BUGS,11,8,0.691667,0.609375,0.783333,6,0.883333,0.836740
COV_BUGS,11,9,0.708333,0.632917,0.816667,6,0.883333,0.841190
COV_BUGS,11,10,0.675000,0.620833,0.750000,6,0.883333,0.842216
COV_BUGS,11,11,0.725000,0.628125,0.850000,6,0.883333,0.844848
COV_BUGS,11,12,0.716667,0.634583,0.833333,6,0.883333,0.849458
COV_BUGS,11,13,0.716667,0.640208,0.833333,6,0.883333,0.852033
COV_BUGS,11,14,0.725000,0.654375,0.850000,6,0.883333,0.851635
COV_BUGS,11,15,0.725000,0.645833,0.850000,6,0.883333,0.854272
COV_BUGS,11,16,0.708333,0.637500,0.816667,6,0.883333,0.853085
COV_BUGS,11,17,0.733333,0.649167,0.866667,6,0.883333,0.855431
COV_BUGS,11,18,0.716667,0.659583,0.833333,6,0.883333,0.855903
COV_BUGS,11,19,0.766667,0.665625,0.833333,7,0.883333,0.854948
COV_BUGS,11,20,0.758333,0.670000,0.816667,7,0.883333,0.854938
COV_BUGS,11,21,0.725000,0.670625,0.850000,6,0.883333,0.854855
COV_BUGS,11,22,0.725000,0.667083,0.850000,6,0.883333,0.851192
COV_BUGS,11,23,0.725000,0.670417,0.850000,6,0.883333,0.852310
COV_BUGS,11,24,0.725000,0.668542,0.850000,6,0.883333,0.854296
COV_BUGS,11,25,0.733333,0.679375,0.866667,6,0.883333,0.854885
COV_BUGS,11,26,0.733333,0.673542,0.866667,6,0.883333,0.854611
COV_BUGS,11,27,0.725000,0.657292,0.850000,6,0.883333,0.854679
COV_BUGS,11,28,0.733333,0.671875,0.866667,6,0.883333,0.854450
COV_BUGS,11,29,0.733333,0.670417,0.866667,6,0.883333,0.856313
COV_BUGS,11,30,0.733333,0.670625,0.866667,6,0.883333,0.856132
COV_BUGS,11,31,0.733333,0.677083,0.866667,6,0.883333,0.854157
COV_BUGS,11,32,0.758333,0.674167,0.816667,7,0.883333,0.852566
COV_BUGS,11,33,0.725000,0.672917,0.850000,6,0.883333,0.855316
COV_BUGS,11,34,0.725000,0.677292,0.850000,6,0.883333,0.858040
COV_BUGS,11,35,0.733333,0.686250,0.866667,6,0.883333,0.857079
COV_BUGS,11,36,0.733333,0.689375,0.866667,6,0.883333,0.857467
COV_BUGS,11,37,0.725000,0.678750,0.850000,6,0.883333,0.856867
COV_BUGS,11,38,0.733333,0.694167,0.866667,6,0.883333,0.858986
COV_BUGS,11,39,0.725000,0.684792,0.850000,6,0.883333,0.858985
COV_BUGS,11,40,0.741667,0.685625,0.883333,6,0.883333,0.860458
COV_BUGS,11,41,0.783333,0.684792,0.866667,7,0.883333,0.860289
COV_BUGS,11,42,0.741667,0.691667,0.883333,6,0.883333,0.860013
COV_BUGS,11,43,0.766667,0.692917,0.833333,7,0.883333,0.859967
COV_BUGS,11,44,0.741667,0.684167,0.883333,6,0.883333,0.859095
COV_BUGS,11,45,0.741667,0.689375,0.883333,6,0.883333,0.861948
COV_BUGS,11,46,0.741667,0.685625,0.883333,6,0.883333,0.862798
COV_BUGS,11,47,0.725000,0.684167,0.850000,6,0.883333,0.861357
COV_BUGS,11,48,0.733333,0.699792,0.866667,6,0.883333,0.862574
COV_BUGS,11,49,0.766667,0.695833,0.833333,7,0.883333,0.862220
COV_BUGS,11,50,0.733333,0.699375,0.866667,6,0.883333,0.864303
COV_BUGS,11,51,0.733333,0.701667,0.866667,6,0.883333,0.863678
COV_BUGS,11,52,0.783333,0.707708,0.866667,7,0.883333,0.861944
COV_BUGS,11,53,0.733333,0.694167,0.866667,6,0.883333,0.863950
COV_BUGS,11,54,0.733333,0.705417,0.866667,6,0.883333,0.863669
COV_BUGS,11,55,0.733333,0.704167,0.866667,6,0.883333,0.863370
COV_BUGS,11,56,0.733333,0.712083,0.866667,6,0.883333,0.862018
COV_BUGS,11,57,0.733333,0.699792,0.866667,6,0.883333,0.864304
COV_BUGS,11,58,0.741667,0.698542,0.883333,6,0.883333,0.863327
COV_BUGS,11,59,0.783333,0.705000,0.866667,7,0.883333,0.863927
COV_BUGS,12,0,0.616667,0.526042,0.733333,5,0.833333,0.805817
COV_BUGS,12,1,0.666667,0.559583,0.733333,6,0.850000,0.816428
COV_BUGS,12,2,0.666667,0.571250,0.733333,6,0.850000,0.825016
COV_BUGS,12,3,0.691667,0.588125,0.783333,6,0.850000,0.832899
COV_BUGS,12,4,0.691667,0.599583,0.783333,6,0.850000,0.839786
COV_BUGS,12,5,0.683333,0.595000,0.766667,6,0.866667,0.845914
COV_BUGS,12,6,0.683333,0.612500,0.766667,6,0.883333,0.848862
COV_BUGS,12,7,0.683333,0.624792,0.766667,6,0.883333,0.852435
COV_BUGS,12,8,0.658333,0.618958,0.816667,5,0.883333,0.854969
COV_BUGS,12,9,0.700000,0.616042,0.800000,6,0.883333,0.855205
COV_BUGS,12,10,0.658333,0.611875,0.816667,5,0.883333,0.856170
COV_BUGS,12,11,0.700000,0.625000,0.800000,6,0.883333,0.855790
COV_BUGS,12,12,0.700000,0.630625,0.800000,6,0.883333,0.860811
COV_BUGS,12,13,0.675000,0.627292,0.750000,6,0.883333,0.861224
COV_BUGS,12,14,0.716667,0.637292,0.833333,6,0.883333,0.862896
COV_BUGS,12,15,0.708333,0.639375,0.816667,6,0.883333,0.862289
COV_BUGS,12,16,0.708333,0.638333,0.816667,6,0.883333,0.861624
COV_BUGS,12,17,0.708333,0.641875,0.816667,6,0.883333,0.861180
COV_BUGS,12,18,0.716667,0.641875,0.833333,6,0.883333,0.862492
COV_BUGS,12,19,0.733333,0.650625,0.866667,6,0.883333,0.864210
COV_BUGS,12,20,0.725000,0.652917,0.850000,6,0.883333,0.863763
COV_BUGS,12,21,0.716667,0.644375,0.833333,6,0.883333,0.862018
COV_BUGS,12,22,0.716667,0.641250,0.833333,6,0.883333,0.861250
COV_BUGS,12,23,0.716667,0.651042,0.833333,6,0.883333,0.863463
COV_BUGS,12,24,0.725000,0.642500,0.850000,6,0.883333,0.863660
COV_BUGS,12,25,0.716667,0.655208,0.833333,6,0.883333,0.862748
COV_BUGS,12,26,0.725000,0.651250,0.850000,6,0.883333,0.860538
COV_BUGS,12,27,0.716667,0.639375,0.833333,6,0.883333,0.861125
COV_BUGS,12,28,0.733333,0.656458,0.866667,6,0.883333,0.861259
COV_BUGS,12,29,0.725000,0.648542,0.850000,6,0.883333,0.861167
COV_BUGS,12,30,0.708333,0.662083,0.816667,6,0.883333,0.862454
COV_BUGS,12,31,0.716667,0.634792,0.833333,6,0.883333,0.861912
COV_BUGS,12,32,0.725000,0.666458,0.850000,6,0.883333,0.862377
COV_BUGS,12,33,0.716667,0.667708,0.833333,6,0.883333,0.865445
COV_BUGS,12,34,0.725000,0.668958,0.850000,6,0.883333,0.867009
COV_BUGS,12,35,0.725000,0.669375,0.850000,6,0.883333,0.869649
COV_BUGS,12,36,0.716667,0.669583,0.833333,6,0.883333,0.867661
COV_BUGS,12,37,0.725000,0.666250,0.850000,6,0.883333,0.864915
COV_BUGS,12,38,0.725000,0.664167,0.850000,6,0.883333,0.865795
COV_BUGS,12,39,0.725000,0.671875,0.850000,6,0.883333,0.863651
COV_BUGS,12,40,0.725000,0.678750,0.850000,6,0.883333,0.864664
COV_BUGS,12,41,0.733333,0.673125,0.866667,6,0.883333,0.865544
COV_BUGS,12,42,0.733333,0.684792,0.866667,6,0.883333,0.866178
COV_BUGS,12,43,0.775000,0.678750,0.850000,7,0.883333,0.866654
COV_BUGS,12,44,0.733333,0.674583,0.866667,6,0.883333,0.866875
COV_BUGS,12,45,0.725000,0.683333,0.850000,6,0.883333,0.868730
COV_BUGS,12,46,0.733333,0.690833,0.866667,6,0.883333,0.866174
COV_BUGS,12,47,0.733333,0.682083,0.866667,6,0.883333,0.868679
COV_BUGS,12,48,0.733333,0.687708,0.866667,6,0.883333,0.868198
COV_BUGS,12,49,0.766667,0.691250,0.833333,7,0.883333,0.868641
COV_BUGS,12,50,0.725000,0.685833,0.850000,6,0.883333,0.867997
COV_BUGS,12,51,0.733333,0.692500,0.866667,6,0.883333,0.868686
COV_BUGS,12,52,0.725000,0.688333,0.850000,6,0.883333,0.867815
COV_BUGS,12,53,0.733333,0.692708,0.866667,6,0.883333,0.868322
COV_BUGS,12,54,0.725000,0.693750,0.850000,6,0.883333,0.868720
COV_BUGS,12,55,0.733333,0.695833,0.866667,6,0.883333,0.869517
COV_BUGS,12,56,0.766667,0.695417,0.833333,7,0.883333,0.870059
COV_BUGS,12,57,0.741667,0.697500,0.883333,6,0.883333,0.870144
COV_BUGS,12,58,0.725000,0.700208,0.850000,6,0.883333,0.869415
COV_BUGS,12,59,0.733333,0.696250,0.866667,6,0.883333,0.869549
COV_BUGS,13,0,0.658333,0.531875,0.716667,6,0.833333,0.808346
COV_BUGS,13,1,0.658333,0.547083,0.716667,6,0.833333,0.817970
COV_BUGS,13,2,0.633333,0.571875,0.666667,6,0.850000,0.818824
COV_BUGS,13,3,0.666667,0.580625,0.733333,6,0.866667,0.820115
COV_BUGS,13,4,0.675000,0.584167,0.750000,6,0.866667,0.819976
COV_BUGS,13,5,0.675000,0.582917,0.750000,6,0.866667,0.822214
COV_BUGS,13,6,0.666667,0.580625,0.733333,6,0.866667,0.825071
COV_BUGS,13,7,0.666667,0.598125,0.733333,6,0.866667,0.828772
COV_BUGS,13,8,0.691667,0.607917,0.783333,6,0.866667,0.834430
COV_BUGS,13,9,0.683333,0.608750,0.766667,6,0.866667,0.835247
COV_BUGS,13,10,0.700000,0.618958,0.800000,6,0.883333,0.838919
COV_BUGS,13,11,0.691667,0.627500,0.783333,6,0.883333,0.843449
COV_BUGS,13,12,0.708333,0.631250,0.816667,6,0.883333,0.845624
COV_BUGS,13,13,0.708333,0.622500,0.816667,6,0.883333,0.846413
COV_BUGS,13,14,0.708333,0.642292,0.816667,6,0.883333,0.851705
COV_BUGS,13,15,0.716667,0.645208,0.833333,6,0.883333,0.848321
COV_BUGS,13,16,0.708333,0.639167,0.816667,6,0.883333,0.849309
COV_BUGS,13,17,0.716667,0.646458,0.833333,6,0.883333,0.849284
COV_BUGS,13,18,0.725000,0.647292,0.850000,6,0.883333,0.850133
COV_BUGS,13,19,0.716667,0.650625,0.833333,6,0.883333,0.848584
COV_BUGS,13,20,0.716667,0.634583,0.833333,6,0.883333,0.848454
COV_BUGS,13,21,0.716667,0.660000,0.833333,6,0.883333,0.852149
COV_BUGS,13,22,0.708333,0.641042,0.816667,6,0.883333,0.851202
COV_BUGS,13,23,0.708333,0.628750,0.816667,6,0.883333,0.848735
COV_BUGS,13,24,0.708333,0.640417,0.816667,6,0.883333,0.847402
COV_BUGS,13,25,0.716667,0.644375,0.833333,6,0.883333,0.847255
COV_BUGS,13,26,0.716667,0.650208,0.833333,6,0.883333,0.846028
COV_BUGS,13,27,0.716667,0.646875,0.833333,6,0.883333,0.845026
COV_BUGS,13,28,0.716667,0.662500,0.833333,6,0.883333,0.847200
COV_BUGS,13,29,0.725000,0.665625,0.850000,6,0.883333,0.846289
COV_BUGS,13,30,0.725000,0.654583,0.850000,6,0.883333,0.845797
COV_BUGS,13,31,0.725000,0.658125,0.850000,6,0.883333,0.848777
COV_BUGS,13,32,0.716667,0.658958,0.833333,6,0.883333,0.849545
COV_BUGS,13,33,0.733333,0.660417,0.866667,6,0.883333,0.851503
COV_BUGS,13,34,0.725000,0.663333,0.850000,6,0.883333,0.851738
COV_BUGS,13,35,0.725000,0.675833,0.850000,6,0.883333,0.855276
COV_BUGS,13,36,0.725000,0.674583,0.850000,6,0.883333,0.851939
COV_BUGS,13,37,0.725000,0.670833,0.850000,6,0.883333,0.855461
COV_BUGS,13,38,0.725000,0.681875,0.850000,6,0.883333,0.855074
COV_BUGS,13,39,0.725000,0.671250,0.850000,6,0.883333,0.857096
COV_BUGS,13,40,0.725000,0.686875,0.850000,6,0.883333,0.858144
COV_BUGS,13,41,0.725000,0.674167,0.850000,6,0.883333,0.858778
COV_BUGS,13,42,0.725000,0.669792,0.850000,6,0.883333,0.861164
COV_BUGS,13,43,0.733333,0.682292,0.866667,6,0.883333,0.862881
COV_BUGS,13,44,0.716667,0.678333,0.833333,6,0.883333,0.862790
COV_BUGS,13,45,0.733333,0.681458,0.866667,6,0.883333,0.862951
COV_BUGS,13,46,0.733333,0.687500,0.866667,6,0.883333,0.865396
COV_BUGS,13,47,0.741667,0.698750,0.883333,6,0.883333,0.866429
COV_BUGS,13,48,0.733333,0.688958,0.866667,6,0.883333,0.865925
COV_BUGS,13,49,0.733333,0.695833,0.866667,6,0.883333,0.865428
COV_BUGS,13,50,0.733333,0.696875,0.866667,6,0.883333,0.866314
COV_BUGS,13,51,0.725000,0.690625,0.850000,6,0.883333,0.863567
COV_BUGS,13,52,0.733333,0.692917,0.866667,6,0.883333,0.864871
COV_BUGS,13,53,0.725000,0.696875,0.850000,6,0.883333,0.864369
COV_BUGS,13,54,0.733333,0.683542,0.866667,6,0.883333,0.863323
COV_BUGS,13,55,0.733333,0.700625,0.866667,6,0.883333,0.863405
COV_BUGS,13,56,0.733333,0.707292,0.866667,6,0.883333,0.865591
COV_BUGS,13,57,0.725000,0.698542,0.850000,6,0.883333,0.865067
COV_BUGS,13,58,0.733333,0.696458,0.866667,6,0.883333,0.864521
COV_BUGS,13,59,0.733333,0.699375,0.866667,6,0.883333,0.865245
COV_BUGS,14,0,0.700000,0.542083,0.800000,6,0.850000,0.807882
COV_BUGS,14,1,0.616667,0.534792,0.733333,5,0.850000,0.807455
COV_BUGS,14,2,0.683333,0.581667,0.766667,6,0.850000,0.816726
COV_BUGS,14,3,0.658333,0.596458,0.716667,6,0.866667,0.824139
COV_BUGS,14,4,0.700000,0.612708,0.800000,6,0.866667,0.828993
COV_BUGS,14,5,0.708333,0.617083,0.816667,6,0.883333,0.831957
COV_BUGS,14,6,0.700000,0.617708,0.800000,6,0.883333,0.831980
COV_BUGS,14,7,0.700000,0.618333,0.800000,6,0.883333,0.833582
COV_BUGS,14,8,0.700000,0.628125,0.800000,6,0.883333,0.837183
COV_BUGS,14,9,0.708333,0.624375,0.816667,6,0.883333,0.838274
COV_BUGS,14,10,0.708333,0.643333,0.816667,6,0.883333,0.838543
COV_BUGS,14,11,0.708333,0.637708,0.816667,6,0.883333,0.841640
COV_BUGS,14,12,0.700000,0.652708,0.800000,6,0.883333,0.844486
COV_BUGS,14,13,0.708333,0.656875,0.816667,6,0.883333,0.846168
COV_BUGS,14,14,0.716667,0.661875,0.833333,6,0.883333,0.848419
COV_BUGS,14,15,0.725000,0.667292,0.850000,6,0.883333,0.849055
COV_BUGS,14,16,0.725000,0.672917,0.850000,6,0.883333,0.854201
COV_BUGS,14,17,0.725000,0.676042,0.850000,6,0.883333,0.857089
COV_BUGS,14,18,0.716667,0.671667,0.833333,6,0.883333,0.857798
COV_BUGS,14,19,0.716667,0.664583,0.833333,6,0.883333,0.858485
COV_BUGS,14,20,0.725000,0.678958,0.850000,6,0.883333,0.857210
COV_BUGS,14,21,0.733333,0.677292,0.866667,6,0.883333,0.857606
COV_BUGS,14,22,0.725000,0.673125,0.850000,6,0.883333,0.857611
COV_BUGS,14,23,0.725000,0.671458,0.850000,6,0.883333,0.861923
COV_BUGS,14,24,0.725000,0.659375,0.850000,6,0.883333,0.860094
COV_BUGS,14,25,0.733333,0.688333,0.866667,6,0.883333,0.861706
COV_BUGS,14,26,0.733333,0.682500,0.866667,6,0.883333,0.862197
COV_BUGS,14,27,0.733333,0.678542,0.866667,6,0.883333,0.863728
COV_BUGS,14,28,0.733333,0.688125,0.866667,6,0.883333,0.865254
COV_BUGS,14,29,0.733333,0.690417,0.866667,6,0.883333,0.868852
COV_BUGS,14,30,0.733333,0.684167,0.866667,6,0.883333,0.866701
COV_BUGS,14,31,0.733333,0.690625,0.866667,6,0.883333,0.865905
COV_BUGS,14,32,0.733333,0.703125,0.866667,6,0.883333,0.866118
COV_BUGS,14,33,0.741667,0.702500,0.883333,6,0.883333,0.864784
COV_BUGS,14,34,0.741667,0.693958,0.883333,6,0.883333,0.866476
COV_BUGS,14,35,0.733333,0.698125,0.866667,6,0.883333,0.865121
COV_BUGS,14,36,0.733333,0.700833,0.866667,6,0.883333,0.865877
COV_BUGS,14,37,0.783333,0.697083,0.866667,7,0.883333,0.865889
COV_BUGS,14,38,0.741667,0.711042,0.883333,6,0.883333,0.867242
COV_BUGS,14,39,0.741667,0.700208,0.883333,6,0.883333,0.865073
COV_BUGS,14,40,0.741667,0.687292,0.883333,6,0.883333,0.861713
COV_BUGS,14,41,0.783333,0.700208,0.866667,7,0.883333,0.865407
COV_BUGS,14,42,0.733333,0.705625,0.866667,6,0.883333,0.865156
COV_BUGS,14,43,0.775000,0.700000,0.850000,7,0.883333,0.864707
COV_BUGS,14,44,0.741667,0.699583,0.883333,6,0.883333,0.865145
COV_BUGS,14,45,0.733333,0.695833,0.866667,6,0.883333,0.864969
COV_BUGS,14,46,0.733333,0.688750,0.866667,6,0.883333,0.863576
COV_BUGS,14,47,0.775000,0.705417,0.850000,7,0.883333,0.863239
COV_BUGS,14,48,0.758333,0.709167,0.816667,7,0.883333,0.864240
COV_BUGS,14,49,0.775000,0.708125,0.850000,7,0.883333,0.864713
COV_BUGS,14,50,0.741667,0.711875,0.883333,6,0.883333,0.865897
COV_BUGS,14,51,0.741667,0.703542,0.883333,6,0.883333,0.864100
COV_BUGS,14,52,0.741667,0.709167,0.883333,6,0.883333,0.865192
COV_BUGS,14,53,0.750000,0.709583,0.800000,7,0.883333,0.865740
COV_BUGS,14,54,0.733333,0.699375,0.866667,6,0.883333,0.866070
COV_BUGS,14,55,0.766667,0.710000,0.833333,7,0.883333,0.867484
COV_BUGS,14,56,0.783333,0.706875,0.866667,7,0.883333,0.868355
COV_BUGS,14,57,0.783333,0.703750,0.866667,7,0.883333,0.867964
COV_BUGS,14,58,0.733333,0.698333,0.866667,6,0.883333,0.866597
COV_BUGS,14,59,0.741667,0.711042,0.883333,6,0.883333,0.867441
FULL,0,0,0.627767,0.489641,0.666667,5,0.816667,0.808276
FULL,0,1,0.566163,0.501785,0.766667,5,0.833333,0.818288
FULL,0,2,0.585831,0.525340,0.716667,6,0.850000,0.826162
FULL,0,3,0.593275,0.530809,0.750000,6,0.866667,0.834490
FULL,0,4,0.610320,0.546270,0.783333,6,0.866667,0.839366
FULL,0,5,0.618597,0.555246,0.800000,6,0.883333,0.842596
FULL,0,6,0.621805,0.558864,0.816667,6,0.883333,0.846725
FULL,0,7,0.622172,0.553728,0.816667,6,0.883333,0.850423
FULL,0,8,0.628812,0.552769,0.833333,6,0.883333,0.854076
FULL,0,9,0.623444,0.572605,0.816667,6,0.883333,0.857100
FULL,0,10,0.623697,0.573378,0.816667,6,0.883333,0.857676
FULL,0,11,0.629558,0.575172,0.833333,6,0.883333,0.862317
FULL,0,12,0.642994,0.578773,0.866667,6,0.883333,0.860103
FULL,0,13,0.631236,0.582406,0.833333,6,0.883333,0.863830
FULL,0,14,0.631521,0.578366,0.833333,6,0.883333,0.862730
FULL,0,15,0.625248,0.580570,0.816667,6,0.883333,0.862820
FULL,0,16,0.636326,0.580015,0.850000,6,0.883333,0.863436
FULL,0,17,0.630999,0.583326,0.833333,6,0.883333,0.863926
FULL,0,18,0.637747,0.581098,0.850000,6,0.883333,0.865125
FULL,0,19,0.631499,0.584996,0.833333,6,0.883333,0.863143
FULL,0,20,0.631429,0.585707,0.833333,6,0.883333,0.864806
FULL,0,21,0.631232,0.587985,0.833333,6,0.883333,0.863458
FULL,0,22,0.624249,0.582977,0.816667,6,0.883333,0.863364
FULL,0,23,0.636116,0.584251,0.850000,6,0.883333,0.865107
FULL,0,24,0.637344,0.584449,0.850000,6,0.883333,0.864952
FULL,0,25,0.636834,0.575740,0.850000,6,0.883333,0.864164
FULL,0,26,0.642840,0.585817,0.866667,6,0.883333,0.865566
FULL,0,27,0.635668,0.586201,0.850000,6,0.883333,0.863710
FULL,0,28,0.636079,0.589819,0.850000,6,0.883333,0.865820
FULL,0,29,0.635526,0.583131,0.850000,6,0.883333,0.862120
FULL,0,30,0.635354,0.583622,0.850000,6,0.883333,0.862054
FULL,0,31,0.641627,0.588923,0.866667,6,0.883333,0.864148
FULL,0,32,0.648661,0.599059,0.883333,6,0.883333,0.862481
FULL,0,33,0.672608,0.599953,0.850000,7,0.883333,0.861339
FULL,0,34,0.663957,0.604158,0.833333,7,0.883333,0.861687
FULL,0,35,0.649347,0.607573,0.883333,6,0.883333,0.863959
FULL,0,36,0.642947,0.595874,0.866667,6,0.883333,0.863871
FULL,0,37,0.643022,0.606987,0.866667,6,0.883333,0.864190
FULL,0,38,0.643010,0.600522,0.866667,6,0.883333,0.864951
FULL,0,39,0.641917,0.610262,0.866667,6,0.883333,0.865543
FULL,0,40,0.643043,0.600698,0.866667,6,0.883333,0.865634
FULL,0,41,0.645136,0.607109,0.866667,6,0.883333,0.867719
FULL,0,42,0.649429,0.609051,0.883333,6,0.883333,0.866792
FULL,0,43,0.642800,0.604922,0.866667,6,0.883333,0.868253
FULL,0,44,0.637799,0.598585,0.850000,6,0.883333,0.867819
FULL,0,45,0.647528,0.603296,0.883333,6,0.883333,0.866471
FULL,0,46,0.642592,0.604297,0.866667,6,0.883333,0.867131
FULL,0,47,0.643057,0.611281,0.866667,6,0.883333,0.866558
FULL,0,48,0.643282,0.609049,0.866667,6,0.883333,0.865279
FULL,0,49,0.642596,0.611229,0.866667,6,0.883333,0.867534
FULL,0,50,0.643732,0.608658,0.866667,6,0.883333,0.865682
FULL,0,51,0.642632,0.612785,0.866667,6,0.883333,0.865840
FULL,0,52,0.643038,0.614249,0.866667,6,0.883333,0.865632
FULL,0,53,0.644934,0.606438,0.866667,6,0.883333,0.867190
FULL,0,54,0.671642,0.618111,0.850000,7,0.883333,0.868686
FULL,0,55,0.642794,0.612566,0.866667,6,0.883333,0.867271
FULL,0,56,0.649468,0.610224,0.883333,6,0.883333,0.867387
FULL,0,57,0.648843,0.606485,0.883333,6,0.883333,0.867040
FULL,0,58,0.643092,0.617765,0.866667,6,0.883333,0.866487
FULL,0,59,0.648520,0.610109,0.883333,6,0.883333,0.866081
FULL,1,0,0.640171,0.497104,0.683333,5,0.816667,0.808560
FULL,1,1,0.590085,0.506874,0.733333,6,0.850000,0.820030
FULL,1,2,0.583999,0.521062,0.716667,6,0.850000,0.824790
FULL,1,3,0.583439,0.537507,0.716667,6,0.850000,0.830620
FULL,1,4,0.595687,0.535411,0.750000,6,0.850000,0.829275
FULL,1,5,0.600665,0.538839,0.766667,6,0.850000,0.830231
FULL,1,6,0.615400,0.542693,0.800000,6,0.850000,0.833554
FULL,1,7,0.620821,0.563143,0.816667,6,0.850000,0.839867
FULL,1,8,0.621350,0.564081,0.816667,6,0.866667,0.840635
FULL,1,9,0.623704,0.571545,0.816667,6,0.866667,0.842887
FULL,1,10,0.621556,0.565368,0.816667,6,0.866667,0.844774
FULL,1,11,0.623405,0.582334,0.816667,6,0.883333,0.847585
FULL,1,12,0.634222,0.574419,0.850000,6,0.883333,0.844448
FULL,1,13,0.622244,0.583508,0.816667,6,0.883333,0.847767
FULL,1,14,0.635236,0.570174,0.850000,6,0.883333,0.845887
FULL,1,15,0.622084,0.580869,0.816667,6,0.883333,0.845963
FULL,1,16,0.622835,0.582824,0.816667,6,0.883333,0.846305
FULL,1,17,0.635847,0.591077,0.850000,6,0.883333,0.847376
FULL,1,18,0.630210,0.589677,0.833333,6,0.883333,0.849870
FULL,1,19,0.629804,0.589635,0.833333,6,0.883333,0.853357
FULL,1,20,0.636303,0.595216,0.850000,6,0.883333,0.853990
FULL,1,21,0.641239,0.603231,0.866667,6,0.883333,0.854829
FULL,1,22,0.634999,0.600421,0.850000,6,0.883333,0.859308
FULL,1,23,0.643376,0.608172,0.866667,6,0.883333,0.860518
FULL,1,24,0.636481,0.602686,0.850000,6,0.883333,0.860123
FULL,1,25,0.637266,0.606918,0.850000,6,0.883333,0.861637
FULL,1,26,0.636619,0.606085,0.850000,6,0.883333,0.860105
FULL,1,27,0.637085,0.604044,0.850000,6,0.883333,0.859029
FULL,1,28,0.637150,0.614266,0.850000,6,0.883333,0.861223
FULL,1,29,0.642777,0.613516,0.866667,6,0.883333,0.859765
FULL,1,30,0.643850,0.607459,0.866667,6,0.883333,0.861800
FULL,1,31,0.641347,0.609600,0.866667,6,0.883333,0.863512
FULL,1,32,0.643346,0.619462,0.866667,6,0.883333,0.864061
FULL,1,33,0.638303,0.615155,0.850000,6,0.883333,0.864813
FULL,1,34,0.636752,0.609000,0.850000,6,0.883333,0.863012
FULL,1,35,0.643853,0.611660,0.866667,6,0.883333,0.862510
FULL,1,36,0.641911,0.613677,0.866667,6,0.883333,0.864107
FULL,1,37,0.643373,0.615009,0.866667,6,0.883333,0.864998
FULL,1,38,0.643259,0.618842,0.866667,6,0.883333,0.866221
FULL,1,39,0.642094,0.613283,0.866667,6,0.883333,0.865867
FULL,1,40,0.637060,0.606967,0.850000,6,0.883333,0.867008
FULL,1,41,0.637257,0.606643,0.850000,6,0.883333,0.865810
FULL,1,42,0.637631,0.611472,0.850000,6,0.883333,0.864197
FULL,1,43,0.636921,0.611853,0.850000,6,0.883333,0.863973
FULL,1,44,0.644061,0.615383,0.866667,6,0.883333,0.865298
FULL,1,45,0.649452,0.615551,0.883333,6,0.883333,0.865968
FULL,1,46,0.643788,0.614406,0.866667,6,0.883333,0.866554
FULL,1,47,0.642622,0.610959,0.866667,6,0.883333,0.866683
FULL,1,48,0.647311,0.612471,0.883333,6,0.883333,0.865309
FULL,1,49,0.644117,0.614330,0.866667,6,0.883333,0.866569
FULL,1,50,0.643570,0.623894,0.866667,6,0.883333,0.865309
FULL,1,51,0.643290,0.617394,0.866667,6,0.883333,0.866422
FULL,1,52,0.643560,0.617748,0.866667,6,0.883333,0.866002
FULL,1,53,0.649349,0.621931,0.883333,6,0.883333,0.866416
FULL,1,54,0.637374,0.619555,0.850000,6,0.883333,0.866254
FULL,1,55,0.648917,0.618837,0.883333,6,0.883333,0.866008
FULL,1,56,0.672615,0.616510,0.850000,7,0.883333,0.866314
FULL,1,57,0.648634,0.619496,0.883333,6,0.883333,0.867277
FULL,1,58,0.643668,0.609560,0.866667,6,0.883333,0.867460
FULL,1,59,0.643865,0.611208,0.866667,6,0.883333,0.866517
FULL,2,0,0.591111,0.504468,0.733333,6,0.833333,0.808545
FULL,2,1,0.564014,0.510888,0.766667,5,0.850000,0.820485
FULL,2,2,0.589609,0.529388,0.733333,6,0.850000,0.829233
FULL,2,3,0.588004,0.522883,0.733333,6,0.850000,0.830396
FULL,2,4,0.607310,0.543025,0.783333,6,0.850000,0.832154
FULL,2,5,0.606258,0.551667,0.766667,6,0.850000,0.837178
FULL,2,6,0.599018,0.545748,0.750000,6,0.866667,0.840641
FULL,2,7,0.616907,0.548944,0.800000,6,0.866667,0.843252
FULL,2,8,0.617229,0.550398,0.800000,6,0.866667,0.843576
FULL,2,9,0.624114,0.566107,0.816667,6,0.866667,0.846870
FULL,2,10,0.628890,0.568035,0.833333,6,0.866667,0.850654
FULL,2,11,0.621930,0.563298,0.816667,6,0.883333,0.851190
FULL,2,12,0.624021,0.580153,0.816667,6,0.883333,0.854289
FULL,2,13,0.629045,0.581612,0.833333,6,0.883333,0.853149
FULL,2,14,0.629333,0.587457,0.833333,6,0.883333,0.854046
FULL,2,15,0.623757,0.589914,0.816667,6,0.883333,0.854724
FULL,2,16,0.629767,0.588353,0.833333,6,0.883333,0.853178
FULL,2,17,0.630008,0.584220,0.833333,6,0.883333,0.854066
FULL,2,18,0.630176,0.579463,0.833333,6,0.883333,0.853482
FULL,2,19,0.634910,0.589263,0.850000,6,0.883333,0.856041
FULL,2,20,0.641583,0.590594,0.866667,6,0.883333,0.853752
FULL,2,21,0.635907,0.596143,0.850000,6,0.883333,0.856937
FULL,2,22,0.642474,0.593325,0.866667,6,0.883333,0.856441
FULL,2,23,0.634665,0.582873,0.850000,6,0.883333,0.856503
FULL,2,24,0.636463,0.598085,0.850000,6,0.883333,0.856664
FULL,2,25,0.628449,0.586782,0.833333,6,0.883333,0.854752
FULL,2,26,0.630439,0.576398,0.833333,6,0.883333,0.854963
FULL,2,27,0.646755,0.598023,0.883333,6,0.883333,0.856421
FULL,2,28,0.635732,0.579338,0.850000,6,0.883333,0.854578
FULL,2,29,0.636909,0.578352,0.850000,6,0.883333,0.860047
FULL,2,30,0.636571,0.597297,0.850000,6,0.883333,0.860773
FULL,2,31,0.641354,0.604491,0.866667,6,0.883333,0.862294
FULL,2,32,0.636976,0.598893,0.850000,6,0.883333,0.862337
FULL,2,33,0.631111,0.603650,0.833333,6,0.883333,0.862864
FULL,2,34,0.636758,0.604997,0.850000,6,0.883333,0.860190
FULL,2,35,0.631150,0.599297,0.833333,6,0.883333,0.859995
FULL,2,36,0.642679,0.596894,0.866667,6,0.883333,0.861548
FULL,2,37,0.643729,0.605942,0.866667,6,0.883333,0.863486
FULL,2,38,0.643829,0.607518,0.866667,6,0.883333,0.861716
FULL,2,39,0.637453,0.608268,0.850000,6,0.883333,0.860907
FULL,2,40,0.643217,0.600748,0.866667,6,0.883333,0.861102
FULL,2,41,0.637117,0.606199,0.850000,6,0.883333,0.861675
FULL,2,42,0.636752,0.608312,0.850000,6,0.883333,0.861163
FULL,2,43,0.636850,0.610986,0.850000,6,0.883333,0.862701
FULL,2,44,0.636458,0.603653,0.850000,6,0.883333,0.861556
FULL,2,45,0.638006,0.599113,0.850000,6,0.883333,0.862169
FULL,2,46,0.636874,0.599578,0.850000,6,0.883333,0.862214
FULL,2,47,0.636867,0.610204,0.850000,6,0.883333,0.863645
FULL,2,48,0.637330,0.615318,0.850000,6,0.883333,0.863064
FULL,2,49,0.637164,0.613778,0.850000,6,0.883333,0.862731
FULL,2,50,0.632915,0.606914,0.850000,6,0.883333,0.862596
FULL,2,51,0.642778,0.602623,0.866667,6,0.883333,0.862871
FULL,2,52,0.636223,0.610833,0.850000,6,0.883333,0.863660
FULL,2,53,0.643279,0.615792,0.866667,6,0.883333,0.864000
FULL,2,54,0.643286,0.613913,0.866667,6,0.883333,0.864734
FULL,2,55,0.643927,0.614734,0.866667,6,0.883333,0.865022
FULL,2,56,0.642175,0.616245,0.866667,6,0.883333,0.865370
FULL,2,57,0.642349,0.612407,0.866667,6,0.883333,0.865795
FULL,2,58,0.642369,0.618887,0.866667,6,0.883333,0.867272
FULL,2,59,0.642761,0.617295,0.866667,6,0.883333,0.868876
FULL,3,0,0.593546,0.485850,0.666667,4,0.833333,0.811415
FULL,3,1,0.564669,0.495430,0.750000,5,0.850000,0.823423
FULL,3,2,0.579750,0.514686,0.800000,5,0.850000,0.836467
FULL,3,3,0.573953,0.530492,0.783333,5,0.850000,0.846118
FULL,3,4,0.611434,0.553708,0.783333,6,0.883333,0.848231
FULL,3,5,0.598343,0.552998,0.750000,6,0.883333,0.849540
FULL,3,6,0.617693,0.555766,0.800000,6,0.883333,0.851467
FULL,3,7,0.623974,0.563735,0.816667,6,0.883333,0.853974
FULL,3,8,0.584020,0.558435,0.800000,5,0.883333,0.853918
FULL,3,9,0.624366,0.563359,0.816667,6,0.883333,0.855632
FULL,3,10,0.622358,0.564201,0.816667,6,0.883333,0.859958
FULL,3,11,0.630118,0.562736,0.833333,6,0.883333,0.858037
FULL,3,12,0.623548,0.563615,0.816667,6,0.883333,0.857767
FULL,3,13,0.630586,0.574551,0.833333,6,0.883333,0.861103
FULL,3,14,0.630376,0.587846,0.833333,6,0.883333,0.862956
FULL,3,15,0.636702,0.577643,0.850000,6,0.883333,0.859031
FULL,3,16,0.635132,0.589475,0.850000,6,0.883333,0.862085
FULL,3,17,0.630227,0.582138,0.833333,6,0.883333,0.863116
FULL,3,18,0.641750,0.585460,0.866667,6,0.883333,0.862819
FULL,3,19,0.636063,0.590504,0.850000,6,0.883333,0.861774
FULL,3,20,0.642569,0.596531,0.866667,6,0.883333,0.861657
FULL,3,21,0.636095,0.579945,0.850000,6,0.883333,0.861109
FULL,3,22,0.642996,0.582092,0.866667,6,0.883333,0.862018
FULL,3,23,0.631933,0.590038,0.833333,6,0.883333,0.864962
FULL,3,24,0.642741,0.592588,0.866667,6,0.883333,0.866158
FULL,3,25,0.642605,0.600830,0.866667,6,0.883333,0.866040
FULL,3,26,0.643755,0.597862,0.866667,6,0.883333,0.864331
FULL,3,27,0.643602,0.599362,0.866667,6,0.883333,0.863788
FULL,3,28,0.636770,0.600960,0.850000,6,0.883333,0.866108
FULL,3,29,0.637730,0.599975,0.850000,6,0.883333,0.868276
FULL,3,30,0.648691,0.596715,0.883333,6,0.883333,0.867326
FULL,3,31,0.631410,0.600079,0.833333,6,0.883333,0.867413
FULL,3,32,0.646569,0.600321,0.783333,7,0.883333,0.867143
FULL,3,33,0.672023,0.609548,0.850000,7,0.883333,0.867234
FULL,3,34,0.644013,0.602404,0.866667,6,0.883333,0.867317
FULL,3,35,0.643845,0.604655,0.866667,6,0.883333,0.867339
FULL,3,36,0.644259,0.606996,0.866667,6,0.883333,0.870601
FULL,3,37,0.649431,0.611919,0.883333,6,0.883333,0.870428
FULL,3,38,0.648973,0.612094,0.883333,6,0.883333,0.870258
FULL,3,39,0.645230,0.609571,0.866667,6,0.883333,0.870067
FULL,3,40,0.644736,0.607068,0.866667,6,0.883333,0.870676
FULL,3,41,0.644617,0.600827,0.866667,6,0.883333,0.870471
FULL,3,42,0.644221,0.615637,0.866667,6,0.883333,0.871071
FULL,3,43,0.644328,0.611964,0.866667,6,0.883333,0.872395
FULL,3,44,0.645046,0.599786,0.866667,6,0.883333,0.870797
FULL,3,45,0.648981,0.611795,0.883333,6,0.883333,0.872520
FULL,3,46,0.649930,0.613468,0.883333,6,0.883333,0.873056
FULL,3,47,0.648513,0.620876,0.883333,6,0.883333,0.872070
FULL,3,48,0.650046,0.611347,0.883333,6,0.883333,0.872007
FULL,3,49,0.650290,0.618979,0.883333,6,0.883333,0.872989
FULL,3,50,0.679032,0.622777,0.866667,7,0.883333,0.873776
FULL,3,51,0.649774,0.616834,0.883333,6,0.883333,0.872599
FULL,3,52,0.650112,0.618342,0.883333,6,0.883333,0.874820
FULL,3,53,0.644179,0.615854,0.866667,6,0.883333,0.874903
FULL,3,54,0.644744,0.619118,0.866667,6,0.883333,0.874496
FULL,3,55,0.647982,0.618799,0.883333,6,0.883333,0.873936
FULL,3,56,0.650689,0.623919,0.883333,6,0.883333,0.873635
FULL,3,57,0.678230,0.611355,0.866667,7,0.883333,0.872699
FULL,3,58,0.648912,0.621141,0.883333,6,0.883333,0.871360
FULL,3,59,0.650687,0.625053,0.883333,6,0.883333,0.870658
FULL,4,0,0.572749,0.487965,0.733333,5,0.833333,0.805662
FULL,4,1,0.556382,0.509284,0.733333,5,0.850000,0.816302
FULL,4,2,0.593332,0.522783,0.750000,6,0.850000,0.823127
FULL,4,3,0.610449,0.539669,0.783333,6,0.850000,0.834843
FULL,4,4,0.591416,0.547491,0.733333,6,0.850000,0.842344
FULL,4,5,0.603790,0.550464,0.766667,6,0.850000,0.846988
FULL,4,6,0.592547,0.552062,0.733333,6,0.850000,0.846684
FULL,4,7,0.603688,0.553579,0.766667,6,0.850000,0.846211
FULL,4,8,0.603371,0.556105,0.766667,6,0.866667,0.844179
FULL,4,9,0.611505,0.558321,0.783333,6,0.866667,0.840417
FULL,4,10,0.624952,0.558223,0.816667,6,0.883333,0.845800
FULL,4,11,0.622653,0.568184,0.816667,6,0.883333,0.848000
FULL,4,12,0.618701,0.568424,0.800000,6,0.883333,0.849107
FULL,4,13,0.610065,0.566344,0.783333,6,0.883333,0.851717
FULL,4,14,0.621821,0.572542,0.816667,6,0.883333,0.850704
FULL,4,15,0.622100,0.567635,0.816667,6,0.883333,0.850308
FULL,4,16,0.630818,0.586364,0.833333,6,0.883333,0.855215
FULL,4,17,0.636586,0.582793,0.850000,6,0.883333,0.856567
FULL,4,18,0.624952,0.586904,0.816667,6,0.883333,0.859052
FULL,4,19,0.627365,0.584095,0.833333,6,0.883333,0.859117
FULL,4,20,0.631065,0.580959,0.833333,6,0.883333,0.860369
FULL,4,21,0.630107,0.576490,0.833333,6,0.883333,0.858564
FULL,4,22,0.629916,0.591825,0.833333,6,0.883333,0.858452
FULL,4,23,0.635977,0.589833,0.850000,6,0.883333,0.859430
FULL,4,24,0.630859,0.585217,0.833333,6,0.883333,0.861275
FULL,4,25,0.625371,0.582258,0.816667,6,0.883333,0.861336
FULL,4,26,0.637656,0.585228,0.850000,6,0.883333,0.860361
FULL,4,27,0.641798,0.589399,0.866667,6,0.883333,0.863324
FULL,4,28,0.637355,0.599751,0.850000,6,0.883333,0.864572
FULL,4,29,0.636504,0.589979,0.850000,6,0.883333,0.862761
FULL,4,30,0.636320,0.596221,0.850000,6,0.883333,0.863231
FULL,4,31,0.636065,0.584263,0.850000,6,0.883333,0.865379
FULL,4,32,0.639061,0.599628,0.850000,6,0.883333,0.867414
FULL,4,33,0.638636,0.599740,0.850000,6,0.883333,0.866759
FULL,4,34,0.633791,0.587886,0.850000,6,0.883333,0.868522
FULL,4,35,0.643181,0.592927,0.866667,6,0.883333,0.865799
FULL,4,36,0.637548,0.598926,0.850000,6,0.883333,0.867257
FULL,4,37,0.644397,0.604711,0.866667,6,0.883333,0.867712
FULL,4,38,0.643305,0.602679,0.866667,6,0.883333,0.867085
FULL,4,39,0.641628,0.604248,0.866667,6,0.883333,0.868392
FULL,4,40,0.644415,0.613593,0.866667,6,0.883333,0.870999
FULL,4,41,0.643805,0.605768,0.866667,6,0.883333,0.868681
FULL,4,42,0.643288,0.600390,0.866667,6,0.883333,0.869159
FULL,4,43,0.643514,0.605887,0.866667,6,0.883333,0.869651
FULL,4,44,0.638035,0.608011,0.850000,6,0.883333,0.869458
FULL,4,45,0.642970,0.607340,0.866667,6,0.883333,0.869417
FULL,4,46,0.642113,0.603618,0.866667,6,0.883333,0.868558
FULL,4,47,0.643625,0.611064,0.866667,6,0.883333,0.869348
FULL,4,48,0.643288,0.607324,0.866667,6,0.883333,0.868052
FULL,4,49,0.643386,0.619574,0.866667,6,0.883333,0.870630
FULL,4,50,0.644205,0.605917,0.866667,6,0.883333,0.867815
FULL,4,51,0.644175,0.616631,0.866667,6,0.883333,0.870616
FULL,4,52,0.643698,0.613420,0.866667,6,0.883333,0.871101
FULL,4,53,0.638096,0.601964,0.850000,6,0.883333,0.870290
FULL,4,54,0.644105,0.611604,0.866667,6,0.883333,0.870189
FULL,4,55,0.644669,0.622309,0.866667,6,0.883333,0.871110
FULL,4,56,0.643411,0.617593,0.866667,6,0.883333,0.869989
FULL,4,57,0.643681,0.617246,0.866667,6,0.883333,0.871787
FULL,4,58,0.638523,0.616701,0.850000,6,0.883333,0.870780
FULL,4,59,0.643812,0.619408,0.866667,6,0.883333,0.869968
FULL,5,0,0.615625,0.501999,0.783333,6,0.850000,0.808178
FULL,5,1,0.562362,0.499033,0.750000,5,0.850000,0.820784
FULL,5,2,0.586107,0.521552,0.816667,5,0.866667,0.830626
FULL,5,3,0.603128,0.525089,0.766667,6,0.866667,0.834812
FULL,5,4,0.628074,0.553742,0.833333,6,0.883333,0.841896
FULL,5,5,0.622725,0.562542,0.816667,6,0.883333,0.846832
FULL,5,6,0.622460,0.568841,0.816667,6,0.883333,0.848982
FULL,5,7,0.628903,0.573300,0.833333,6,0.883333,0.850373
FULL,5,8,0.624018,0.567816,0.816667,6,0.883333,0.851055
FULL,5,9,0.624093,0.568307,0.816667,6,0.883333,0.852652
FULL,5,10,0.622752,0.573147,0.816667,6,0.883333,0.855033
FULL,5,11,0.629432,0.583067,0.833333,6,0.883333,0.855191
FULL,5,12,0.623021,0.577588,0.816667,6,0.883333,0.856925
FULL,5,13,0.630041,0.573563,0.833333,6,0.883333,0.854821
FULL,5,14,0.617002,0.571936,0.800000,6,0.883333,0.854107
FULL,5,15,0.618065,0.578327,0.800000,6,0.883333,0.856716
FULL,5,16,0.630890,0.585743,0.833333,6,0.883333,0.856652
FULL,5,17,0.630935,0.587812,0.833333,6,0.883333,0.857914
FULL,5,18,0.637607,0.581346,0.850000,6,0.883333,0.857864
FULL,5,19,0.630976,0.587175,0.833333,6,0.883333,0.858132
FULL,5,20,0.635864,0.590598,0.850000,6,0.883333,0.860897
FULL,5,21,0.636063,0.590460,0.850000,6,0.883333,0.860112
FULL,5,22,0.629988,0.587127,0.833333,6,0.883333,0.859684
FULL,5,23,0.635678,0.595616,0.850000,6,0.883333,0.863138
FULL,5,24,0.642767,0.600000,0.866667,6,0.883333,0.863583
FULL,5,25,0.635873,0.599888,0.850000,6,0.883333,0.862004
FULL,5,26,0.642757,0.601288,0.866667,6,0.883333,0.861237
FULL,5,27,0.642455,0.605765,0.866667,6,0.883333,0.861179
FULL,5,28,0.642750,0.615733,0.866667,6,0.883333,0.861403
FULL,5,29,0.642338,0.608231,0.866667,6,0.883333,0.860809
FULL,5,30,0.642556,0.611441,0.866667,6,0.883333,0.862328
FULL,5,31,0.640988,0.609425,0.866667,6,0.883333,0.861517
FULL,5,32,0.637537,0.612274,0.850000,6,0.883333,0.861335
FULL,5,33,0.648743,0.617635,0.883333,6,0.883333,0.864492
FULL,5,34,0.642191,0.618920,0.866667,6,0.883333,0.860770
FULL,5,35,0.637990,0.613626,0.850000,6,0.883333,0.862405
FULL,5,36,0.642886,0.611631,0.866667,6,0.883333,0.862449
FULL,5,37,0.637012,0.609026,0.850000,6,0.883333,0.860524
FULL,5,38,0.643066,0.621151,0.866667,6,0.883333,0.864356
FULL,5,39,0.635789,0.612117,0.850000,6,0.883333,0.861002
FULL,5,40,0.636626,0.621631,0.850000,6,0.883333,0.861833
FULL,5,41,0.637920,0.619810,0.850000,6,0.883333,0.862688
FULL,5,42,0.642381,0.615376,0.866667,6,0.883333,0.862189
FULL,5,43,0.643925,0.615890,0.866667,6,0.883333,0.864534
FULL,5,44,0.642412,0.620664,0.866667,6,0.883333,0.865014
FULL,5,45,0.643460,0.622078,0.866667,6,0.883333,0.863953
FULL,5,46,0.648975,0.619681,0.883333,6,0.883333,0.865368
FULL,5,47,0.643232,0.625400,0.866667,6,0.883333,0.865031
FULL,5,48,0.643036,0.620660,0.866667,6,0.883333,0.865126
FULL,5,49,0.649746,0.623161,0.883333,6,0.883333,0.866737
FULL,5,50,0.644833,0.631254,0.866667,6,0.883333,0.869705
FULL,5,51,0.644459,0.627239,0.866667,6,0.883333,0.868565
FULL,5,52,0.643293,0.608942,0.866667,6,0.883333,0.868486
FULL,5,53,0.644039,0.623533,0.866667,6,0.883333,0.870296
FULL,5,54,0.643918,0.623622,0.866667,6,0.883333,0.870611
FULL,5,55,0.644933,0.620789,0.866667,6,0.883333,0.870667
FULL,5,56,0.645148,0.624812,0.866667,6,0.883333,0.869466
FULL,5,57,0.644941,0.625197,0.866667,6,0.883333,0.870450
FULL,5,58,0.645422,0.620028,0.866667,6,0.883333,0.872352
FULL,5,59,0.643578,0.623638,0.866667,6,0.883333,0.871456
FULL,6,0,0.579212,0.500256,0.650000,4,0.833333,0.811884
FULL,6,1,0.590963,0.503835,0.733333,6,0.850000,0.818659
FULL,6,2,0.590169,0.516941,0.733333,6,0.850000,0.821802
FULL,6,3,0.597571,0.538021,0.750000,6,0.850000,0.829850
FULL,6,4,0.603834,0.538460,0.766667,6,0.850000,0.831261
FULL,6,5,0.592626,0.545374,0.733333,6,0.850000,0.835986
FULL,6,6,0.610122,0.560525,0.783333,6,0.866667,0.840678
FULL,6,7,0.617730,0.551494,0.800000,6,0.866667,0.842380
FULL,6,8,0.616647,0.557090,0.800000,6,0.866667,0.844397
FULL,6,9,0.618421,0.559926,0.800000,6,0.866667,0.846766
FULL,6,10,0.629979,0.573447,0.833333,6,0.866667,0.851390
FULL,6,11,0.618738,0.565378,0.800000,6,0.883333,0.855455
FULL,6,12,0.630985,0.581486,0.833333,6,0.883333,0.857137
FULL,6,13,0.629636,0.577290,0.833333,6,0.883333,0.857948
FULL,6,14,0.625220,0.578149,0.816667,6,0.883333,0.857945
FULL,6,15,0.630834,0.582718,0.833333,6,0.883333,0.858899
FULL,6,16,0.637144,0.584380,0.850000,6,0.883333,0.857144
FULL,6,17,0.636806,0.581248,0.850000,6,0.883333,0.856185
FULL,6,18,0.635882,0.591304,0.850000,6,0.883333,0.857799
FULL,6,19,0.630735,0.574705,0.833333,6,0.883333,0.856377
FULL,6,20,0.635842,0.591715,0.850000,6,0.883333,0.856601
FULL,6,21,0.633604,0.596220,0.850000,6,0.883333,0.855372
FULL,6,22,0.635083,0.594358,0.850000,6,0.883333,0.859310
FULL,6,23,0.637954,0.596295,0.850000,6,0.883333,0.858980
FULL,6,24,0.636851,0.601473,0.850000,6,0.883333,0.863224
FULL,6,25,0.635789,0.603303,0.850000,6,0.883333,0.863946
FULL,6,26,0.636765,0.603088,0.850000,6,0.883333,0.864894
FULL,6,27,0.636437,0.606780,0.850000,6,0.883333,0.863156
FULL,6,28,0.643136,0.608997,0.866667,6,0.883333,0.863731
FULL,6,29,0.636807,0.603862,0.850000,6,0.883333,0.863041
FULL,6,30,0.642874,0.599952,0.866667,6,0.883333,0.862996
FULL,6,31,0.637425,0.595054,0.850000,6,0.883333,0.863043
FULL,6,32,0.637151,0.609493,0.850000,6,0.883333,0.864104
FULL,6,33,0.643612,0.599300,0.866667,6,0.883333,0.864735
FULL,6,34,0.643033,0.597426,0.866667,6,0.883333,0.864386
FULL,6,35,0.643758,0.610246,0.866667,6,0.883333,0.866128
FULL,6,36,0.641802,0.616818,0.866667,6,0.900000,0.866099
FULL,6,37,0.643493,0.604975,0.866667,6,0.900000,0.867246
FULL,6,38,0.637756,0.610527,0.850000,6,0.900000,0.865674
FULL,6,39,0.643697,0.615908,0.866667,6,0.900000,0.864644
FULL,6,40,0.643759,0.615476,0.866667,6,0.900000,0.866977
FULL,6,41,0.643097,0.606179,0.866667,6,0.900000,0.866114
FULL,6,42,0.643165,0.614973,0.866667,6,0.900000,0.864214
FULL,6,43,0.665483,0.619945,0.833333,7,0.900000,0.866940
FULL,6,44,0.642659,0.608814,0.866667,6,0.900000,0.865607
FULL,6,45,0.642510,0.616692,0.866667,6,0.900000,0.865354
FULL,6,46,0.644123,0.609337,0.866667,6,0.900000,0.864742
FULL,6,47,0.644205,0.616908,0.866667,6,0.900000,0.867531
FULL,6,48,0.638213,0.617540,0.850000,6,0.900000,0.867481
FULL,6,49,0.666627,0.623452,0.833333,7,0.900000,0.868269
FULL,6,50,0.677348,0.624141,0.866667,7,0.900000,0.869806
FULL,6,51,0.644184,0.608743,0.866667,6,0.900000,0.869116
FULL,6,52,0.645202,0.627010,0.866667,6,0.900000,0.870109
FULL,6,53,0.644275,0.625385,0.866667,6,0.900000,0.872237
FULL,6,54,0.644296,0.619006,0.866667,6,0.900000,0.870986
FULL,6,55,0.644560,0.618350,0.866667,6,0.900000,0.872857
FULL,6,56,0.644391,0.621161,0.866667,6,0.900000,0.872422
FULL,6,57,0.649091,0.626922,0.883333,6,0.900000,0.874040
FULL,6,58,0.673396,0.627922,0.850000,7,0.900000,0.874088
FULL,6,59,0.642817,0.622955,0.866667,6,0.900000,0.872761
FULL,7,0,0.646781,0.490510,0.700000,5,0.833333,0.805381
FULL,7,1,0.591030,0.514370,0.733333,6,0.850000,0.818025
FULL,7,2,0.578384,0.530231,0.700000,6,0.850000,0.825115
FULL,7,3,0.588954,0.536103,0.733333,6,0.850000,0.828993
FULL,7,4,0.603407,0.539323,0.766667,6,0.850000,0.832613
FULL,7,5,0.590661,0.534653,0.733333,6,0.866667,0.829646
FULL,7,6,0.610833,0.547089,0.783333,6,0.866667,0.837946
FULL,7,7,0.604639,0.552735,0.766667,6,0.866667,0.841588
FULL,7,8,0.598841,0.555690,0.750000,6,0.866667,0.845792
FULL,7,9,0.622907,0.565787,0.816667,6,0.866667,0.847875
FULL,7,10,0.622445,0.569264,0.816667,6,0.866667,0.850011
FULL,7,11,0.628189,0.564101,0.833333,6,0.866667,0.850544
FULL,7,12,0.618116,0.576322,0.800000,6,0.883333,0.854713
FULL,7,13,0.629067,0.563844,0.833333,6,0.883333,0.853827
FULL,7,14,0.622016,0.571054,0.816667,6,0.883333,0.853024
FULL,7,15,0.622059,0.572724,0.816667,6,0.883333,0.853269
FULL,7,16,0.624620,0.563867,0.816667,6,0.883333,0.852233
FULL,7,17,0.624929,0.575435,0.816667,6,0.883333,0.854225
FULL,7,18,0.628166,0.575795,0.833333,6,0.883333,0.858685
FULL,7,19,0.630561,0.580998,0.833333,6,0.883333,0.858795
FULL,7,20,0.630041,0.591178,0.833333,6,0.883333,0.860535
FULL,7,21,0.631593,0.585234,0.833333,6,0.883333,0.862087
FULL,7,22,0.630148,0.585915,0.833333,6,0.883333,0.861429
FULL,7,23,0.629767,0.583763,0.833333,6,0.883333,0.862979
FULL,7,24,0.630106,0.589228,0.833333,6,0.883333,0.860846
FULL,7,25,0.631278,0.593343,0.833333,6,0.883333,0.862229
FULL,7,26,0.631326,0.601297,0.833333,6,0.883333,0.863937
FULL,7,27,0.636035,0.592684,0.850000,6,0.883333,0.863688
FULL,7,28,0.635550,0.594629,0.850000,6,0.883333,0.864186
FULL,7,29,0.636861,0.600837,0.850000,6,0.883333,0.863201
FULL,7,30,0.675631,0.596747,0.866667,7,0.883333,0.862990
FULL,7,31,0.637036,0.602013,0.850000,6,0.883333,0.862795
FULL,7,32,0.641736,0.601413,0.866667,6,0.883333,0.862789
FULL,7,33,0.636329,0.600870,0.850000,6,0.883333,0.863512
FULL,7,34,0.643084,0.606240,0.866667,6,0.883333,0.864131
FULL,7,35,0.636746,0.609772,0.850000,6,0.883333,0.865646
FULL,7,36,0.637133,0.611822,0.850000,6,0.883333,0.864674
FULL,7,37,0.636987,0.605053,0.850000,6,0.883333,0.867081
FULL,7,38,0.637679,0.607005,0.850000,6,0.883333,0.865424
FULL,7,39,0.642721,0.617690,0.866667,6,0.883333,0.865630
FULL,7,40,0.643447,0.608914,0.866667,6,0.883333,0.865698
FULL,7,41,0.638441,0.609303,0.850000,6,0.883333,0.864710
FULL,7,42,0.643742,0.608038,0.866667,6,0.883333,0.865035
FULL,7,43,0.642914,0.618726,0.866667,6,0.883333,0.866491
FULL,7,44,0.642946,0.610802,0.866667,6,0.883333,0.866221
FULL,7,45,0.644252,0.617350,0.866667,6,0.883333,0.866284
FULL,7,46,0.637416,0.617071,0.850000,6,0.883333,0.866699
FULL,7,47,0.643713,0.622539,0.866667,6,0.883333,0.868443
FULL,7,48,0.644284,0.617927,0.866667,6,0.883333,0.868329
FULL,7,49,0.643209,0.625923,0.866667,6,0.883333,0.868350
FULL,7,50,0.643422,0.625285,0.866667,6,0.883333,0.868955
FULL,7,51,0.673225,0.620366,0.850000,7,0.883333,0.869560
FULL,7,52,0.653770,0.621842,0.800000,7,0.883333,0.869148
FULL,7,53,0.643792,0.617534,0.866667,6,0.883333,0.868381
FULL,7,54,0.638846,0.624101,0.850000,6,0.883333,0.869744
FULL,7,55,0.642049,0.622183,0.866667,6,0.883333,0.868961
FULL,7,56,0.644474,0.623694,0.866667,6,0.883333,0.869772
FULL,7,57,0.667425,0.621169,0.833333,7,0.883333,0.869096
FULL,7,58,0.639407,0.627516,0.850000,6,0.883333,0.870467
FULL,7,59,0.643564,0.622278,0.866667,6,0.883333,0.871804
FULL,8,0,0.600090,0.510387,0.750000,6,0.866667,0.809981
FULL,8,1,0.564959,0.501914,0.766667,5,0.866667,0.817731
FULL,8,2,0.602175,0.513352,0.783333,6,0.866667,0.815557
FULL,8,3,0.564118,0.517620,0.750000,5,0.866667,0.821825
FULL,8,4,0.592051,0.524565,0.750000,6,0.866667,0.823672
FULL,8,5,0.591956,0.540193,0.733333,6,0.866667,0.832080
FULL,8,6,0.610768,0.553735,0.783333,6,0.866667,0.838765
FULL,8,7,0.610334,0.548049,0.783333,6,0.866667,0.840320
FULL,8,8,0.622644,0.557346,0.816667,6,0.883333,0.842597
FULL,8,9,0.611771,0.558778,0.783333,6,0.883333,0.845079
FULL,8,10,0.612147,0.565822,0.783333,6,0.883333,0.848404
FULL,8,11,0.617642,0.562225,0.800000,6,0.883333,0.848423
FULL,8,12,0.621731,0.571675,0.816667,6,0.883333,0.850357
FULL,8,13,0.634816,0.569062,0.850000,6,0.883333,0.849591
FULL,8,14,0.635691,0.572038,0.850000,6,0.883333,0.851263
FULL,8,15,0.623788,0.578123,0.816667,6,0.883333,0.854708
FULL,8,16,0.618536,0.574773,0.800000,6,0.883333,0.853495
FULL,8,17,0.624299,0.582718,0.816667,6,0.883333,0.855977
FULL,8,18,0.624529,0.590375,0.816667,6,0.883333,0.857248
FULL,8,19,0.625346,0.580837,0.816667,6,0.883333,0.855598
FULL,8,20,0.628477,0.579932,0.833333,6,0.883333,0.858416
FULL,8,21,0.635888,0.581949,0.850000,6,0.883333,0.860089
FULL,8,22,0.630398,0.589247,0.833333,6,0.883333,0.859248
FULL,8,23,0.631130,0.580619,0.833333,6,0.883333,0.858496
FULL,8,24,0.630800,0.587342,0.833333,6,0.883333,0.860454
FULL,8,25,0.637618,0.581524,0.850000,6,0.883333,0.860814
FULL,8,26,0.631301,0.595594,0.833333,6,0.883333,0.861194
FULL,8,27,0.637467,0.599359,0.850000,6,0.883333,0.863251
FULL,8,28,0.637209,0.596478,0.850000,6,0.883333,0.864106
FULL,8,29,0.631748,0.585889,0.833333,6,0.883333,0.864295
FULL,8,30,0.636198,0.585653,0.850000,6,0.883333,0.862588
FULL,8,31,0.630985,0.586308,0.833333,6,0.883333,0.863218
FULL,8,32,0.635755,0.594409,0.850000,6,0.883333,0.862884
FULL,8,33,0.631887,0.587701,0.833333,6,0.883333,0.864628
FULL,8,34,0.636495,0.593549,0.850000,6,0.883333,0.864786
FULL,8,35,0.637113,0.583534,0.850000,6,0.883333,0.862868
FULL,8,36,0.631946,0.602652,0.833333,6,0.883333,0.863231
FULL,8,37,0.637204,0.601047,0.850000,6,0.883333,0.865495
FULL,8,38,0.636996,0.598138,0.850000,6,0.883333,0.864133
FULL,8,39,0.638073,0.602664,0.850000,6,0.883333,0.864178
FULL,8,40,0.631497,0.600293,0.833333,6,0.883333,0.864424
FULL,8,41,0.630914,0.600096,0.833333,6,0.883333,0.864420
FULL,8,42,0.636894,0.595379,0.850000,6,0.883333,0.861230
FULL,8,43,0.636995,0.601460,0.850000,6,0.883333,0.865467
FULL,8,44,0.638001,0.598263,0.850000,6,0.883333,0.867249
FULL,8,45,0.643391,0.596763,0.866667,6,0.883333,0.865507
FULL,8,46,0.637596,0.605718,0.850000,6,0.883333,0.865110
FULL,8,47,0.635949,0.606772,0.850000,6,0.883333,0.866992
FULL,8,48,0.643261,0.607569,0.866667,6,0.883333,0.866542
FULL,8,49,0.643379,0.611348,0.866667,6,0.883333,0.866478
FULL,8,50,0.637935,0.612612,0.850000,6,0.883333,0.866804
FULL,8,51,0.638867,0.608169,0.850000,6,0.883333,0.867651
FULL,8,52,0.637837,0.603898,0.850000,6,0.883333,0.867882
FULL,8,53,0.642884,0.612289,0.866667,6,0.883333,0.868842
FULL,8,54,0.643122,0.616867,0.866667,6,0.883333,0.869258
FULL,8,55,0.638553,0.609984,0.850000,6,0.883333,0.869799
FULL,8,56,0.643462,0.600066,0.866667,6,0.883333,0.869372
FULL,8,57,0.644248,0.612682,0.866667,6,0.883333,0.871401
FULL,8,58,0.644015,0.616307,0.866667,6,0.883333,0.871224
FULL,8,59,0.642970,0.613719,0.866667,6,0.883333,0.871705
FULL,9,0,0.577607,0.501390,0.716667,6,0.850000,0.813750
FULL,9,1,0.593304,0.500149,0.750000,6,0.850000,0.814098
FULL,9,2,0.582371,0.507581,0.716667,6,0.866667,0.816673
FULL,9,3,0.583679,0.516954,0.716667,6,0.866667,0.819002
FULL,9,4,0.560698,0.514506,0.750000,5,0.866667,0.821876
FULL,9,5,0.597162,0.530384,0.750000,6,0.866667,0.823323
FULL,9,6,0.587654,0.538549,0.733333,6,0.866667,0.828681
FULL,9,7,0.594384,0.523924,0.750000,6,0.866667,0.824412
FULL,9,8,0.614537,0.547991,0.800000,6,0.866667,0.832538
FULL,9,9,0.609474,0.547524,0.783333,6,0.866667,0.835813
FULL,9,10,0.615672,0.551978,0.800000,6,0.866667,0.835444
FULL,9,11,0.615279,0.548609,0.800000,6,0.866667,0.839376
FULL,9,12,0.623028,0.561034,0.816667,6,0.866667,0.841211
FULL,9,13,0.610303,0.554687,0.783333,6,0.866667,0.838233
FULL,9,14,0.615453,0.557408,0.800000,6,0.866667,0.838800
FULL,9,15,0.616092,0.554282,0.800000,6,0.866667,0.842068
FULL,9,16,0.608893,0.554250,0.783333,6,0.866667,0.840241
FULL,9,17,0.610414,0.570522,0.783333,6,0.866667,0.842572
FULL,9,18,0.622659,0.581879,0.816667,6,0.866667,0.843424
FULL,9,19,0.623992,0.563698,0.816667,6,0.866667,0.839474
FULL,9,20,0.630700,0.573135,0.833333,6,0.866667,0.842740
FULL,9,21,0.628003,0.581143,0.833333,6,0.866667,0.845992
FULL,9,22,0.623638,0.575248,0.816667,6,0.883333,0.846371
FULL,9,23,0.617839,0.571618,0.800000,6,0.883333,0.848973
FULL,9,24,0.635413,0.575978,0.850000,6,0.883333,0.851222
FULL,9,25,0.628585,0.580909,0.833333,6,0.883333,0.850909
FULL,9,26,0.629814,0.582807,0.833333,6,0.883333,0.853830
FULL,9,27,0.630189,0.579263,0.833333,6,0.883333,0.856607
FULL,9,28,0.635945,0.584545,0.850000,6,0.883333,0.856190
FULL,9,29,0.634229,0.591435,0.850000,6,0.883333,0.856156
FULL,9,30,0.630627,0.586394,0.833333,6,0.883333,0.857648
FULL,9,31,0.628670,0.588846,0.833333,6,0.883333,0.858784
FULL,9,32,0.637202,0.589558,0.850000,6,0.883333,0.856658
FULL,9,33,0.635507,0.585177,0.850000,6,0.883333,0.855309
FULL,9,34,0.629661,0.595242,0.833333,6,0.883333,0.859059
FULL,9,35,0.636309,0.596927,0.850000,6,0.883333,0.856694
FULL,9,36,0.641034,0.594464,0.866667,6,0.883333,0.857564
FULL,9,37,0.641855,0.605207,0.866667,6,0.883333,0.860916
FULL,9,38,0.634470,0.604229,0.850000,6,0.883333,0.862063
FULL,9,39,0.658524,0.607540,0.816667,7,0.883333,0.862079
FULL,9,40,0.637216,0.599380,0.850000,6,0.883333,0.861496
FULL,9,41,0.637243,0.605087,0.850000,6,0.883333,0.863068
FULL,9,42,0.638452,0.601090,0.850000,6,0.883333,0.862401
FULL,9,43,0.643147,0.600973,0.866667,6,0.883333,0.864434
FULL,9,44,0.658282,0.604451,0.816667,7,0.883333,0.862719
FULL,9,45,0.637511,0.606743,0.850000,6,0.883333,0.864171
FULL,9,46,0.638066,0.601834,0.850000,6,0.883333,0.862285
FULL,9,47,0.642589,0.608456,0.866667,6,0.883333,0.864929
FULL,9,48,0.637654,0.606610,0.850000,6,0.883333,0.865716
FULL,9,49,0.642410,0.614977,0.866667,6,0.883333,0.865253
FULL,9,50,0.642796,0.613244,0.866667,6,0.883333,0.865428
FULL,9,51,0.638521,0.611803,0.850000,6,0.883333,0.866952
FULL,9,52,0.644021,0.618544,0.866667,6,0.883333,0.866685
FULL,9,53,0.643442,0.615786,0.866667,6,0.883333,0.867081
FULL,9,54,0.638140,0.601970,0.850000,6,0.883333,0.866896
FULL,9,55,0.649745,0.618214,0.883333,6,0.883333,0.866890
FULL,9,56,0.649593,0.620690,0.883333,6,0.883333,0.866192
FULL,9,57,0.642930,0.617884,0.866667,6,0.883333,0.865191
FULL,9,58,0.643720,0.614576,0.866667,6,0.883333,0.868158
FULL,9,59,0.642423,0.614546,0.866667,6,0.883333,0.865412
FULL,10,0,0.591745,0.497436,0.666667,4,0.850000,0.806936
FULL,10,1,0.568440,0.494701,0.683333,6,0.850000,0.810425
FULL,10,2,0.570910,0.503772,0.700000,6,0.850000,0.819023
FULL,10,3,0.589507,0.515847,0.733333,6,0.850000,0.824095
FULL,10,4,0.569530,0.526790,0.683333,6,0.850000,0.822619
FULL,10,5,0.589780,0.524878,0.733333,6,0.850000,0.820587
FULL,10,6,0.603107,0.523803,0.766667,6,0.866667,0.821289
FULL,10,7,0.608276,0.523671,0.783333,6,0.866667,0.826268
FULL,10,8,0.605296,0.541286,0.766667,6,0.866667,0.833632
FULL,10,9,0.616756,0.559504,0.800000,6,0.866667,0.834759
FULL,10,10,0.598888,0.545819,0.750000,6,0.866667,0.838754
FULL,10,11,0.615605,0.551813,0.800000,6,0.866667,0.842332
FULL,10,12,0.614099,0.555335,0.800000,6,0.866667,0.843068
FULL,10,13,0.612139,0.563749,0.783333,6,0.883333,0.847335
FULL,10,14,0.637286,0.568395,0.850000,6,0.883333,0.853784
FULL,10,15,0.635196,0.574887,0.850000,6,0.883333,0.857323
FULL,10,16,0.635791,0.575539,0.850000,6,0.883333,0.859935
FULL,10,17,0.631078,0.585725,0.833333,6,0.883333,0.862132
FULL,10,18,0.636897,0.590042,0.850000,6,0.883333,0.862963
FULL,10,19,0.643279,0.594968,0.866667,6,0.883333,0.865915
FULL,10,20,0.643108,0.587887,0.866667,6,0.883333,0.867160
FULL,10,21,0.635153,0.590694,0.850000,6,0.883333,0.867889
FULL,10,22,0.638120,0.595076,0.850000,6,0.883333,0.867337
FULL,10,23,0.643919,0.597352,0.866667,6,0.883333,0.866582
FULL,10,24,0.637385,0.594895,0.850000,6,0.883333,0.869597
FULL,10,25,0.637289,0.590895,0.850000,6,0.883333,0.869426
FULL,10,26,0.637356,0.592467,0.850000,6,0.883333,0.869748
FULL,10,27,0.638037,0.600871,0.850000,6,0.883333,0.869036
FULL,10,28,0.643651,0.599913,0.866667,6,0.883333,0.870576
FULL,10,29,0.643644,0.602070,0.866667,6,0.883333,0.870113
FULL,10,30,0.642963,0.602778,0.866667,6,0.883333,0.870329
FULL,10,31,0.638137,0.604543,0.850000,6,0.883333,0.870396
FULL,10,32,0.637299,0.602396,0.850000,6,0.883333,0.869353
FULL,10,33,0.642636,0.609608,0.866667,6,0.883333,0.868850
FULL,10,34,0.684235,0.614109,0.883333,7,0.883333,0.870392
FULL,10,35,0.644218,0.615494,0.866667,6,0.883333,0.869961
FULL,10,36,0.642662,0.615761,0.866667,6,0.883333,0.871179
FULL,10,37,0.644064,0.615275,0.866667,6,0.883333,0.870739
FULL,10,38,0.644591,0.613719,0.866667,6,0.883333,0.869812
FULL,10,39,0.644526,0.618246,0.866667,6,0.883333,0.871648
FULL,10,40,0.644579,0.619910,0.866667,6,0.883333,0.873153
FULL,10,41,0.650632,0.618846,0.883333,6,0.883333,0.873815
FULL,10,42,0.644457,0.622539,0.866667,6,0.883333,0.873861
FULL,10,43,0.649962,0.620623,0.883333,6,0.883333,0.873551
FULL,10,44,0.645227,0.617103,0.866667,6,0.883333,0.871948
FULL,10,45,0.649015,0.617064,0.883333,6,0.883333,0.873391
FULL,10,46,0.644837,0.612175,0.866667,6,0.883333,0.873362
FULL,10,47,0.644832,0.620164,0.866667,6,0.883333,0.873103
FULL,10,48,0.644783,0.613554,0.866667,6,0.883333,0.874971
FULL,10,49,0.644464,0.619027,0.866667,6,0.883333,0.874433
FULL,10,50,0.645491,0.622333,0.866667,6,0.883333,0.873199
FULL,10,51,0.644500,0.619138,0.866667,6,0.883333,0.872982
FULL,10,52,0.644694,0.614197,0.866667,6,0.883333,0.873307
FULL,10,53,0.645330,0.623457,0.866667,6,0.883333,0.872986
FULL,10,54,0.644444,0.622937,0.866667,6,0.883333,0.872338
FULL,10,55,0.651653,0.620780,0.883333,6,0.900000,0.871315
FULL,10,56,0.678682,0.607260,0.866667,7,0.900000,0.869959
FULL,10,57,0.644904,0.626633,0.866667,6,0.900000,0.872592
FULL,10,58,0.645168,0.626982,0.866667,6,0.900000,0.873842
FULL,10,59,0.671890,0.625065,0.850000,7,0.900000,0.872060
FULL,11,0,0.596454,0.490925,0.683333,4,0.800000,0.801745
FULL,11,1,0.588485,0.512324,0.733333,6,0.833333,0.810591
FULL,11,2,0.595970,0.523152,0.750000,6,0.866667,0.818976
FULL,11,3,0.609607,0.538150,0.783333,6,0.866667,0.827311
FULL,11,4,0.597826,0.528978,0.750000,6,0.866667,0.830452
FULL,11,5,0.628065,0.541879,0.833333,6,0.866667,0.832130
FULL,11,6,0.613985,0.552801,0.800000,6,0.866667,0.840050
FULL,11,7,0.617224,0.564649,0.800000,6,0.866667,0.841973
FULL,11,8,0.615039,0.563217,0.800000,6,0.866667,0.843854
FULL,11,9,0.621272,0.562521,0.816667,6,0.866667,0.844257
FULL,11,10,0.616718,0.574399,0.800000,6,0.883333,0.848362
FULL,11,11,0.634438,0.569159,0.850000,6,0.883333,0.846319
FULL,11,12,0.628058,0.570220,0.833333,6,0.883333,0.847332
FULL,11,13,0.627709,0.584367,0.833333,6,0.883333,0.851907
FULL,11,14,0.629865,0.581034,0.833333,6,0.883333,0.850587
FULL,11,15,0.635729,0.590399,0.850000,6,0.883333,0.854155
FULL,11,16,0.636355,0.584118,0.850000,6,0.883333,0.854987
FULL,11,17,0.641192,0.585379,0.866667,6,0.883333,0.854971
FULL,11,18,0.635020,0.602755,0.850000,6,0.883333,0.856266
FULL,11,19,0.634863,0.591759,0.850000,6,0.883333,0.856683
FULL,11,20,0.670621,0.594695,0.850000,7,0.883333,0.858859
FULL,11,21,0.635069,0.593802,0.850000,6,0.883333,0.858991
FULL,11,22,0.639858,0.604864,0.866667,6,0.883333,0.859029
FULL,11,23,0.649263,0.599878,0.883333,6,0.883333,0.859939
FULL,11,24,0.643806,0.605272,0.866667,6,0.883333,0.859876
FULL,11,25,0.640510,0.605157,0.866667,6,0.883333,0.860909
FULL,11,26,0.642087,0.601883,0.866667,6,0.883333,0.860295
FULL,11,27,0.641179,0.599713,0.866667,6,0.883333,0.862029
FULL,11,28,0.642533,0.605368,0.866667,6,0.883333,0.858886
FULL,11,29,0.643603,0.615083,0.866667,6,0.883333,0.859387
FULL,11,30,0.641850,0.617943,0.866667,6,0.883333,0.860157
FULL,11,31,0.647860,0.607292,0.883333,6,0.883333,0.864225
FULL,11,32,0.642272,0.614724,0.866667,6,0.883333,0.861951
FULL,11,33,0.642430,0.614348,0.866667,6,0.883333,0.860710
FULL,11,34,0.640148,0.615035,0.866667,6,0.883333,0.861794
FULL,11,35,0.649280,0.623502,0.883333,6,0.883333,0.862837
FULL,11,36,0.641728,0.618270,0.866667,6,0.883333,0.863022
FULL,11,37,0.659452,0.617763,0.816667,7,0.883333,0.864073
FULL,11,38,0.648588,0.622826,0.883333,6,0.883333,0.864007
FULL,11,39,0.643852,0.619178,0.866667,6,0.883333,0.866127
FULL,11,40,0.642683,0.615162,0.866667,6,0.883333,0.866694
FULL,11,41,0.644382,0.623581,0.866667,6,0.883333,0.868481
FULL,11,42,0.677997,0.624160,0.866667,7,0.883333,0.868083
FULL,11,43,0.670834,0.624540,0.850000,7,0.883333,0.868018
FULL,11,44,0.665956,0.617242,0.833333,7,0.883333,0.866970
FULL,11,45,0.648665,0.621978,0.883333,6,0.883333,0.868394
FULL,11,46,0.649354,0.624810,0.883333,6,0.883333,0.868109
FULL,11,47,0.677707,0.625448,0.866667,7,0.883333,0.868744
FULL,11,48,0.666128,0.625430,0.833333,7,0.883333,0.868963
FULL,11,49,0.649981,0.625995,0.883333,6,0.883333,0.868024
FULL,11,50,0.650366,0.625457,0.883333,6,0.883333,0.869918
FULL,11,51,0.671789,0.628774,0.850000,7,0.883333,0.868099
FULL,11,52,0.649749,0.624969,0.883333,6,0.883333,0.869427
FULL,11,53,0.672472,0.632742,0.850000,7,0.883333,0.869018
FULL,11,54,0.643864,0.622895,0.866667,6,0.883333,0.869245
FULL,11,55,0.684719,0.635576,0.883333,7,0.883333,0.871063
FULL,11,56,0.679056,0.632528,0.866667,7,0.883333,0.872022
FULL,11,57,0.648832,0.623542,0.883333,6,0.883333,0.869730
FULL,11,58,0.679364,0.627403,0.866667,7,0.883333,0.872312
FULL,11,59,0.644783,0.629894,0.866667,6,0.883333,0.871782
FULL,12,0,0.567222,0.489483,0.616667,4,0.833333,0.805817
FULL,12,1,0.563525,0.499272,0.750000,5,0.850000,0.817681
FULL,12,2,0.590902,0.510390,0.733333,6,0.850000,0.823626
FULL,12,3,0.622409,0.527706,0.816667,6,0.850000,0.832985
FULL,12,4,0.609415,0.544368,0.783333,6,0.866667,0.837366
FULL,12,5,0.597131,0.544522,0.750000,6,0.866667,0.837344
FULL,12,6,0.604442,0.546758,0.766667,6,0.866667,0.839730
FULL,12,7,0.598594,0.552575,0.750000,6,0.866667,0.842792
FULL,12,8,0.603432,0.552133,0.766667,6,0.866667,0.844542
FULL,12,9,0.610937,0.560189,0.783333,6,0.866667,0.847876
FULL,12,10,0.630366,0.572053,0.833333,6,0.883333,0.852355
FULL,12,11,0.623751,0.566765,0.816667,6,0.883333,0.854321
FULL,12,12,0.636661,0.576384,0.850000,6,0.883333,0.856595
FULL,12,13,0.625097,0.575699,0.816667,6,0.883333,0.858947
FULL,12,14,0.624374,0.580243,0.816667,6,0.883333,0.858744
FULL,12,15,0.629529,0.584078,0.833333,6,0.883333,0.860383
FULL,12,16,0.623519,0.580500,0.816667,6,0.883333,0.860878
FULL,12,17,0.629799,0.579292,0.833333,6,0.883333,0.859925
FULL,12,18,0.630388,0.585101,0.833333,6,0.883333,0.857957
FULL,12,19,0.636075,0.577163,0.850000,6,0.883333,0.858542
FULL,12,20,0.628616,0.581416,0.833333,6,0.883333,0.862530
FULL,12,21,0.630196,0.584513,0.833333,6,0.883333,0.863095
FULL,12,22,0.637168,0.586709,0.850000,6,0.883333,0.863237
FULL,12,23,0.629969,0.587862,0.833333,6,0.883333,0.864562
FULL,12,24,0.637252,0.586565,0.850000,6,0.883333,0.863792
FULL,12,25,0.638129,0.591070,0.850000,6,0.883333,0.865268
FULL,12,26,0.637183,0.590502,0.850000,6,0.883333,0.867598
FULL,12,27,0.636934,0.592933,0.850000,6,0.883333,0.867671
FULL,12,28,0.637017,0.599945,0.850000,6,0.883333,0.867740
FULL,12,29,0.637446,0.596475,0.850000,6,0.883333,0.869123
FULL,12,30,0.642106,0.590261,0.866667,6,0.883333,0.867622
FULL,12,31,0.642593,0.592475,0.866667,6,0.883333,0.870181
FULL,12,32,0.636283,0.596356,0.850000,6,0.883333,0.871501
FULL,12,33,0.635681,0.594578,0.850000,6,0.883333,0.870127
FULL,12,34,0.644200,0.598111,0.866667,6,0.883333,0.869538
FULL,12,35,0.637398,0.594359,0.850000,6,0.883333,0.868466
FULL,12,36,0.636931,0.597927,0.850000,6,0.883333,0.869007
FULL,12,37,0.638321,0.603782,0.850000,6,0.883333,0.870107
FULL,12,38,0.638030,0.613409,0.850000,6,0.883333,0.869800
FULL,12,39,0.642876,0.611050,0.866667,6,0.883333,0.872270
FULL,12,40,0.637867,0.608787,0.850000,6,0.883333,0.871969
FULL,12,41,0.632431,0.605749,0.833333,6,0.883333,0.872758
FULL,12,42,0.633668,0.605636,0.833333,6,0.883333,0.872741
FULL,12,43,0.638451,0.610488,0.850000,6,0.883333,0.870838
FULL,12,44,0.638094,0.607353,0.850000,6,0.883333,0.871713
FULL,12,45,0.631912,0.606593,0.833333,6,0.883333,0.872732
FULL,12,46,0.637975,0.608517,0.850000,6,0.883333,0.873128
FULL,12,47,0.638620,0.609396,0.850000,6,0.883333,0.873969
FULL,12,48,0.638582,0.608033,0.850000,6,0.883333,0.874496
FULL,12,49,0.632523,0.609675,0.833333,6,0.883333,0.873815
FULL,12,50,0.638907,0.610183,0.850000,6,0.883333,0.873133
FULL,12,51,0.644259,0.617914,0.866667,6,0.883333,0.873874
FULL,12,52,0.638087,0.612000,0.850000,6,0.883333,0.873831
FULL,12,53,0.639043,0.614842,0.850000,6,0.883333,0.873336
FULL,12,54,0.642699,0.608117,0.866667,6,0.883333,0.872949
FULL,12,55,0.638591,0.609919,0.850000,6,0.883333,0.873029
FULL,12,56,0.638722,0.609327,0.850000,6,0.883333,0.873221
FULL,12,57,0.650783,0.615621,0.883333,6,0.883333,0.872992
FULL,12,58,0.638480,0.595748,0.850000,6,0.883333,0.873067
FULL,12,59,0.638148,0.607193,0.850000,6,0.883333,0.873030
FULL,13,0,0.591860,0.493810,0.600000,5,0.833333,0.808346
FULL,13,1,0.559212,0.507060,0.666667,6,0.850000,0.822040
FULL,13,2,0.585439,0.520597,0.716667,6,0.866667,0.819927
FULL,13,3,0.590773,0.529086,0.733333,6,0.866667,0.829136
FULL,13,4,0.588473,0.537216,0.733333,6,0.866667,0.835251
FULL,13,5,0.601907,0.537517,0.766667,6,0.866667,0.839199
FULL,13,6,0.605168,0.542221,0.766667,6,0.866667,0.842430
FULL,13,7,0.604972,0.551637,0.766667,6,0.883333,0.847586
FULL,13,8,0.597872,0.553353,0.750000,6,0.883333,0.849389
FULL,13,9,0.634961,0.555092,0.850000,6,0.883333,0.850830
FULL,13,10,0.617797,0.566087,0.800000,6,0.883333,0.851839
FULL,13,11,0.630394,0.568700,0.833333,6,0.883333,0.853774
FULL,13,12,0.630206,0.571285,0.833333,6,0.883333,0.855714
FULL,13,13,0.611143,0.567877,0.783333,6,0.883333,0.857581
FULL,13,14,0.617807,0.569920,0.800000,6,0.883333,0.857137
FULL,13,15,0.611297,0.573082,0.783333,6,0.883333,0.857813
FULL,13,16,0.616545,0.564438,0.800000,6,0.883333,0.861379
FULL,13,17,0.630204,0.581967,0.833333,6,0.883333,0.859667
FULL,13,18,0.630407,0.570458,0.833333,6,0.883333,0.861683
FULL,13,19,0.631546,0.578882,0.833333,6,0.883333,0.863927
FULL,13,20,0.642332,0.582220,0.866667,6,0.883333,0.864663
FULL,13,21,0.625557,0.579067,0.816667,6,0.883333,0.864561
FULL,13,22,0.631753,0.591332,0.833333,6,0.883333,0.867145
FULL,13,23,0.632067,0.583512,0.833333,6,0.883333,0.868133
FULL,13,24,0.637229,0.596185,0.850000,6,0.883333,0.868186
FULL,13,25,0.626037,0.577860,0.816667,6,0.883333,0.867385
FULL,13,26,0.636714,0.595759,0.850000,6,0.883333,0.866933
FULL,13,27,0.629798,0.584782,0.833333,6,0.883333,0.868915
FULL,13,28,0.637254,0.595336,0.850000,6,0.883333,0.867821
FULL,13,29,0.642116,0.595413,0.866667,6,0.883333,0.866901
FULL,13,30,0.659330,0.590002,0.816667,7,0.883333,0.867301
FULL,13,31,0.638423,0.591502,0.850000,6,0.883333,0.865211
FULL,13,32,0.636746,0.599587,0.850000,6,0.883333,0.867311
FULL,13,33,0.631011,0.598575,0.833333,6,0.883333,0.867407
FULL,13,34,0.643204,0.610091,0.866667,6,0.883333,0.865947
FULL,13,35,0.637350,0.604340,0.850000,6,0.883333,0.866521
FULL,13,36,0.643388,0.598984,0.866667,6,0.883333,0.864887
FULL,13,37,0.637668,0.603295,0.850000,6,0.883333,0.866685
FULL,13,38,0.643384,0.611393,0.866667,6,0.883333,0.867491
FULL,13,39,0.637666,0.602234,0.850000,6,0.883333,0.866645
FULL,13,40,0.644644,0.607942,0.866667,6,0.883333,0.868539
FULL,13,41,0.637387,0.604692,0.850000,6,0.883333,0.866960
FULL,13,42,0.637556,0.609487,0.850000,6,0.883333,0.867930
FULL,13,43,0.637282,0.615044,0.850000,6,0.883333,0.868245
FULL,13,44,0.649957,0.616345,0.883333,6,0.883333,0.869790
FULL,13,45,0.649733,0.613603,0.883333,6,0.883333,0.869138
FULL,13,46,0.643364,0.609936,0.866667,6,0.883333,0.869742
FULL,13,47,0.643499,0.608923,0.866667,6,0.883333,0.870486
FULL,13,48,0.637862,0.613712,0.850000,6,0.883333,0.869235
FULL,13,49,0.643332,0.617339,0.866667,6,0.883333,0.868572
FULL,13,50,0.649091,0.615510,0.883333,6,0.883333,0.868240
FULL,13,51,0.644076,0.612727,0.866667,6,0.883333,0.870305
FULL,13,52,0.644192,0.614690,0.866667,6,0.883333,0.872411
FULL,13,53,0.644860,0.618103,0.866667,6,0.883333,0.871061
FULL,13,54,0.650525,0.617702,0.883333,6,0.883333,0.871515
FULL,13,55,0.651317,0.618250,0.883333,6,0.883333,0.872255
FULL,13,56,0.644140,0.614672,0.866667,6,0.883333,0.873883
FULL,13,57,0.661872,0.613805,0.816667,7,0.883333,0.873021
FULL,13,58,0.645204,0.610639,0.866667,6,0.883333,0.873716
FULL,13,59,0.644843,0.622343,0.866667,6,0.883333,0.874036
FULL,14,0,0.621332,0.501084,0.800000,6,0.850000,0.807882
FULL,14,1,0.588489,0.491893,0.733333,6,0.850000,0.810261
FULL,14,2,0.596149,0.526280,0.750000,6,0.850000,0.826014
FULL,14,3,0.621578,0.540416,0.816667,6,0.850000,0.830389
FULL,14,4,0.601021,0.550109,0.766667,6,0.866667,0.834301
FULL,14,5,0.616588,0.559596,0.800000,6,0.866667,0.836898
FULL,14,6,0.619267,0.563039,0.816667,6,0.866667,0.839443
FULL,14,7,0.633719,0.562827,0.850000,6,0.866667,0.839245
FULL,14,8,0.616829,0.571870,0.800000,6,0.866667,0.841241
FULL,14,9,0.622304,0.574249,0.816667,6,0.883333,0.842274
FULL,14,10,0.622738,0.575801,0.816667,6,0.883333,0.843099
FULL,14,11,0.627693,0.576573,0.833333,6,0.883333,0.845186
FULL,14,12,0.628867,0.580912,0.833333,6,0.883333,0.844663
FULL,14,13,0.626471,0.580561,0.833333,6,0.883333,0.847498
FULL,14,14,0.630322,0.585233,0.833333,6,0.883333,0.849330
FULL,14,15,0.630182,0.582435,0.833333,6,0.883333,0.851288
FULL,14,16,0.623202,0.588324,0.816667,6,0.883333,0.851023
FULL,14,17,0.629710,0.586125,0.833333,6,0.883333,0.849616
FULL,14,18,0.631005,0.587897,0.833333,6,0.883333,0.849758
FULL,14,19,0.633664,0.596459,0.850000,6,0.883333,0.851425
FULL,14,20,0.634258,0.592388,0.850000,6,0.883333,0.850852
FULL,14,21,0.636336,0.592897,0.850000,6,0.883333,0.854683
FULL,14,22,0.630275,0.598017,0.833333,6,0.883333,0.855094
FULL,14,23,0.636288,0.596038,0.850000,6,0.883333,0.854943
FULL,14,24,0.636628,0.590308,0.850000,6,0.883333,0.857395
FULL,14,25,0.636927,0.606893,0.850000,6,0.883333,0.857132
FULL,14,26,0.637352,0.610390,0.850000,6,0.883333,0.856898
FULL,14,27,0.642262,0.599885,0.866667,6,0.883333,0.855383
FULL,14,28,0.642576,0.602900,0.866667,6,0.883333,0.856345
FULL,14,29,0.637387,0.599912,0.850000,6,0.883333,0.859091
FULL,14,30,0.630361,0.593534,0.833333,6,0.883333,0.858252
FULL,14,31,0.636554,0.602228,0.850000,6,0.883333,0.858339
FULL,14,32,0.636639,0.605258,0.850000,6,0.883333,0.860598
FULL,14,33,0.642535,0.613610,0.866667,6,0.883333,0.861169
FULL,14,34,0.665077,0.610944,0.833333,7,0.883333,0.862077
FULL,14,35,0.636241,0.607993,0.850000,6,0.883333,0.860653
FULL,14,36,0.637540,0.597297,0.850000,6,0.883333,0.860542
FULL,14,37,0.638203,0.610065,0.850000,6,0.883333,0.862125
FULL,14,38,0.636917,0.603079,0.850000,6,0.883333,0.861933
FULL,14,39,0.642682,0.603471,0.866667,6,0.883333,0.863639
FULL,14,40,0.636876,0.607496,0.850000,6,0.883333,0.862089
FULL,14,41,0.642624,0.611055,0.866667,6,0.883333,0.861661
FULL,14,42,0.637421,0.610447,0.850000,6,0.883333,0.863268
FULL,14,43,0.637419,0.612161,0.850000,6,0.883333,0.864672
FULL,14,44,0.644337,0.612901,0.866667,6,0.883333,0.865210
FULL,14,45,0.637662,0.616698,0.850000,6,0.883333,0.866160
FULL,14,46,0.637680,0.614871,0.850000,6,0.883333,0.866393
FULL,14,47,0.638726,0.612000,0.850000,6,0.883333,0.865301
FULL,14,48,0.666896,0.618560,0.833333,7,0.883333,0.866238
FULL,14,49,0.638377,0.611675,0.850000,6,0.883333,0.865833
FULL,14,50,0.643888,0.621954,0.866667,6,0.883333,0.866846
FULL,14,51,0.642782,0.616165,0.866667,6,0.883333,0.866233
FULL,14,52,0.637561,0.615559,0.850000,6,0.883333,0.865633
FULL,14,53,0.671695,0.616627,0.850000,7,0.883333,0.865515
FULL,14,54,0.647548,0.620938,0.783333,7,0.883333,0.866441
FULL,14,55,0.672540,0.628105,0.850000,7,0.883333,0.867020
FULL,14,56,0.666051,0.618385,0.833333,7,0.883333,0.867866
FULL,14,57,0.639143,0.625344,0.850000,6,0.883333,0.868146
FULL,14,58,0.643729,0.628253,0.866667,6,0.883333,0.869543
FULL,14,59,0.644294,0.622665,0.866667,6,0.883333,0.868762
