run_id,generation,nonterminal,rule_index,probability
0,0,<authority>,0,0.523236
0,0,<authority>,1,0.476764
0,0,<digit>,0,0.149741
0,0,<digit>,1,0.062016
0,0,<digit>,2,0.147329
0,0,<digit>,3,0.121168
0,0,<digit>,4,0.099561
0,0,<digit>,5,0.050075
0,0,<digit>,6,0.101480
0,0,<digit>,7,0.083518
0,0,<digit>,8,0.056212
0,0,<digit>,9,0.128900
0,0,<digits>,0,0.597282
0,0,<digits>,1,0.402718
0,0,<fragment>,0,0.281728
0,0,<fragment>,1,0.718272
0,0,<hex>,0,0.124206
0,0,<hex>,1,0.394006
0,0,<hex>,2,0.481788
0,0,<host>,0,0.570458
0,0,<host>,1,0.429542
0,0,<hostname>,0,0.392381
0,0,<hostname>,1,0.607619
0,0,<ipv4>,0,1.000000
0,0,<key>,0,1.000000
0,0,<label>,0,1.000000
0,0,<octet>,0,0.358989
0,0,<octet>,1,0.641011
0,0,<path>,0,0.292760
0,0,<path>,1,0.275057
0,0,<path>,2,0.432183
0,0,<pchar>,0,0.171703
0,0,<pchar>,1,0.158304
0,0,<pchar>,2,0.288724
0,0,<pchar>,3,0.239799
0,0,<pchar>,4,0.141469
0,0,<pchars>,0,0.338996
0,0,<pchars>,1,0.661004
0,0,<port>,0,1.000000
0,0,<qparam>,0,0.204800
0,0,<qparam>,1,0.795200
0,0,<qparams>,0,0.561390
0,0,<qparams>,1,0.438610
0,0,<query>,0,0.717103
0,0,<query>,1,0.282897
0,0,<qvalue>,0,0.686574
0,0,<qvalue>,1,0.313426
0,0,<scheme>,0,0.145814
0,0,<scheme>,1,0.277140
0,0,<scheme>,2,0.255383
0,0,<scheme>,3,0.321663
0,0,<segment>,0,1.000000
0,0,<segments>,0,0.598245
0,0,<segments>,1,0.401755
0,0,<start>,0,1.000000
0,0,<url>,0,1.000000
0,0,<wchar>,0,0.077830
0,0,<wchar>,1,0.385526
0,0,<wchar>,2,0.269227
0,0,<wchar>,3,0.267418
0,0,<word>,0,0.484913
0,0,<word>,1,0.515087
0,5,<authority>,0,0.508233
0,5,<authority>,1,0.491767
0,5,<digit>,0,0.221660
0,5,<digit>,1,0.063537
0,5,<digit>,2,0.092680
0,5,<digit>,3,0.084790
0,5,<digit>,4,0.087671
0,5,<digit>,5,0.090950
0,5,<digit>,6,0.153318
0,5,<digit>,7,0.102607
0,5,<digit>,8,0.019523
0,5,<digit>,9,0.083265
0,5,<digits>,0,0.379638
0,5,<digits>,1,0.620362
0,5,<fragment>,0,0.567236
0,5,<fragment>,1,0.432764
0,5,<hex>,0,0.233317
0,5,<hex>,1,0.399690
0,5,<hex>,2,0.366993
0,5,<host>,0,0.528002
0,5,<host>,1,0.471998
0,5,<hostname>,0,0.467443
0,5,<hostname>,1,0.532557
0,5,<ipv4>,0,1.000000
0,5,<key>,0,1.000000
0,5,<label>,0,1.000000
0,5,<octet>,0,0.192354
0,5,<octet>,1,0.807646
0,5,<path>,0,0.348151
0,5,<path>,1,0.219164
0,5,<path>,2,0.432685
0,5,<pchar>,0,0.158246
0,5,<pchar>,1,0.197066
0,5,<pchar>,2,0.118402
0,5,<pchar>,3,0.242120
0,5,<pchar>,4,0.284166
0,5,<pchars>,0,0.575832
0,5,<pchars>,1,0.424168
0,5,<port>,0,1.000000
0,5,<qparam>,0,0.559415
0,5,<qparam>,1,0.440585
0,5,<qparams>,0,0.402856
0,5,<qparams>,1,0.597144
0,5,<query>,0,0.501299
0,5,<query>,1,0.498701
0,5,<qvalue>,0,0.709094
0,5,<qvalue>,1,0.290906
0,5,<scheme>,0,0.272642
0,5,<scheme>,1,0.308115
0,5,<scheme>,2,0.267849
0,5,<scheme>,3,0.151393
0,5,<segment>,0,1.000000
0,5,<segments>,0,0.189596
0,5,<segments>,1,0.810404
0,5,<start>,0,1.000000
0,5,<url>,0,1.000000
0,5,<wchar>,0,0.171428
0,5,<wchar>,1,0.272604
0,5,<wchar>,2,0.199977
0,5,<wchar>,3,0.355992
0,5,<word>,0,0.679500
0,5,<word>,1,0.320500
0,10,<authority>,0,0.445292
0,10,<authority>,1,0.554708
0,10,<digit>,0,0.318839
0,10,<digit>,1,0.089561
0,10,<digit>,2,0.062204
0,10,<digit>,3,0.046980
0,10,<digit>,4,0.077195
0,10,<digit>,5,0.102135
0,10,<digit>,6,0.088747
0,10,<digit>,7,0.046419
0,10,<digit>,8,0.128657
0,10,<digit>,9,0.039264
0,10,<digits>,0,0.247740
0,10,<digits>,1,0.752260
0,10,<fragment>,0,0.492231
0,10,<fragment>,1,0.507769
0,10,<hex>,0,0.328098
0,10,<hex>,1,0.341541
0,10,<hex>,2,0.330361
0,10,<host>,0,0.560878
0,10,<host>,1,0.439122
0,10,<hostname>,0,0.568833
0,10,<hostname>,1,0.431167
0,10,<ipv4>,0,1.000000
0,10,<key>,0,1.000000
0,10,<label>,0,1.000000
0,10,<octet>,0,0.280683
0,10,<octet>,1,0.719317
0,10,<path>,0,0.304286
0,10,<path>,1,0.230186
0,10,<path>,2,0.465528
0,10,<pchar>,0,0.175292
0,10,<pchar>,1,0.115452
0,10,<pchar>,2,0.188669
0,10,<pchar>,3,0.119765
0,10,<pchar>,4,0.400822
0,10,<pchars>,0,0.737091
0,10,<pchars>,1,0.262909
0,10,<port>,0,1.000000
0,10,<qparam>,0,0.510749
0,10,<qparam>,1,0.489251
0,10,<qparams>,0,0.391813
0,10,<qparams>,1,0.608187
0,10,<query>,0,0.414618
0,10,<query>,1,0.585382
0,10,<qvalue>,0,0.417326
0,10,<qvalue>,1,0.582674
0,10,<scheme>,0,0.255119
0,10,<scheme>,1,0.187325
0,10,<scheme>,2,0.289769
0,10,<scheme>,3,0.267786
0,10,<segment>,0,1.000000
0,10,<segments>,0,0.426934
0,10,<segments>,1,0.573066
0,10,<start>,0,1.000000
0,10,<url>,0,1.000000
0,10,<wchar>,0,0.202562
0,10,<wchar>,1,0.248020
0,10,<wchar>,2,0.165750
0,10,<wchar>,3,0.383667
0,10,<word>,0,0.785038
0,10,<word>,1,0.214962
0,15,<authority>,0,0.490913
0,15,<authority>,1,0.509087
0,15,<digit>,0,0.159115
0,15,<digit>,1,0.027273
0,15,<digit>,2,0.089770
0,15,<digit>,3,0.047800
0,15,<digit>,4,0.055914
0,15,<digit>,5,0.126238
0,15,<digit>,6,0.144909
0,15,<digit>,7,0.039341
0,15,<digit>,8,0.271170
0,15,<digit>,9,0.038470
0,15,<digits>,0,0.346249
0,15,<digits>,1,0.653751
0,15,<fragment>,0,0.446672
0,15,<fragment>,1,0.553328
0,15,<hex>,0,0.278985
0,15,<hex>,1,0.367918
0,15,<hex>,2,0.353097
0,15,<host>,0,0.517372
0,15,<host>,1,0.482628
0,15,<hostname>,0,0.475294
0,15,<hostname>,1,0.524706
0,15,<ipv4>,0,1.000000
0,15,<key>,0,1.000000
0,15,<label>,0,1.000000
0,15,<octet>,0,0.493178
0,15,<octet>,1,0.506822
0,15,<path>,0,0.225745
0,15,<path>,1,0.248016
0,15,<path>,2,0.526239
0,15,<pchar>,0,0.285714
0,15,<pchar>,1,0.189466
0,15,<pchar>,2,0.168924
0,15,<pchar>,3,0.141834
0,15,<pchar>,4,0.214063
0,15,<pchars>,0,0.639322
0,15,<pchars>,1,0.360678
0,15,<port>,0,1.000000
0,15,<qparam>,0,0.538879
0,15,<qparam>,1,0.461121
0,15,<qparams>,0,0.352487
0,15,<qparams>,1,0.647513
0,15,<query>,0,0.474188
0,15,<query>,1,0.525812
0,15,<qvalue>,0,0.400172
0,15,<qvalue>,1,0.599828
0,15,<scheme>,0,0.141132
0,15,<scheme>,1,0.327861
0,15,<scheme>,2,0.293043
0,15,<scheme>,3,0.237964
0,15,<segment>,0,1.000000
0,15,<segments>,0,0.363179
0,15,<segments>,1,0.636821
0,15,<start>,0,1.000000
0,15,<url>,0,1.000000
0,15,<wchar>,0,0.196289
0,15,<wchar>,1,0.271513
0,15,<wchar>,2,0.181426
0,15,<wchar>,3,0.350772
0,15,<word>,0,0.773950
0,15,<word>,1,0.226050
0,20,<authority>,0,0.464499
0,20,<authority>,1,0.535501
0,20,<digit>,0,0.284996
0,20,<digit>,1,0.072145
0,20,<digit>,2,0.054586
0,20,<digit>,3,0.032168
0,20,<digit>,4,0.000000
0,20,<digit>,5,0.075877
0,20,<digit>,6,0.085373
0,20,<digit>,7,0.029132
0,20,<digit>,8,0.223083
0,20,<digit>,9,0.142639
0,20,<digits>,0,0.304185
0,20,<digits>,1,0.695815
0,20,<fragment>,0,0.434744
0,20,<fragment>,1,0.565256
0,20,<hex>,0,0.334953
0,20,<hex>,1,0.448081
0,20,<hex>,2,0.216965
0,20,<host>,0,0.563460
0,20,<host>,1,0.436540
0,20,<hostname>,0,0.601767
0,20,<hostname>,1,0.398233
0,20,<ipv4>,0,1.000000
0,20,<key>,0,1.000000
0,20,<label>,0,1.000000
0,20,<octet>,0,0.338091
0,20,<octet>,1,0.661909
0,20,<path>,0,0.221668
0,20,<path>,1,0.223075
0,20,<path>,2,0.555257
0,20,<pchar>,0,0.231669
0,20,<pchar>,1,0.203256
0,20,<pchar>,2,0.241237
0,20,<pchar>,3,0.119572
0,20,<pchar>,4,0.204267
0,20,<pchars>,0,0.649276
0,20,<pchars>,1,0.350724
0,20,<port>,0,1.000000
0,20,<qparam>,0,0.534752
0,20,<qparam>,1,0.465248
0,20,<qparams>,0,0.390208
0,20,<qparams>,1,0.609792
0,20,<query>,0,0.457049
0,20,<query>,1,0.542951
0,20,<qvalue>,0,0.265766
0,20,<qvalue>,1,0.734234
0,20,<scheme>,0,0.226454
0,20,<scheme>,1,0.286067
0,20,<scheme>,2,0.294710
0,20,<scheme>,3,0.192768
0,20,<segment>,0,1.000000
0,20,<segments>,0,0.385595
0,20,<segments>,1,0.614405
0,20,<start>,0,1.000000
0,20,<url>,0,1.000000
0,20,<wchar>,0,0.183272
0,20,<wchar>,1,0.264741
0,20,<wchar>,2,0.000000
0,20,<wchar>,3,0.551987
0,20,<word>,0,0.746610
0,20,<word>,1,0.253390
0,25,<authority>,0,0.521128
0,25,<authority>,1,0.478872
0,25,<digit>,0,0.248716
0,25,<digit>,1,0.098307
0,25,<digit>,2,0.066044
0,25,<digit>,3,0.043853
0,25,<digit>,4,0.073035
0,25,<digit>,5,0.000000
0,25,<digit>,6,0.067939
0,25,<digit>,7,0.046176
0,25,<digit>,8,0.286732
0,25,<digit>,9,0.069199
0,25,<digits>,0,0.251783
0,25,<digits>,1,0.748217
0,25,<fragment>,0,0.456362
0,25,<fragment>,1,0.543638
0,25,<hex>,0,0.243220
0,25,<hex>,1,0.392419
0,25,<hex>,2,0.364361
0,25,<host>,0,0.431883
0,25,<host>,1,0.568117
0,25,<hostname>,0,0.509105
0,25,<hostname>,1,0.490895
0,25,<ipv4>,0,1.000000
0,25,<key>,0,1.000000
0,25,<label>,0,1.000000
0,25,<octet>,0,0.344383
0,25,<octet>,1,0.655617
0,25,<path>,0,0.213832
0,25,<path>,1,0.202807
0,25,<path>,2,0.583362
0,25,<pchar>,0,0.225449
0,25,<pchar>,1,0.137839
0,25,<pchar>,2,0.237793
0,25,<pchar>,3,0.144820
0,25,<pchar>,4,0.254100
0,25,<pchars>,0,0.641823
0,25,<pchars>,1,0.358177
0,25,<port>,0,1.000000
0,25,<qparam>,0,0.502746
0,25,<qparam>,1,0.497254
0,25,<qparams>,0,0.347595
0,25,<qparams>,1,0.652405
0,25,<query>,0,0.482471
0,25,<query>,1,0.517529
0,25,<qvalue>,0,0.329373
0,25,<qvalue>,1,0.670627
0,25,<scheme>,0,0.265090
0,25,<scheme>,1,0.247265
0,25,<scheme>,2,0.307549
0,25,<scheme>,3,0.180096
0,25,<segment>,0,1.000000
0,25,<segments>,0,0.347588
0,25,<segments>,1,0.652412
0,25,<start>,0,1.000000
0,25,<url>,0,1.000000
0,25,<wchar>,0,0.121761
0,25,<wchar>,1,0.664806
0,25,<wchar>,2,0.040273
0,25,<wchar>,3,0.173161
0,25,<word>,0,0.750152
0,25,<word>,1,0.249848
0,30,<authority>,0,0.531048
0,30,<authority>,1,0.468952
0,30,<digit>,0,0.305813
0,30,<digit>,1,0.000000
0,30,<digit>,2,0.084824
0,30,<digit>,3,0.012869
0,30,<digit>,4,0.024455
0,30,<digit>,5,0.000000
0,30,<digit>,6,0.050499
0,30,<digit>,7,0.056009
0,30,<digit>,8,0.363890
0,30,<digit>,9,0.101641
0,30,<digits>,0,0.233701
0,30,<digits>,1,0.766299
0,30,<fragment>,0,0.427498
0,30,<fragment>,1,0.572502
0,30,<hex>,0,0.328442
0,30,<hex>,1,0.512010
0,30,<hex>,2,0.159548
0,30,<host>,0,0.490062
0,30,<host>,1,0.509938
0,30,<hostname>,0,0.522991
0,30,<hostname>,1,0.477009
0,30,<ipv4>,0,1.000000
0,30,<key>,0,1.000000
0,30,<label>,0,1.000000
0,30,<octet>,0,0.359125
0,30,<octet>,1,0.640875
0,30,<path>,0,0.210345
0,30,<path>,1,0.261004
0,30,<path>,2,0.528651
0,30,<pchar>,0,0.254682
0,30,<pchar>,1,0.179102
0,30,<pchar>,2,0.206168
0,30,<pchar>,3,0.112238
0,30,<pchar>,4,0.247810
0,30,<pchars>,0,0.709306
0,30,<pchars>,1,0.290694
0,30,<port>,0,1.000000
0,30,<qparam>,0,0.379333
0,30,<qparam>,1,0.620667
0,30,<qparams>,0,0.369630
0,30,<qparams>,1,0.630370
0,30,<query>,0,0.432199
0,30,<query>,1,0.567801
0,30,<qvalue>,0,0.602575
0,30,<qvalue>,1,0.397425
0,30,<scheme>,0,0.211714
0,30,<scheme>,1,0.272269
0,30,<scheme>,2,0.312779
0,30,<scheme>,3,0.203239
0,30,<segment>,0,1.000000
0,30,<segments>,0,0.332337
0,30,<segments>,1,0.667663
0,30,<start>,0,1.000000
0,30,<url>,0,1.000000
0,30,<wchar>,0,0.000000
0,30,<wchar>,1,0.753963
0,30,<wchar>,2,0.034696
0,30,<wchar>,3,0.211341
0,30,<word>,0,0.713506
0,30,<word>,1,0.286494
0,35,<authority>,0,0.573194
0,35,<authority>,1,0.426806
0,35,<digit>,0,0.327987
0,35,<digit>,1,0.000000
0,35,<digit>,2,0.002029
0,35,<digit>,3,0.020219
0,35,<digit>,4,0.000000
0,35,<digit>,5,0.027439
0,35,<digit>,6,0.059453
0,35,<digit>,7,0.069828
0,35,<digit>,8,0.397440
0,35,<digit>,9,0.095606
0,35,<digits>,0,0.264312
0,35,<digits>,1,0.735688
0,35,<fragment>,0,0.438803
0,35,<fragment>,1,0.561197
0,35,<hex>,0,0.300015
0,35,<hex>,1,0.485750
0,35,<hex>,2,0.214234
0,35,<host>,0,0.491943
0,35,<host>,1,0.508057
0,35,<hostname>,0,0.479277
0,35,<hostname>,1,0.520723
0,35,<ipv4>,0,1.000000
0,35,<key>,0,1.000000
0,35,<label>,0,1.000000
0,35,<octet>,0,0.359285
0,35,<octet>,1,0.640715
0,35,<path>,0,0.190282
0,35,<path>,1,0.215019
0,35,<path>,2,0.594699
0,35,<pchar>,0,0.065349
0,35,<pchar>,1,0.121124
0,35,<pchar>,2,0.244355
0,35,<pchar>,3,0.148072
0,35,<pchar>,4,0.421100
0,35,<pchars>,0,0.705801
0,35,<pchars>,1,0.294199
0,35,<port>,0,1.000000
0,35,<qparam>,0,0.494678
0,35,<qparam>,1,0.505322
0,35,<qparams>,0,0.322658
0,35,<qparams>,1,0.677342
0,35,<query>,0,0.483046
0,35,<query>,1,0.516954
0,35,<qvalue>,0,0.528734
0,35,<qvalue>,1,0.471266
0,35,<scheme>,0,0.273488
0,35,<scheme>,1,0.275307
0,35,<scheme>,2,0.266898
0,35,<scheme>,3,0.184307
0,35,<segment>,0,1.000000
0,35,<segments>,0,0.341761
0,35,<segments>,1,0.658239
0,35,<start>,0,1.000000
0,35,<url>,0,1.000000
0,35,<wchar>,0,0.082958
0,35,<wchar>,1,0.637400
0,35,<wchar>,2,0.031004
0,35,<wchar>,3,0.248638
0,35,<word>,0,0.730574
0,35,<word>,1,0.269426
0,40,<authority>,0,0.562597
0,40,<authority>,1,0.437403
0,40,<digit>,0,0.246458
0,40,<digit>,1,0.074272
0,40,<digit>,2,0.051911
0,40,<digit>,3,0.030273
0,40,<digit>,4,0.015065
0,40,<digit>,5,0.024198
0,40,<digit>,6,0.057725
0,40,<digit>,7,0.040468
0,40,<digit>,8,0.367327
0,40,<digit>,9,0.092303
0,40,<digits>,0,0.260929
0,40,<digits>,1,0.739071
0,40,<fragment>,0,0.426142
0,40,<fragment>,1,0.573858
0,40,<hex>,0,0.312235
0,40,<hex>,1,0.446664
0,40,<hex>,2,0.241102
0,40,<host>,0,0.510084
0,40,<host>,1,0.489916
0,40,<hostname>,0,0.557224
0,40,<hostname>,1,0.442776
0,40,<ipv4>,0,1.000000
0,40,<key>,0,1.000000
0,40,<label>,0,1.000000
0,40,<octet>,0,0.301414
0,40,<octet>,1,0.698586
0,40,<path>,0,0.190224
0,40,<path>,1,0.209734
0,40,<path>,2,0.600043
0,40,<pchar>,0,0.244122
0,40,<pchar>,1,0.119422
0,40,<pchar>,2,0.270839
0,40,<pchar>,3,0.078501
0,40,<pchar>,4,0.287116
0,40,<pchars>,0,0.605178
0,40,<pchars>,1,0.394822
0,40,<port>,0,1.000000
0,40,<qparam>,0,0.443978
0,40,<qparam>,1,0.556022
0,40,<qparams>,0,0.371270
0,40,<qparams>,1,0.628730
0,40,<query>,0,0.438662
0,40,<query>,1,0.561338
0,40,<qvalue>,0,0.580717
0,40,<qvalue>,1,0.419283
0,40,<scheme>,0,0.262474
0,40,<scheme>,1,0.313630
0,40,<scheme>,2,0.271879
0,40,<scheme>,3,0.152017
0,40,<segment>,0,1.000000
0,40,<segments>,0,0.268254
0,40,<segments>,1,0.731746
0,40,<start>,0,1.000000
0,40,<url>,0,1.000000
0,40,<wchar>,0,0.012081
0,40,<wchar>,1,0.692947
0,40,<wchar>,2,0.026870
0,40,<wchar>,3,0.268102
0,40,<word>,0,0.707732
0,40,<word>,1,0.292268
0,45,<authority>,0,0.563686
0,45,<authority>,1,0.436314
0,45,<digit>,0,0.263807
0,45,<digit>,1,0.011146
0,45,<digit>,2,0.053130
0,45,<digit>,3,0.017523
0,45,<digit>,4,0.005161
0,45,<digit>,5,0.053097
0,45,<digit>,6,0.062792
0,45,<digit>,7,0.040610
0,45,<digit>,8,0.415643
0,45,<digit>,9,0.077092
0,45,<digits>,0,0.256056
0,45,<digits>,1,0.743944
0,45,<fragment>,0,0.415256
0,45,<fragment>,1,0.584744
0,45,<hex>,0,0.360424
0,45,<hex>,1,0.416266
0,45,<hex>,2,0.223310
0,45,<host>,0,0.526379
0,45,<host>,1,0.473621
0,45,<hostname>,0,0.546505
0,45,<hostname>,1,0.453495
0,45,<ipv4>,0,1.000000
0,45,<key>,0,1.000000
0,45,<label>,0,1.000000
0,45,<octet>,0,0.304586
0,45,<octet>,1,0.695414
0,45,<path>,0,0.220638
0,45,<path>,1,0.198187
0,45,<path>,2,0.581175
0,45,<pchar>,0,0.249027
0,45,<pchar>,1,0.073493
0,45,<pchar>,2,0.269772
0,45,<pchar>,3,0.107177
0,45,<pchar>,4,0.300530
0,45,<pchars>,0,0.615995
0,45,<pchars>,1,0.384005
0,45,<port>,0,1.000000
0,45,<qparam>,0,0.432978
0,45,<qparam>,1,0.567022
0,45,<qparams>,0,0.355983
0,45,<qparams>,1,0.644017
0,45,<query>,0,0.405639
0,45,<query>,1,0.594361
0,45,<qvalue>,0,0.591646
0,45,<qvalue>,1,0.408354
0,45,<scheme>,0,0.205407
0,45,<scheme>,1,0.279341
0,45,<scheme>,2,0.298300
0,45,<scheme>,3,0.216953
0,45,<segment>,0,1.000000
0,45,<segments>,0,0.261634
0,45,<segments>,1,0.738366
0,45,<start>,0,1.000000
0,45,<url>,0,1.000000
0,45,<wchar>,0,0.032462
0,45,<wchar>,1,0.725017
0,45,<wchar>,2,0.042673
0,45,<wchar>,3,0.199848
0,45,<word>,0,0.730214
0,45,<word>,1,0.269786
0,50,<authority>,0,0.557455
0,50,<authority>,1,0.442545
0,50,<digit>,0,0.328703
0,50,<digit>,1,0.041175
0,50,<digit>,2,0.018438
0,50,<digit>,3,0.022825
0,50,<digit>,4,0.000000
0,50,<digit>,5,0.043753
0,50,<digit>,6,0.000000
0,50,<digit>,7,0.058153
0,50,<digit>,8,0.432972
0,50,<digit>,9,0.053981
0,50,<digits>,0,0.248065
0,50,<digits>,1,0.751935
0,50,<fragment>,0,0.442829
0,50,<fragment>,1,0.557171
0,50,<hex>,0,0.355603
0,50,<hex>,1,0.369762
0,50,<hex>,2,0.274635
0,50,<host>,0,0.512770
0,50,<host>,1,0.487230
0,50,<hostname>,0,0.541684
0,50,<hostname>,1,0.458316
0,50,<ipv4>,0,1.000000
0,50,<key>,0,1.000000
0,50,<label>,0,1.000000
0,50,<octet>,0,0.317169
0,50,<octet>,1,0.682831
0,50,<path>,0,0.161096
0,50,<path>,1,0.185681
0,50,<path>,2,0.653223
0,50,<pchar>,0,0.236003
0,50,<pchar>,1,0.119851
0,50,<pchar>,2,0.240438
0,50,<pchar>,3,0.071029
0,50,<pchar>,4,0.332678
0,50,<pchars>,0,0.623105
0,50,<pchars>,1,0.376895
0,50,<port>,0,1.000000
0,50,<qparam>,0,0.441793
0,50,<qparam>,1,0.558207
0,50,<qparams>,0,0.353086
0,50,<qparams>,1,0.646914
0,50,<query>,0,0.430241
0,50,<query>,1,0.569759
0,50,<qvalue>,0,0.575984
0,50,<qvalue>,1,0.424016
0,50,<scheme>,0,0.203453
0,50,<scheme>,1,0.290257
0,50,<scheme>,2,0.267123
0,50,<scheme>,3,0.239168
0,50,<segment>,0,1.000000
0,50,<segments>,0,0.222326
0,50,<segments>,1,0.777674
0,50,<start>,0,1.000000
0,50,<url>,0,1.000000
0,50,<wchar>,0,0.011705
0,50,<wchar>,1,0.743755
0,50,<wchar>,2,0.043303
0,50,<wchar>,3,0.201238
0,50,<word>,0,0.779471
0,50,<word>,1,0.220529
0,55,<authority>,0,0.554242
0,55,<authority>,1,0.445758
0,55,<digit>,0,0.364548
0,55,<digit>,1,0.027385
0,55,<digit>,2,0.017428
0,55,<digit>,3,0.010483
0,55,<digit>,4,0.047371
0,55,<digit>,5,0.028379
0,55,<digit>,6,0.000000
0,55,<digit>,7,0.067261
0,55,<digit>,8,0.398506
0,55,<digit>,9,0.038638
0,55,<digits>,0,0.249521
0,55,<digits>,1,0.750479
0,55,<fragment>,0,0.439133
0,55,<fragment>,1,0.560867
0,55,<hex>,0,0.331711
0,55,<hex>,1,0.409209
0,55,<hex>,2,0.259081
0,55,<host>,0,0.505980
0,55,<host>,1,0.494020
0,55,<hostname>,0,0.554455
0,55,<hostname>,1,0.445545
0,55,<ipv4>,0,1.000000
0,55,<key>,0,1.000000
0,55,<label>,0,1.000000
0,55,<octet>,0,0.272727
0,55,<octet>,1,0.727273
0,55,<path>,0,0.177349
0,55,<path>,1,0.185706
0,55,<path>,2,0.636945
0,55,<pchar>,0,0.248964
0,55,<pchar>,1,0.098740
0,55,<pchar>,2,0.236401
0,55,<pchar>,3,0.069364
0,55,<pchar>,4,0.346531
0,55,<pchars>,0,0.609150
0,55,<pchars>,1,0.390850
0,55,<port>,0,1.000000
0,55,<qparam>,0,0.418123
0,55,<qparam>,1,0.581877
0,55,<qparams>,0,0.354142
0,55,<qparams>,1,0.645858
0,55,<query>,0,0.443149
0,55,<query>,1,0.556851
0,55,<qvalue>,0,0.576594
0,55,<qvalue>,1,0.423406
0,55,<scheme>,0,0.243133
0,55,<scheme>,1,0.274511
0,55,<scheme>,2,0.264726
0,55,<scheme>,3,0.217630
0,55,<segment>,0,1.000000
0,55,<segments>,0,0.200149
0,55,<segments>,1,0.799851
0,55,<start>,0,1.000000
0,55,<url>,0,1.000000
0,55,<wchar>,0,0.010952
0,55,<wchar>,1,0.748826
0,55,<wchar>,2,0.040079
0,55,<wchar>,3,0.200143
0,55,<word>,0,0.759484
0,55,<word>,1,0.240516
0,59,<authority>,0,0.555043
0,59,<authority>,1,0.444957
0,59,<digit>,0,0.390184
0,59,<digit>,1,0.021319
0,59,<digit>,2,0.051587
0,59,<digit>,3,0.012214
0,59,<digit>,4,0.000278
0,59,<digit>,5,0.000000
0,59,<digit>,6,0.013653
0,59,<digit>,7,0.047439
0,59,<digit>,8,0.463326
0,59,<digit>,9,0.000000
0,59,<digits>,0,0.249283
0,59,<digits>,1,0.750717
0,59,<fragment>,0,0.440084
0,59,<fragment>,1,0.559916
0,59,<hex>,0,0.307497
0,59,<hex>,1,0.452399
0,59,<hex>,2,0.240105
0,59,<host>,0,0.491919
0,59,<host>,1,0.508081
0,59,<hostname>,0,0.583327
0,59,<hostname>,1,0.416673
0,59,<ipv4>,0,1.000000
0,59,<key>,0,1.000000
0,59,<label>,0,1.000000
0,59,<octet>,0,0.320928
0,59,<octet>,1,0.679072
0,59,<path>,0,0.181349
0,59,<path>,1,0.181130
0,59,<path>,2,0.637521
0,59,<pchar>,0,0.228827
0,59,<pchar>,1,0.135338
0,59,<pchar>,2,0.242796
0,59,<pchar>,3,0.075867
0,59,<pchar>,4,0.317173
0,59,<pchars>,0,0.584841
0,59,<pchars>,1,0.415159
0,59,<port>,0,1.000000
0,59,<qparam>,0,0.436509
0,59,<qparam>,1,0.563491
0,59,<qparams>,0,0.356714
0,59,<qparams>,1,0.643286
0,59,<query>,0,0.440915
0,59,<query>,1,0.559085
0,59,<qvalue>,0,0.570031
0,59,<qvalue>,1,0.429969
0,59,<scheme>,0,0.235529
0,59,<scheme>,1,0.269022
0,59,<scheme>,2,0.276303
0,59,<scheme>,3,0.219146
0,59,<segment>,0,1.000000
0,59,<segments>,0,0.209518
0,59,<segments>,1,0.790482
0,59,<start>,0,1.000000
0,59,<url>,0,1.000000
0,59,<wchar>,0,0.000000
0,59,<wchar>,1,0.783393
0,59,<wchar>,2,0.035924
0,59,<wchar>,3,0.180684
0,59,<word>,0,0.756935
0,59,<word>,1,0.243065
1,0,<authority>,0,0.595403
1,0,<authority>,1,0.404597
1,0,<digit>,0,0.106358
1,0,<digit>,1,0.043908
1,0,<digit>,2,0.136793
1,0,<digit>,3,0.067694
1,0,<digit>,4,0.085140
1,0,<digit>,5,0.078999
1,0,<digit>,6,0.144907
1,0,<digit>,7,0.082987
1,0,<digit>,8,0.181825
1,0,<digit>,9,0.071387
1,0,<digits>,0,0.546293
1,0,<digits>,1,0.453707
1,0,<fragment>,0,0.512623
1,0,<fragment>,1,0.487377
1,0,<hex>,0,0.324951
1,0,<hex>,1,0.386550
1,0,<hex>,2,0.288499
1,0,<host>,0,0.394710
1,0,<host>,1,0.605290
1,0,<hostname>,0,0.345639
1,0,<hostname>,1,0.654361
1,0,<ipv4>,0,1.000000
1,0,<key>,0,1.000000
1,0,<label>,0,1.000000
1,0,<octet>,0,0.427846
1,0,<octet>,1,0.572154
1,0,<path>,0,0.354448
1,0,<path>,1,0.381565
1,0,<path>,2,0.263987
1,0,<pchar>,0,0.243718
1,0,<pchar>,1,0.102246
1,0,<pchar>,2,0.085710
1,0,<pchar>,3,0.257291
1,0,<pchar>,4,0.311035
1,0,<pchars>,0,0.368985
1,0,<pchars>,1,0.631015
1,0,<port>,0,1.000000
1,0,<qparam>,0,0.469336
1,0,<qparam>,1,0.530664
1,0,<qparams>,0,0.782657
1,0,<qparams>,1,0.217343
1,0,<query>,0,0.417784
1,0,<query>,1,0.582216
1,0,<qvalue>,0,0.198803
1,0,<qvalue>,1,0.801197
1,0,<scheme>,0,0.231540
1,0,<scheme>,1,0.200125
1,0,<scheme>,2,0.195431
1,0,<scheme>,3,0.372904
1,0,<segment>,0,1.000000
1,0,<segments>,0,0.761099
1,0,<segments>,1,0.238901
1,0,<start>,0,1.000000
1,0,<url>,0,1.000000
1,0,<wchar>,0,0.170885
1,0,<wchar>,1,0.171957
1,0,<wchar>,2,0.395742
1,0,<wchar>,3,0.261416
1,0,<word>,0,0.723672
1,0,<word>,1,0.276328
1,5,<authority>,0,0.385598
1,5,<authority>,1,0.614402
1,5,<digit>,0,0.135365
1,5,<digit>,1,0.100999
1,5,<digit>,2,0.040668
1,5,<digit>,3,0.118960
1,5,<digit>,4,0.013942
1,5,<digit>,5,0.063904
1,5,<digit>,6,0.151270
1,5,<digit>,7,0.177607
1,5,<digit>,8,0.165146
1,5,<digit>,9,0.032138
1,5,<digits>,0,0.399549
1,5,<digits>,1,0.600451
1,5,<fragment>,0,0.473048
1,5,<fragment>,1,0.526952
1,5,<hex>,0,0.463456
1,5,<hex>,1,0.343700
1,5,<hex>,2,0.192843
1,5,<host>,0,0.597040
1,5,<host>,1,0.402960
1,5,<hostname>,0,0.553163
1,5,<hostname>,1,0.446837
1,5,<ipv4>,0,1.000000
1,5,<key>,0,1.000000
1,5,<label>,0,1.000000
1,5,<octet>,0,0.469779
1,5,<octet>,1,0.530221
1,5,<path>,0,0.296905
1,5,<path>,1,0.336973
1,5,<path>,2,0.366122
1,5,<pchar>,0,0.293430
1,5,<pchar>,1,0.240203
1,5,<pchar>,2,0.286795
1,5,<pchar>,3,0.082299
1,5,<pchar>,4,0.097272
1,5,<pchars>,0,0.636435
1,5,<pchars>,1,0.363565
1,5,<port>,0,1.000000
1,5,<qparam>,0,0.492070
1,5,<qparam>,1,0.507930
1,5,<qparams>,0,0.509579
1,5,<qparams>,1,0.490421
1,5,<query>,0,0.466946
1,5,<query>,1,0.533054
1,5,<qvalue>,0,0.647543
1,5,<qvalue>,1,0.352457
1,5,<scheme>,0,0.269692
1,5,<scheme>,1,0.404635
1,5,<scheme>,2,0.178812
1,5,<scheme>,3,0.146861
1,5,<segment>,0,1.000000
1,5,<segments>,0,0.418529
1,5,<segments>,1,0.581471
1,5,<start>,0,1.000000
1,5,<url>,0,1.000000
1,5,<wchar>,0,0.218353
1,5,<wchar>,1,0.234530
1,5,<wchar>,2,0.322203
1,5,<wchar>,3,0.224914
1,5,<word>,0,0.542458
1,5,<word>,1,0.457542
1,10,<authority>,0,0.462871
1,10,<authority>,1,0.537129
1,10,<digit>,0,0.226007
1,10,<digit>,1,0.057856
1,10,<digit>,2,0.108319
1,10,<digit>,3,0.104781
1,10,<digit>,4,0.041561
1,10,<digit>,5,0.017717
1,10,<digit>,6,0.138090
1,10,<digit>,7,0.070770
1,10,<digit>,8,0.222839
1,10,<digit>,9,0.012060
1,10,<digits>,0,0.432424
1,10,<digits>,1,0.567576
1,10,<fragment>,0,0.522443
1,10,<fragment>,1,0.477557
1,10,<hex>,0,0.364911
1,10,<hex>,1,0.390715
1,10,<hex>,2,0.244373
1,10,<host>,0,0.520894
1,10,<host>,1,0.479106
1,10,<hostname>,0,0.451448
1,10,<hostname>,1,0.548552
1,10,<ipv4>,0,1.000000
1,10,<key>,0,1.000000
1,10,<label>,0,1.000000
1,10,<octet>,0,0.639372
1,10,<octet>,1,0.360628
1,10,<path>,0,0.350431
1,10,<path>,1,0.180505
1,10,<path>,2,0.469063
1,10,<pchar>,0,0.360742
1,10,<pchar>,1,0.214217
1,10,<pchar>,2,0.130239
1,10,<pchar>,3,0.107062
1,10,<pchar>,4,0.187740
1,10,<pchars>,0,0.565447
1,10,<pchars>,1,0.434553
1,10,<port>,0,1.000000
1,10,<qparam>,0,0.166691
1,10,<qparam>,1,0.833309
1,10,<qparams>,0,0.564404
1,10,<qparams>,1,0.435596
1,10,<query>,0,0.458558
1,10,<query>,1,0.541442
1,10,<qvalue>,0,0.568871
1,10,<qvalue>,1,0.431129
1,10,<scheme>,0,0.228796
1,10,<scheme>,1,0.232063
1,10,<scheme>,2,0.248460
1,10,<scheme>,3,0.290681
1,10,<segment>,0,1.000000
1,10,<segments>,0,0.389805
1,10,<segments>,1,0.610195
1,10,<start>,0,1.000000
1,10,<url>,0,1.000000
1,10,<wchar>,0,0.300970
1,10,<wchar>,1,0.177838
1,10,<wchar>,2,0.307603
1,10,<wchar>,3,0.213589
1,10,<word>,0,0.594370
1,10,<word>,1,0.405630
1,15,<authority>,0,0.441057
1,15,<authority>,1,0.558943
1,15,<digit>,0,0.277197
1,15,<digit>,1,0.012062
1,15,<digit>,2,0.104342
1,15,<digit>,3,0.097012
1,15,<digit>,4,0.053862
1,15,<digit>,5,0.021448
1,15,<digit>,6,0.167421
1,15,<digit>,7,0.000000
1,15,<digit>,8,0.255594
1,15,<digit>,9,0.011061
1,15,<digits>,0,0.415451
1,15,<digits>,1,0.584549
1,15,<fragment>,0,0.464734
1,15,<fragment>,1,0.535266
1,15,<hex>,0,0.388068
1,15,<hex>,1,0.351826
1,15,<hex>,2,0.260106
1,15,<host>,0,0.561809
1,15,<host>,1,0.438191
1,15,<hostname>,0,0.456193
1,15,<hostname>,1,0.543807
1,15,<ipv4>,0,1.000000
1,15,<key>,0,1.000000
1,15,<label>,0,1.000000
1,15,<octet>,0,0.667048
1,15,<octet>,1,0.332952
1,15,<path>,0,0.333928
1,15,<path>,1,0.219368
1,15,<path>,2,0.446704
1,15,<pchar>,0,0.355044
1,15,<pchar>,1,0.195801
1,15,<pchar>,2,0.170388
1,15,<pchar>,3,0.078347
1,15,<pchar>,4,0.200419
1,15,<pchars>,0,0.669660
1,15,<pchars>,1,0.330340
1,15,<port>,0,1.000000
1,15,<qparam>,0,0.095162
1,15,<qparam>,1,0.904838
1,15,<qparams>,0,0.559775
1,15,<qparams>,1,0.440225
1,15,<query>,0,0.464071
1,15,<query>,1,0.535929
1,15,<qvalue>,0,0.603893
1,15,<qvalue>,1,0.396107
1,15,<scheme>,0,0.242919
1,15,<scheme>,1,0.242159
1,15,<scheme>,2,0.230240
1,15,<scheme>,3,0.284682
1,15,<segment>,0,1.000000
1,15,<segments>,0,0.349799
1,15,<segments>,1,0.650201
1,15,<start>,0,1.000000
1,15,<url>,0,1.000000
1,15,<wchar>,0,0.160604
1,15,<wchar>,1,0.521709
1,15,<wchar>,2,0.191927
1,15,<wchar>,3,0.125760
1,15,<word>,0,0.540049
1,15,<word>,1,0.459951
1,20,<authority>,0,0.445091
1,20,<authority>,1,0.554909
1,20,<digit>,0,0.144859
1,20,<digit>,1,0.058125
1,20,<digit>,2,0.122882
1,20,<digit>,3,0.049974
1,20,<digit>,4,0.009696
1,20,<digit>,5,0.029915
1,20,<digit>,6,0.191965
1,20,<digit>,7,0.016146
1,20,<digit>,8,0.342225
1,20,<digit>,9,0.034213
1,20,<digits>,0,0.165589
1,20,<digits>,1,0.834411
1,20,<fragment>,0,0.518652
1,20,<fragment>,1,0.481348
1,20,<hex>,0,0.395239
1,20,<hex>,1,0.399231
1,20,<hex>,2,0.205530
1,20,<host>,0,0.550219
1,20,<host>,1,0.449781
1,20,<hostname>,0,0.457836
1,20,<hostname>,1,0.542164
1,20,<ipv4>,0,1.000000
1,20,<key>,0,1.000000
1,20,<label>,0,1.000000
1,20,<octet>,0,0.623833
1,20,<octet>,1,0.376167
1,20,<path>,0,0.313821
1,20,<path>,1,0.225235
1,20,<path>,2,0.460944
1,20,<pchar>,0,0.357652
1,20,<pchar>,1,0.209938
1,20,<pchar>,2,0.195937
1,20,<pchar>,3,0.108086
1,20,<pchar>,4,0.128388
1,20,<pchars>,0,0.652197
1,20,<pchars>,1,0.347803
1,20,<port>,0,1.000000
1,20,<qparam>,0,0.338613
1,20,<qparam>,1,0.661387
1,20,<qparams>,0,0.532013
1,20,<qparams>,1,0.467987
1,20,<query>,0,0.449514
1,20,<query>,1,0.550486
1,20,<qvalue>,0,0.619292
1,20,<qvalue>,1,0.380708
1,20,<scheme>,0,0.244187
1,20,<scheme>,1,0.220754
1,20,<scheme>,2,0.229637
1,20,<scheme>,3,0.305422
1,20,<segment>,0,1.000000
1,20,<segments>,0,0.383759
1,20,<segments>,1,0.616241
1,20,<start>,0,1.000000
1,20,<url>,0,1.000000
1,20,<wchar>,0,0.102145
1,20,<wchar>,1,0.451625
1,20,<wchar>,2,0.203476
1,20,<wchar>,3,0.242754
1,20,<word>,0,0.559256
1,20,<word>,1,0.440744
1,25,<authority>,0,0.465017
1,25,<authority>,1,0.534983
1,25,<digit>,0,0.198313
1,25,<digit>,1,0.061407
1,25,<digit>,2,0.055194
1,25,<digit>,3,0.095451
1,25,<digit>,4,0.015911
1,25,<digit>,5,0.004653
1,25,<digit>,6,0.170599
1,25,<digit>,7,0.039574
1,25,<digit>,8,0.324088
1,25,<digit>,9,0.034810
1,25,<digits>,0,0.311556
1,25,<digits>,1,0.688444
1,25,<fragment>,0,0.556161
1,25,<fragment>,1,0.443839
1,25,<hex>,0,0.361361
1,25,<hex>,1,0.345038
1,25,<hex>,2,0.293601
1,25,<host>,0,0.569601
1,25,<host>,1,0.430399
1,25,<hostname>,0,0.463137
1,25,<hostname>,1,0.536863
1,25,<ipv4>,0,1.000000
1,25,<key>,0,1.000000
1,25,<label>,0,1.000000
1,25,<octet>,0,0.611633
1,25,<octet>,1,0.388367
1,25,<path>,0,0.366444
1,25,<path>,1,0.098964
1,25,<path>,2,0.534591
1,25,<pchar>,0,0.334641
1,25,<pchar>,1,0.228447
1,25,<pchar>,2,0.182756
1,25,<pchar>,3,0.064648
1,25,<pchar>,4,0.189508
1,25,<pchars>,0,0.611251
1,25,<pchars>,1,0.388749
1,25,<port>,0,1.000000
1,25,<qparam>,0,0.428578
1,25,<qparam>,1,0.571422
1,25,<qparams>,0,0.514519
1,25,<qparams>,1,0.485481
1,25,<query>,0,0.490793
1,25,<query>,1,0.509207
1,25,<qvalue>,0,0.659688
1,25,<qvalue>,1,0.340312
1,25,<scheme>,0,0.250847
1,25,<scheme>,1,0.204931
1,25,<scheme>,2,0.220453
1,25,<scheme>,3,0.323770
1,25,<segment>,0,1.000000
1,25,<segments>,0,0.375293
1,25,<segments>,1,0.624707
1,25,<start>,0,1.000000
1,25,<url>,0,1.000000
1,25,<wchar>,0,0.164495
1,25,<wchar>,1,0.599134
1,25,<wchar>,2,0.100018
1,25,<wchar>,3,0.136352
1,25,<word>,0,0.561622
1,25,<word>,1,0.438378
1,30,<authority>,0,0.499802
1,30,<authority>,1,0.500198
1,30,<digit>,0,0.157525
1,30,<digit>,1,0.057559
1,30,<digit>,2,0.074857
1,30,<digit>,3,0.051475
1,30,<digit>,4,0.002857
1,30,<digit>,5,0.023998
1,30,<digit>,6,0.157061
1,30,<digit>,7,0.003377
1,30,<digit>,8,0.280929
1,30,<digit>,9,0.190363
1,30,<digits>,0,0.378548
1,30,<digits>,1,0.621452
1,30,<fragment>,0,0.538949
1,30,<fragment>,1,0.461051
1,30,<hex>,0,0.368023
1,30,<hex>,1,0.369524
1,30,<hex>,2,0.262452
1,30,<host>,0,0.567012
1,30,<host>,1,0.432988
1,30,<hostname>,0,0.502552
1,30,<hostname>,1,0.497448
1,30,<ipv4>,0,1.000000
1,30,<key>,0,1.000000
1,30,<label>,0,1.000000
1,30,<octet>,0,0.623897
1,30,<octet>,1,0.376103
1,30,<path>,0,0.342940
1,30,<path>,1,0.106410
1,30,<path>,2,0.550650
1,30,<pchar>,0,0.419191
1,30,<pchar>,1,0.277180
1,30,<pchar>,2,0.000000
1,30,<pchar>,3,0.097575
1,30,<pchar>,4,0.206055
1,30,<pchars>,0,0.616276
1,30,<pchars>,1,0.383724
1,30,<port>,0,1.000000
1,30,<qparam>,0,0.423518
1,30,<qparam>,1,0.576482
1,30,<qparams>,0,0.401763
1,30,<qparams>,1,0.598237
1,30,<query>,0,0.466094
1,30,<query>,1,0.533906
1,30,<qvalue>,0,0.637846
1,30,<qvalue>,1,0.362154
1,30,<scheme>,0,0.229604
1,30,<scheme>,1,0.269398
1,30,<scheme>,2,0.241418
1,30,<scheme>,3,0.259580
1,30,<segment>,0,1.000000
1,30,<segments>,0,0.323308
1,30,<segments>,1,0.676692
1,30,<start>,0,1.000000
1,30,<url>,0,1.000000
1,30,<wchar>,0,0.029904
1,30,<wchar>,1,0.581091
1,30,<wchar>,2,0.142420
1,30,<wchar>,3,0.246584
1,30,<word>,0,0.563243
1,30,<word>,1,0.436757
1,35,<authority>,0,0.433325
1,35,<authority>,1,0.566675
1,35,<digit>,0,0.208803
1,35,<digit>,1,0.029968
1,35,<digit>,2,0.056404
1,35,<digit>,3,0.079092
1,35,<digit>,4,0.007312
1,35,<digit>,5,0.031801
1,35,<digit>,6,0.190136
1,35,<digit>,7,0.023572
1,35,<digit>,8,0.332633
1,35,<digit>,9,0.040277
1,35,<digits>,0,0.281673
1,35,<digits>,1,0.718327
1,35,<fragment>,0,0.588868
1,35,<fragment>,1,0.411132
1,35,<hex>,0,0.349201
1,35,<hex>,1,0.376338
1,35,<hex>,2,0.274461
1,35,<host>,0,0.554371
1,35,<host>,1,0.445629
1,35,<hostname>,0,0.507285
1,35,<hostname>,1,0.492715
1,35,<ipv4>,0,1.000000
1,35,<key>,0,1.000000
1,35,<label>,0,1.000000
1,35,<octet>,0,0.602751
1,35,<octet>,1,0.397249
1,35,<path>,0,0.259742
1,35,<path>,1,0.120414
1,35,<path>,2,0.619845
1,35,<pchar>,0,0.425244
1,35,<pchar>,1,0.205558
1,35,<pchar>,2,0.051339
1,35,<pchar>,3,0.078893
1,35,<pchar>,4,0.238966
1,35,<pchars>,0,0.658317
1,35,<pchars>,1,0.341683
1,35,<port>,0,1.000000
1,35,<qparam>,0,0.419893
1,35,<qparam>,1,0.580107
1,35,<qparams>,0,0.290593
1,35,<qparams>,1,0.709407
1,35,<query>,0,0.418405
1,35,<query>,1,0.581595
1,35,<qvalue>,0,0.572929
1,35,<qvalue>,1,0.427071
1,35,<scheme>,0,0.228581
1,35,<scheme>,1,0.235201
1,35,<scheme>,2,0.250193
1,35,<scheme>,3,0.286025
1,35,<segment>,0,1.000000
1,35,<segments>,0,0.284398
1,35,<segments>,1,0.715602
1,35,<start>,0,1.000000
1,35,<url>,0,1.000000
1,35,<wchar>,0,0.193723
1,35,<wchar>,1,0.550418
1,35,<wchar>,2,0.055127
1,35,<wchar>,3,0.200732
1,35,<word>,0,0.516727
1,35,<word>,1,0.483273
1,40,<authority>,0,0.439519
1,40,<authority>,1,0.560481
1,40,<digit>,0,0.386179
1,40,<digit>,1,0.032423
1,40,<digit>,2,0.017902
1,40,<digit>,3,0.070130
1,40,<digit>,4,0.005530
1,40,<digit>,5,0.019579
1,40,<digit>,6,0.205001
1,40,<digit>,7,0.025465
1,40,<digit>,8,0.160670
1,40,<digit>,9,0.077121
1,40,<digits>,0,0.233117
1,40,<digits>,1,0.766883
1,40,<fragment>,0,0.553647
1,40,<fragment>,1,0.446353
1,40,<hex>,0,0.315820
1,40,<hex>,1,0.405425
1,40,<hex>,2,0.278754
1,40,<host>,0,0.563528
1,40,<host>,1,0.436472
1,40,<hostname>,0,0.531769
1,40,<hostname>,1,0.468231
1,40,<ipv4>,0,1.000000
1,40,<key>,0,1.000000
1,40,<label>,0,1.000000
1,40,<octet>,0,0.594914
1,40,<octet>,1,0.405086
1,40,<path>,0,0.236515
1,40,<path>,1,0.193428
1,40,<path>,2,0.570057
1,40,<pchar>,0,0.330420
1,40,<pchar>,1,0.464435
1,40,<pchar>,2,0.001453
1,40,<pchar>,3,0.075961
1,40,<pchar>,4,0.127731
1,40,<pchars>,0,0.689450
1,40,<pchars>,1,0.310550
1,40,<port>,0,1.000000
1,40,<qparam>,0,0.415201
1,40,<qparam>,1,0.584799
1,40,<qparams>,0,0.322280
1,40,<qparams>,1,0.677720
1,40,<query>,0,0.479782
1,40,<query>,1,0.520218
1,40,<qvalue>,0,0.543429
1,40,<qvalue>,1,0.456571
1,40,<scheme>,0,0.221446
1,40,<scheme>,1,0.260520
1,40,<scheme>,2,0.239685
1,40,<scheme>,3,0.278350
1,40,<segment>,0,1.000000
1,40,<segments>,0,0.239093
1,40,<segments>,1,0.760907
1,40,<start>,0,1.000000
1,40,<url>,0,1.000000
1,40,<wchar>,0,0.019426
1,40,<wchar>,1,0.724765
1,40,<wchar>,2,0.094259
1,40,<wchar>,3,0.161550
1,40,<word>,0,0.531855
1,40,<word>,1,0.468145
1,45,<authority>,0,0.449096
1,45,<authority>,1,0.550904
1,45,<digit>,0,0.301978
1,45,<digit>,1,0.053479
1,45,<digit>,2,0.028146
1,45,<digit>,3,0.104461
1,45,<digit>,4,0.044696
1,45,<digit>,5,0.017999
1,45,<digit>,6,0.172285
1,45,<digit>,7,0.000000
1,45,<digit>,8,0.164750
1,45,<digit>,9,0.112206
1,45,<digits>,0,0.232167
1,45,<digits>,1,0.767833
1,45,<fragment>,0,0.549338
1,45,<fragment>,1,0.450662
1,45,<hex>,0,0.309867
1,45,<hex>,1,0.414523
1,45,<hex>,2,0.275610
1,45,<host>,0,0.584384
1,45,<host>,1,0.415616
1,45,<hostname>,0,0.539781
1,45,<hostname>,1,0.460219
1,45,<ipv4>,0,1.000000
1,45,<key>,0,1.000000
1,45,<label>,0,1.000000
1,45,<octet>,0,0.602436
1,45,<octet>,1,0.397564
1,45,<path>,0,0.215655
1,45,<path>,1,0.212603
1,45,<path>,2,0.571742
1,45,<pchar>,0,0.325028
1,45,<pchar>,1,0.385517
1,45,<pchar>,2,0.038370
1,45,<pchar>,3,0.103589
1,45,<pchar>,4,0.147496
1,45,<pchars>,0,0.690390
1,45,<pchars>,1,0.309610
1,45,<port>,0,1.000000
1,45,<qparam>,0,0.335001
1,45,<qparam>,1,0.664999
1,45,<qparams>,0,0.328176
1,45,<qparams>,1,0.671824
1,45,<query>,0,0.472944
1,45,<query>,1,0.527056
1,45,<qvalue>,0,0.539477
1,45,<qvalue>,1,0.460523
1,45,<scheme>,0,0.212881
1,45,<scheme>,1,0.261590
1,45,<scheme>,2,0.240596
1,45,<scheme>,3,0.284933
1,45,<segment>,0,1.000000
1,45,<segments>,0,0.233005
1,45,<segments>,1,0.766995
1,45,<start>,0,1.000000
1,45,<url>,0,1.000000
1,45,<wchar>,0,0.048629
1,45,<wchar>,1,0.792456
1,45,<wchar>,2,0.135975
1,45,<wchar>,3,0.022940
1,45,<word>,0,0.542953
1,45,<word>,1,0.457047
1,50,<authority>,0,0.460314
1,50,<authority>,1,0.539686
1,50,<digit>,0,0.386854
1,50,<digit>,1,0.008115
1,50,<digit>,2,0.009856
1,50,<digit>,3,0.063093
1,50,<digit>,4,0.027440
1,50,<digit>,5,0.020770
1,50,<digit>,6,0.190348
1,50,<digit>,7,0.041537
1,50,<digit>,8,0.235634
1,50,<digit>,9,0.016352
1,50,<digits>,0,0.234716
1,50,<digits>,1,0.765284
1,50,<fragment>,0,0.549145
1,50,<fragment>,1,0.450855
1,50,<hex>,0,0.300459
1,50,<hex>,1,0.420641
1,50,<hex>,2,0.278900
1,50,<host>,0,0.574346
1,50,<host>,1,0.425654
1,50,<hostname>,0,0.546157
1,50,<hostname>,1,0.453843
1,50,<ipv4>,0,1.000000
1,50,<key>,0,1.000000
1,50,<label>,0,1.000000
1,50,<octet>,0,0.601291
1,50,<octet>,1,0.398709
1,50,<path>,0,0.144998
1,50,<path>,1,0.192590
1,50,<path>,2,0.662412
1,50,<pchar>,0,0.328201
1,50,<pchar>,1,0.360585
1,50,<pchar>,2,0.066111
1,50,<pchar>,3,0.096692
1,50,<pchar>,4,0.148411
1,50,<pchars>,0,0.579247
1,50,<pchars>,1,0.420753
1,50,<port>,0,1.000000
1,50,<qparam>,0,0.382494
1,50,<qparam>,1,0.617506
1,50,<qparams>,0,0.282974
1,50,<qparams>,1,0.717026
1,50,<query>,0,0.416785
1,50,<query>,1,0.583215
1,50,<qvalue>,0,0.649738
1,50,<qvalue>,1,0.350262
1,50,<scheme>,0,0.226126
1,50,<scheme>,1,0.286743
1,50,<scheme>,2,0.245959
1,50,<scheme>,3,0.241173
1,50,<segment>,0,1.000000
1,50,<segments>,0,0.247132
1,50,<segments>,1,0.752868
1,50,<start>,0,1.000000
1,50,<url>,0,1.000000
1,50,<wchar>,0,0.005689
1,50,<wchar>,1,0.905209
1,50,<wchar>,2,0.089102
1,50,<wchar>,3,0.000000
1,50,<word>,0,0.520001
1,50,<word>,1,0.479999
1,55,<authority>,0,0.452278
1,55,<authority>,1,0.547722
1,55,<digit>,0,0.340074
1,55,<digit>,1,0.000000
1,55,<digit>,2,0.000330
1,55,<digit>,3,0.026730
1,55,<digit>,4,0.024232
1,55,<digit>,5,0.072814
1,55,<digit>,6,0.224685
1,55,<digit>,7,0.025190
1,55,<digit>,8,0.240146
1,55,<digit>,9,0.045800
1,55,<digits>,0,0.285758
1,55,<digits>,1,0.714242
1,55,<fragment>,0,0.528754
1,55,<fragment>,1,0.471246
1,55,<hex>,0,0.339629
1,55,<hex>,1,0.467545
1,55,<hex>,2,0.192826
1,55,<host>,0,0.573963
1,55,<host>,1,0.426037
1,55,<hostname>,0,0.544812
1,55,<hostname>,1,0.455188
1,55,<ipv4>,0,1.000000
1,55,<key>,0,1.000000
1,55,<label>,0,1.000000
1,55,<octet>,0,0.542636
1,55,<octet>,1,0.457364
1,55,<path>,0,0.173721
1,55,<path>,1,0.213516
1,55,<path>,2,0.612763
1,55,<pchar>,0,0.379379
1,55,<pchar>,1,0.369850
1,55,<pchar>,2,0.037969
1,55,<pchar>,3,0.072029
1,55,<pchar>,4,0.140773
1,55,<pchars>,0,0.592793
1,55,<pchars>,1,0.407207
1,55,<port>,0,1.000000
1,55,<qparam>,0,0.387726
1,55,<qparam>,1,0.612274
1,55,<qparams>,0,0.307230
1,55,<qparams>,1,0.692770
1,55,<query>,0,0.408721
1,55,<query>,1,0.591279
1,55,<qvalue>,0,0.509077
1,55,<qvalue>,1,0.490923
1,55,<scheme>,0,0.211509
1,55,<scheme>,1,0.270039
1,55,<scheme>,2,0.243198
1,55,<scheme>,3,0.275254
1,55,<segment>,0,1.000000
1,55,<segments>,0,0.243464
1,55,<segments>,1,0.756536
1,55,<start>,0,1.000000
1,55,<url>,0,1.000000
1,55,<wchar>,0,0.037449
1,55,<wchar>,1,0.758345
1,55,<wchar>,2,0.059568
1,55,<wchar>,3,0.144638
1,55,<word>,0,0.516224
1,55,<word>,1,0.483776
1,59,<authority>,0,0.467987
1,59,<authority>,1,0.532013
1,59,<digit>,0,0.376103
1,59,<digit>,1,0.003370
1,59,<digit>,2,0.000000
1,59,<digit>,3,0.026780
1,59,<digit>,4,0.028874
1,59,<digit>,5,0.044709
1,59,<digit>,6,0.192364
1,59,<digit>,7,0.007973
1,59,<digit>,8,0.264411
1,59,<digit>,9,0.055415
1,59,<digits>,0,0.252543
1,59,<digits>,1,0.747457
1,59,<fragment>,0,0.530928
1,59,<fragment>,1,0.469072
1,59,<hex>,0,0.329016
1,59,<hex>,1,0.471213
1,59,<hex>,2,0.199771
1,59,<host>,0,0.567770
1,59,<host>,1,0.432230
1,59,<hostname>,0,0.519398
1,59,<hostname>,1,0.480602
1,59,<ipv4>,0,1.000000
1,59,<key>,0,1.000000
1,59,<label>,0,1.000000
1,59,<octet>,0,0.585387
1,59,<octet>,1,0.414613
1,59,<path>,0,0.174233
1,59,<path>,1,0.198579
1,59,<path>,2,0.627188
1,59,<pchar>,0,0.413615
1,59,<pchar>,1,0.400064
1,59,<pchar>,2,0.054747
1,59,<pchar>,3,0.077296
1,59,<pchar>,4,0.054277
1,59,<pchars>,0,0.579288
1,59,<pchars>,1,0.420712
1,59,<port>,0,1.000000
1,59,<qparam>,0,0.387431
1,59,<qparam>,1,0.612569
1,59,<qparams>,0,0.279635
1,59,<qparams>,1,0.720365
1,59,<query>,0,0.418187
1,59,<query>,1,0.581813
1,59,<qvalue>,0,0.526962
1,59,<qvalue>,1,0.473038
1,59,<scheme>,0,0.252671
1,59,<scheme>,1,0.284251
1,59,<scheme>,2,0.209623
1,59,<scheme>,3,0.253455
1,59,<segment>,0,1.000000
1,59,<segments>,0,0.218792
1,59,<segments>,1,0.781208
1,59,<start>,0,1.000000
1,59,<url>,0,1.000000
1,59,<wchar>,0,0.049555
1,59,<wchar>,1,0.699203
1,59,<wchar>,2,0.048270
1,59,<wchar>,3,0.202972
1,59,<word>,0,0.537347
1,59,<word>,1,0.462653
2,0,<authority>,0,0.796808
2,0,<authority>,1,0.203192
2,0,<digit>,0,0.072226
2,0,<digit>,1,0.132812
2,0,<digit>,2,0.165953
2,0,<digit>,3,0.064675
2,0,<digit>,4,0.176238
2,0,<digit>,5,0.137730
2,0,<digit>,6,0.047986
2,0,<digit>,7,0.091562
2,0,<digit>,8,0.042658
2,0,<digit>,9,0.068160
2,0,<digits>,0,0.556990
2,0,<digits>,1,0.443010
2,0,<fragment>,0,0.370989
2,0,<fragment>,1,0.629011
2,0,<hex>,0,0.215767
2,0,<hex>,1,0.514754
2,0,<hex>,2,0.269479
2,0,<host>,0,0.577750
2,0,<host>,1,0.422250
2,0,<hostname>,0,0.387142
2,0,<hostname>,1,0.612858
2,0,<ipv4>,0,1.000000
2,0,<key>,0,1.000000
2,0,<label>,0,1.000000
2,0,<octet>,0,0.494163
2,0,<octet>,1,0.505837
2,0,<path>,0,0.115064
2,0,<path>,1,0.353145
2,0,<path>,2,0.531791
2,0,<pchar>,0,0.347905
2,0,<pchar>,1,0.107028
2,0,<pchar>,2,0.304178
2,0,<pchar>,3,0.125455
2,0,<pchar>,4,0.115434
2,0,<pchars>,0,0.760634
2,0,<pchars>,1,0.239366
2,0,<port>,0,1.000000
2,0,<qparam>,0,0.814838
2,0,<qparam>,1,0.185162
2,0,<qparams>,0,0.454898
2,0,<qparams>,1,0.545102
2,0,<query>,0,0.713048
2,0,<query>,1,0.286952
2,0,<qvalue>,0,0.622266
2,0,<qvalue>,1,0.377734
2,0,<scheme>,0,0.241927
2,0,<scheme>,1,0.347612
2,0,<scheme>,2,0.105692
2,0,<scheme>,3,0.304768
2,0,<segment>,0,1.000000
2,0,<segments>,0,0.259508
2,0,<segments>,1,0.740492
2,0,<start>,0,1.000000
2,0,<url>,0,1.000000
2,0,<wchar>,0,0.102384
2,0,<wchar>,1,0.381646
2,0,<wchar>,2,0.384245
2,0,<wchar>,3,0.131726
2,0,<word>,0,0.688802
2,0,<word>,1,0.311198
2,5,<authority>,0,0.595743
2,5,<authority>,1,0.404257
2,5,<digit>,0,0.112492
2,5,<digit>,1,0.203871
2,5,<digit>,2,0.104265
2,5,<digit>,3,0.078778
2,5,<digit>,4,0.097531
2,5,<digit>,5,0.007275
2,5,<digit>,6,0.053071
2,5,<digit>,7,0.091431
2,5,<digit>,8,0.194997
2,5,<digit>,9,0.056288
2,5,<digits>,0,0.375856
2,5,<digits>,1,0.624144
2,5,<fragment>,0,0.469076
2,5,<fragment>,1,0.530924
2,5,<hex>,0,0.212654
2,5,<hex>,1,0.486664
2,5,<hex>,2,0.300683
2,5,<host>,0,0.538957
2,5,<host>,1,0.461043
2,5,<hostname>,0,0.619153
2,5,<hostname>,1,0.380847
2,5,<ipv4>,0,1.000000
2,5,<key>,0,1.000000
2,5,<label>,0,1.000000
2,5,<octet>,0,0.554316
2,5,<octet>,1,0.445684
2,5,<path>,0,0.242825
2,5,<path>,1,0.283715
2,5,<path>,2,0.473460
2,5,<pchar>,0,0.191477
2,5,<pchar>,1,0.178322
2,5,<pchar>,2,0.146808
2,5,<pchar>,3,0.286603
2,5,<pchar>,4,0.196789
2,5,<pchars>,0,0.613367
2,5,<pchars>,1,0.386633
2,5,<port>,0,1.000000
2,5,<qparam>,0,0.611131
2,5,<qparam>,1,0.388869
2,5,<qparams>,0,0.433334
2,5,<qparams>,1,0.566666
2,5,<query>,0,0.536211
2,5,<query>,1,0.463789
2,5,<qvalue>,0,0.567238
2,5,<qvalue>,1,0.432762
2,5,<scheme>,0,0.184244
2,5,<scheme>,1,0.222287
2,5,<scheme>,2,0.295557
2,5,<scheme>,3,0.297911
2,5,<segment>,0,1.000000
2,5,<segments>,0,0.358385
2,5,<segments>,1,0.641615
2,5,<start>,0,1.000000
2,5,<url>,0,1.000000
2,5,<wchar>,0,0.294380
2,5,<wchar>,1,0.208063
2,5,<wchar>,2,0.330984
2,5,<wchar>,3,0.166573
2,5,<word>,0,0.672962
2,5,<word>,1,0.327038
2,10,<authority>,0,0.477522
2,10,<authority>,1,0.522478
2,10,<digit>,0,0.302734
2,10,<digit>,1,0.211448
2,10,<digit>,2,0.110674
2,10,<digit>,3,0.018175
2,10,<digit>,4,0.014242
2,10,<digit>,5,0.057741
2,10,<digit>,6,0.141836
2,10,<digit>,7,0.042908
2,10,<digit>,8,0.057025
2,10,<digit>,9,0.043217
2,10,<digits>,0,0.395654
2,10,<digits>,1,0.604346
2,10,<fragment>,0,0.477847
2,10,<fragment>,1,0.522153
2,10,<hex>,0,0.256250
2,10,<hex>,1,0.470149
2,10,<hex>,2,0.273601
2,10,<host>,0,0.577446
2,10,<host>,1,0.422554
2,10,<hostname>,0,0.601481
2,10,<hostname>,1,0.398519
2,10,<ipv4>,0,1.000000
2,10,<key>,0,1.000000
2,10,<label>,0,1.000000
2,10,<octet>,0,0.511814
2,10,<octet>,1,0.488186
2,10,<path>,0,0.227661
2,10,<path>,1,0.292370
2,10,<path>,2,0.479969
2,10,<pchar>,0,0.102838
2,10,<pchar>,1,0.243501
2,10,<pchar>,2,0.221599
2,10,<pchar>,3,0.189758
2,10,<pchar>,4,0.242304
2,10,<pchars>,0,0.622921
2,10,<pchars>,1,0.377079
2,10,<port>,0,1.000000
2,10,<qparam>,0,0.562747
2,10,<qparam>,1,0.437253
2,10,<qparams>,0,0.459445
2,10,<qparams>,1,0.540555
2,10,<query>,0,0.506254
2,10,<query>,1,0.493746
2,10,<qvalue>,0,0.512167
2,10,<qvalue>,1,0.487833
2,10,<scheme>,0,0.261770
2,10,<scheme>,1,0.242535
2,10,<scheme>,2,0.114023
2,10,<scheme>,3,0.381672
2,10,<segment>,0,1.000000
2,10,<segments>,0,0.329215
2,10,<segments>,1,0.670785
2,10,<start>,0,1.000000
2,10,<url>,0,1.000000
2,10,<wchar>,0,0.240594
2,10,<wchar>,1,0.309672
2,10,<wchar>,2,0.271568
2,10,<wchar>,3,0.178166
2,10,<word>,0,0.664652
2,10,<word>,1,0.335348
2,15,<authority>,0,0.548554
2,15,<authority>,1,0.451446
2,15,<digit>,0,0.145545
2,15,<digit>,1,0.275160
2,15,<digit>,2,0.123331
2,15,<digit>,3,0.079506
2,15,<digit>,4,0.041386
2,15,<digit>,5,0.095504
2,15,<digit>,6,0.099105
2,15,<digit>,7,0.027967
2,15,<digit>,8,0.091966
2,15,<digit>,9,0.020530
2,15,<digits>,0,0.214156
2,15,<digits>,1,0.785844
2,15,<fragment>,0,0.495483
2,15,<fragment>,1,0.504517
2,15,<hex>,0,0.278493
2,15,<hex>,1,0.408794
2,15,<hex>,2,0.312713
2,15,<host>,0,0.617083
2,15,<host>,1,0.382917
2,15,<hostname>,0,0.617459
2,15,<hostname>,1,0.382541
2,15,<ipv4>,0,1.000000
2,15,<key>,0,1.000000
2,15,<label>,0,1.000000
2,15,<octet>,0,0.570389
2,15,<octet>,1,0.429611
2,15,<path>,0,0.246540
2,15,<path>,1,0.271877
2,15,<path>,2,0.481583
2,15,<pchar>,0,0.098454
2,15,<pchar>,1,0.240084
2,15,<pchar>,2,0.177922
2,15,<pchar>,3,0.141162
2,15,<pchar>,4,0.342377
2,15,<pchars>,0,0.560060
2,15,<pchars>,1,0.439940
2,15,<port>,0,1.000000
2,15,<qparam>,0,0.631525
2,15,<qparam>,1,0.368475
2,15,<qparams>,0,0.444919
2,15,<qparams>,1,0.555081
2,15,<query>,0,0.419889
2,15,<query>,1,0.580111
2,15,<qvalue>,0,0.495205
2,15,<qvalue>,1,0.504795
2,15,<scheme>,0,0.220688
2,15,<scheme>,1,0.208958
2,15,<scheme>,2,0.192800
2,15,<scheme>,3,0.377554
2,15,<segment>,0,1.000000
2,15,<segments>,0,0.272772
2,15,<segments>,1,0.727228
2,15,<start>,0,1.000000
2,15,<url>,0,1.000000
2,15,<wchar>,0,0.197187
2,15,<wchar>,1,0.317034
2,15,<wchar>,2,0.196653
2,15,<wchar>,3,0.289126
2,15,<word>,0,0.792654
2,15,<word>,1,0.207346
2,20,<authority>,0,0.563326
2,20,<authority>,1,0.436674
2,20,<digit>,0,0.077754
2,20,<digit>,1,0.087038
2,20,<digit>,2,0.073895
2,20,<digit>,3,0.042138
2,20,<digit>,4,0.014137
2,20,<digit>,5,0.035446
2,20,<digit>,6,0.366636
2,20,<digit>,7,0.158519
2,20,<digit>,8,0.115882
2,20,<digit>,9,0.028556
2,20,<digits>,0,0.311493
2,20,<digits>,1,0.688507
2,20,<fragment>,0,0.495817
2,20,<fragment>,1,0.504183
2,20,<hex>,0,0.218228
2,20,<hex>,1,0.457576
2,20,<hex>,2,0.324197
2,20,<host>,0,0.617370
2,20,<host>,1,0.382630
2,20,<hostname>,0,0.536365
2,20,<hostname>,1,0.463635
2,20,<ipv4>,0,1.000000
2,20,<key>,0,1.000000
2,20,<label>,0,1.000000
2,20,<octet>,0,0.545085
2,20,<octet>,1,0.454915
2,20,<path>,0,0.173887
2,20,<path>,1,0.300524
2,20,<path>,2,0.525590
2,20,<pchar>,0,0.122595
2,20,<pchar>,1,0.242232
2,20,<pchar>,2,0.348401
2,20,<pchar>,3,0.054664
2,20,<pchar>,4,0.232108
2,20,<pchars>,0,0.563839
2,20,<pchars>,1,0.436161
2,20,<port>,0,1.000000
2,20,<qparam>,0,0.547947
2,20,<qparam>,1,0.452053
2,20,<qparams>,0,0.354257
2,20,<qparams>,1,0.645743
2,20,<query>,0,0.435574
2,20,<query>,1,0.564426
2,20,<qvalue>,0,0.533201
2,20,<qvalue>,1,0.466799
2,20,<scheme>,0,0.204587
2,20,<scheme>,1,0.238024
2,20,<scheme>,2,0.186191
2,20,<scheme>,3,0.371197
2,20,<segment>,0,1.000000
2,20,<segments>,0,0.270041
2,20,<segments>,1,0.729959
2,20,<start>,0,1.000000
2,20,<url>,0,1.000000
2,20,<wchar>,0,0.147912
2,20,<wchar>,1,0.423863
2,20,<wchar>,2,0.316324
2,20,<wchar>,3,0.111901
2,20,<word>,0,0.824999
2,20,<word>,1,0.175001
2,25,<authority>,0,0.530423
2,25,<authority>,1,0.469577
2,25,<digit>,0,0.234360
2,25,<digit>,1,0.155311
2,25,<digit>,2,0.122942
2,25,<digit>,3,0.072485
2,25,<digit>,4,0.020476
2,25,<digit>,5,0.056252
2,25,<digit>,6,0.124724
2,25,<digit>,7,0.010392
2,25,<digit>,8,0.183956
2,25,<digit>,9,0.019102
2,25,<digits>,0,0.241768
2,25,<digits>,1,0.758232
2,25,<fragment>,0,0.491019
2,25,<fragment>,1,0.508981
2,25,<hex>,0,0.171004
2,25,<hex>,1,0.465619
2,25,<hex>,2,0.363377
2,25,<host>,0,0.508236
2,25,<host>,1,0.491764
2,25,<hostname>,0,0.489977
2,25,<hostname>,1,0.510023
2,25,<ipv4>,0,1.000000
2,25,<key>,0,1.000000
2,25,<label>,0,1.000000
2,25,<octet>,0,0.552915
2,25,<octet>,1,0.447085
2,25,<path>,0,0.187607
2,25,<path>,1,0.224388
2,25,<path>,2,0.588006
2,25,<pchar>,0,0.246554
2,25,<pchar>,1,0.149108
2,25,<pchar>,2,0.230508
2,25,<pchar>,3,0.057090
2,25,<pchar>,4,0.316740
2,25,<pchars>,0,0.565594
2,25,<pchars>,1,0.434406
2,25,<port>,0,1.000000
2,25,<qparam>,0,0.589462
2,25,<qparam>,1,0.410538
2,25,<qparams>,0,0.409511
2,25,<qparams>,1,0.590489
2,25,<query>,0,0.426687
2,25,<query>,1,0.573313
2,25,<qvalue>,0,0.475298
2,25,<qvalue>,1,0.524702
2,25,<scheme>,0,0.254889
2,25,<scheme>,1,0.212649
2,25,<scheme>,2,0.202584
2,25,<scheme>,3,0.329878
2,25,<segment>,0,1.000000
2,25,<segments>,0,0.310802
2,25,<segments>,1,0.689198
2,25,<start>,0,1.000000
2,25,<url>,0,1.000000
2,25,<wchar>,0,0.285486
2,25,<wchar>,1,0.431184
2,25,<wchar>,2,0.233121
2,25,<wchar>,3,0.050210
2,25,<word>,0,0.891998
2,25,<word>,1,0.108002
2,30,<authority>,0,0.576390
2,30,<authority>,1,0.423610
2,30,<digit>,0,0.181123
2,30,<digit>,1,0.198101
2,30,<digit>,2,0.130761
2,30,<digit>,3,0.014520
2,30,<digit>,4,0.000000
2,30,<digit>,5,0.000000
2,30,<digit>,6,0.056175
2,30,<digit>,7,0.087779
2,30,<digit>,8,0.251064
2,30,<digit>,9,0.080478
2,30,<digits>,0,0.228636
2,30,<digits>,1,0.771364
2,30,<fragment>,0,0.478887
2,30,<fragment>,1,0.521113
2,30,<hex>,0,0.295087
2,30,<hex>,1,0.419720
2,30,<hex>,2,0.285192
2,30,<host>,0,0.534651
2,30,<host>,1,0.465349
2,30,<hostname>,0,0.499922
2,30,<hostname>,1,0.500078
2,30,<ipv4>,0,1.000000
2,30,<key>,0,1.000000
2,30,<label>,0,1.000000
2,30,<octet>,0,0.525128
2,30,<octet>,1,0.474872
2,30,<path>,0,0.129090
2,30,<path>,1,0.317867
2,30,<path>,2,0.553043
2,30,<pchar>,0,0.292252
2,30,<pchar>,1,0.158011
2,30,<pchar>,2,0.195541
2,30,<pchar>,3,0.097923
2,30,<pchar>,4,0.256272
2,30,<pchars>,0,0.588624
2,30,<pchars>,1,0.411376
2,30,<port>,0,1.000000
2,30,<qparam>,0,0.606083
2,30,<qparam>,1,0.393917
2,30,<qparams>,0,0.388446
2,30,<qparams>,1,0.611554
2,30,<query>,0,0.387505
2,30,<query>,1,0.612495
2,30,<qvalue>,0,0.640013
2,30,<qvalue>,1,0.359987
2,30,<scheme>,0,0.276599
2,30,<scheme>,1,0.166832
2,30,<scheme>,2,0.290446
2,30,<scheme>,3,0.266123
2,30,<segment>,0,1.000000
2,30,<segments>,0,0.290221
2,30,<segments>,1,0.709779
2,30,<start>,0,1.000000
2,30,<url>,0,1.000000
2,30,<wchar>,0,0.223447
2,30,<wchar>,1,0.399788
2,30,<wchar>,2,0.284881
2,30,<wchar>,3,0.091884
2,30,<word>,0,0.883997
2,30,<word>,1,0.116003
2,35,<authority>,0,0.508741
2,35,<authority>,1,0.491259
2,35,<digit>,0,0.207838
2,35,<digit>,1,0.095460
2,35,<digit>,2,0.093626
2,35,<digit>,3,0.110842
2,35,<digit>,4,0.022895
2,35,<digit>,5,0.013340
2,35,<digit>,6,0.140345
2,35,<digit>,7,0.109525
2,35,<digit>,8,0.188880
2,35,<digit>,9,0.017250
2,35,<digits>,0,0.245199
2,35,<digits>,1,0.754801
2,35,<fragment>,0,0.456773
2,35,<fragment>,1,0.543227
2,35,<hex>,0,0.275011
2,35,<hex>,1,0.433146
2,35,<hex>,2,0.291843
2,35,<host>,0,0.582920
2,35,<host>,1,0.417080
2,35,<hostname>,0,0.526974
2,35,<hostname>,1,0.473026
2,35,<ipv4>,0,1.000000
2,35,<key>,0,1.000000
2,35,<label>,0,1.000000
2,35,<octet>,0,0.529929
2,35,<octet>,1,0.470071
2,35,<path>,0,0.181152
2,35,<path>,1,0.268178
2,35,<path>,2,0.550670
2,35,<pchar>,0,0.315770
2,35,<pchar>,1,0.091398
2,35,<pchar>,2,0.196805
2,35,<pchar>,3,0.077656
2,35,<pchar>,4,0.318370
2,35,<pchars>,0,0.580625
2,35,<pchars>,1,0.419375
2,35,<port>,0,1.000000
2,35,<qparam>,0,0.595807
2,35,<qparam>,1,0.404193
2,35,<qparams>,0,0.439672
2,35,<qparams>,1,0.560328
2,35,<query>,0,0.388735
2,35,<query>,1,0.611265
2,35,<qvalue>,0,0.495392
2,35,<qvalue>,1,0.504608
2,35,<scheme>,0,0.245603
2,35,<scheme>,1,0.192864
2,35,<scheme>,2,0.252608
2,35,<scheme>,3,0.308925
2,35,<segment>,0,1.000000
2,35,<segments>,0,0.349691
2,35,<segments>,1,0.650309
2,35,<start>,0,1.000000
2,35,<url>,0,1.000000
2,35,<wchar>,0,0.248577
2,35,<wchar>,1,0.450068
2,35,<wchar>,2,0.250589
2,35,<wchar>,3,0.050766
2,35,<word>,0,0.943030
2,35,<word>,1,0.056970
2,40,<authority>,0,0.562569
2,40,<authority>,1,0.437431
2,40,<digit>,0,0.224058
2,40,<digit>,1,0.107598
2,40,<digit>,2,0.106623
2,40,<digit>,3,0.075343
2,40,<digit>,4,0.136959
2,40,<digit>,5,0.008919
2,40,<digit>,6,0.071123
2,40,<digit>,7,0.150396
2,40,<digit>,8,0.082751
2,40,<digit>,9,0.036231
2,40,<digits>,0,0.261378
2,40,<digits>,1,0.738622
2,40,<fragment>,0,0.489653
2,40,<fragment>,1,0.510347
2,40,<hex>,0,0.218256
2,40,<hex>,1,0.396730
2,40,<hex>,2,0.385013
2,40,<host>,0,0.620128
2,40,<host>,1,0.379872
2,40,<hostname>,0,0.609068
2,40,<hostname>,1,0.390932
2,40,<ipv4>,0,1.000000
2,40,<key>,0,1.000000
2,40,<label>,0,1.000000
2,40,<octet>,0,0.549407
2,40,<octet>,1,0.450593
2,40,<path>,0,0.134323
2,40,<path>,1,0.262807
2,40,<path>,2,0.602870
2,40,<pchar>,0,0.281704
2,40,<pchar>,1,0.149529
2,40,<pchar>,2,0.257743
2,40,<pchar>,3,0.102791
2,40,<pchar>,4,0.208233
2,40,<pchars>,0,0.556304
2,40,<pchars>,1,0.443696
2,40,<port>,0,1.000000
2,40,<qparam>,0,0.608075
2,40,<qparam>,1,0.391925
2,40,<qparams>,0,0.416184
2,40,<qparams>,1,0.583816
2,40,<query>,0,0.381924
2,40,<query>,1,0.618076
2,40,<qvalue>,0,0.586539
2,40,<qvalue>,1,0.413461
2,40,<scheme>,0,0.204878
2,40,<scheme>,1,0.204050
2,40,<scheme>,2,0.231535
2,40,<scheme>,3,0.359536
2,40,<segment>,0,1.000000
2,40,<segments>,0,0.242548
2,40,<segments>,1,0.757452
2,40,<start>,0,1.000000
2,40,<url>,0,1.000000
2,40,<wchar>,0,0.228363
2,40,<wchar>,1,0.546532
2,40,<wchar>,2,0.151165
2,40,<wchar>,3,0.073939
2,40,<word>,0,0.914157
2,40,<word>,1,0.085843
2,45,<authority>,0,0.547092
2,45,<authority>,1,0.452908
2,45,<digit>,0,0.230244
2,45,<digit>,1,0.142329
2,45,<digit>,2,0.129447
2,45,<digit>,3,0.109199
2,45,<digit>,4,0.001594
2,45,<digit>,5,0.008537
2,45,<digit>,6,0.098589
2,45,<digit>,7,0.055554
2,45,<digit>,8,0.224506
2,45,<digit>,9,0.000000
2,45,<digits>,0,0.234628
2,45,<digits>,1,0.765372
2,45,<fragment>,0,0.483976
2,45,<fragment>,1,0.516024
2,45,<hex>,0,0.234908
2,45,<hex>,1,0.430826
2,45,<hex>,2,0.334266
2,45,<host>,0,0.585136
2,45,<host>,1,0.414864
2,45,<hostname>,0,0.631072
2,45,<hostname>,1,0.368928
2,45,<ipv4>,0,1.000000
2,45,<key>,0,1.000000
2,45,<label>,0,1.000000
2,45,<octet>,0,0.568686
2,45,<octet>,1,0.431314
2,45,<path>,0,0.152532
2,45,<path>,1,0.263801
2,45,<path>,2,0.583667
2,45,<pchar>,0,0.284472
2,45,<pchar>,1,0.125940
2,45,<pchar>,2,0.250244
2,45,<pchar>,3,0.069104
2,45,<pchar>,4,0.270240
2,45,<pchars>,0,0.525935
2,45,<pchars>,1,0.474065
2,45,<port>,0,1.000000
2,45,<qparam>,0,0.643224
2,45,<qparam>,1,0.356776
2,45,<qparams>,0,0.378127
2,45,<qparams>,1,0.621873
2,45,<query>,0,0.366566
2,45,<query>,1,0.633434
2,45,<qvalue>,0,0.566469
2,45,<qvalue>,1,0.433531
2,45,<scheme>,0,0.266970
2,45,<scheme>,1,0.204286
2,45,<scheme>,2,0.229785
2,45,<scheme>,3,0.298959
2,45,<segment>,0,1.000000
2,45,<segments>,0,0.317353
2,45,<segments>,1,0.682647
2,45,<start>,0,1.000000
2,45,<url>,0,1.000000
2,45,<wchar>,0,0.261808
2,45,<wchar>,1,0.517593
2,45,<wchar>,2,0.140166
2,45,<wchar>,3,0.080434
2,45,<word>,0,0.972579
2,45,<word>,1,0.027421
2,50,<authority>,0,0.573406
2,50,<authority>,1,0.426594
2,50,<digit>,0,0.282195
2,50,<digit>,1,0.034000
2,50,<digit>,2,0.045107
2,50,<digit>,3,0.088897
2,50,<digit>,4,0.117315
2,50,<digit>,5,0.005102
2,50,<digit>,6,0.090956
2,50,<digit>,7,0.125672
2,50,<digit>,8,0.201318
2,50,<digit>,9,0.009437
2,50,<digits>,0,0.298824
2,50,<digits>,1,0.701176
2,50,<fragment>,0,0.490717
2,50,<fragment>,1,0.509283
2,50,<hex>,0,0.222047
2,50,<hex>,1,0.406422
2,50,<hex>,2,0.371531
2,50,<host>,0,0.609353
2,50,<host>,1,0.390647
2,50,<hostname>,0,0.594325
2,50,<hostname>,1,0.405675
2,50,<ipv4>,0,1.000000
2,50,<key>,0,1.000000
2,50,<label>,0,1.000000
2,50,<octet>,0,0.560251
2,50,<octet>,1,0.439749
2,50,<path>,0,0.174853
2,50,<path>,1,0.270174
2,50,<path>,2,0.554973
2,50,<pchar>,0,0.297516
2,50,<pchar>,1,0.130465
2,50,<pchar>,2,0.254309
2,50,<pchar>,3,0.079719
2,50,<pchar>,4,0.237992
2,50,<pchars>,0,0.553230
2,50,<pchars>,1,0.446770
2,50,<port>,0,1.000000
2,50,<qparam>,0,0.619542
2,50,<qparam>,1,0.380458
2,50,<qparams>,0,0.385159
2,50,<qparams>,1,0.614841
2,50,<query>,0,0.280133
2,50,<query>,1,0.719867
2,50,<qvalue>,0,0.479792
2,50,<qvalue>,1,0.520208
2,50,<scheme>,0,0.260741
2,50,<scheme>,1,0.234643
2,50,<scheme>,2,0.220311
2,50,<scheme>,3,0.284304
2,50,<segment>,0,1.000000
2,50,<segments>,0,0.243977
2,50,<segments>,1,0.756023
2,50,<start>,0,1.000000
2,50,<url>,0,1.000000
2,50,<wchar>,0,0.088833
2,50,<wchar>,1,0.631736
2,50,<wchar>,2,0.206798
2,50,<wchar>,3,0.072633
2,50,<word>,0,0.925262
2,50,<word>,1,0.074738
2,55,<authority>,0,0.567091
2,55,<authority>,1,0.432909
2,55,<digit>,0,0.336854
2,55,<digit>,1,0.048494
2,55,<digit>,2,0.084916
2,55,<digit>,3,0.090610
2,55,<digit>,4,0.089734
2,55,<digit>,5,0.002526
2,55,<digit>,6,0.066546
2,55,<digit>,7,0.090637
2,55,<digit>,8,0.181341
2,55,<digit>,9,0.008343
2,55,<digits>,0,0.244257
2,55,<digits>,1,0.755743
2,55,<fragment>,0,0.480542
2,55,<fragment>,1,0.519458
2,55,<hex>,0,0.247609
2,55,<hex>,1,0.434624
2,55,<hex>,2,0.317768
2,55,<host>,0,0.616156
2,55,<host>,1,0.383844
2,55,<hostname>,0,0.619278
2,55,<hostname>,1,0.380722
2,55,<ipv4>,0,1.000000
2,55,<key>,0,1.000000
2,55,<label>,0,1.000000
2,55,<octet>,0,0.557606
2,55,<octet>,1,0.442394
2,55,<path>,0,0.188636
2,55,<path>,1,0.261225
2,55,<path>,2,0.550139
2,55,<pchar>,0,0.281984
2,55,<pchar>,1,0.143366
2,55,<pchar>,2,0.244777
2,55,<pchar>,3,0.074745
2,55,<pchar>,4,0.255127
2,55,<pchars>,0,0.580001
2,55,<pchars>,1,0.419999
2,55,<port>,0,1.000000
2,55,<qparam>,0,0.644426
2,55,<qparam>,1,0.355574
2,55,<qparams>,0,0.370134
2,55,<qparams>,1,0.629866
2,55,<query>,0,0.370961
2,55,<query>,1,0.629039
2,55,<qvalue>,0,0.517487
2,55,<qvalue>,1,0.482513
2,55,<scheme>,0,0.221868
2,55,<scheme>,1,0.198611
2,55,<scheme>,2,0.251604
2,55,<scheme>,3,0.327917
2,55,<segment>,0,1.000000
2,55,<segments>,0,0.274740
2,55,<segments>,1,0.725260
2,55,<start>,0,1.000000
2,55,<url>,0,1.000000
2,55,<wchar>,0,0.009201
2,55,<wchar>,1,0.648282
2,55,<wchar>,2,0.241308
2,55,<wchar>,3,0.101210
2,55,<word>,0,0.948472
2,55,<word>,1,0.051528
2,59,<authority>,0,0.560235
2,59,<authority>,1,0.439765
2,59,<digit>,0,0.323481
2,59,<digit>,1,0.044835
2,59,<digit>,2,0.039456
2,59,<digit>,3,0.092526
2,59,<digit>,4,0.098020
2,59,<digit>,5,0.000000
2,59,<digit>,6,0.106498
2,59,<digit>,7,0.102044
2,59,<digit>,8,0.185191
2,59,<digit>,9,0.007948
2,59,<digits>,0,0.275338
2,59,<digits>,1,0.724662
2,59,<fragment>,0,0.489341
2,59,<fragment>,1,0.510659
2,59,<hex>,0,0.236741
2,59,<hex>,1,0.423273
2,59,<hex>,2,0.339986
2,59,<host>,0,0.611738
2,59,<host>,1,0.388262
2,59,<hostname>,0,0.606336
2,59,<hostname>,1,0.393664
2,59,<ipv4>,0,1.000000
2,59,<key>,0,1.000000
2,59,<label>,0,1.000000
2,59,<octet>,0,0.595127
2,59,<octet>,1,0.404873
2,59,<path>,0,0.167564
2,59,<path>,1,0.272403
2,59,<path>,2,0.560033
2,59,<pchar>,0,0.305422
2,59,<pchar>,1,0.170631
2,59,<pchar>,2,0.223888
2,59,<pchar>,3,0.073817
2,59,<pchar>,4,0.226242
2,59,<pchars>,0,0.597650
2,59,<pchars>,1,0.402350
2,59,<port>,0,1.000000
2,59,<qparam>,0,0.649983
2,59,<qparam>,1,0.350017
2,59,<qparams>,0,0.379971
2,59,<qparams>,1,0.620029
2,59,<query>,0,0.358239
2,59,<query>,1,0.641761
2,59,<qvalue>,0,0.478591
2,59,<qvalue>,1,0.521409
2,59,<scheme>,0,0.230690
2,59,<scheme>,1,0.265176
2,59,<scheme>,2,0.221174
2,59,<scheme>,3,0.282961
2,59,<segment>,0,1.000000
2,59,<segments>,0,0.255881
2,59,<segments>,1,0.744119
2,59,<start>,0,1.000000
2,59,<url>,0,1.000000
2,59,<wchar>,0,0.140564
2,59,<wchar>,1,0.575338
2,59,<wchar>,2,0.201275
2,59,<wchar>,3,0.082823
2,59,<word>,0,0.960111
2,59,<word>,1,0.039889
3,0,<authority>,0,0.262336
3,0,<authority>,1,0.737664
3,0,<digit>,0,0.088032
3,0,<digit>,1,0.067210
3,0,<digit>,2,0.122816
3,0,<digit>,3,0.046615
3,0,<digit>,4,0.157894
3,0,<digit>,5,0.084108
3,0,<digit>,6,0.094940
3,0,<digit>,7,0.129748
3,0,<digit>,8,0.091348
3,0,<digit>,9,0.117289
3,0,<digits>,0,0.384380
3,0,<digits>,1,0.615620
3,0,<fragment>,0,0.178647
3,0,<fragment>,1,0.821353
3,0,<hex>,0,0.418637
3,0,<hex>,1,0.365852
3,0,<hex>,2,0.215510
3,0,<host>,0,0.331086
3,0,<host>,1,0.668914
3,0,<hostname>,0,0.791904
3,0,<hostname>,1,0.208096
3,0,<ipv4>,0,1.000000
3,0,<key>,0,1.000000
3,0,<label>,0,1.000000
3,0,<octet>,0,0.708512
3,0,<octet>,1,0.291488
3,0,<path>,0,0.148592
3,0,<path>,1,0.507714
3,0,<path>,2,0.343694
3,0,<pchar>,0,0.216968
3,0,<pchar>,1,0.187618
3,0,<pchar>,2,0.172467
3,0,<pchar>,3,0.246396
3,0,<pchar>,4,0.176551
3,0,<pchars>,0,0.379606
3,0,<pchars>,1,0.620394
3,0,<port>,0,1.000000
3,0,<qparam>,0,0.429929
3,0,<qparam>,1,0.570071
3,0,<qparams>,0,0.473869
3,0,<qparams>,1,0.526131
3,0,<query>,0,0.529442
3,0,<query>,1,0.470558
3,0,<qvalue>,0,0.689364
3,0,<qvalue>,1,0.310636
3,0,<scheme>,0,0.336358
3,0,<scheme>,1,0.123104
3,0,<scheme>,2,0.125048
3,0,<scheme>,3,0.415491
3,0,<segment>,0,1.000000
3,0,<segments>,0,0.440428
3,0,<segments>,1,0.559572
3,0,<start>,0,1.000000
3,0,<url>,0,1.000000
3,0,<wchar>,0,0.250642
3,0,<wchar>,1,0.184743
3,0,<wchar>,2,0.273315
3,0,<wchar>,3,0.291300
3,0,<word>,0,0.540967
3,0,<word>,1,0.459033
3,5,<authority>,0,0.523862
3,5,<authority>,1,0.476138
3,5,<digit>,0,0.151020
3,5,<digit>,1,0.073895
3,5,<digit>,2,0.092345
3,5,<digit>,3,0.140927
3,5,<digit>,4,0.087564
3,5,<digit>,5,0.000000
3,5,<digit>,6,0.157400
3,5,<digit>,7,0.092797
3,5,<digit>,8,0.130769
3,5,<digit>,9,0.073283
3,5,<digits>,0,0.416947
3,5,<digits>,1,0.583053
3,5,<fragment>,0,0.484766
3,5,<fragment>,1,0.515234
3,5,<hex>,0,0.293934
3,5,<hex>,1,0.394292
3,5,<hex>,2,0.311774
3,5,<host>,0,0.559227
3,5,<host>,1,0.440773
3,5,<hostname>,0,0.449120
3,5,<hostname>,1,0.550880
3,5,<ipv4>,0,1.000000
3,5,<key>,0,1.000000
3,5,<label>,0,1.000000
3,5,<octet>,0,0.658555
3,5,<octet>,1,0.341445
3,5,<path>,0,0.373467
3,5,<path>,1,0.227931
3,5,<path>,2,0.398603
3,5,<pchar>,0,0.138316
3,5,<pchar>,1,0.238745
3,5,<pchar>,2,0.136026
3,5,<pchar>,3,0.136325
3,5,<pchar>,4,0.350589
3,5,<pchars>,0,0.448917
3,5,<pchars>,1,0.551083
3,5,<port>,0,1.000000
3,5,<qparam>,0,0.282892
3,5,<qparam>,1,0.717108
3,5,<qparams>,0,0.393010
3,5,<qparams>,1,0.606990
3,5,<query>,0,0.454976
3,5,<query>,1,0.545024
3,5,<qvalue>,0,0.394026
3,5,<qvalue>,1,0.605974
3,5,<scheme>,0,0.205075
3,5,<scheme>,1,0.285124
3,5,<scheme>,2,0.208986
3,5,<scheme>,3,0.300815
3,5,<segment>,0,1.000000
3,5,<segments>,0,0.303220
3,5,<segments>,1,0.696780
3,5,<start>,0,1.000000
3,5,<url>,0,1.000000
3,5,<wchar>,0,0.245114
3,5,<wchar>,1,0.172349
3,5,<wchar>,2,0.228300
3,5,<wchar>,3,0.354238
3,5,<word>,0,0.548245
3,5,<word>,1,0.451755
3,10,<authority>,0,0.491691
3,10,<authority>,1,0.508309
3,10,<digit>,0,0.181785
3,10,<digit>,1,0.068525
3,10,<digit>,2,0.066902
3,10,<digit>,3,0.048975
3,10,<digit>,4,0.100079
3,10,<digit>,5,0.092812
3,10,<digit>,6,0.155168
3,10,<digit>,7,0.067947
3,10,<digit>,8,0.105145
3,10,<digit>,9,0.112664
3,10,<digits>,0,0.454042
3,10,<digits>,1,0.545958
3,10,<fragment>,0,0.479003
3,10,<fragment>,1,0.520997
3,10,<hex>,0,0.340736
3,10,<hex>,1,0.354804
3,10,<hex>,2,0.304460
3,10,<host>,0,0.578356
3,10,<host>,1,0.421644
3,10,<hostname>,0,0.499235
3,10,<hostname>,1,0.500765
3,10,<ipv4>,0,1.000000
3,10,<key>,0,1.000000
3,10,<label>,0,1.000000
3,10,<octet>,0,0.654359
3,10,<octet>,1,0.345641
3,10,<path>,0,0.286661
3,10,<path>,1,0.216137
3,10,<path>,2,0.497202
3,10,<pchar>,0,0.166326
3,10,<pchar>,1,0.328653
3,10,<pchar>,2,0.220846
3,10,<pchar>,3,0.131656
3,10,<pchar>,4,0.152519
3,10,<pchars>,0,0.446602
3,10,<pchars>,1,0.553398
3,10,<port>,0,1.000000
3,10,<qparam>,0,0.299819
3,10,<qparam>,1,0.700181
3,10,<qparams>,0,0.400781
3,10,<qparams>,1,0.599219
3,10,<query>,0,0.478651
3,10,<query>,1,0.521349
3,10,<qvalue>,0,0.532815
3,10,<qvalue>,1,0.467185
3,10,<scheme>,0,0.298962
3,10,<scheme>,1,0.232314
3,10,<scheme>,2,0.190049
3,10,<scheme>,3,0.278676
3,10,<segment>,0,1.000000
3,10,<segments>,0,0.355908
3,10,<segments>,1,0.644092
3,10,<start>,0,1.000000
3,10,<url>,0,1.000000
3,10,<wchar>,0,0.262838
3,10,<wchar>,1,0.217107
3,10,<wchar>,2,0.242759
3,10,<wchar>,3,0.277296
3,10,<word>,0,0.609768
3,10,<word>,1,0.390232
3,15,<authority>,0,0.539520
3,15,<authority>,1,0.460480
3,15,<digit>,0,0.153602
3,15,<digit>,1,0.049404
3,15,<digit>,2,0.071139
3,15,<digit>,3,0.088810
3,15,<digit>,4,0.202543
3,15,<digit>,5,0.038846
3,15,<digit>,6,0.159561
3,15,<digit>,7,0.030070
3,15,<digit>,8,0.086766
3,15,<digit>,9,0.119259
3,15,<digits>,0,0.504607
3,15,<digits>,1,0.495393
3,15,<fragment>,0,0.487064
3,15,<fragment>,1,0.512936
3,15,<hex>,0,0.321404
3,15,<hex>,1,0.357917
3,15,<hex>,2,0.320679
3,15,<host>,0,0.580166
3,15,<host>,1,0.419834
3,15,<hostname>,0,0.458643
3,15,<hostname>,1,0.541357
3,15,<ipv4>,0,1.000000
3,15,<key>,0,1.000000
3,15,<label>,0,1.000000
3,15,<octet>,0,0.546916
3,15,<octet>,1,0.453084
3,15,<path>,0,0.338801
3,15,<path>,1,0.237853
3,15,<path>,2,0.423346
3,15,<pchar>,0,0.224582
3,15,<pchar>,1,0.160422
3,15,<pchar>,2,0.058927
3,15,<pchar>,3,0.042509
3,15,<pchar>,4,0.513560
3,15,<pchars>,0,0.485626
3,15,<pchars>,1,0.514374
3,15,<port>,0,1.000000
3,15,<qparam>,0,0.295838
3,15,<qparam>,1,0.704162
3,15,<qparams>,0,0.364167
3,15,<qparams>,1,0.635833
3,15,<query>,0,0.468688
3,15,<query>,1,0.531312
3,15,<qvalue>,0,0.466197
3,15,<qvalue>,1,0.533803
3,15,<scheme>,0,0.316657
3,15,<scheme>,1,0.231251
3,15,<scheme>,2,0.203785
3,15,<scheme>,3,0.248307
3,15,<segment>,0,1.000000
3,15,<segments>,0,0.333763
3,15,<segments>,1,0.666237
3,15,<start>,0,1.000000
3,15,<url>,0,1.000000
3,15,<wchar>,0,0.320213
3,15,<wchar>,1,0.300769
3,15,<wchar>,2,0.295604
3,15,<wchar>,3,0.083414
3,15,<word>,0,0.562670
3,15,<word>,1,0.437330
3,20,<authority>,0,0.524696
3,20,<authority>,1,0.475304
3,20,<digit>,0,0.091746
3,20,<digit>,1,0.109284
3,20,<digit>,2,0.042845
3,20,<digit>,3,0.105359
3,20,<digit>,4,0.105332
3,20,<digit>,5,0.051139
3,20,<digit>,6,0.110341
3,20,<digit>,7,0.064045
3,20,<digit>,8,0.193897
3,20,<digit>,9,0.126013
3,20,<digits>,0,0.449312
3,20,<digits>,1,0.550688
3,20,<fragment>,0,0.483030
3,20,<fragment>,1,0.516970
3,20,<hex>,0,0.279707
3,20,<hex>,1,0.485237
3,20,<hex>,2,0.235057
3,20,<host>,0,0.583587
3,20,<host>,1,0.416413
3,20,<hostname>,0,0.485225
3,20,<hostname>,1,0.514775
3,20,<ipv4>,0,1.000000
3,20,<key>,0,1.000000
3,20,<label>,0,1.000000
3,20,<octet>,0,0.627532
3,20,<octet>,1,0.372468
3,20,<path>,0,0.252126
3,20,<path>,1,0.227456
3,20,<path>,2,0.520418
3,20,<pchar>,0,0.160392
3,20,<pchar>,1,0.228132
3,20,<pchar>,2,0.226375
3,20,<pchar>,3,0.129721
3,20,<pchar>,4,0.255380
3,20,<pchars>,0,0.558979
3,20,<pchars>,1,0.441021
3,20,<port>,0,1.000000
3,20,<qparam>,0,0.379448
3,20,<qparam>,1,0.620552
3,20,<qparams>,0,0.420385
3,20,<qparams>,1,0.579615
3,20,<query>,0,0.411703
3,20,<query>,1,0.588297
3,20,<qvalue>,0,0.551280
3,20,<qvalue>,1,0.448720
3,20,<scheme>,0,0.300290
3,20,<scheme>,1,0.190281
3,20,<scheme>,2,0.277259
3,20,<scheme>,3,0.232170
3,20,<segment>,0,1.000000
3,20,<segments>,0,0.352502
3,20,<segments>,1,0.647498
3,20,<start>,0,1.000000
3,20,<url>,0,1.000000
3,20,<wchar>,0,0.328220
3,20,<wchar>,1,0.312486
3,20,<wchar>,2,0.242286
3,20,<wchar>,3,0.117008
3,20,<word>,0,0.601309
3,20,<word>,1,0.398691
3,25,<authority>,0,0.477619
3,25,<authority>,1,0.522381
3,25,<digit>,0,0.324320
3,25,<digit>,1,0.150470
3,25,<digit>,2,0.000000
3,25,<digit>,3,0.070941
3,25,<digit>,4,0.068981
3,25,<digit>,5,0.052247
3,25,<digit>,6,0.105156
3,25,<digit>,7,0.101850
3,25,<digit>,8,0.118778
3,25,<digit>,9,0.007258
3,25,<digits>,0,0.442765
3,25,<digits>,1,0.557235
3,25,<fragment>,0,0.502131
3,25,<fragment>,1,0.497869
3,25,<hex>,0,0.265505
3,25,<hex>,1,0.440791
3,25,<hex>,2,0.293704
3,25,<host>,0,0.573100
3,25,<host>,1,0.426900
3,25,<hostname>,0,0.488350
3,25,<hostname>,1,0.511650
3,25,<ipv4>,0,1.000000
3,25,<key>,0,1.000000
3,25,<label>,0,1.000000
3,25,<octet>,0,0.588089
3,25,<octet>,1,0.411911
3,25,<path>,0,0.181170
3,25,<path>,1,0.254264
3,25,<path>,2,0.564567
3,25,<pchar>,0,0.241296
3,25,<pchar>,1,0.182827
3,25,<pchar>,2,0.237456
3,25,<pchar>,3,0.040722
3,25,<pchar>,4,0.297699
3,25,<pchars>,0,0.449845
3,25,<pchars>,1,0.550155
3,25,<port>,0,1.000000
3,25,<qparam>,0,0.338395
3,25,<qparam>,1,0.661605
3,25,<qparams>,0,0.333429
3,25,<qparams>,1,0.666571
3,25,<query>,0,0.450703
3,25,<query>,1,0.549297
3,25,<qvalue>,0,0.559036
3,25,<qvalue>,1,0.440964
3,25,<scheme>,0,0.311176
3,25,<scheme>,1,0.321034
3,25,<scheme>,2,0.205871
3,25,<scheme>,3,0.161919
3,25,<segment>,0,1.000000
3,25,<segments>,0,0.194889
3,25,<segments>,1,0.805111
3,25,<start>,0,1.000000
3,25,<url>,0,1.000000
3,25,<wchar>,0,0.291986
3,25,<wchar>,1,0.350639
3,25,<wchar>,2,0.245039
3,25,<wchar>,3,0.112336
3,25,<word>,0,0.598625
3,25,<word>,1,0.401375
3,30,<authority>,0,0.502024
3,30,<authority>,1,0.497976
3,30,<digit>,0,0.317133
3,30,<digit>,1,0.087032
3,30,<digit>,2,0.054492
3,30,<digit>,3,0.097463
3,30,<digit>,4,0.053443
3,30,<digit>,5,0.054187
3,30,<digit>,6,0.068755
3,30,<digit>,7,0.004422
3,30,<digit>,8,0.214900
3,30,<digit>,9,0.048172
3,30,<digits>,0,0.412042
3,30,<digits>,1,0.587958
3,30,<fragment>,0,0.491132
3,30,<fragment>,1,0.508868
3,30,<hex>,0,0.213502
3,30,<hex>,1,0.402753
3,30,<hex>,2,0.383745
3,30,<host>,0,0.597944
3,30,<host>,1,0.402056
3,30,<hostname>,0,0.496971
3,30,<hostname>,1,0.503029
3,30,<ipv4>,0,1.000000
3,30,<key>,0,1.000000
3,30,<label>,0,1.000000
3,30,<octet>,0,0.608040
3,30,<octet>,1,0.391960
3,30,<path>,0,0.254635
3,30,<path>,1,0.249449
3,30,<path>,2,0.495916
3,30,<pchar>,0,0.353564
3,30,<pchar>,1,0.260405
3,30,<pchar>,2,0.212595
3,30,<pchar>,3,0.112489
3,30,<pchar>,4,0.060947
3,30,<pchars>,0,0.500620
3,30,<pchars>,1,0.499380
3,30,<port>,0,1.000000
3,30,<qparam>,0,0.351126
3,30,<qparam>,1,0.648874
3,30,<qparams>,0,0.358465
3,30,<qparams>,1,0.641535
3,30,<query>,0,0.468597
3,30,<query>,1,0.531403
3,30,<qvalue>,0,0.576604
3,30,<qvalue>,1,0.423396
3,30,<scheme>,0,0.184964
3,30,<scheme>,1,0.222576
3,30,<scheme>,2,0.279744
3,30,<scheme>,3,0.312716
3,30,<segment>,0,1.000000
3,30,<segments>,0,0.251237
3,30,<segments>,1,0.748763
3,30,<start>,0,1.000000
3,30,<url>,0,1.000000
3,30,<wchar>,0,0.378254
3,30,<wchar>,1,0.382504
3,30,<wchar>,2,0.029315
3,30,<wchar>,3,0.209927
3,30,<word>,0,0.643120
3,30,<word>,1,0.356880
3,35,<authority>,0,0.479430
3,35,<authority>,1,0.520570
3,35,<digit>,0,0.344331
3,35,<digit>,1,0.046216
3,35,<digit>,2,0.032639
3,35,<digit>,3,0.054194
3,35,<digit>,4,0.079715
3,35,<digit>,5,0.043126
3,35,<digit>,6,0.125378
3,35,<digit>,7,0.088353
3,35,<digit>,8,0.177431
3,35,<digit>,9,0.008616
3,35,<digits>,0,0.374113
3,35,<digits>,1,0.625887
3,35,<fragment>,0,0.548187
3,35,<fragment>,1,0.451813
3,35,<hex>,0,0.107370
3,35,<hex>,1,0.486185
3,35,<hex>,2,0.406445
3,35,<host>,0,0.556918
3,35,<host>,1,0.443082
3,35,<hostname>,0,0.513537
3,35,<hostname>,1,0.486463
3,35,<ipv4>,0,1.000000
3,35,<key>,0,1.000000
3,35,<label>,0,1.000000
3,35,<octet>,0,0.578673
3,35,<octet>,1,0.421327
3,35,<path>,0,0.185053
3,35,<path>,1,0.249214
3,35,<path>,2,0.565733
3,35,<pchar>,0,0.209360
3,35,<pchar>,1,0.233240
3,35,<pchar>,2,0.159529
3,35,<pchar>,3,0.087920
3,35,<pchar>,4,0.309951
3,35,<pchars>,0,0.459582
3,35,<pchars>,1,0.540418
3,35,<port>,0,1.000000
3,35,<qparam>,0,0.273642
3,35,<qparam>,1,0.726358
3,35,<qparams>,0,0.343394
3,35,<qparams>,1,0.656606
3,35,<query>,0,0.459728
3,35,<query>,1,0.540272
3,35,<qvalue>,0,0.540566
3,35,<qvalue>,1,0.459434
3,35,<scheme>,0,0.309400
3,35,<scheme>,1,0.223982
3,35,<scheme>,2,0.257118
3,35,<scheme>,3,0.209500
3,35,<segment>,0,1.000000
3,35,<segments>,0,0.172165
3,35,<segments>,1,0.827835
3,35,<start>,0,1.000000
3,35,<url>,0,1.000000
3,35,<wchar>,0,0.159002
3,35,<wchar>,1,0.316501
3,35,<wchar>,2,0.325369
3,35,<wchar>,3,0.199127
3,35,<word>,0,0.622696
3,35,<word>,1,0.377304
3,40,<authority>,0,0.479547
3,40,<authority>,1,0.520453
3,40,<digit>,0,0.345602
3,40,<digit>,1,0.041831
3,40,<digit>,2,0.046802
3,40,<digit>,3,0.057882
3,40,<digit>,4,0.088271
3,40,<digit>,5,0.057723
3,40,<digit>,6,0.090176
3,40,<digit>,7,0.055263
3,40,<digit>,8,0.192404
3,40,<digit>,9,0.024046
3,40,<digits>,0,0.367806
3,40,<digits>,1,0.632194
3,40,<fragment>,0,0.528061
3,40,<fragment>,1,0.471939
3,40,<hex>,0,0.104370
3,40,<hex>,1,0.488499
3,40,<hex>,2,0.407131
3,40,<host>,0,0.653841
3,40,<host>,1,0.346159
3,40,<hostname>,0,0.491185
3,40,<hostname>,1,0.508815
3,40,<ipv4>,0,1.000000
3,40,<key>,0,1.000000
3,40,<label>,0,1.000000
3,40,<octet>,0,0.519298
3,40,<octet>,1,0.480702
3,40,<path>,0,0.200576
3,40,<path>,1,0.242541
3,40,<path>,2,0.556883
3,40,<pchar>,0,0.183912
3,40,<pchar>,1,0.221065
3,40,<pchar>,2,0.235565
3,40,<pchar>,3,0.071731
3,40,<pchar>,4,0.287727
3,40,<pchars>,0,0.510411
3,40,<pchars>,1,0.489589
3,40,<port>,0,1.000000
3,40,<qparam>,0,0.277351
3,40,<qparam>,1,0.722649
3,40,<qparams>,0,0.304647
3,40,<qparams>,1,0.695353
3,40,<query>,0,0.487444
3,40,<query>,1,0.512556
3,40,<qvalue>,0,0.501797
3,40,<qvalue>,1,0.498203
3,40,<scheme>,0,0.235714
3,40,<scheme>,1,0.249635
3,40,<scheme>,2,0.293684
3,40,<scheme>,3,0.220967
3,40,<segment>,0,1.000000
3,40,<segments>,0,0.243453
3,40,<segments>,1,0.756547
3,40,<start>,0,1.000000
3,40,<url>,0,1.000000
3,40,<wchar>,0,0.319228
3,40,<wchar>,1,0.378232
3,40,<wchar>,2,0.183008
3,40,<wchar>,3,0.119532
3,40,<word>,0,0.935798
3,40,<word>,1,0.064202
3,45,<authority>,0,0.484692
3,45,<authority>,1,0.515308
3,45,<digit>,0,0.388161
3,45,<digit>,1,0.057870
3,45,<digit>,2,0.056067
3,45,<digit>,3,0.061703
3,45,<digit>,4,0.059321
3,45,<digit>,5,0.027537
3,45,<digit>,6,0.099944
3,45,<digit>,7,0.052374
3,45,<digit>,8,0.168344
3,45,<digit>,9,0.028678
3,45,<digits>,0,0.321756
3,45,<digits>,1,0.678244
3,45,<fragment>,0,0.515009
3,45,<fragment>,1,0.484991
3,45,<hex>,0,0.094573
3,45,<hex>,1,0.483306
3,45,<hex>,2,0.422121
3,45,<host>,0,0.563889
3,45,<host>,1,0.436111
3,45,<hostname>,0,0.493431
3,45,<hostname>,1,0.506569
3,45,<ipv4>,0,1.000000
3,45,<key>,0,1.000000
3,45,<label>,0,1.000000
3,45,<octet>,0,0.510893
3,45,<octet>,1,0.489107
3,45,<path>,0,0.186163
3,45,<path>,1,0.244056
3,45,<path>,2,0.569782
3,45,<pchar>,0,0.273013
3,45,<pchar>,1,0.230855
3,45,<pchar>,2,0.187284
3,45,<pchar>,3,0.093431
3,45,<pchar>,4,0.215417
3,45,<pchars>,0,0.506276
3,45,<pchars>,1,0.493724
3,45,<port>,0,1.000000
3,45,<qparam>,0,0.277301
3,45,<qparam>,1,0.722699
3,45,<qparams>,0,0.305719
3,45,<qparams>,1,0.694281
3,45,<query>,0,0.427113
3,45,<query>,1,0.572887
3,45,<qvalue>,0,0.535034
3,45,<qvalue>,1,0.464966
3,45,<scheme>,0,0.256379
3,45,<scheme>,1,0.239230
3,45,<scheme>,2,0.283792
3,45,<scheme>,3,0.220598
3,45,<segment>,0,1.000000
3,45,<segments>,0,0.234639
3,45,<segments>,1,0.765361
3,45,<start>,0,1.000000
3,45,<url>,0,1.000000
3,45,<wchar>,0,0.205516
3,45,<wchar>,1,0.512658
3,45,<wchar>,2,0.043595
3,45,<wchar>,3,0.238231
3,45,<word>,0,0.956927
3,45,<word>,1,0.043073
3,50,<authority>,0,0.487059
3,50,<authority>,1,0.512941
3,50,<digit>,0,0.364204
3,50,<digit>,1,0.108674
3,50,<digit>,2,0.044799
3,50,<digit>,3,0.042453
3,50,<digit>,4,0.017381
3,50,<digit>,5,0.041415
3,50,<digit>,6,0.102121
3,50,<digit>,7,0.034269
3,50,<digit>,8,0.213308
3,50,<digit>,9,0.031375
3,50,<digits>,0,0.329789
3,50,<digits>,1,0.670211
3,50,<fragment>,0,0.513436
3,50,<fragment>,1,0.486564
3,50,<hex>,0,0.137291
3,50,<hex>,1,0.493811
3,50,<hex>,2,0.368898
3,50,<host>,0,0.584245
3,50,<host>,1,0.415755
3,50,<hostname>,0,0.497312
3,50,<hostname>,1,0.502688
3,50,<ipv4>,0,1.000000
3,50,<key>,0,1.000000
3,50,<label>,0,1.000000
3,50,<octet>,0,0.581459
3,50,<octet>,1,0.418541
3,50,<path>,0,0.175845
3,50,<path>,1,0.249917
3,50,<path>,2,0.574238
3,50,<pchar>,0,0.248747
3,50,<pchar>,1,0.272518
3,50,<pchar>,2,0.137905
3,50,<pchar>,3,0.087399
3,50,<pchar>,4,0.253431
3,50,<pchars>,0,0.505623
3,50,<pchars>,1,0.494377
3,50,<port>,0,1.000000
3,50,<qparam>,0,0.205980
3,50,<qparam>,1,0.794020
3,50,<qparams>,0,0.295659
3,50,<qparams>,1,0.704341
3,50,<query>,0,0.435031
3,50,<query>,1,0.564969
3,50,<qvalue>,0,0.573358
3,50,<qvalue>,1,0.426642
3,50,<scheme>,0,0.292039
3,50,<scheme>,1,0.239621
3,50,<scheme>,2,0.242509
3,50,<scheme>,3,0.225830
3,50,<segment>,0,1.000000
3,50,<segments>,0,0.228680
3,50,<segments>,1,0.771320
3,50,<start>,0,1.000000
3,50,<url>,0,1.000000
3,50,<wchar>,0,0.199154
3,50,<wchar>,1,0.558605
3,50,<wchar>,2,0.017865
3,50,<wchar>,3,0.224377
3,50,<word>,0,0.957690
3,50,<word>,1,0.042310
3,55,<authority>,0,0.569934
3,55,<authority>,1,0.430066
3,55,<digit>,0,0.389392
3,55,<digit>,1,0.069252
3,55,<digit>,2,0.058647
3,55,<digit>,3,0.054530
3,55,<digit>,4,0.042815
3,55,<digit>,5,0.019447
3,55,<digit>,6,0.098951
3,55,<digit>,7,0.000000
3,55,<digit>,8,0.237855
3,55,<digit>,9,0.029111
3,55,<digits>,0,0.304228
3,55,<digits>,1,0.695772
3,55,<fragment>,0,0.489788
3,55,<fragment>,1,0.510212
3,55,<hex>,0,0.127715
3,55,<hex>,1,0.485343
3,55,<hex>,2,0.386942
3,55,<host>,0,0.583874
3,55,<host>,1,0.416126
3,55,<hostname>,0,0.467978
3,55,<hostname>,1,0.532022
3,55,<ipv4>,0,1.000000
3,55,<key>,0,1.000000
3,55,<label>,0,1.000000
3,55,<octet>,0,0.552226
3,55,<octet>,1,0.447774
3,55,<path>,0,0.176249
3,55,<path>,1,0.239739
3,55,<path>,2,0.584012
3,55,<pchar>,0,0.228739
3,55,<pchar>,1,0.215015
3,55,<pchar>,2,0.223343
3,55,<pchar>,3,0.086789
3,55,<pchar>,4,0.246115
3,55,<pchars>,0,0.500455
3,55,<pchars>,1,0.499545
3,55,<port>,0,1.000000
3,55,<qparam>,0,0.242410
3,55,<qparam>,1,0.757590
3,55,<qparams>,0,0.304103
3,55,<qparams>,1,0.695897
3,55,<query>,0,0.431799
3,55,<query>,1,0.568201
3,55,<qvalue>,0,0.557252
3,55,<qvalue>,1,0.442748
3,55,<scheme>,0,0.274180
3,55,<scheme>,1,0.236374
3,55,<scheme>,2,0.244112
3,55,<scheme>,3,0.245334
3,55,<segment>,0,1.000000
3,55,<segments>,0,0.233329
3,55,<segments>,1,0.766671
3,55,<start>,0,1.000000
3,55,<url>,0,1.000000
3,55,<wchar>,0,0.223146
3,55,<wchar>,1,0.526557
3,55,<wchar>,2,0.031617
3,55,<wchar>,3,0.218679
3,55,<word>,0,0.912895
3,55,<word>,1,0.087105
3,59,<authority>,0,0.583141
3,59,<authority>,1,0.416859
3,59,<digit>,0,0.383319
3,59,<digit>,1,0.056600
3,59,<digit>,2,0.003331
3,59,<digit>,3,0.060435
3,59,<digit>,4,0.030171
3,59,<digit>,5,0.010978
3,59,<digit>,6,0.147086
3,59,<digit>,7,0.046846
3,59,<digit>,8,0.208311
3,59,<digit>,9,0.052923
3,59,<digits>,0,0.283946
3,59,<digits>,1,0.716054
3,59,<fragment>,0,0.526912
3,59,<fragment>,1,0.473088
3,59,<hex>,0,0.140051
3,59,<hex>,1,0.499027
3,59,<hex>,2,0.360921
3,59,<host>,0,0.589346
3,59,<host>,1,0.410654
3,59,<hostname>,0,0.476051
3,59,<hostname>,1,0.523949
3,59,<ipv4>,0,1.000000
3,59,<key>,0,1.000000
3,59,<label>,0,1.000000
3,59,<octet>,0,0.541160
3,59,<octet>,1,0.458840
3,59,<path>,0,0.133166
3,59,<path>,1,0.262908
3,59,<path>,2,0.603926
3,59,<pchar>,0,0.228547
3,59,<pchar>,1,0.306905
3,59,<pchar>,2,0.167414
3,59,<pchar>,3,0.072320
3,59,<pchar>,4,0.224815
3,59,<pchars>,0,0.515015
3,59,<pchars>,1,0.484985
3,59,<port>,0,1.000000
3,59,<qparam>,0,0.155817
3,59,<qparam>,1,0.844183
3,59,<qparams>,0,0.298856
3,59,<qparams>,1,0.701144
3,59,<query>,0,0.432089
3,59,<query>,1,0.567911
3,59,<qvalue>,0,0.551323
3,59,<qvalue>,1,0.448677
3,59,<scheme>,0,0.259496
3,59,<scheme>,1,0.223703
3,59,<scheme>,2,0.284788
3,59,<scheme>,3,0.232012
3,59,<segment>,0,1.000000
3,59,<segments>,0,0.168629
3,59,<segments>,1,0.831371
3,59,<start>,0,1.000000
3,59,<url>,0,1.000000
3,59,<wchar>,0,0.000000
3,59,<wchar>,1,0.675825
3,59,<wchar>,2,0.036767
3,59,<wchar>,3,0.287407
3,59,<word>,0,0.933603
3,59,<word>,1,0.066397
4,0,<authority>,0,0.690561
4,0,<authority>,1,0.309439
4,0,<digit>,0,0.060617
4,0,<digit>,1,0.051857
4,0,<digit>,2,0.137475
4,0,<digit>,3,0.043393
4,0,<digit>,4,0.064298
4,0,<digit>,5,0.192591
4,0,<digit>,6,0.168608
4,0,<digit>,7,0.079010
4,0,<digit>,8,0.091954
4,0,<digit>,9,0.110196
4,0,<digits>,0,0.520217
4,0,<digits>,1,0.479783
4,0,<fragment>,0,0.205269
4,0,<fragment>,1,0.794731
4,0,<hex>,0,0.156563
4,0,<hex>,1,0.343701
4,0,<hex>,2,0.499736
4,0,<host>,0,0.228326
4,0,<host>,1,0.771674
4,0,<hostname>,0,0.452313
4,0,<hostname>,1,0.547687
4,0,<ipv4>,0,1.000000
4,0,<key>,0,1.000000
4,0,<label>,0,1.000000
4,0,<octet>,0,0.535140
4,0,<octet>,1,0.464860
4,0,<path>,0,0.420569
4,0,<path>,1,0.203035
4,0,<path>,2,0.376395
4,0,<pchar>,0,0.106573
4,0,<pchar>,1,0.237044
4,0,<pchar>,2,0.246483
4,0,<pchar>,3,0.252608
4,0,<pchar>,4,0.157292
4,0,<pchars>,0,0.320995
4,0,<pchars>,1,0.679005
4,0,<port>,0,1.000000
4,0,<qparam>,0,0.551864
4,0,<qparam>,1,0.448136
4,0,<qparams>,0,0.380582
4,0,<qparams>,1,0.619418
4,0,<query>,0,0.465803
4,0,<query>,1,0.534197
4,0,<qvalue>,0,0.628455
4,0,<qvalue>,1,0.371545
4,0,<scheme>,0,0.250447
4,0,<scheme>,1,0.216441
4,0,<scheme>,2,0.259348
4,0,<scheme>,3,0.273765
4,0,<segment>,0,1.000000
4,0,<segments>,0,0.619476
4,0,<segments>,1,0.380524
4,0,<start>,0,1.000000
4,0,<url>,0,1.000000
4,0,<wchar>,0,0.158363
4,0,<wchar>,1,0.254391
4,0,<wchar>,2,0.228717
4,0,<wchar>,3,0.358530
4,0,<word>,0,0.365112
4,0,<word>,1,0.634888
4,5,<authority>,0,0.686152
4,5,<authority>,1,0.313848
4,5,<digit>,0,0.071803
4,5,<digit>,1,0.083679
4,5,<digit>,2,0.132655
4,5,<digit>,3,0.167487
4,5,<digit>,4,0.140639
4,5,<digit>,5,0.020253
4,5,<digit>,6,0.088624
4,5,<digit>,7,0.087293
4,5,<digit>,8,0.115864
4,5,<digit>,9,0.091704
4,5,<digits>,0,0.418718
4,5,<digits>,1,0.581282
4,5,<fragment>,0,0.456052
4,5,<fragment>,1,0.543948
4,5,<hex>,0,0.384499
4,5,<hex>,1,0.252702
4,5,<hex>,2,0.362798
4,5,<host>,0,0.514585
4,5,<host>,1,0.485415
4,5,<hostname>,0,0.413844
4,5,<hostname>,1,0.586156
4,5,<ipv4>,0,1.000000
4,5,<key>,0,1.000000
4,5,<label>,0,1.000000
4,5,<octet>,0,0.515335
4,5,<octet>,1,0.484665
4,5,<path>,0,0.339500
4,5,<path>,1,0.262928
4,5,<path>,2,0.397572
4,5,<pchar>,0,0.111929
4,5,<pchar>,1,0.211292
4,5,<pchar>,2,0.321801
4,5,<pchar>,3,0.161582
4,5,<pchar>,4,0.193396
4,5,<pchars>,0,0.436102
4,5,<pchars>,1,0.563898
4,5,<port>,0,1.000000
4,5,<qparam>,0,0.558842
4,5,<qparam>,1,0.441158
4,5,<qparams>,0,0.562663
4,5,<qparams>,1,0.437337
4,5,<query>,0,0.451774
4,5,<query>,1,0.548226
4,5,<qvalue>,0,0.479672
4,5,<qvalue>,1,0.520328
4,5,<scheme>,0,0.257239
4,5,<scheme>,1,0.318125
4,5,<scheme>,2,0.159819
4,5,<scheme>,3,0.264818
4,5,<segment>,0,1.000000
4,5,<segments>,0,0.291056
4,5,<segments>,1,0.708944
4,5,<start>,0,1.000000
4,5,<url>,0,1.000000
4,5,<wchar>,0,0.230835
4,5,<wchar>,1,0.164580
4,5,<wchar>,2,0.255069
4,5,<wchar>,3,0.349516
4,5,<word>,0,0.642422
4,5,<word>,1,0.357578
4,10,<authority>,0,0.514133
4,10,<authority>,1,0.485867
4,10,<digit>,0,0.121249
4,10,<digit>,1,0.000000
4,10,<digit>,2,0.121465
4,10,<digit>,3,0.160450
4,10,<digit>,4,0.186290
4,10,<digit>,5,0.002474
4,10,<digit>,6,0.029736
4,10,<digit>,7,0.079148
4,10,<digit>,8,0.212598
4,10,<digit>,9,0.086590
4,10,<digits>,0,0.406287
4,10,<digits>,1,0.593713
4,10,<fragment>,0,0.490354
4,10,<fragment>,1,0.509646
4,10,<hex>,0,0.396034
4,10,<hex>,1,0.258380
4,10,<hex>,2,0.345586
4,10,<host>,0,0.586874
4,10,<host>,1,0.413126
4,10,<hostname>,0,0.501160
4,10,<hostname>,1,0.498840
4,10,<ipv4>,0,1.000000
4,10,<key>,0,1.000000
4,10,<label>,0,1.000000
4,10,<octet>,0,0.589710
4,10,<octet>,1,0.410290
4,10,<path>,0,0.317140
4,10,<path>,1,0.348829
4,10,<path>,2,0.334031
4,10,<pchar>,0,0.171763
4,10,<pchar>,1,0.093931
4,10,<pchar>,2,0.280241
4,10,<pchar>,3,0.138017
4,10,<pchar>,4,0.316048
4,10,<pchars>,0,0.465521
4,10,<pchars>,1,0.534479
4,10,<port>,0,1.000000
4,10,<qparam>,0,0.535121
4,10,<qparam>,1,0.464879
4,10,<qparams>,0,0.623556
4,10,<qparams>,1,0.376444
4,10,<query>,0,0.388133
4,10,<query>,1,0.611867
4,10,<qvalue>,0,0.499948
4,10,<qvalue>,1,0.500052
4,10,<scheme>,0,0.299812
4,10,<scheme>,1,0.276901
4,10,<scheme>,2,0.206569
4,10,<scheme>,3,0.216718
4,10,<segment>,0,1.000000
4,10,<segments>,0,0.330845
4,10,<segments>,1,0.669155
4,10,<start>,0,1.000000
4,10,<url>,0,1.000000
4,10,<wchar>,0,0.089572
4,10,<wchar>,1,0.185852
4,10,<wchar>,2,0.464300
4,10,<wchar>,3,0.260276
4,10,<word>,0,0.630870
4,10,<word>,1,0.369130
4,15,<authority>,0,0.509792
4,15,<authority>,1,0.490208
4,15,<digit>,0,0.155284
4,15,<digit>,1,0.078124
4,15,<digit>,2,0.084808
4,15,<digit>,3,0.153070
4,15,<digit>,4,0.124216
4,15,<digit>,5,0.000000
4,15,<digit>,6,0.038974
4,15,<digit>,7,0.066142
4,15,<digit>,8,0.194029
4,15,<digit>,9,0.105354
4,15,<digits>,0,0.392143
4,15,<digits>,1,0.607857
4,15,<fragment>,0,0.535361
4,15,<fragment>,1,0.464639
4,15,<hex>,0,0.343251
4,15,<hex>,1,0.323969
4,15,<hex>,2,0.332781
4,15,<host>,0,0.558969
4,15,<host>,1,0.441031
4,15,<hostname>,0,0.499530
4,15,<hostname>,1,0.500470
4,15,<ipv4>,0,1.000000
4,15,<key>,0,1.000000
4,15,<label>,0,1.000000
4,15,<octet>,0,0.610142
4,15,<octet>,1,0.389858
4,15,<path>,0,0.309835
4,15,<path>,1,0.287058
4,15,<path>,2,0.403107
4,15,<pchar>,0,0.164147
4,15,<pchar>,1,0.079018
4,15,<pchar>,2,0.261474
4,15,<pchar>,3,0.120528
4,15,<pchar>,4,0.374833
4,15,<pchars>,0,0.462731
4,15,<pchars>,1,0.537269
4,15,<port>,0,1.000000
4,15,<qparam>,0,0.586059
4,15,<qparam>,1,0.413941
4,15,<qparams>,0,0.500836
4,15,<qparams>,1,0.499164
4,15,<query>,0,0.422673
4,15,<query>,1,0.577327
4,15,<qvalue>,0,0.572703
4,15,<qvalue>,1,0.427297
4,15,<scheme>,0,0.263129
4,15,<scheme>,1,0.317203
4,15,<scheme>,2,0.241135
4,15,<scheme>,3,0.178533
4,15,<segment>,0,1.000000
4,15,<segments>,0,0.336074
4,15,<segments>,1,0.663926
4,15,<start>,0,1.000000
4,15,<url>,0,1.000000
4,15,<wchar>,0,0.229524
4,15,<wchar>,1,0.234917
4,15,<wchar>,2,0.336157
4,15,<wchar>,3,0.199402
4,15,<word>,0,0.624930
4,15,<word>,1,0.375070
4,20,<authority>,0,0.544874
4,20,<authority>,1,0.455126
4,20,<digit>,0,0.151582
4,20,<digit>,1,0.000000
4,20,<digit>,2,0.091701
4,20,<digit>,3,0.244651
4,20,<digit>,4,0.099562
4,20,<digit>,5,0.030269
4,20,<digit>,6,0.036795
4,20,<digit>,7,0.067119
4,20,<digit>,8,0.185211
4,20,<digit>,9,0.093111
4,20,<digits>,0,0.358400
4,20,<digits>,1,0.641600
4,20,<fragment>,0,0.523366
4,20,<fragment>,1,0.476634
4,20,<hex>,0,0.379726
4,20,<hex>,1,0.349887
4,20,<hex>,2,0.270388
4,20,<host>,0,0.560111
4,20,<host>,1,0.439889
4,20,<hostname>,0,0.529645
4,20,<hostname>,1,0.470355
4,20,<ipv4>,0,1.000000
4,20,<key>,0,1.000000
4,20,<label>,0,1.000000
4,20,<octet>,0,0.555450
4,20,<octet>,1,0.444550
4,20,<path>,0,0.295869
4,20,<path>,1,0.300999
4,20,<path>,2,0.403131
4,20,<pchar>,0,0.097201
4,20,<pchar>,1,0.169206
4,20,<pchar>,2,0.217405
4,20,<pchar>,3,0.096311
4,20,<pchar>,4,0.419877
4,20,<pchars>,0,0.465688
4,20,<pchars>,1,0.534312
4,20,<port>,0,1.000000
4,20,<qparam>,0,0.581495
4,20,<qparam>,1,0.418505
4,20,<qparams>,0,0.571952
4,20,<qparams>,1,0.428048
4,20,<query>,0,0.441883
4,20,<query>,1,0.558117
4,20,<qvalue>,0,0.546727
4,20,<qvalue>,1,0.453273
4,20,<scheme>,0,0.195761
4,20,<scheme>,1,0.323065
4,20,<scheme>,2,0.253145
4,20,<scheme>,3,0.228029
4,20,<segment>,0,1.000000
4,20,<segments>,0,0.329151
4,20,<segments>,1,0.670849
4,20,<start>,0,1.000000
4,20,<url>,0,1.000000
4,20,<wchar>,0,0.193772
4,20,<wchar>,1,0.265494
4,20,<wchar>,2,0.231065
4,20,<wchar>,3,0.309670
4,20,<word>,0,0.696070
4,20,<word>,1,0.303930
4,25,<authority>,0,0.555536
4,25,<authority>,1,0.444464
4,25,<digit>,0,0.237872
4,25,<digit>,1,0.068544
4,25,<digit>,2,0.156437
4,25,<digit>,3,0.220240
4,25,<digit>,4,0.088241
4,25,<digit>,5,0.022228
4,25,<digit>,6,0.016969
4,25,<digit>,7,0.022619
4,25,<digit>,8,0.166851
4,25,<digit>,9,0.000000
4,25,<digits>,0,0.307218
4,25,<digits>,1,0.692782
4,25,<fragment>,0,0.487906
4,25,<fragment>,1,0.512094
4,25,<hex>,0,0.345098
4,25,<hex>,1,0.346156
4,25,<hex>,2,0.308746
4,25,<host>,0,0.537688
4,25,<host>,1,0.462312
4,25,<hostname>,0,0.528271
4,25,<hostname>,1,0.471729
4,25,<ipv4>,0,1.000000
4,25,<key>,0,1.000000
4,25,<label>,0,1.000000
4,25,<octet>,0,0.493095
4,25,<octet>,1,0.506905
4,25,<path>,0,0.254509
4,25,<path>,1,0.299469
4,25,<path>,2,0.446022
4,25,<pchar>,0,0.154718
4,25,<pchar>,1,0.201223
4,25,<pchar>,2,0.252332
4,25,<pchar>,3,0.047002
4,25,<pchar>,4,0.344725
4,25,<pchars>,0,0.450727
4,25,<pchars>,1,0.549273
4,25,<port>,0,1.000000
4,25,<qparam>,0,0.580233
4,25,<qparam>,1,0.419767
4,25,<qparams>,0,0.522746
4,25,<qparams>,1,0.477254
4,25,<query>,0,0.427652
4,25,<query>,1,0.572348
4,25,<qvalue>,0,0.535644
4,25,<qvalue>,1,0.464356
4,25,<scheme>,0,0.248195
4,25,<scheme>,1,0.246093
4,25,<scheme>,2,0.318418
4,25,<scheme>,3,0.187295
4,25,<segment>,0,1.000000
4,25,<segments>,0,0.298668
4,25,<segments>,1,0.701332
4,25,<start>,0,1.000000
4,25,<url>,0,1.000000
4,25,<wchar>,0,0.235075
4,25,<wchar>,1,0.327496
4,25,<wchar>,2,0.319300
4,25,<wchar>,3,0.118130
4,25,<word>,0,0.689706
4,25,<word>,1,0.310294
4,30,<authority>,0,0.466670
4,30,<authority>,1,0.533330
4,30,<digit>,0,0.270561
4,30,<digit>,1,0.058896
4,30,<digit>,2,0.143403
4,30,<digit>,3,0.043351
4,30,<digit>,4,0.126060
4,30,<digit>,5,0.021217
4,30,<digit>,6,0.033909
4,30,<digit>,7,0.125471
4,30,<digit>,8,0.164533
4,30,<digit>,9,0.012599
4,30,<digits>,0,0.320247
4,30,<digits>,1,0.679753
4,30,<fragment>,0,0.520599
4,30,<fragment>,1,0.479401
4,30,<hex>,0,0.307520
4,30,<hex>,1,0.419029
4,30,<hex>,2,0.273451
4,30,<host>,0,0.558194
4,30,<host>,1,0.441806
4,30,<hostname>,0,0.562021
4,30,<hostname>,1,0.437979
4,30,<ipv4>,0,1.000000
4,30,<key>,0,1.000000
4,30,<label>,0,1.000000
4,30,<octet>,0,0.485979
4,30,<octet>,1,0.514021
4,30,<path>,0,0.216677
4,30,<path>,1,0.300704
4,30,<path>,2,0.482619
4,30,<pchar>,0,0.215425
4,30,<pchar>,1,0.133331
4,30,<pchar>,2,0.190864
4,30,<pchar>,3,0.078768
4,30,<pchar>,4,0.381612
4,30,<pchars>,0,0.482563
4,30,<pchars>,1,0.517437
4,30,<port>,0,1.000000
4,30,<qparam>,0,0.521665
4,30,<qparam>,1,0.478335
4,30,<qparams>,0,0.492789
4,30,<qparams>,1,0.507211
4,30,<query>,0,0.415518
4,30,<query>,1,0.584482
4,30,<qvalue>,0,0.559189
4,30,<qvalue>,1,0.440811
4,30,<scheme>,0,0.223993
4,30,<scheme>,1,0.249430
4,30,<scheme>,2,0.321223
4,30,<scheme>,3,0.205354
4,30,<segment>,0,1.000000
4,30,<segments>,0,0.260913
4,30,<segments>,1,0.739087
4,30,<start>,0,1.000000
4,30,<url>,0,1.000000
4,30,<wchar>,0,0.296999
4,30,<wchar>,1,0.330198
4,30,<wchar>,2,0.285016
4,30,<wchar>,3,0.087787
4,30,<word>,0,0.702939
4,30,<word>,1,0.297061
4,35,<authority>,0,0.539410
4,35,<authority>,1,0.460590
4,35,<digit>,0,0.252059
4,35,<digit>,1,0.078215
4,35,<digit>,2,0.000000
4,35,<digit>,3,0.108317
4,35,<digit>,4,0.183719
4,35,<digit>,5,0.040241
4,35,<digit>,6,0.018155
4,35,<digit>,7,0.082288
4,35,<digit>,8,0.173853
4,35,<digit>,9,0.063153
4,35,<digits>,0,0.326187
4,35,<digits>,1,0.673813
4,35,<fragment>,0,0.532855
4,35,<fragment>,1,0.467145
4,35,<hex>,0,0.357508
4,35,<hex>,1,0.364620
4,35,<hex>,2,0.277872
4,35,<host>,0,0.567237
4,35,<host>,1,0.432763
4,35,<hostname>,0,0.574309
4,35,<hostname>,1,0.425691
4,35,<ipv4>,0,1.000000
4,35,<key>,0,1.000000
4,35,<label>,0,1.000000
4,35,<octet>,0,0.481429
4,35,<octet>,1,0.518571
4,35,<path>,0,0.183699
4,35,<path>,1,0.248188
4,35,<path>,2,0.568113
4,35,<pchar>,0,0.209151
4,35,<pchar>,1,0.210963
4,35,<pchar>,2,0.178362
4,35,<pchar>,3,0.007027
4,35,<pchar>,4,0.394498
4,35,<pchars>,0,0.451844
4,35,<pchars>,1,0.548156
4,35,<port>,0,1.000000
4,35,<qparam>,0,0.500627
4,35,<qparam>,1,0.499373
4,35,<qparams>,0,0.517356
4,35,<qparams>,1,0.482644
4,35,<query>,0,0.420942
4,35,<query>,1,0.579058
4,35,<qvalue>,0,0.574817
4,35,<qvalue>,1,0.425183
4,35,<scheme>,0,0.260486
4,35,<scheme>,1,0.230151
4,35,<scheme>,2,0.232981
4,35,<scheme>,3,0.276382
4,35,<segment>,0,1.000000
4,35,<segments>,0,0.277789
4,35,<segments>,1,0.722211
4,35,<start>,0,1.000000
4,35,<url>,0,1.000000
4,35,<wchar>,0,0.241695
4,35,<wchar>,1,0.381001
4,35,<wchar>,2,0.322396
4,35,<wchar>,3,0.054908
4,35,<word>,0,0.735383
4,35,<word>,1,0.264617
4,40,<authority>,0,0.585686
4,40,<authority>,1,0.414314
4,40,<digit>,0,0.354640
4,40,<digit>,1,0.034438
4,40,<digit>,2,0.052591
4,40,<digit>,3,0.082885
4,40,<digit>,4,0.093188
4,40,<digit>,5,0.062934
4,40,<digit>,6,0.050264
4,40,<digit>,7,0.035279
4,40,<digit>,8,0.172590
4,40,<digit>,9,0.061192
4,40,<digits>,0,0.275293
4,40,<digits>,1,0.724707
4,40,<fragment>,0,0.502407
4,40,<fragment>,1,0.497593
4,40,<hex>,0,0.307075
4,40,<hex>,1,0.350402
4,40,<hex>,2,0.342523
4,40,<host>,0,0.563466
4,40,<host>,1,0.436534
4,40,<hostname>,0,0.560003
4,40,<hostname>,1,0.439997
4,40,<ipv4>,0,1.000000
4,40,<key>,0,1.000000
4,40,<label>,0,1.000000
4,40,<octet>,0,0.481422
4,40,<octet>,1,0.518578
4,40,<path>,0,0.154309
4,40,<path>,1,0.315678
4,40,<path>,2,0.530013
4,40,<pchar>,0,0.178707
4,40,<pchar>,1,0.145659
4,40,<pchar>,2,0.203787
4,40,<pchar>,3,0.067268
4,40,<pchar>,4,0.404579
4,40,<pchars>,0,0.474491
4,40,<pchars>,1,0.525509
4,40,<port>,0,1.000000
4,40,<qparam>,0,0.589682
4,40,<qparam>,1,0.410318
4,40,<qparams>,0,0.504254
4,40,<qparams>,1,0.495746
4,40,<query>,0,0.395480
4,40,<query>,1,0.604520
4,40,<qvalue>,0,0.594866
4,40,<qvalue>,1,0.405134
4,40,<scheme>,0,0.223718
4,40,<scheme>,1,0.243372
4,40,<scheme>,2,0.279510
4,40,<scheme>,3,0.253400
4,40,<segment>,0,1.000000
4,40,<segments>,0,0.295375
4,40,<segments>,1,0.704625
4,40,<start>,0,1.000000
4,40,<url>,0,1.000000
4,40,<wchar>,0,0.193130
4,40,<wchar>,1,0.402012
4,40,<wchar>,2,0.314053
4,40,<wchar>,3,0.090805
4,40,<word>,0,0.904959
4,40,<word>,1,0.095041
4,45,<authority>,0,0.539600
4,45,<authority>,1,0.460400
4,45,<digit>,0,0.281803
4,45,<digit>,1,0.047259
4,45,<digit>,2,0.068012
4,45,<digit>,3,0.000000
4,45,<digit>,4,0.233720
4,45,<digit>,5,0.041474
4,45,<digit>,6,0.015905
4,45,<digit>,7,0.028387
4,45,<digit>,8,0.240962
4,45,<digit>,9,0.042478
4,45,<digits>,0,0.307700
4,45,<digits>,1,0.692300
4,45,<fragment>,0,0.529166
4,45,<fragment>,1,0.470834
4,45,<hex>,0,0.235690
4,45,<hex>,1,0.410734
4,45,<hex>,2,0.353576
4,45,<host>,0,0.595650
4,45,<host>,1,0.404350
4,45,<hostname>,0,0.604251
4,45,<hostname>,1,0.395749
4,45,<ipv4>,0,1.000000
4,45,<key>,0,1.000000
4,45,<label>,0,1.000000
4,45,<octet>,0,0.492817
4,45,<octet>,1,0.507183
4,45,<path>,0,0.263891
4,45,<path>,1,0.226817
4,45,<path>,2,0.509292
4,45,<pchar>,0,0.159480
4,45,<pchar>,1,0.202177
4,45,<pchar>,2,0.219021
4,45,<pchar>,3,0.064835
4,45,<pchar>,4,0.354487
4,45,<pchars>,0,0.513122
4,45,<pchars>,1,0.486878
4,45,<port>,0,1.000000
4,45,<qparam>,0,0.587062
4,45,<qparam>,1,0.412938
4,45,<qparams>,0,0.516206
4,45,<qparams>,1,0.483794
4,45,<query>,0,0.347266
4,45,<query>,1,0.652734
4,45,<qvalue>,0,0.608366
4,45,<qvalue>,1,0.391634
4,45,<scheme>,0,0.233926
4,45,<scheme>,1,0.288947
4,45,<scheme>,2,0.266537
4,45,<scheme>,3,0.210590
4,45,<segment>,0,1.000000
4,45,<segments>,0,0.261537
4,45,<segments>,1,0.738463
4,45,<start>,0,1.000000
4,45,<url>,0,1.000000
4,45,<wchar>,0,0.074454
4,45,<wchar>,1,0.705192
4,45,<wchar>,2,0.152371
4,45,<wchar>,3,0.067982
4,45,<word>,0,0.762997
4,45,<word>,1,0.237003
4,50,<authority>,0,0.535936
4,50,<authority>,1,0.464064
4,50,<digit>,0,0.336165
4,50,<digit>,1,0.060322
4,50,<digit>,2,0.065096
4,50,<digit>,3,0.037700
4,50,<digit>,4,0.011561
4,50,<digit>,5,0.044098
4,50,<digit>,6,0.008862
4,50,<digit>,7,0.033982
4,50,<digit>,8,0.362116
4,50,<digit>,9,0.040098
4,50,<digits>,0,0.271231
4,50,<digits>,1,0.728769
4,50,<fragment>,0,0.525612
4,50,<fragment>,1,0.474388
4,50,<hex>,0,0.300283
4,50,<hex>,1,0.389208
4,50,<hex>,2,0.310509
4,50,<host>,0,0.582333
4,50,<host>,1,0.417667
4,50,<hostname>,0,0.543145
4,50,<hostname>,1,0.456855
4,50,<ipv4>,0,1.000000
4,50,<key>,0,1.000000
4,50,<label>,0,1.000000
4,50,<octet>,0,0.477004
4,50,<octet>,1,0.522996
4,50,<path>,0,0.226858
4,50,<path>,1,0.248898
4,50,<path>,2,0.524244
4,50,<pchar>,0,0.093118
4,50,<pchar>,1,0.238088
4,50,<pchar>,2,0.208078
4,50,<pchar>,3,0.084449
4,50,<pchar>,4,0.376267
4,50,<pchars>,0,0.501986
4,50,<pchars>,1,0.498014
4,50,<port>,0,1.000000
4,50,<qparam>,0,0.580210
4,50,<qparam>,1,0.419790
4,50,<qparams>,0,0.492183
4,50,<qparams>,1,0.507817
4,50,<query>,0,0.393520
4,50,<query>,1,0.606480
4,50,<qvalue>,0,0.641332
4,50,<qvalue>,1,0.358668
4,50,<scheme>,0,0.238349
4,50,<scheme>,1,0.284686
4,50,<scheme>,2,0.268624
4,50,<scheme>,3,0.208341
4,50,<segment>,0,1.000000
4,50,<segments>,0,0.292939
4,50,<segments>,1,0.707061
4,50,<start>,0,1.000000
4,50,<url>,0,1.000000
4,50,<wchar>,0,0.066813
4,50,<wchar>,1,0.637812
4,50,<wchar>,2,0.233472
4,50,<wchar>,3,0.061903
4,50,<word>,0,0.765166
4,50,<word>,1,0.234834
4,55,<authority>,0,0.548665
4,55,<authority>,1,0.451335
4,55,<digit>,0,0.262776
4,55,<digit>,1,0.052986
4,55,<digit>,2,0.001336
4,55,<digit>,3,0.017990
4,55,<digit>,4,0.186056
4,55,<digit>,5,0.061309
4,55,<digit>,6,0.005500
4,55,<digit>,7,0.020248
4,55,<digit>,8,0.351642
4,55,<digit>,9,0.040157
4,55,<digits>,0,0.276255
4,55,<digits>,1,0.723745
4,55,<fragment>,0,0.552655
4,55,<fragment>,1,0.447345
4,55,<hex>,0,0.417063
4,55,<hex>,1,0.333366
4,55,<hex>,2,0.249571
4,55,<host>,0,0.590249
4,55,<host>,1,0.409751
4,55,<hostname>,0,0.595200
4,55,<hostname>,1,0.404800
4,55,<ipv4>,0,1.000000
4,55,<key>,0,1.000000
4,55,<label>,0,1.000000
4,55,<octet>,0,0.515285
4,55,<octet>,1,0.484715
4,55,<path>,0,0.177973
4,55,<path>,1,0.239979
4,55,<path>,2,0.582048
4,55,<pchar>,0,0.155464
4,55,<pchar>,1,0.229854
4,55,<pchar>,2,0.245692
4,55,<pchar>,3,0.055794
4,55,<pchar>,4,0.313195
4,55,<pchars>,0,0.504090
4,55,<pchars>,1,0.495910
4,55,<port>,0,1.000000
4,55,<qparam>,0,0.603468
4,55,<qparam>,1,0.396532
4,55,<qparams>,0,0.494504
4,55,<qparams>,1,0.505496
4,55,<query>,0,0.380202
4,55,<query>,1,0.619798
4,55,<qvalue>,0,0.763668
4,55,<qvalue>,1,0.236332
4,55,<scheme>,0,0.240468
4,55,<scheme>,1,0.281348
4,55,<scheme>,2,0.255678
4,55,<scheme>,3,0.222506
4,55,<segment>,0,1.000000
4,55,<segments>,0,0.236389
4,55,<segments>,1,0.763611
4,55,<start>,0,1.000000
4,55,<url>,0,1.000000
4,55,<wchar>,0,0.000000
4,55,<wchar>,1,0.640556
4,55,<wchar>,2,0.234432
4,55,<wchar>,3,0.125011
4,55,<word>,0,0.748532
4,55,<word>,1,0.251468
4,59,<authority>,0,0.550900
4,59,<authority>,1,0.449100
4,59,<digit>,0,0.229208
4,59,<digit>,1,0.068980
4,59,<digit>,2,0.016139
4,59,<digit>,3,0.052843
4,59,<digit>,4,0.163233
4,59,<digit>,5,0.054337
4,59,<digit>,6,0.009408
4,59,<digit>,7,0.076164
4,59,<digit>,8,0.294613
4,59,<digit>,9,0.035074
4,59,<digits>,0,0.281048
4,59,<digits>,1,0.718952
4,59,<fragment>,0,0.483668
4,59,<fragment>,1,0.516332
4,59,<hex>,0,0.275772
4,59,<hex>,1,0.378721
4,59,<hex>,2,0.345507
4,59,<host>,0,0.573472
4,59,<host>,1,0.426528
4,59,<hostname>,0,0.543237
4,59,<hostname>,1,0.456763
4,59,<ipv4>,0,1.000000
4,59,<key>,0,1.000000
4,59,<label>,0,1.000000
4,59,<octet>,0,0.463024
4,59,<octet>,1,0.536976
4,59,<path>,0,0.215213
4,59,<path>,1,0.258093
4,59,<path>,2,0.526694
4,59,<pchar>,0,0.147127
4,59,<pchar>,1,0.190689
4,59,<pchar>,2,0.217306
4,59,<pchar>,3,0.062378
4,59,<pchar>,4,0.382500
4,59,<pchars>,0,0.532559
4,59,<pchars>,1,0.467441
4,59,<port>,0,1.000000
4,59,<qparam>,0,0.575419
4,59,<qparam>,1,0.424581
4,59,<qparams>,0,0.499983
4,59,<qparams>,1,0.500017
4,59,<query>,0,0.366708
4,59,<query>,1,0.633292
4,59,<qvalue>,0,0.675864
4,59,<qvalue>,1,0.324136
4,59,<scheme>,0,0.242311
4,59,<scheme>,1,0.258655
4,59,<scheme>,2,0.268244
4,59,<scheme>,3,0.230790
4,59,<segment>,0,1.000000
4,59,<segments>,0,0.246235
4,59,<segments>,1,0.753765
4,59,<start>,0,1.000000
4,59,<url>,0,1.000000
4,59,<wchar>,0,0.102006
4,59,<wchar>,1,0.676388
4,59,<wchar>,2,0.120348
4,59,<wchar>,3,0.101259
4,59,<word>,0,0.759501
4,59,<word>,1,0.240499
5,0,<authority>,0,0.496516
5,0,<authority>,1,0.503484
5,0,<digit>,0,0.153689
5,0,<digit>,1,0.056737
5,0,<digit>,2,0.096030
5,0,<digit>,3,0.154329
5,0,<digit>,4,0.126747
5,0,<digit>,5,0.103569
5,0,<digit>,6,0.155485
5,0,<digit>,7,0.040444
5,0,<digit>,8,0.046049
5,0,<digit>,9,0.066921
5,0,<digits>,0,0.499119
5,0,<digits>,1,0.500881
5,0,<fragment>,0,0.638911
5,0,<fragment>,1,0.361089
5,0,<hex>,0,0.433598
5,0,<hex>,1,0.146385
5,0,<hex>,2,0.420017
5,0,<host>,0,0.534640
5,0,<host>,1,0.465360
5,0,<hostname>,0,0.419030
5,0,<hostname>,1,0.580970
5,0,<ipv4>,0,1.000000
5,0,<key>,0,1.000000
5,0,<label>,0,1.000000
5,0,<octet>,0,0.482002
5,0,<octet>,1,0.517998
5,0,<path>,0,0.466598
5,0,<path>,1,0.346192
5,0,<path>,2,0.187210
5,0,<pchar>,0,0.201513
5,0,<pchar>,1,0.105247
5,0,<pchar>,2,0.227492
5,0,<pchar>,3,0.196824
5,0,<pchar>,4,0.268925
5,0,<pchars>,0,0.470618
5,0,<pchars>,1,0.529382
5,0,<port>,0,1.000000
5,0,<qparam>,0,0.468289
5,0,<qparam>,1,0.531711
5,0,<qparams>,0,0.528371
5,0,<qparams>,1,0.471629
5,0,<query>,0,0.480122
5,0,<query>,1,0.519878
5,0,<qvalue>,0,0.534073
5,0,<qvalue>,1,0.465927
5,0,<scheme>,0,0.259465
5,0,<scheme>,1,0.206427
5,0,<scheme>,2,0.309625
5,0,<scheme>,3,0.224482
5,0,<segment>,0,1.000000
5,0,<segments>,0,0.601001
5,0,<segments>,1,0.398999
5,0,<start>,0,1.000000
5,0,<url>,0,1.000000
5,0,<wchar>,0,0.281895
5,0,<wchar>,1,0.275284
5,0,<wchar>,2,0.251748
5,0,<wchar>,3,0.191073
5,0,<word>,0,0.548535
5,0,<word>,1,0.451465
5,5,<authority>,0,0.616716
5,5,<authority>,1,0.383284
5,5,<digit>,0,0.066069
5,5,<digit>,1,0.099543
5,5,<digit>,2,0.144517
5,5,<digit>,3,0.129881
5,5,<digit>,4,0.113787
5,5,<digit>,5,0.052240
5,5,<digit>,6,0.124053
5,5,<digit>,7,0.123690
5,5,<digit>,8,0.083812
5,5,<digit>,9,0.062409
5,5,<digits>,0,0.403043
5,5,<digits>,1,0.596957
5,5,<fragment>,0,0.476507
5,5,<fragment>,1,0.523493
5,5,<hex>,0,0.484294
5,5,<hex>,1,0.182579
5,5,<hex>,2,0.333127
5,5,<host>,0,0.491512
5,5,<host>,1,0.508488
5,5,<hostname>,0,0.549056
5,5,<hostname>,1,0.450944
5,5,<ipv4>,0,1.000000
5,5,<key>,0,1.000000
5,5,<label>,0,1.000000
5,5,<octet>,0,0.396431
5,5,<octet>,1,0.603569
5,5,<path>,0,0.330900
5,5,<path>,1,0.228081
5,5,<path>,2,0.441019
5,5,<pchar>,0,0.295785
5,5,<pchar>,1,0.099461
5,5,<pchar>,2,0.369366
5,5,<pchar>,3,0.117935
5,5,<pchar>,4,0.117452
5,5,<pchars>,0,0.628809
5,5,<pchars>,1,0.371191
5,5,<port>,0,1.000000
5,5,<qparam>,0,0.356809
5,5,<qparam>,1,0.643191
5,5,<qparams>,0,0.247529
5,5,<qparams>,1,0.752471
5,5,<query>,0,0.386657
5,5,<query>,1,0.613343
5,5,<qvalue>,0,0.262349
5,5,<qvalue>,1,0.737651
5,5,<scheme>,0,0.241117
5,5,<scheme>,1,0.174448
5,5,<scheme>,2,0.356380
5,5,<scheme>,3,0.228056
5,5,<segment>,0,1.000000
5,5,<segments>,0,0.421605
5,5,<segments>,1,0.578395
5,5,<start>,0,1.000000
5,5,<url>,0,1.000000
5,5,<wchar>,0,0.271065
5,5,<wchar>,1,0.285884
5,5,<wchar>,2,0.170169
5,5,<wchar>,3,0.272882
5,5,<word>,0,0.573293
5,5,<word>,1,0.426707
5,10,<authority>,0,0.560540
5,10,<authority>,1,0.439460
5,10,<digit>,0,0.055961
5,10,<digit>,1,0.111778
5,10,<digit>,2,0.086128
5,10,<digit>,3,0.177155
5,10,<digit>,4,0.192841
5,10,<digit>,5,0.098393
5,10,<digit>,6,0.077431
5,10,<digit>,7,0.092039
5,10,<digit>,8,0.010794
5,10,<digit>,9,0.097479
5,10,<digits>,0,0.431272
5,10,<digits>,1,0.568728
5,10,<fragment>,0,0.520236
5,10,<fragment>,1,0.479764
5,10,<hex>,0,0.000000
5,10,<hex>,1,0.423033
5,10,<hex>,2,0.576967
5,10,<host>,0,0.564888
5,10,<host>,1,0.435112
5,10,<hostname>,0,0.473683
5,10,<hostname>,1,0.526317
5,10,<ipv4>,0,1.000000
5,10,<key>,0,1.000000
5,10,<label>,0,1.000000
5,10,<octet>,0,0.453012
5,10,<octet>,1,0.546988
5,10,<path>,0,0.189108
5,10,<path>,1,0.197427
5,10,<path>,2,0.613465
5,10,<pchar>,0,0.157996
5,10,<pchar>,1,0.144756
5,10,<pchar>,2,0.296305
5,10,<pchar>,3,0.159460
5,10,<pchar>,4,0.241482
5,10,<pchars>,0,0.689728
5,10,<pchars>,1,0.310272
5,10,<port>,0,1.000000
5,10,<qparam>,0,0.508589
5,10,<qparam>,1,0.491411
5,10,<qparams>,0,0.300911
5,10,<qparams>,1,0.699089
5,10,<query>,0,0.437918
5,10,<query>,1,0.562082
5,10,<qvalue>,0,0.281434
5,10,<qvalue>,1,0.718566
5,10,<scheme>,0,0.189515
5,10,<scheme>,1,0.271376
5,10,<scheme>,2,0.309811
5,10,<scheme>,3,0.229298
5,10,<segment>,0,1.000000
5,10,<segments>,0,0.418689
5,10,<segments>,1,0.581311
5,10,<start>,0,1.000000
5,10,<url>,0,1.000000
5,10,<wchar>,0,0.289436
5,10,<wchar>,1,0.323871
5,10,<wchar>,2,0.141896
5,10,<wchar>,3,0.244797
5,10,<word>,0,0.543774
5,10,<word>,1,0.456226
5,15,<authority>,0,0.552159
5,15,<authority>,1,0.447841
5,15,<digit>,0,0.115478
5,15,<digit>,1,0.039817
5,15,<digit>,2,0.148828
5,15,<digit>,3,0.095574
5,15,<digit>,4,0.139712
5,15,<digit>,5,0.146947
5,15,<digit>,6,0.058957
5,15,<digit>,7,0.059929
5,15,<digit>,8,0.189419
5,15,<digit>,9,0.005339
5,15,<digits>,0,0.480605
5,15,<digits>,1,0.519395
5,15,<fragment>,0,0.491967
5,15,<fragment>,1,0.508033
5,15,<hex>,0,0.357044
5,15,<hex>,1,0.241839
5,15,<hex>,2,0.401117
5,15,<host>,0,0.584869
5,15,<host>,1,0.415131
5,15,<hostname>,0,0.487633
5,15,<hostname>,1,0.512367
5,15,<ipv4>,0,1.000000
5,15,<key>,0,1.000000
5,15,<label>,0,1.000000
5,15,<octet>,0,0.349195
5,15,<octet>,1,0.650805
5,15,<path>,0,0.287022
5,15,<path>,1,0.209742
5,15,<path>,2,0.503237
5,15,<pchar>,0,0.200763
5,15,<pchar>,1,0.136042
5,15,<pchar>,2,0.288105
5,15,<pchar>,3,0.187746
5,15,<pchar>,4,0.187344
5,15,<pchars>,0,0.634605
5,15,<pchars>,1,0.365395
5,15,<port>,0,1.000000
5,15,<qparam>,0,0.447488
5,15,<qparam>,1,0.552512
5,15,<qparams>,0,0.295835
5,15,<qparams>,1,0.704165
5,15,<query>,0,0.448443
5,15,<query>,1,0.551557
5,15,<qvalue>,0,0.218392
5,15,<qvalue>,1,0.781608
5,15,<scheme>,0,0.287434
5,15,<scheme>,1,0.214702
5,15,<scheme>,2,0.300281
5,15,<scheme>,3,0.197584
5,15,<segment>,0,1.000000
5,15,<segments>,0,0.343363
5,15,<segments>,1,0.656637
5,15,<start>,0,1.000000
5,15,<url>,0,1.000000
5,15,<wchar>,0,0.330589
5,15,<wchar>,1,0.433432
5,15,<wchar>,2,0.136091
5,15,<wchar>,3,0.099888
5,15,<word>,0,0.537350
5,15,<word>,1,0.462650
5,20,<authority>,0,0.577201
5,20,<authority>,1,0.422799
5,20,<digit>,0,0.136416
5,20,<digit>,1,0.000621
5,20,<digit>,2,0.090344
5,20,<digit>,3,0.173557
5,20,<digit>,4,0.139236
5,20,<digit>,5,0.089808
5,20,<digit>,6,0.041254
5,20,<digit>,7,0.079046
5,20,<digit>,8,0.194099
5,20,<digit>,9,0.055618
5,20,<digits>,0,0.271050
5,20,<digits>,1,0.728950
5,20,<fragment>,0,0.492890
5,20,<fragment>,1,0.507110
5,20,<hex>,0,0.348718
5,20,<hex>,1,0.270466
5,20,<hex>,2,0.380816
5,20,<host>,0,0.642856
5,20,<host>,1,0.357144
5,20,<hostname>,0,0.476643
5,20,<hostname>,1,0.523357
5,20,<ipv4>,0,1.000000
5,20,<key>,0,1.000000
5,20,<label>,0,1.000000
5,20,<octet>,0,0.395621
5,20,<octet>,1,0.604379
5,20,<path>,0,0.162215
5,20,<path>,1,0.199091
5,20,<path>,2,0.638694
5,20,<pchar>,0,0.200623
5,20,<pchar>,1,0.276839
5,20,<pchar>,2,0.226313
5,20,<pchar>,3,0.125333
5,20,<pchar>,4,0.170893
5,20,<pchars>,0,0.684655
5,20,<pchars>,1,0.315345
5,20,<port>,0,1.000000
5,20,<qparam>,0,0.446480
5,20,<qparam>,1,0.553520
5,20,<qparams>,0,0.280421
5,20,<qparams>,1,0.719579
5,20,<query>,0,0.468084
5,20,<query>,1,0.531916
5,20,<qvalue>,0,0.251229
5,20,<qvalue>,1,0.748771
5,20,<scheme>,0,0.233280
5,20,<scheme>,1,0.213477
5,20,<scheme>,2,0.260818
5,20,<scheme>,3,0.292424
5,20,<segment>,0,1.000000
5,20,<segments>,0,0.360137
5,20,<segments>,1,0.639863
5,20,<start>,0,1.000000
5,20,<url>,0,1.000000
5,20,<wchar>,0,0.112847
5,20,<wchar>,1,0.481809
5,20,<wchar>,2,0.170483
5,20,<wchar>,3,0.234861
5,20,<word>,0,0.619021
5,20,<word>,1,0.380979
5,25,<authority>,0,0.580153
5,25,<authority>,1,0.419847
5,25,<digit>,0,0.131709
5,25,<digit>,1,0.027658
5,25,<digit>,2,0.199848
5,25,<digit>,3,0.114428
5,25,<digit>,4,0.100851
5,25,<digit>,5,0.033737
5,25,<digit>,6,0.073981
5,25,<digit>,7,0.042860
5,25,<digit>,8,0.160455
5,25,<digit>,9,0.114471
5,25,<digits>,0,0.431677
5,25,<digits>,1,0.568323
5,25,<fragment>,0,0.565149
5,25,<fragment>,1,0.434851
5,25,<hex>,0,0.327021
5,25,<hex>,1,0.276924
5,25,<hex>,2,0.396056
5,25,<host>,0,0.681479
5,25,<host>,1,0.318521
5,25,<hostname>,0,0.512053
5,25,<hostname>,1,0.487947
5,25,<ipv4>,0,1.000000
5,25,<key>,0,1.000000
5,25,<label>,0,1.000000
5,25,<octet>,0,0.440836
5,25,<octet>,1,0.559164
5,25,<path>,0,0.268057
5,25,<path>,1,0.188986
5,25,<path>,2,0.542957
5,25,<pchar>,0,0.244032
5,25,<pchar>,1,0.143068
5,25,<pchar>,2,0.343102
5,25,<pchar>,3,0.127721
5,25,<pchar>,4,0.142076
5,25,<pchars>,0,0.688917
5,25,<pchars>,1,0.311083
5,25,<port>,0,1.000000
5,25,<qparam>,0,0.463268
5,25,<qparam>,1,0.536732
5,25,<qparams>,0,0.321378
5,25,<qparams>,1,0.678622
5,25,<query>,0,0.415441
5,25,<query>,1,0.584559
5,25,<qvalue>,0,0.263077
5,25,<qvalue>,1,0.736923
5,25,<scheme>,0,0.295534
5,25,<scheme>,1,0.246892
5,25,<scheme>,2,0.276657
5,25,<scheme>,3,0.180918
5,25,<segment>,0,1.000000
5,25,<segments>,0,0.379514
5,25,<segments>,1,0.620486
5,25,<start>,0,1.000000
5,25,<url>,0,1.000000
5,25,<wchar>,0,0.187593
5,25,<wchar>,1,0.578018
5,25,<wchar>,2,0.189870
5,25,<wchar>,3,0.044519
5,25,<word>,0,0.693009
5,25,<word>,1,0.306991
5,30,<authority>,0,0.576131
5,30,<authority>,1,0.423869
5,30,<digit>,0,0.178235
5,30,<digit>,1,0.021658
5,30,<digit>,2,0.115077
5,30,<digit>,3,0.062375
5,30,<digit>,4,0.131338
5,30,<digit>,5,0.060895
5,30,<digit>,6,0.002593
5,30,<digit>,7,0.000000
5,30,<digit>,8,0.275187
5,30,<digit>,9,0.152643
5,30,<digits>,0,0.422845
5,30,<digits>,1,0.577155
5,30,<fragment>,0,0.526051
5,30,<fragment>,1,0.473949
5,30,<hex>,0,0.298669
5,30,<hex>,1,0.343831
5,30,<hex>,2,0.357500
5,30,<host>,0,0.605631
5,30,<host>,1,0.394369
5,30,<hostname>,0,0.473438
5,30,<hostname>,1,0.526562
5,30,<ipv4>,0,1.000000
5,30,<key>,0,1.000000
5,30,<label>,0,1.000000
5,30,<octet>,0,0.438020
5,30,<octet>,1,0.561980
5,30,<path>,0,0.241331
5,30,<path>,1,0.240237
5,30,<path>,2,0.518432
5,30,<pchar>,0,0.178142
5,30,<pchar>,1,0.176955
5,30,<pchar>,2,0.281428
5,30,<pchar>,3,0.129409
5,30,<pchar>,4,0.234066
5,30,<pchars>,0,0.538168
5,30,<pchars>,1,0.461832
5,30,<port>,0,1.000000
5,30,<qparam>,0,0.083728
5,30,<qparam>,1,0.916272
5,30,<qparams>,0,0.341370
5,30,<qparams>,1,0.658630
5,30,<query>,0,0.416463
5,30,<query>,1,0.583537
5,30,<qvalue>,0,0.326360
5,30,<qvalue>,1,0.673640
5,30,<scheme>,0,0.285550
5,30,<scheme>,1,0.254178
5,30,<scheme>,2,0.253976
5,30,<scheme>,3,0.206297
5,30,<segment>,0,1.000000
5,30,<segments>,0,0.361645
5,30,<segments>,1,0.638355
5,30,<start>,0,1.000000
5,30,<url>,0,1.000000
5,30,<wchar>,0,0.136580
5,30,<wchar>,1,0.616178
5,30,<wchar>,2,0.148738
5,30,<wchar>,3,0.098504
5,30,<word>,0,0.722097
5,30,<word>,1,0.277903
5,35,<authority>,0,0.543474
5,35,<authority>,1,0.456526
5,35,<digit>,0,0.200946
5,35,<digit>,1,0.018941
5,35,<digit>,2,0.130973
5,35,<digit>,3,0.016984
5,35,<digit>,4,0.117142
5,35,<digit>,5,0.058564
5,35,<digit>,6,0.069172
5,35,<digit>,7,0.046545
5,35,<digit>,8,0.315752
5,35,<digit>,9,0.024981
5,35,<digits>,0,0.435184
5,35,<digits>,1,0.564816
5,35,<fragment>,0,0.523887
5,35,<fragment>,1,0.476113
5,35,<hex>,0,0.267644
5,35,<hex>,1,0.306762
5,35,<hex>,2,0.425595
5,35,<host>,0,0.637102
5,35,<host>,1,0.362898
5,35,<hostname>,0,0.536178
5,35,<hostname>,1,0.463822
5,35,<ipv4>,0,1.000000
5,35,<key>,0,1.000000
5,35,<label>,0,1.000000
5,35,<octet>,0,0.432447
5,35,<octet>,1,0.567553
5,35,<path>,0,0.206391
5,35,<path>,1,0.174713
5,35,<path>,2,0.618896
5,35,<pchar>,0,0.210869
5,35,<pchar>,1,0.144452
5,35,<pchar>,2,0.279366
5,35,<pchar>,3,0.108201
5,35,<pchar>,4,0.257112
5,35,<pchars>,0,0.542662
5,35,<pchars>,1,0.457338
5,35,<port>,0,1.000000
5,35,<qparam>,0,0.181986
5,35,<qparam>,1,0.818014
5,35,<qparams>,0,0.334381
5,35,<qparams>,1,0.665619
5,35,<query>,0,0.422716
5,35,<query>,1,0.577284
5,35,<qvalue>,0,0.281882
5,35,<qvalue>,1,0.718118
5,35,<scheme>,0,0.290923
5,35,<scheme>,1,0.252891
5,35,<scheme>,2,0.244090
5,35,<scheme>,3,0.212096
5,35,<segment>,0,1.000000
5,35,<segments>,0,0.370796
5,35,<segments>,1,0.629204
5,35,<start>,0,1.000000
5,35,<url>,0,1.000000
5,35,<wchar>,0,0.125340
5,35,<wchar>,1,0.680166
5,35,<wchar>,2,0.168633
5,35,<wchar>,3,0.025862
5,35,<word>,0,0.746071
5,35,<word>,1,0.253929
5,40,<authority>,0,0.620183
5,40,<authority>,1,0.379817
5,40,<digit>,0,0.222508
5,40,<digit>,1,0.135859
5,40,<digit>,2,0.118821
5,40,<digit>,3,0.000000
5,40,<digit>,4,0.000000
5,40,<digit>,5,0.053145
5,40,<digit>,6,0.071549
5,40,<digit>,7,0.006339
5,40,<digit>,8,0.347882
5,40,<digit>,9,0.043896
5,40,<digits>,0,0.420719
5,40,<digits>,1,0.579281
5,40,<fragment>,0,0.525780
5,40,<fragment>,1,0.474220
5,40,<hex>,0,0.286790
5,40,<hex>,1,0.310954
5,40,<hex>,2,0.402256
5,40,<host>,0,0.636428
5,40,<host>,1,0.363572
5,40,<hostname>,0,0.564712
5,40,<hostname>,1,0.435288
5,40,<ipv4>,0,1.000000
5,40,<key>,0,1.000000
5,40,<label>,0,1.000000
5,40,<octet>,0,0.410702
5,40,<octet>,1,0.589298
5,40,<path>,0,0.269154
5,40,<path>,1,0.176738
5,40,<path>,2,0.554108
5,40,<pchar>,0,0.259690
5,40,<pchar>,1,0.162777
5,40,<pchar>,2,0.260381
5,40,<pchar>,3,0.117281
5,40,<pchar>,4,0.199871
5,40,<pchars>,0,0.551162
5,40,<pchars>,1,0.448838
5,40,<port>,0,1.000000
5,40,<qparam>,0,0.164455
5,40,<qparam>,1,0.835545
5,40,<qparams>,0,0.397204
5,40,<qparams>,1,0.602796
5,40,<query>,0,0.429841
5,40,<query>,1,0.570159
5,40,<qvalue>,0,0.302095
5,40,<qvalue>,1,0.697905
5,40,<scheme>,0,0.299837
5,40,<scheme>,1,0.260639
5,40,<scheme>,2,0.206569
5,40,<scheme>,3,0.232955
5,40,<segment>,0,1.000000
5,40,<segments>,0,0.325072
5,40,<segments>,1,0.674928
5,40,<start>,0,1.000000
5,40,<url>,0,1.000000
5,40,<wchar>,0,0.098095
5,40,<wchar>,1,0.682693
5,40,<wchar>,2,0.212232
5,40,<wchar>,3,0.006981
5,40,<word>,0,0.738299
5,40,<word>,1,0.261701
5,45,<authority>,0,0.520353
5,45,<authority>,1,0.479647
5,45,<digit>,0,0.166869
5,45,<digit>,1,0.009735
5,45,<digit>,2,0.220603
5,45,<digit>,3,0.007911
5,45,<digit>,4,0.046289
5,45,<digit>,5,0.072180
5,45,<digit>,6,0.098747
5,45,<digit>,7,0.025442
5,45,<digit>,8,0.301883
5,45,<digit>,9,0.050340
5,45,<digits>,0,0.350955
5,45,<digits>,1,0.649045
5,45,<fragment>,0,0.528088
5,45,<fragment>,1,0.471912
5,45,<hex>,0,0.375438
5,45,<hex>,1,0.275324
5,45,<hex>,2,0.349238
5,45,<host>,0,0.590207
5,45,<host>,1,0.409793
5,45,<hostname>,0,0.534433
5,45,<hostname>,1,0.465567
5,45,<ipv4>,0,1.000000
5,45,<key>,0,1.000000
5,45,<label>,0,1.000000
5,45,<octet>,0,0.454589
5,45,<octet>,1,0.545411
5,45,<path>,0,0.146845
5,45,<path>,1,0.245261
5,45,<path>,2,0.607894
5,45,<pchar>,0,0.234156
5,45,<pchar>,1,0.056406
5,45,<pchar>,2,0.367710
5,45,<pchar>,3,0.087968
5,45,<pchar>,4,0.253761
5,45,<pchars>,0,0.621307
5,45,<pchars>,1,0.378693
5,45,<port>,0,1.000000
5,45,<qparam>,0,0.111231
5,45,<qparam>,1,0.888769
5,45,<qparams>,0,0.348718
5,45,<qparams>,1,0.651282
5,45,<query>,0,0.439665
5,45,<query>,1,0.560335
5,45,<qvalue>,0,0.326937
5,45,<qvalue>,1,0.673063
5,45,<scheme>,0,0.296572
5,45,<scheme>,1,0.249784
5,45,<scheme>,2,0.234566
5,45,<scheme>,3,0.219079
5,45,<segment>,0,1.000000
5,45,<segments>,0,0.314565
5,45,<segments>,1,0.685435
5,45,<start>,0,1.000000
5,45,<url>,0,1.000000
5,45,<wchar>,0,0.218048
5,45,<wchar>,1,0.628218
5,45,<wchar>,2,0.127783
5,45,<wchar>,3,0.025951
5,45,<word>,0,0.735488
5,45,<word>,1,0.264512
5,50,<authority>,0,0.537285
5,50,<authority>,1,0.462715
5,50,<digit>,0,0.208937
5,50,<digit>,1,0.034901
5,50,<digit>,2,0.098953
5,50,<digit>,3,0.021051
5,50,<digit>,4,0.049453
5,50,<digit>,5,0.148333
5,50,<digit>,6,0.106151
5,50,<digit>,7,0.036189
5,50,<digit>,8,0.283845
5,50,<digit>,9,0.012188
5,50,<digits>,0,0.357509
5,50,<digits>,1,0.642491
5,50,<fragment>,0,0.495276
5,50,<fragment>,1,0.504724
5,50,<hex>,0,0.299272
5,50,<hex>,1,0.296019
5,50,<hex>,2,0.404709
5,50,<host>,0,0.607685
5,50,<host>,1,0.392315
5,50,<hostname>,0,0.518163
5,50,<hostname>,1,0.481837
5,50,<ipv4>,0,1.000000
5,50,<key>,0,1.000000
5,50,<label>,0,1.000000
5,50,<octet>,0,0.442375
5,50,<octet>,1,0.557625
5,50,<path>,0,0.191537
5,50,<path>,1,0.188613
5,50,<path>,2,0.619850
5,50,<pchar>,0,0.244813
5,50,<pchar>,1,0.117901
5,50,<pchar>,2,0.243066
5,50,<pchar>,3,0.088877
5,50,<pchar>,4,0.305343
5,50,<pchars>,0,0.561283
5,50,<pchars>,1,0.438717
5,50,<port>,0,1.000000
5,50,<qparam>,0,0.160844
5,50,<qparam>,1,0.839156
5,50,<qparams>,0,0.349435
5,50,<qparams>,1,0.650565
5,50,<query>,0,0.426458
5,50,<query>,1,0.573542
5,50,<qvalue>,0,0.459645
5,50,<qvalue>,1,0.540355
5,50,<scheme>,0,0.251701
5,50,<scheme>,1,0.263450
5,50,<scheme>,2,0.249231
5,50,<scheme>,3,0.235617
5,50,<segment>,0,1.000000
5,50,<segments>,0,0.326061
5,50,<segments>,1,0.673939
5,50,<start>,0,1.000000
5,50,<url>,0,1.000000
5,50,<wchar>,0,0.194167
5,50,<wchar>,1,0.618125
5,50,<wchar>,2,0.093424
5,50,<wchar>,3,0.094284
5,50,<word>,0,0.759203
5,50,<word>,1,0.240797
5,55,<authority>,0,0.567247
5,55,<authority>,1,0.432753
5,55,<digit>,0,0.159343
5,55,<digit>,1,0.030966
5,55,<digit>,2,0.138983
5,55,<digit>,3,0.035203
5,55,<digit>,4,0.084918
5,55,<digit>,5,0.026894
5,55,<digit>,6,0.085254
5,55,<digit>,7,0.032045
5,55,<digit>,8,0.353385
5,55,<digit>,9,0.053009
5,55,<digits>,0,0.357220
5,55,<digits>,1,0.642780
5,55,<fragment>,0,0.509856
5,55,<fragment>,1,0.490144
5,55,<hex>,0,0.308083
5,55,<hex>,1,0.297030
5,55,<hex>,2,0.394888
5,55,<host>,0,0.593428
5,55,<host>,1,0.406572
5,55,<hostname>,0,0.491935
5,55,<hostname>,1,0.508065
5,55,<ipv4>,0,1.000000
5,55,<key>,0,1.000000
5,55,<label>,0,1.000000
5,55,<octet>,0,0.458527
5,55,<octet>,1,0.541473
5,55,<path>,0,0.195708
5,55,<path>,1,0.230870
5,55,<path>,2,0.573422
5,55,<pchar>,0,0.235259
5,55,<pchar>,1,0.113172
5,55,<pchar>,2,0.304911
5,55,<pchar>,3,0.060914
5,55,<pchar>,4,0.285744
5,55,<pchars>,0,0.595651
5,55,<pchars>,1,0.404349
5,55,<port>,0,1.000000
5,55,<qparam>,0,0.139094
5,55,<qparam>,1,0.860906
5,55,<qparams>,0,0.312745
5,55,<qparams>,1,0.687255
5,55,<query>,0,0.442609
5,55,<query>,1,0.557391
5,55,<qvalue>,0,0.706921
5,55,<qvalue>,1,0.293079
5,55,<scheme>,0,0.275638
5,55,<scheme>,1,0.244577
5,55,<scheme>,2,0.217904
5,55,<scheme>,3,0.261881
5,55,<segment>,0,1.000000
5,55,<segments>,0,0.203242
5,55,<segments>,1,0.796758
5,55,<start>,0,1.000000
5,55,<url>,0,1.000000
5,55,<wchar>,0,0.121306
5,55,<wchar>,1,0.752274
5,55,<wchar>,2,0.119904
5,55,<wchar>,3,0.006516
5,55,<word>,0,0.756527
5,55,<word>,1,0.243473
5,59,<authority>,0,0.585041
5,59,<authority>,1,0.414959
5,59,<digit>,0,0.158043
5,59,<digit>,1,0.015152
5,59,<digit>,2,0.110244
5,59,<digit>,3,0.021907
5,59,<digit>,4,0.052771
5,59,<digit>,5,0.025586
5,59,<digit>,6,0.135921
5,59,<digit>,7,0.103874
5,59,<digit>,8,0.334846
5,59,<digit>,9,0.041657
5,59,<digits>,0,0.321624
5,59,<digits>,1,0.678376
5,59,<fragment>,0,0.510749
5,59,<fragment>,1,0.489251
5,59,<hex>,0,0.326728
5,59,<hex>,1,0.296234
5,59,<hex>,2,0.377038
5,59,<host>,0,0.601659
5,59,<host>,1,0.398341
5,59,<hostname>,0,0.530949
5,59,<hostname>,1,0.469051
5,59,<ipv4>,0,1.000000
5,59,<key>,0,1.000000
5,59,<label>,0,1.000000
5,59,<octet>,0,0.519703
5,59,<octet>,1,0.480297
5,59,<path>,0,0.171093
5,59,<path>,1,0.206176
5,59,<path>,2,0.622731
5,59,<pchar>,0,0.203118
5,59,<pchar>,1,0.117688
5,59,<pchar>,2,0.321750
5,59,<pchar>,3,0.068414
5,59,<pchar>,4,0.289030
5,59,<pchars>,0,0.648227
5,59,<pchars>,1,0.351773
5,59,<port>,0,1.000000
5,59,<qparam>,0,0.171399
5,59,<qparam>,1,0.828601
5,59,<qparams>,0,0.324592
5,59,<qparams>,1,0.675408
5,59,<query>,0,0.436992
5,59,<query>,1,0.563008
5,59,<qvalue>,0,0.752969
5,59,<qvalue>,1,0.247031
5,59,<scheme>,0,0.274260
5,59,<scheme>,1,0.242406
5,59,<scheme>,2,0.221054
5,59,<scheme>,3,0.262280
5,59,<segment>,0,1.000000
5,59,<segments>,0,0.197985
5,59,<segments>,1,0.802015
5,59,<start>,0,1.000000
5,59,<url>,0,1.000000
5,59,<wchar>,0,0.121182
5,59,<wchar>,1,0.750635
5,59,<wchar>,2,0.104078
5,59,<wchar>,3,0.024105
5,59,<word>,0,0.749715
5,59,<word>,1,0.250285
6,0,<authority>,0,0.355154
6,0,<authority>,1,0.644846
6,0,<digit>,0,0.073362
6,0,<digit>,1,0.041730
6,0,<digit>,2,0.205165
6,0,<digit>,3,0.080360
6,0,<digit>,4,0.077179
6,0,<digit>,5,0.081442
6,0,<digit>,6,0.114739
6,0,<digit>,7,0.123646
6,0,<digit>,8,0.104255
6,0,<digit>,9,0.098121
6,0,<digits>,0,0.623978
6,0,<digits>,1,0.376022
6,0,<fragment>,0,0.445665
6,0,<fragment>,1,0.554335
6,0,<hex>,0,0.148755
6,0,<hex>,1,0.246372
6,0,<hex>,2,0.604874
6,0,<host>,0,0.342968
6,0,<host>,1,0.657032
6,0,<hostname>,0,0.451977
6,0,<hostname>,1,0.548023
6,0,<ipv4>,0,1.000000
6,0,<key>,0,1.000000
6,0,<label>,0,1.000000
6,0,<octet>,0,0.221217
6,0,<octet>,1,0.778783
6,0,<path>,0,0.350291
6,0,<path>,1,0.510335
6,0,<path>,2,0.139374
6,0,<pchar>,0,0.178764
6,0,<pchar>,1,0.197609
6,0,<pchar>,2,0.240667
6,0,<pchar>,3,0.127574
6,0,<pchar>,4,0.255387
6,0,<pchars>,0,0.352264
6,0,<pchars>,1,0.647736
6,0,<port>,0,1.000000
6,0,<qparam>,0,0.424316
6,0,<qparam>,1,0.575684
6,0,<qparams>,0,0.570306
6,0,<qparams>,1,0.429694
6,0,<query>,0,0.396073
6,0,<query>,1,0.603927
6,0,<qvalue>,0,0.507473
6,0,<qvalue>,1,0.492527
6,0,<scheme>,0,0.249629
6,0,<scheme>,1,0.178661
6,0,<scheme>,2,0.184498
6,0,<scheme>,3,0.387212
6,0,<segment>,0,1.000000
6,0,<segments>,0,0.454305
6,0,<segments>,1,0.545695
6,0,<start>,0,1.000000
6,0,<url>,0,1.000000
6,0,<wchar>,0,0.305549
6,0,<wchar>,1,0.191276
6,0,<wchar>,2,0.371688
6,0,<wchar>,3,0.131487
6,0,<word>,0,0.212847
6,0,<word>,1,0.787153
6,5,<authority>,0,0.511448
6,5,<authority>,1,0.488552
6,5,<digit>,0,0.220995
6,5,<digit>,1,0.039578
6,5,<digit>,2,0.128624
6,5,<digit>,3,0.048692
6,5,<digit>,4,0.092665
6,5,<digit>,5,0.112576
6,5,<digit>,6,0.120340
6,5,<digit>,7,0.140222
6,5,<digit>,8,0.069793
6,5,<digit>,9,0.026515
6,5,<digits>,0,0.496543
6,5,<digits>,1,0.503457
6,5,<fragment>,0,0.456146
6,5,<fragment>,1,0.543854
6,5,<hex>,0,0.397155
6,5,<hex>,1,0.350590
6,5,<hex>,2,0.252254
6,5,<host>,0,0.529514
6,5,<host>,1,0.470486
6,5,<hostname>,0,0.495746
6,5,<hostname>,1,0.504254
6,5,<ipv4>,0,1.000000
6,5,<key>,0,1.000000
6,5,<label>,0,1.000000
6,5,<octet>,0,0.527236
6,5,<octet>,1,0.472764
6,5,<path>,0,0.425784
6,5,<path>,1,0.259956
6,5,<path>,2,0.314260
6,5,<pchar>,0,0.194656
6,5,<pchar>,1,0.216487
6,5,<pchar>,2,0.281583
6,5,<pchar>,3,0.155946
6,5,<pchar>,4,0.151327
6,5,<pchars>,0,0.693579
6,5,<pchars>,1,0.306421
6,5,<port>,0,1.000000
6,5,<qparam>,0,0.649270
6,5,<qparam>,1,0.350730
6,5,<qparams>,0,0.416790
6,5,<qparams>,1,0.583210
6,5,<query>,0,0.410722
6,5,<query>,1,0.589278
6,5,<qvalue>,0,0.314037
6,5,<qvalue>,1,0.685963
6,5,<scheme>,0,0.269173
6,5,<scheme>,1,0.228215
6,5,<scheme>,2,0.329290
6,5,<scheme>,3,0.173323
6,5,<segment>,0,1.000000
6,5,<segments>,0,0.192915
6,5,<segments>,1,0.807085
6,5,<start>,0,1.000000
6,5,<url>,0,1.000000
6,5,<wchar>,0,0.226238
6,5,<wchar>,1,0.270297
6,5,<wchar>,2,0.196922
6,5,<wchar>,3,0.306542
6,5,<word>,0,0.657613
6,5,<word>,1,0.342387
6,10,<authority>,0,0.516710
6,10,<authority>,1,0.483290
6,10,<digit>,0,0.204911
6,10,<digit>,1,0.034472
6,10,<digit>,2,0.147349
6,10,<digit>,3,0.101901
6,10,<digit>,4,0.060612
6,10,<digit>,5,0.111279
6,10,<digit>,6,0.084961
6,10,<digit>,7,0.142095
6,10,<digit>,8,0.072394
6,10,<digit>,9,0.040027
6,10,<digits>,0,0.491072
6,10,<digits>,1,0.508928
6,10,<fragment>,0,0.432828
6,10,<fragment>,1,0.567172
6,10,<hex>,0,0.414364
6,10,<hex>,1,0.305926
6,10,<hex>,2,0.279711
6,10,<host>,0,0.518320
6,10,<host>,1,0.481680
6,10,<hostname>,0,0.548512
6,10,<hostname>,1,0.451488
6,10,<ipv4>,0,1.000000
6,10,<key>,0,1.000000
6,10,<label>,0,1.000000
6,10,<octet>,0,0.517704
6,10,<octet>,1,0.482296
6,10,<path>,0,0.313998
6,10,<path>,1,0.225434
6,10,<path>,2,0.460568
6,10,<pchar>,0,0.162488
6,10,<pchar>,1,0.192154
6,10,<pchar>,2,0.256879
6,10,<pchar>,3,0.212005
6,10,<pchar>,4,0.176475
6,10,<pchars>,0,0.673967
6,10,<pchars>,1,0.326033
6,10,<port>,0,1.000000
6,10,<qparam>,0,0.618448
6,10,<qparam>,1,0.381552
6,10,<qparams>,0,0.496495
6,10,<qparams>,1,0.503505
6,10,<query>,0,0.373331
6,10,<query>,1,0.626669
6,10,<qvalue>,0,0.277664
6,10,<qvalue>,1,0.722336
6,10,<scheme>,0,0.264424
6,10,<scheme>,1,0.230400
6,10,<scheme>,2,0.289325
6,10,<scheme>,3,0.215851
6,10,<segment>,0,1.000000
6,10,<segments>,0,0.330454
6,10,<segments>,1,0.669546
6,10,<start>,0,1.000000
6,10,<url>,0,1.000000
6,10,<wchar>,0,0.276669
6,10,<wchar>,1,0.240004
6,10,<wchar>,2,0.110203
6,10,<wchar>,3,0.373124
6,10,<word>,0,0.715475
6,10,<word>,1,0.284525
6,15,<authority>,0,0.556481
6,15,<authority>,1,0.443519
6,15,<digit>,0,0.162930
6,15,<digit>,1,0.038444
6,15,<digit>,2,0.172338
6,15,<digit>,3,0.061140
6,15,<digit>,4,0.053445
6,15,<digit>,5,0.158557
6,15,<digit>,6,0.089448
6,15,<digit>,7,0.081030
6,15,<digit>,8,0.157436
6,15,<digit>,9,0.025232
6,15,<digits>,0,0.455092
6,15,<digits>,1,0.544908
6,15,<fragment>,0,0.439652
6,15,<fragment>,1,0.560348
6,15,<hex>,0,0.427538
6,15,<hex>,1,0.335103
6,15,<hex>,2,0.237358
6,15,<host>,0,0.537180
6,15,<host>,1,0.462820
6,15,<hostname>,0,0.499901
6,15,<hostname>,1,0.500099
6,15,<ipv4>,0,1.000000
6,15,<key>,0,1.000000
6,15,<label>,0,1.000000
6,15,<octet>,0,0.477186
6,15,<octet>,1,0.522814
6,15,<path>,0,0.226547
6,15,<path>,1,0.186074
6,15,<path>,2,0.587380
6,15,<pchar>,0,0.110675
6,15,<pchar>,1,0.270159
6,15,<pchar>,2,0.263164
6,15,<pchar>,3,0.112581
6,15,<pchar>,4,0.243422
6,15,<pchars>,0,0.715351
6,15,<pchars>,1,0.284649
6,15,<port>,0,1.000000
6,15,<qparam>,0,0.511491
6,15,<qparam>,1,0.488509
6,15,<qparams>,0,0.479030
6,15,<qparams>,1,0.520970
6,15,<query>,0,0.302353
6,15,<query>,1,0.697647
6,15,<qvalue>,0,0.338764
6,15,<qvalue>,1,0.661236
6,15,<scheme>,0,0.293105
6,15,<scheme>,1,0.255509
6,15,<scheme>,2,0.264679
6,15,<scheme>,3,0.186706
6,15,<segment>,0,1.000000
6,15,<segments>,0,0.253567
6,15,<segments>,1,0.746433
6,15,<start>,0,1.000000
6,15,<url>,0,1.000000
6,15,<wchar>,0,0.198731
6,15,<wchar>,1,0.277688
6,15,<wchar>,2,0.143574
6,15,<wchar>,3,0.380007
6,15,<word>,0,0.815655
6,15,<word>,1,0.184345
6,20,<authority>,0,0.537407
6,20,<authority>,1,0.462593
6,20,<digit>,0,0.163255
6,20,<digit>,1,0.011255
6,20,<digit>,2,0.155698
6,20,<digit>,3,0.074043
6,20,<digit>,4,0.009341
6,20,<digit>,5,0.021773
6,20,<digit>,6,0.035847
6,20,<digit>,7,0.048223
6,20,<digit>,8,0.397529
6,20,<digit>,9,0.083035
6,20,<digits>,0,0.481383
6,20,<digits>,1,0.518617
6,20,<fragment>,0,0.468434
6,20,<fragment>,1,0.531566
6,20,<hex>,0,0.433580
6,20,<hex>,1,0.356115
6,20,<hex>,2,0.210305
6,20,<host>,0,0.585536
6,20,<host>,1,0.414464
6,20,<hostname>,0,0.567603
6,20,<hostname>,1,0.432397
6,20,<ipv4>,0,1.000000
6,20,<key>,0,1.000000
6,20,<label>,0,1.000000
6,20,<octet>,0,0.469209
6,20,<octet>,1,0.530791
6,20,<path>,0,0.141454
6,20,<path>,1,0.278244
6,20,<path>,2,0.580303
6,20,<pchar>,0,0.099599
6,20,<pchar>,1,0.331128
6,20,<pchar>,2,0.289345
6,20,<pchar>,3,0.088616
6,20,<pchar>,4,0.191312
6,20,<pchars>,0,0.681467
6,20,<pchars>,1,0.318533
6,20,<port>,0,1.000000
6,20,<qparam>,0,0.508331
6,20,<qparam>,1,0.491669
6,20,<qparams>,0,0.435926
6,20,<qparams>,1,0.564074
6,20,<query>,0,0.289936
6,20,<query>,1,0.710064
6,20,<qvalue>,0,0.369398
6,20,<qvalue>,1,0.630602
6,20,<scheme>,0,0.231804
6,20,<scheme>,1,0.259998
6,20,<scheme>,2,0.298947
6,20,<scheme>,3,0.209250
6,20,<segment>,0,1.000000
6,20,<segments>,0,0.227117
6,20,<segments>,1,0.772883
6,20,<start>,0,1.000000
6,20,<url>,0,1.000000
6,20,<wchar>,0,0.360401
6,20,<wchar>,1,0.421310
6,20,<wchar>,2,0.187873
6,20,<wchar>,3,0.030416
6,20,<word>,0,0.775849
6,20,<word>,1,0.224151
6,25,<authority>,0,0.570349
6,25,<authority>,1,0.429651
6,25,<digit>,0,0.176299
6,25,<digit>,1,0.012761
6,25,<digit>,2,0.152833
6,25,<digit>,3,0.060933
6,25,<digit>,4,0.010999
6,25,<digit>,5,0.005271
6,25,<digit>,6,0.042807
6,25,<digit>,7,0.071777
6,25,<digit>,8,0.406244
6,25,<digit>,9,0.060076
6,25,<digits>,0,0.451926
6,25,<digits>,1,0.548074
6,25,<fragment>,0,0.468296
6,25,<fragment>,1,0.531704
6,25,<hex>,0,0.414976
6,25,<hex>,1,0.322412
6,25,<hex>,2,0.262611
6,25,<host>,0,0.544572
6,25,<host>,1,0.455428
6,25,<hostname>,0,0.563864
6,25,<hostname>,1,0.436136
6,25,<ipv4>,0,1.000000
6,25,<key>,0,1.000000
6,25,<label>,0,1.000000
6,25,<octet>,0,0.513906
6,25,<octet>,1,0.486094
6,25,<path>,0,0.157498
6,25,<path>,1,0.240461
6,25,<path>,2,0.602041
6,25,<pchar>,0,0.140104
6,25,<pchar>,1,0.283249
6,25,<pchar>,2,0.269836
6,25,<pchar>,3,0.094337
6,25,<pchar>,4,0.212473
6,25,<pchars>,0,0.714632
6,25,<pchars>,1,0.285368
6,25,<port>,0,1.000000
6,25,<qparam>,0,0.514476
6,25,<qparam>,1,0.485524
6,25,<qparams>,0,0.423264
6,25,<qparams>,1,0.576736
6,25,<query>,0,0.361999
6,25,<query>,1,0.638001
6,25,<qvalue>,0,0.355125
6,25,<qvalue>,1,0.644875
6,25,<scheme>,0,0.214486
6,25,<scheme>,1,0.260084
6,25,<scheme>,2,0.309898
6,25,<scheme>,3,0.215532
6,25,<segment>,0,1.000000
6,25,<segments>,0,0.261576
6,25,<segments>,1,0.738424
6,25,<start>,0,1.000000
6,25,<url>,0,1.000000
6,25,<wchar>,0,0.244323
6,25,<wchar>,1,0.472869
6,25,<wchar>,2,0.107757
6,25,<wchar>,3,0.175052
6,25,<word>,0,0.803026
6,25,<word>,1,0.196974
6,30,<authority>,0,0.588011
6,30,<authority>,1,0.411989
6,30,<digit>,0,0.223904
6,30,<digit>,1,0.020654
6,30,<digit>,2,0.142292
6,30,<digit>,3,0.008452
6,30,<digit>,4,0.012384
6,30,<digit>,5,0.044010
6,30,<digit>,6,0.010523
6,30,<digit>,7,0.105154
6,30,<digit>,8,0.393323
6,30,<digit>,9,0.039306
6,30,<digits>,0,0.327124
6,30,<digits>,1,0.672876
6,30,<fragment>,0,0.469539
6,30,<fragment>,1,0.530461
6,30,<hex>,0,0.372781
6,30,<hex>,1,0.365789
6,30,<hex>,2,0.261430
6,30,<host>,0,0.564625
6,30,<host>,1,0.435375
6,30,<hostname>,0,0.568983
6,30,<hostname>,1,0.431017
6,30,<ipv4>,0,1.000000
6,30,<key>,0,1.000000
6,30,<label>,0,1.000000
6,30,<octet>,0,0.491971
6,30,<octet>,1,0.508029
6,30,<path>,0,0.090610
6,30,<path>,1,0.289017
6,30,<path>,2,0.620374
6,30,<pchar>,0,0.125994
6,30,<pchar>,1,0.249808
6,30,<pchar>,2,0.247972
6,30,<pchar>,3,0.078363
6,30,<pchar>,4,0.297862
6,30,<pchars>,0,0.695561
6,30,<pchars>,1,0.304439
6,30,<port>,0,1.000000
6,30,<qparam>,0,0.496695
6,30,<qparam>,1,0.503305
6,30,<qparams>,0,0.412303
6,30,<qparams>,1,0.587697
6,30,<query>,0,0.271226
6,30,<query>,1,0.728774
6,30,<qvalue>,0,0.360784
6,30,<qvalue>,1,0.639216
6,30,<scheme>,0,0.229858
6,30,<scheme>,1,0.256153
6,30,<scheme>,2,0.280971
6,30,<scheme>,3,0.233018
6,30,<segment>,0,1.000000
6,30,<segments>,0,0.221630
6,30,<segments>,1,0.778370
6,30,<start>,0,1.000000
6,30,<url>,0,1.000000
6,30,<wchar>,0,0.267809
6,30,<wchar>,1,0.649911
6,30,<wchar>,2,0.082280
6,30,<wchar>,3,0.000000
6,30,<word>,0,0.805228
6,30,<word>,1,0.194772
6,35,<authority>,0,0.527884
6,35,<authority>,1,0.472116
6,35,<digit>,0,0.166606
6,35,<digit>,1,0.035385
6,35,<digit>,2,0.120532
6,35,<digit>,3,0.033279
6,35,<digit>,4,0.000000
6,35,<digit>,5,0.024171
6,35,<digit>,6,0.027437
6,35,<digit>,7,0.137770
6,35,<digit>,8,0.454820
6,35,<digit>,9,0.000000
6,35,<digits>,0,0.264513
6,35,<digits>,1,0.735487
6,35,<fragment>,0,0.532633
6,35,<fragment>,1,0.467367
6,35,<hex>,0,0.341070
6,35,<hex>,1,0.486568
6,35,<hex>,2,0.172362
6,35,<host>,0,0.575639
6,35,<host>,1,0.424361
6,35,<hostname>,0,0.532946
6,35,<hostname>,1,0.467054
6,35,<ipv4>,0,1.000000
6,35,<key>,0,1.000000
6,35,<label>,0,1.000000
6,35,<octet>,0,0.501700
6,35,<octet>,1,0.498300
6,35,<path>,0,0.139287
6,35,<path>,1,0.234882
6,35,<path>,2,0.625831
6,35,<pchar>,0,0.085385
6,35,<pchar>,1,0.298791
6,35,<pchar>,2,0.266696
6,35,<pchar>,3,0.078203
6,35,<pchar>,4,0.270925
6,35,<pchars>,0,0.699653
6,35,<pchars>,1,0.300347
6,35,<port>,0,1.000000
6,35,<qparam>,0,0.549026
6,35,<qparam>,1,0.450974
6,35,<qparams>,0,0.494546
6,35,<qparams>,1,0.505454
6,35,<query>,0,0.291223
6,35,<query>,1,0.708777
6,35,<qvalue>,0,0.314277
6,35,<qvalue>,1,0.685723
6,35,<scheme>,0,0.244271
6,35,<scheme>,1,0.258992
6,35,<scheme>,2,0.347945
6,35,<scheme>,3,0.148792
6,35,<segment>,0,1.000000
6,35,<segments>,0,0.252615
6,35,<segments>,1,0.747385
6,35,<start>,0,1.000000
6,35,<url>,0,1.000000
6,35,<wchar>,0,0.153203
6,35,<wchar>,1,0.657496
6,35,<wchar>,2,0.000000
6,35,<wchar>,3,0.189301
6,35,<word>,0,0.689810
6,35,<word>,1,0.310190
6,40,<authority>,0,0.567687
6,40,<authority>,1,0.432313
6,40,<digit>,0,0.257124
6,40,<digit>,1,0.020658
6,40,<digit>,2,0.106637
6,40,<digit>,3,0.004006
6,40,<digit>,4,0.032941
6,40,<digit>,5,0.038443
6,40,<digit>,6,0.021979
6,40,<digit>,7,0.061026
6,40,<digit>,8,0.371371
6,40,<digit>,9,0.085815
6,40,<digits>,0,0.370263
6,40,<digits>,1,0.629737
6,40,<fragment>,0,0.491334
6,40,<fragment>,1,0.508666
6,40,<hex>,0,0.374056
6,40,<hex>,1,0.575949
6,40,<hex>,2,0.049994
6,40,<host>,0,0.572184
6,40,<host>,1,0.427816
6,40,<hostname>,0,0.547819
6,40,<hostname>,1,0.452181
6,40,<ipv4>,0,1.000000
6,40,<key>,0,1.000000
6,40,<label>,0,1.000000
6,40,<octet>,0,0.504958
6,40,<octet>,1,0.495042
6,40,<path>,0,0.194616
6,40,<path>,1,0.228484
6,40,<path>,2,0.576901
6,40,<pchar>,0,0.109852
6,40,<pchar>,1,0.289004
6,40,<pchar>,2,0.250533
6,40,<pchar>,3,0.076518
6,40,<pchar>,4,0.274093
6,40,<pchars>,0,0.690516
6,40,<pchars>,1,0.309484
6,40,<port>,0,1.000000
6,40,<qparam>,0,0.558557
6,40,<qparam>,1,0.441443
6,40,<qparams>,0,0.479703
6,40,<qparams>,1,0.520297
6,40,<query>,0,0.328410
6,40,<query>,1,0.671590
6,40,<qvalue>,0,0.345367
6,40,<qvalue>,1,0.654633
6,40,<scheme>,0,0.220663
6,40,<scheme>,1,0.233222
6,40,<scheme>,2,0.277781
6,40,<scheme>,3,0.268334
6,40,<segment>,0,1.000000
6,40,<segments>,0,0.211322
6,40,<segments>,1,0.788678
6,40,<start>,0,1.000000
6,40,<url>,0,1.000000
6,40,<wchar>,0,0.274796
6,40,<wchar>,1,0.571782
6,40,<wchar>,2,0.007443
6,40,<wchar>,3,0.145979
6,40,<word>,0,0.691878
6,40,<word>,1,0.308122
6,45,<authority>,0,0.557767
6,45,<authority>,1,0.442233
6,45,<digit>,0,0.243728
6,45,<digit>,1,0.028515
6,45,<digit>,2,0.095800
6,45,<digit>,3,0.009167
6,45,<digit>,4,0.023218
6,45,<digit>,5,0.028617
6,45,<digit>,6,0.027594
6,45,<digit>,7,0.044455
6,45,<digit>,8,0.466856
6,45,<digit>,9,0.032050
6,45,<digits>,0,0.239014
6,45,<digits>,1,0.760986
6,45,<fragment>,0,0.495038
6,45,<fragment>,1,0.504962
6,45,<hex>,0,0.440746
6,45,<hex>,1,0.480265
6,45,<hex>,2,0.078990
6,45,<host>,0,0.550393
6,45,<host>,1,0.449607
6,45,<hostname>,0,0.560556
6,45,<hostname>,1,0.439444
6,45,<ipv4>,0,1.000000
6,45,<key>,0,1.000000
6,45,<label>,0,1.000000
6,45,<octet>,0,0.498231
6,45,<octet>,1,0.501769
6,45,<path>,0,0.121521
6,45,<path>,1,0.253327
6,45,<path>,2,0.625152
6,45,<pchar>,0,0.088204
6,45,<pchar>,1,0.263174
6,45,<pchar>,2,0.312382
6,45,<pchar>,3,0.070349
6,45,<pchar>,4,0.265891
6,45,<pchars>,0,0.753429
6,45,<pchars>,1,0.246571
6,45,<port>,0,1.000000
6,45,<qparam>,0,0.557078
6,45,<qparam>,1,0.442922
6,45,<qparams>,0,0.387756
6,45,<qparams>,1,0.612244
6,45,<query>,0,0.303438
6,45,<query>,1,0.696562
6,45,<qvalue>,0,0.368978
6,45,<qvalue>,1,0.631022
6,45,<scheme>,0,0.237972
6,45,<scheme>,1,0.263598
6,45,<scheme>,2,0.185974
6,45,<scheme>,3,0.312457
6,45,<segment>,0,1.000000
6,45,<segments>,0,0.198797
6,45,<segments>,1,0.801203
6,45,<start>,0,1.000000
6,45,<url>,0,1.000000
6,45,<wchar>,0,0.244050
6,45,<wchar>,1,0.664885
6,45,<wchar>,2,0.016212
6,45,<wchar>,3,0.074852
6,45,<word>,0,0.718803
6,45,<word>,1,0.281197
6,50,<authority>,0,0.560346
6,50,<authority>,1,0.439654
6,50,<digit>,0,0.232970
6,50,<digit>,1,0.005916
6,50,<digit>,2,0.117899
6,50,<digit>,3,0.070804
6,50,<digit>,4,0.017522
6,50,<digit>,5,0.060315
6,50,<digit>,6,0.017486
6,50,<digit>,7,0.015870
6,50,<digit>,8,0.384128
6,50,<digit>,9,0.077091
6,50,<digits>,0,0.324634
6,50,<digits>,1,0.675366
6,50,<fragment>,0,0.500692
6,50,<fragment>,1,0.499308
6,50,<hex>,0,0.361467
6,50,<hex>,1,0.468229
6,50,<hex>,2,0.170304
6,50,<host>,0,0.558496
6,50,<host>,1,0.441504
6,50,<hostname>,0,0.557176
6,50,<hostname>,1,0.442824
6,50,<ipv4>,0,1.000000
6,50,<key>,0,1.000000
6,50,<label>,0,1.000000
6,50,<octet>,0,0.500715
6,50,<octet>,1,0.499285
6,50,<path>,0,0.125180
6,50,<path>,1,0.258842
6,50,<path>,2,0.615978
6,50,<pchar>,0,0.103259
6,50,<pchar>,1,0.277119
6,50,<pchar>,2,0.274708
6,50,<pchar>,3,0.072038
6,50,<pchar>,4,0.272876
6,50,<pchars>,0,0.790571
6,50,<pchars>,1,0.209429
6,50,<port>,0,1.000000
6,50,<qparam>,0,0.546340
6,50,<qparam>,1,0.453660
6,50,<qparams>,0,0.411091
6,50,<qparams>,1,0.588909
6,50,<query>,0,0.316113
6,50,<query>,1,0.683887
6,50,<qvalue>,0,0.327383
6,50,<qvalue>,1,0.672617
6,50,<scheme>,0,0.179203
6,50,<scheme>,1,0.287612
6,50,<scheme>,2,0.227135
6,50,<scheme>,3,0.306049
6,50,<segment>,0,1.000000
6,50,<segments>,0,0.129690
6,50,<segments>,1,0.870310
6,50,<start>,0,1.000000
6,50,<url>,0,1.000000
6,50,<wchar>,0,0.237777
6,50,<wchar>,1,0.616610
6,50,<wchar>,2,0.004544
6,50,<wchar>,3,0.141070
6,50,<word>,0,0.703680
6,50,<word>,1,0.296320
6,55,<authority>,0,0.569833
6,55,<authority>,1,0.430167
6,55,<digit>,0,0.161369
6,55,<digit>,1,0.018374
6,55,<digit>,2,0.073662
6,55,<digit>,3,0.038939
6,55,<digit>,4,0.022623
6,55,<digit>,5,0.051692
6,55,<digit>,6,0.011151
6,55,<digit>,7,0.108653
6,55,<digit>,8,0.495841
6,55,<digit>,9,0.017697
6,55,<digits>,0,0.272134
6,55,<digits>,1,0.727866
6,55,<fragment>,0,0.486026
6,55,<fragment>,1,0.513974
6,55,<hex>,0,0.286226
6,55,<hex>,1,0.508060
6,55,<hex>,2,0.205714
6,55,<host>,0,0.546185
6,55,<host>,1,0.453815
6,55,<hostname>,0,0.552583
6,55,<hostname>,1,0.447417
6,55,<ipv4>,0,1.000000
6,55,<key>,0,1.000000
6,55,<label>,0,1.000000
6,55,<octet>,0,0.505983
6,55,<octet>,1,0.494017
6,55,<path>,0,0.163072
6,55,<path>,1,0.170370
6,55,<path>,2,0.666558
6,55,<pchar>,0,0.096744
6,55,<pchar>,1,0.191724
6,55,<pchar>,2,0.335942
6,55,<pchar>,3,0.067062
6,55,<pchar>,4,0.308528
6,55,<pchars>,0,0.702628
6,55,<pchars>,1,0.297372
6,55,<port>,0,1.000000
6,55,<qparam>,0,0.609115
6,55,<qparam>,1,0.390885
6,55,<qparams>,0,0.429099
6,55,<qparams>,1,0.570901
6,55,<query>,0,0.324533
6,55,<query>,1,0.675467
6,55,<qvalue>,0,0.341317
6,55,<qvalue>,1,0.658683
6,55,<scheme>,0,0.234173
6,55,<scheme>,1,0.277490
6,55,<scheme>,2,0.248459
6,55,<scheme>,3,0.239877
6,55,<segment>,0,1.000000
6,55,<segments>,0,0.170859
6,55,<segments>,1,0.829141
6,55,<start>,0,1.000000
6,55,<url>,0,1.000000
6,55,<wchar>,0,0.255561
6,55,<wchar>,1,0.624718
6,55,<wchar>,2,0.009832
6,55,<wchar>,3,0.109889
6,55,<word>,0,0.683405
6,55,<word>,1,0.316595
6,59,<authority>,0,0.557720
6,59,<authority>,1,0.442280
6,59,<digit>,0,0.181802
6,59,<digit>,1,0.028703
6,59,<digit>,2,0.056851
6,59,<digit>,3,0.016719
6,59,<digit>,4,0.000000
6,59,<digit>,5,0.053071
6,59,<digit>,6,0.047876
6,59,<digit>,7,0.089732
6,59,<digit>,8,0.500487
6,59,<digit>,9,0.024760
6,59,<digits>,0,0.295464
6,59,<digits>,1,0.704536
6,59,<fragment>,0,0.515267
6,59,<fragment>,1,0.484733
6,59,<hex>,0,0.359722
6,59,<hex>,1,0.488430
6,59,<hex>,2,0.151848
6,59,<host>,0,0.543892
6,59,<host>,1,0.456108
6,59,<hostname>,0,0.558551
6,59,<hostname>,1,0.441449
6,59,<ipv4>,0,1.000000
6,59,<key>,0,1.000000
6,59,<label>,0,1.000000
6,59,<octet>,0,0.524873
6,59,<octet>,1,0.475127
6,59,<path>,0,0.157984
6,59,<path>,1,0.156927
6,59,<path>,2,0.685088
6,59,<pchar>,0,0.082845
6,59,<pchar>,1,0.219548
6,59,<pchar>,2,0.330891
6,59,<pchar>,3,0.070683
6,59,<pchar>,4,0.296033
6,59,<pchars>,0,0.638912
6,59,<pchars>,1,0.361088
6,59,<port>,0,1.000000
6,59,<qparam>,0,0.557852
6,59,<qparam>,1,0.442148
6,59,<qparams>,0,0.444944
6,59,<qparams>,1,0.555056
6,59,<query>,0,0.346652
6,59,<query>,1,0.653348
6,59,<qvalue>,0,0.263477
6,59,<qvalue>,1,0.736523
6,59,<scheme>,0,0.229496
6,59,<scheme>,1,0.280029
6,59,<scheme>,2,0.222739
6,59,<scheme>,3,0.267736
6,59,<segment>,0,1.000000
6,59,<segments>,0,0.145568
6,59,<segments>,1,0.854432
6,59,<start>,0,1.000000
6,59,<url>,0,1.000000
6,59,<wchar>,0,0.291547
6,59,<wchar>,1,0.576709
6,59,<wchar>,2,0.003600
6,59,<wchar>,3,0.128144
6,59,<word>,0,0.696942
6,59,<word>,1,0.303058
7,0,<authority>,0,0.545132
7,0,<authority>,1,0.454868
7,0,<digit>,0,0.047264
7,0,<digit>,1,0.147803
7,0,<digit>,2,0.090582
7,0,<digit>,3,0.116063
7,0,<digit>,4,0.058988
7,0,<digit>,5,0.070860
7,0,<digit>,6,0.165056
7,0,<digit>,7,0.047299
7,0,<digit>,8,0.111282
7,0,<digit>,9,0.144804
7,0,<digits>,0,0.528632
7,0,<digits>,1,0.471368
7,0,<fragment>,0,0.477346
7,0,<fragment>,1,0.522654
7,0,<hex>,0,0.633167
7,0,<hex>,1,0.166424
7,0,<hex>,2,0.200409
7,0,<host>,0,0.711775
7,0,<host>,1,0.288225
7,0,<hostname>,0,0.505952
7,0,<hostname>,1,0.494048
7,0,<ipv4>,0,1.000000
7,0,<key>,0,1.000000
7,0,<label>,0,1.000000
7,0,<octet>,0,0.539101
7,0,<octet>,1,0.460899
7,0,<path>,0,0.538547
7,0,<path>,1,0.253432
7,0,<path>,2,0.208022
7,0,<pchar>,0,0.192525
7,0,<pchar>,1,0.171884
7,0,<pchar>,2,0.168730
7,0,<pchar>,3,0.257986
7,0,<pchar>,4,0.208875
7,0,<pchars>,0,0.645311
7,0,<pchars>,1,0.354689
7,0,<port>,0,1.000000
7,0,<qparam>,0,0.482181
7,0,<qparam>,1,0.517819
7,0,<qparams>,0,0.305692
7,0,<qparams>,1,0.694308
7,0,<query>,0,0.474186
7,0,<query>,1,0.525814
7,0,<qvalue>,0,0.298021
7,0,<qvalue>,1,0.701979
7,0,<scheme>,0,0.255728
7,0,<scheme>,1,0.149683
7,0,<scheme>,2,0.296050
7,0,<scheme>,3,0.298538
7,0,<segment>,0,1.000000
7,0,<segments>,0,0.276924
7,0,<segments>,1,0.723076
7,0,<start>,0,1.000000
7,0,<url>,0,1.000000
7,0,<wchar>,0,0.078165
7,0,<wchar>,1,0.271495
7,0,<wchar>,2,0.314208
7,0,<wchar>,3,0.336131
7,0,<word>,0,0.584062
7,0,<word>,1,0.415938
7,5,<authority>,0,0.668577
7,5,<authority>,1,0.331423
7,5,<digit>,0,0.110452
7,5,<digit>,1,0.082483
7,5,<digit>,2,0.099238
7,5,<digit>,3,0.067424
7,5,<digit>,4,0.158358
7,5,<digit>,5,0.039956
7,5,<digit>,6,0.076680
7,5,<digit>,7,0.082195
7,5,<digit>,8,0.113569
7,5,<digit>,9,0.169644
7,5,<digits>,0,0.446545
7,5,<digits>,1,0.553455
7,5,<fragment>,0,0.558440
7,5,<fragment>,1,0.441560
7,5,<hex>,0,0.301406
7,5,<hex>,1,0.326379
7,5,<hex>,2,0.372215
7,5,<host>,0,0.556771
7,5,<host>,1,0.443229
7,5,<hostname>,0,0.378997
7,5,<hostname>,1,0.621003
7,5,<ipv4>,0,1.000000
7,5,<key>,0,1.000000
7,5,<label>,0,1.000000
7,5,<octet>,0,0.711559
7,5,<octet>,1,0.288441
7,5,<path>,0,0.347382
7,5,<path>,1,0.198276
7,5,<path>,2,0.454342
7,5,<pchar>,0,0.275627
7,5,<pchar>,1,0.310942
7,5,<pchar>,2,0.195209
7,5,<pchar>,3,0.176792
7,5,<pchar>,4,0.041430
7,5,<pchars>,0,0.511014
7,5,<pchars>,1,0.488986
7,5,<port>,0,1.000000
7,5,<qparam>,0,0.668614
7,5,<qparam>,1,0.331386
7,5,<qparams>,0,0.431166
7,5,<qparams>,1,0.568834
7,5,<query>,0,0.462315
7,5,<query>,1,0.537685
7,5,<qvalue>,0,0.558082
7,5,<qvalue>,1,0.441918
7,5,<scheme>,0,0.200945
7,5,<scheme>,1,0.371822
7,5,<scheme>,2,0.278390
7,5,<scheme>,3,0.148842
7,5,<segment>,0,1.000000
7,5,<segments>,0,0.299110
7,5,<segments>,1,0.700890
7,5,<start>,0,1.000000
7,5,<url>,0,1.000000
7,5,<wchar>,0,0.142458
7,5,<wchar>,1,0.317292
7,5,<wchar>,2,0.280618
7,5,<wchar>,3,0.259633
7,5,<word>,0,0.359229
7,5,<word>,1,0.640771
7,10,<authority>,0,0.567803
7,10,<authority>,1,0.432197
7,10,<digit>,0,0.123712
7,10,<digit>,1,0.039110
7,10,<digit>,2,0.029697
7,10,<digit>,3,0.109281
7,10,<digit>,4,0.147896
7,10,<digit>,5,0.173380
7,10,<digit>,6,0.069385
7,10,<digit>,7,0.072538
7,10,<digit>,8,0.131136
7,10,<digit>,9,0.103865
7,10,<digits>,0,0.488092
7,10,<digits>,1,0.511908
7,10,<fragment>,0,0.515519
7,10,<fragment>,1,0.484481
7,10,<hex>,0,0.372760
7,10,<hex>,1,0.328580
7,10,<hex>,2,0.298660
7,10,<host>,0,0.549289
7,10,<host>,1,0.450711
7,10,<hostname>,0,0.387961
7,10,<hostname>,1,0.612039
7,10,<ipv4>,0,1.000000
7,10,<key>,0,1.000000
7,10,<label>,0,1.000000
7,10,<octet>,0,0.552675
7,10,<octet>,1,0.447325
7,10,<path>,0,0.296020
7,10,<path>,1,0.221795
7,10,<path>,2,0.482185
7,10,<pchar>,0,0.277090
7,10,<pchar>,1,0.230088
7,10,<pchar>,2,0.273272
7,10,<pchar>,3,0.106856
7,10,<pchar>,4,0.112693
7,10,<pchars>,0,0.598955
7,10,<pchars>,1,0.401045
7,10,<port>,0,1.000000
7,10,<qparam>,0,0.547633
7,10,<qparam>,1,0.452367
7,10,<qparams>,0,0.374979
7,10,<qparams>,1,0.625021
7,10,<query>,0,0.407007
7,10,<query>,1,0.592993
7,10,<qvalue>,0,0.587565
7,10,<qvalue>,1,0.412435
7,10,<scheme>,0,0.246275
7,10,<scheme>,1,0.334715
7,10,<scheme>,2,0.198322
7,10,<scheme>,3,0.220688
7,10,<segment>,0,1.000000
7,10,<segments>,0,0.364150
7,10,<segments>,1,0.635850
7,10,<start>,0,1.000000
7,10,<url>,0,1.000000
7,10,<wchar>,0,0.160720
7,10,<wchar>,1,0.363393
7,10,<wchar>,2,0.266389
7,10,<wchar>,3,0.209498
7,10,<word>,0,0.649541
7,10,<word>,1,0.350459
7,15,<authority>,0,0.503433
7,15,<authority>,1,0.496567
7,15,<digit>,0,0.080787
7,15,<digit>,1,0.052110
7,15,<digit>,2,0.072451
7,15,<digit>,3,0.087540
7,15,<digit>,4,0.251162
7,15,<digit>,5,0.075117
7,15,<digit>,6,0.102530
7,15,<digit>,7,0.083685
7,15,<digit>,8,0.155941
7,15,<digit>,9,0.038677
7,15,<digits>,0,0.468822
7,15,<digits>,1,0.531178
7,15,<fragment>,0,0.492175
7,15,<fragment>,1,0.507825
7,15,<hex>,0,0.342869
7,15,<hex>,1,0.330990
7,15,<hex>,2,0.326141
7,15,<host>,0,0.520490
7,15,<host>,1,0.479510
7,15,<hostname>,0,0.515134
7,15,<hostname>,1,0.484866
7,15,<ipv4>,0,1.000000
7,15,<key>,0,1.000000
7,15,<label>,0,1.000000
7,15,<octet>,0,0.546360
7,15,<octet>,1,0.453640
7,15,<path>,0,0.350393
7,15,<path>,1,0.274128
7,15,<path>,2,0.375479
7,15,<pchar>,0,0.262846
7,15,<pchar>,1,0.146850
7,15,<pchar>,2,0.176172
7,15,<pchar>,3,0.065329
7,15,<pchar>,4,0.348805
7,15,<pchars>,0,0.462949
7,15,<pchars>,1,0.537051
7,15,<port>,0,1.000000
7,15,<qparam>,0,0.587098
7,15,<qparam>,1,0.412902
7,15,<qparams>,0,0.387813
7,15,<qparams>,1,0.612187
7,15,<query>,0,0.419599
7,15,<query>,1,0.580401
7,15,<qvalue>,0,0.604652
7,15,<qvalue>,1,0.395348
7,15,<scheme>,0,0.259671
7,15,<scheme>,1,0.129633
7,15,<scheme>,2,0.349786
7,15,<scheme>,3,0.260910
7,15,<segment>,0,1.000000
7,15,<segments>,0,0.388007
7,15,<segments>,1,0.611993
7,15,<start>,0,1.000000
7,15,<url>,0,1.000000
7,15,<wchar>,0,0.140955
7,15,<wchar>,1,0.391318
7,15,<wchar>,2,0.330198
7,15,<wchar>,3,0.137528
7,15,<word>,0,0.886930
7,15,<word>,1,0.113070
7,20,<authority>,0,0.529449
7,20,<authority>,1,0.470551
7,20,<digit>,0,0.092577
7,20,<digit>,1,0.030589
7,20,<digit>,2,0.029541
7,20,<digit>,3,0.275034
7,20,<digit>,4,0.173868
7,20,<digit>,5,0.034700
7,20,<digit>,6,0.093044
7,20,<digit>,7,0.045082
7,20,<digit>,8,0.193962
7,20,<digit>,9,0.031602
7,20,<digits>,0,0.480418
7,20,<digits>,1,0.519582
7,20,<fragment>,0,0.509139
7,20,<fragment>,1,0.490861
7,20,<hex>,0,0.466242
7,20,<hex>,1,0.264630
7,20,<hex>,2,0.269128
7,20,<host>,0,0.533622
7,20,<host>,1,0.466378
7,20,<hostname>,0,0.508262
7,20,<hostname>,1,0.491738
7,20,<ipv4>,0,1.000000
7,20,<key>,0,1.000000
7,20,<label>,0,1.000000
7,20,<octet>,0,0.584298
7,20,<octet>,1,0.415702
7,20,<path>,0,0.276386
7,20,<path>,1,0.241334
7,20,<path>,2,0.482280
7,20,<pchar>,0,0.242859
7,20,<pchar>,1,0.330628
7,20,<pchar>,2,0.175536
7,20,<pchar>,3,0.050354
7,20,<pchar>,4,0.200623
7,20,<pchars>,0,0.458367
7,20,<pchars>,1,0.541633
7,20,<port>,0,1.000000
7,20,<qparam>,0,0.592552
7,20,<qparam>,1,0.407448
7,20,<qparams>,0,0.388517
7,20,<qparams>,1,0.611483
7,20,<query>,0,0.434736
7,20,<query>,1,0.565264
7,20,<qvalue>,0,0.563955
7,20,<qvalue>,1,0.436045
7,20,<scheme>,0,0.198450
7,20,<scheme>,1,0.259830
7,20,<scheme>,2,0.299714
7,20,<scheme>,3,0.242006
7,20,<segment>,0,1.000000
7,20,<segments>,0,0.345053
7,20,<segments>,1,0.654947
7,20,<start>,0,1.000000
7,20,<url>,0,1.000000
7,20,<wchar>,0,0.073031
7,20,<wchar>,1,0.663276
7,20,<wchar>,2,0.067915
7,20,<wchar>,3,0.195777
7,20,<word>,0,0.584970
7,20,<word>,1,0.415030
7,25,<authority>,0,0.539578
7,25,<authority>,1,0.460422
7,25,<digit>,0,0.152948
7,25,<digit>,1,0.049479
7,25,<digit>,2,0.080674
7,25,<digit>,3,0.105660
7,25,<digit>,4,0.281749
7,25,<digit>,5,0.024831
7,25,<digit>,6,0.033841
7,25,<digit>,7,0.042121
7,25,<digit>,8,0.142632
7,25,<digit>,9,0.086064
7,25,<digits>,0,0.454454
7,25,<digits>,1,0.545546
7,25,<fragment>,0,0.596044
7,25,<fragment>,1,0.403956
7,25,<hex>,0,0.408064
7,25,<hex>,1,0.216054
7,25,<hex>,2,0.375882
7,25,<host>,0,0.556425
7,25,<host>,1,0.443575
7,25,<hostname>,0,0.517008
7,25,<hostname>,1,0.482992
7,25,<ipv4>,0,1.000000
7,25,<key>,0,1.000000
7,25,<label>,0,1.000000
7,25,<octet>,0,0.659589
7,25,<octet>,1,0.340411
7,25,<path>,0,0.274967
7,25,<path>,1,0.233763
7,25,<path>,2,0.491270
7,25,<pchar>,0,0.217968
7,25,<pchar>,1,0.287411
7,25,<pchar>,2,0.211017
7,25,<pchar>,3,0.108174
7,25,<pchar>,4,0.175430
7,25,<pchars>,0,0.404572
7,25,<pchars>,1,0.595428
7,25,<port>,0,1.000000
7,25,<qparam>,0,0.557775
7,25,<qparam>,1,0.442225
7,25,<qparams>,0,0.411675
7,25,<qparams>,1,0.588325
7,25,<query>,0,0.363147
7,25,<query>,1,0.636853
7,25,<qvalue>,0,0.579988
7,25,<qvalue>,1,0.420012
7,25,<scheme>,0,0.268130
7,25,<scheme>,1,0.236739
7,25,<scheme>,2,0.284577
7,25,<scheme>,3,0.210555
7,25,<segment>,0,1.000000
7,25,<segments>,0,0.264658
7,25,<segments>,1,0.735342
7,25,<start>,0,1.000000
7,25,<url>,0,1.000000
7,25,<wchar>,0,0.071930
7,25,<wchar>,1,0.668833
7,25,<wchar>,2,0.148130
7,25,<wchar>,3,0.111108
7,25,<word>,0,0.660175
7,25,<word>,1,0.339825
7,30,<authority>,0,0.572634
7,30,<authority>,1,0.427366
7,30,<digit>,0,0.147977
7,30,<digit>,1,0.028956
7,30,<digit>,2,0.006264
7,30,<digit>,3,0.156462
7,30,<digit>,4,0.180672
7,30,<digit>,5,0.002454
7,30,<digit>,6,0.078655
7,30,<digit>,7,0.025319
7,30,<digit>,8,0.334574
7,30,<digit>,9,0.038668
7,30,<digits>,0,0.426806
7,30,<digits>,1,0.573194
7,30,<fragment>,0,0.557049
7,30,<fragment>,1,0.442951
7,30,<hex>,0,0.406687
7,30,<hex>,1,0.312011
7,30,<hex>,2,0.281303
7,30,<host>,0,0.510032
7,30,<host>,1,0.489968
7,30,<hostname>,0,0.491845
7,30,<hostname>,1,0.508155
7,30,<ipv4>,0,1.000000
7,30,<key>,0,1.000000
7,30,<label>,0,1.000000
7,30,<octet>,0,0.636027
7,30,<octet>,1,0.363973
7,30,<path>,0,0.287027
7,30,<path>,1,0.202152
7,30,<path>,2,0.510821
7,30,<pchar>,0,0.200009
7,30,<pchar>,1,0.300978
7,30,<pchar>,2,0.176218
7,30,<pchar>,3,0.052674
7,30,<pchar>,4,0.270121
7,30,<pchars>,0,0.392487
7,30,<pchars>,1,0.607513
7,30,<port>,0,1.000000
7,30,<qparam>,0,0.489539
7,30,<qparam>,1,0.510461
7,30,<qparams>,0,0.358717
7,30,<qparams>,1,0.641283
7,30,<query>,0,0.421993
7,30,<query>,1,0.578007
7,30,<qvalue>,0,0.566217
7,30,<qvalue>,1,0.433783
7,30,<scheme>,0,0.268178
7,30,<scheme>,1,0.252400
7,30,<scheme>,2,0.282686
7,30,<scheme>,3,0.196736
7,30,<segment>,0,1.000000
7,30,<segments>,0,0.282088
7,30,<segments>,1,0.717912
7,30,<start>,0,1.000000
7,30,<url>,0,1.000000
7,30,<wchar>,0,0.102497
7,30,<wchar>,1,0.603986
7,30,<wchar>,2,0.089843
7,30,<wchar>,3,0.203673
7,30,<word>,0,0.600612
7,30,<word>,1,0.399388
7,35,<authority>,0,0.528798
7,35,<authority>,1,0.471202
7,35,<digit>,0,0.196995
7,35,<digit>,1,0.000000
7,35,<digit>,2,0.024067
7,35,<digit>,3,0.144537
7,35,<digit>,4,0.226182
7,35,<digit>,5,0.034256
7,35,<digit>,6,0.049178
7,35,<digit>,7,0.018459
7,35,<digit>,8,0.255757
7,35,<digit>,9,0.050570
7,35,<digits>,0,0.436808
7,35,<digits>,1,0.563192
7,35,<fragment>,0,0.256156
7,35,<fragment>,1,0.743844
7,35,<hex>,0,0.401633
7,35,<hex>,1,0.265416
7,35,<hex>,2,0.332951
7,35,<host>,0,0.433587
7,35,<host>,1,0.566413
7,35,<hostname>,0,0.504075
7,35,<hostname>,1,0.495925
7,35,<ipv4>,0,1.000000
7,35,<key>,0,1.000000
7,35,<label>,0,1.000000
7,35,<octet>,0,0.639842
7,35,<octet>,1,0.360158
7,35,<path>,0,0.307867
7,35,<path>,1,0.218101
7,35,<path>,2,0.474031
7,35,<pchar>,0,0.254335
7,35,<pchar>,1,0.321131
7,35,<pchar>,2,0.084933
7,35,<pchar>,3,0.060728
7,35,<pchar>,4,0.278873
7,35,<pchars>,0,0.368877
7,35,<pchars>,1,0.631123
7,35,<port>,0,1.000000
7,35,<qparam>,0,0.529173
7,35,<qparam>,1,0.470827
7,35,<qparams>,0,0.413139
7,35,<qparams>,1,0.586861
7,35,<query>,0,0.442976
7,35,<query>,1,0.557024
7,35,<qvalue>,0,0.464711
7,35,<qvalue>,1,0.535289
7,35,<scheme>,0,0.192531
7,35,<scheme>,1,0.271407
7,35,<scheme>,2,0.265704
7,35,<scheme>,3,0.270359
7,35,<segment>,0,1.000000
7,35,<segments>,0,0.272110
7,35,<segments>,1,0.727890
7,35,<start>,0,1.000000
7,35,<url>,0,1.000000
7,35,<wchar>,0,0.112752
7,35,<wchar>,1,0.584847
7,35,<wchar>,2,0.077192
7,35,<wchar>,3,0.225209
7,35,<word>,0,0.624094
7,35,<word>,1,0.375906
7,40,<authority>,0,0.618888
7,40,<authority>,1,0.381112
7,40,<digit>,0,0.191155
7,40,<digit>,1,0.003868
7,40,<digit>,2,0.004609
7,40,<digit>,3,0.025606
7,40,<digit>,4,0.103368
7,40,<digit>,5,0.095695
7,40,<digit>,6,0.035384
7,40,<digit>,7,0.004917
7,40,<digit>,8,0.392723
7,40,<digit>,9,0.142675
7,40,<digits>,0,0.357685
7,40,<digits>,1,0.642315
7,40,<fragment>,0,0.549587
7,40,<fragment>,1,0.450413
7,40,<hex>,0,0.396789
7,40,<hex>,1,0.303256
7,40,<hex>,2,0.299956
7,40,<host>,0,0.535680
7,40,<host>,1,0.464320
7,40,<hostname>,0,0.485014
7,40,<hostname>,1,0.514986
7,40,<ipv4>,0,1.000000
7,40,<key>,0,1.000000
7,40,<label>,0,1.000000
7,40,<octet>,0,0.687485
7,40,<octet>,1,0.312515
7,40,<path>,0,0.330153
7,40,<path>,1,0.171365
7,40,<path>,2,0.498481
7,40,<pchar>,0,0.196697
7,40,<pchar>,1,0.366285
7,40,<pchar>,2,0.099476
7,40,<pchar>,3,0.054598
7,40,<pchar>,4,0.282944
7,40,<pchars>,0,0.349650
7,40,<pchars>,1,0.650350
7,40,<port>,0,1.000000
7,40,<qparam>,0,0.513753
7,40,<qparam>,1,0.486247
7,40,<qparams>,0,0.411668
7,40,<qparams>,1,0.588332
7,40,<query>,0,0.449459
7,40,<query>,1,0.550541
7,40,<qvalue>,0,0.581600
7,40,<qvalue>,1,0.418400
7,40,<scheme>,0,0.205626
7,40,<scheme>,1,0.233645
7,40,<scheme>,2,0.312153
7,40,<scheme>,3,0.248577
7,40,<segment>,0,1.000000
7,40,<segments>,0,0.254695
7,40,<segments>,1,0.745305
7,40,<start>,0,1.000000
7,40,<url>,0,1.000000
7,40,<wchar>,0,0.109474
7,40,<wchar>,1,0.624312
7,40,<wchar>,2,0.026704
7,40,<wchar>,3,0.239510
7,40,<word>,0,0.609696
7,40,<word>,1,0.390304
7,45,<authority>,0,0.550399
7,45,<authority>,1,0.449601
7,45,<digit>,0,0.318707
7,45,<digit>,1,0.006700
7,45,<digit>,2,0.021500
7,45,<digit>,3,0.067065
7,45,<digit>,4,0.035786
7,45,<digit>,5,0.075273
7,45,<digit>,6,0.032855
7,45,<digit>,7,0.032471
7,45,<digit>,8,0.328135
7,45,<digit>,9,0.081507
7,45,<digits>,0,0.401554
7,45,<digits>,1,0.598446
7,45,<fragment>,0,0.506039
7,45,<fragment>,1,0.493961
7,45,<hex>,0,0.376019
7,45,<hex>,1,0.273060
7,45,<hex>,2,0.350920
7,45,<host>,0,0.529948
7,45,<host>,1,0.470052
7,45,<hostname>,0,0.454513
7,45,<hostname>,1,0.545487
7,45,<ipv4>,0,1.000000
7,45,<key>,0,1.000000
7,45,<label>,0,1.000000
7,45,<octet>,0,0.655902
7,45,<octet>,1,0.344098
7,45,<path>,0,0.278420
7,45,<path>,1,0.118598
7,45,<path>,2,0.602982
7,45,<pchar>,0,0.238953
7,45,<pchar>,1,0.363911
7,45,<pchar>,2,0.093807
7,45,<pchar>,3,0.054676
7,45,<pchar>,4,0.248653
7,45,<pchars>,0,0.367660
7,45,<pchars>,1,0.632340
7,45,<port>,0,1.000000
7,45,<qparam>,0,0.515707
7,45,<qparam>,1,0.484293
7,45,<qparams>,0,0.367947
7,45,<qparams>,1,0.632053
7,45,<query>,0,0.427848
7,45,<query>,1,0.572152
7,45,<qvalue>,0,0.564958
7,45,<qvalue>,1,0.435042
7,45,<scheme>,0,0.199158
7,45,<scheme>,1,0.241724
7,45,<scheme>,2,0.349386
7,45,<scheme>,3,0.209732
7,45,<segment>,0,1.000000
7,45,<segments>,0,0.269890
7,45,<segments>,1,0.730110
7,45,<start>,0,1.000000
7,45,<url>,0,1.000000
7,45,<wchar>,0,0.118942
7,45,<wchar>,1,0.670265
7,45,<wchar>,2,0.012278
7,45,<wchar>,3,0.198515
7,45,<word>,0,0.623486
7,45,<word>,1,0.376514
7,50,<authority>,0,0.555890
7,50,<authority>,1,0.444110
7,50,<digit>,0,0.221675
7,50,<digit>,1,0.018140
7,50,<digit>,2,0.016772
7,50,<digit>,3,0.068056
7,50,<digit>,4,0.120151
7,50,<digit>,5,0.026037
7,50,<digit>,6,0.061723
7,50,<digit>,7,0.015029
7,50,<digit>,8,0.402928
7,50,<digit>,9,0.049488
7,50,<digits>,0,0.387185
7,50,<digits>,1,0.612815
7,50,<fragment>,0,0.523715
7,50,<fragment>,1,0.476285
7,50,<hex>,0,0.383801
7,50,<hex>,1,0.284985
7,50,<hex>,2,0.331214
7,50,<host>,0,0.527591
7,50,<host>,1,0.472409
7,50,<hostname>,0,0.489034
7,50,<hostname>,1,0.510966
7,50,<ipv4>,0,1.000000
7,50,<key>,0,1.000000
7,50,<label>,0,1.000000
7,50,<octet>,0,0.983894
7,50,<octet>,1,0.016106
7,50,<path>,0,0.269114
7,50,<path>,1,0.160830
7,50,<path>,2,0.570056
7,50,<pchar>,0,0.224819
7,50,<pchar>,1,0.350227
7,50,<pchar>,2,0.147751
7,50,<pchar>,3,0.046203
7,50,<pchar>,4,0.231001
7,50,<pchars>,0,0.399953
7,50,<pchars>,1,0.600047
7,50,<port>,0,1.000000
7,50,<qparam>,0,0.510049
7,50,<qparam>,1,0.489951
7,50,<qparams>,0,0.389235
7,50,<qparams>,1,0.610765
7,50,<query>,0,0.419480
7,50,<query>,1,0.580520
7,50,<qvalue>,0,0.552420
7,50,<qvalue>,1,0.447580
7,50,<scheme>,0,0.226325
7,50,<scheme>,1,0.252581
7,50,<scheme>,2,0.326674
7,50,<scheme>,3,0.194420
7,50,<segment>,0,1.000000
7,50,<segments>,0,0.306011
7,50,<segments>,1,0.693989
7,50,<start>,0,1.000000
7,50,<url>,0,1.000000
7,50,<wchar>,0,0.107636
7,50,<wchar>,1,0.645998
7,50,<wchar>,2,0.024124
7,50,<wchar>,3,0.222242
7,50,<word>,0,0.569561
7,50,<word>,1,0.430439
7,55,<authority>,0,0.551972
7,55,<authority>,1,0.448028
7,55,<digit>,0,0.235937
7,55,<digit>,1,0.000000
7,55,<digit>,2,0.003843
7,55,<digit>,3,0.092062
7,55,<digit>,4,0.201241
7,55,<digit>,5,0.000000
7,55,<digit>,6,0.044998
7,55,<digit>,7,0.004140
7,55,<digit>,8,0.417779
7,55,<digit>,9,0.000000
7,55,<digits>,0,0.402864
7,55,<digits>,1,0.597136
7,55,<fragment>,0,0.537249
7,55,<fragment>,1,0.462751
7,55,<hex>,0,0.329703
7,55,<hex>,1,0.353975
7,55,<hex>,2,0.316322
7,55,<host>,0,0.518332
7,55,<host>,1,0.481668
7,55,<hostname>,0,0.480583
7,55,<hostname>,1,0.519417
7,55,<ipv4>,0,1.000000
7,55,<key>,0,1.000000
7,55,<label>,0,1.000000
7,55,<octet>,0,0.857128
7,55,<octet>,1,0.142872
7,55,<path>,0,0.271645
7,55,<path>,1,0.155049
7,55,<path>,2,0.573307
7,55,<pchar>,0,0.217239
7,55,<pchar>,1,0.372693
7,55,<pchar>,2,0.203044
7,55,<pchar>,3,0.067468
7,55,<pchar>,4,0.139555
7,55,<pchars>,0,0.355449
7,55,<pchars>,1,0.644551
7,55,<port>,0,1.000000
7,55,<qparam>,0,0.518346
7,55,<qparam>,1,0.481654
7,55,<qparams>,0,0.390035
7,55,<qparams>,1,0.609965
7,55,<query>,0,0.403637
7,55,<query>,1,0.596363
7,55,<qvalue>,0,0.492886
7,55,<qvalue>,1,0.507114
7,55,<scheme>,0,0.220180
7,55,<scheme>,1,0.286218
7,55,<scheme>,2,0.329898
7,55,<scheme>,3,0.163704
7,55,<segment>,0,1.000000
7,55,<segments>,0,0.281507
7,55,<segments>,1,0.718493
7,55,<start>,0,1.000000
7,55,<url>,0,1.000000
7,55,<wchar>,0,0.000000
7,55,<wchar>,1,0.814685
7,55,<wchar>,2,0.000000
7,55,<wchar>,3,0.185315
7,55,<word>,0,0.629456
7,55,<word>,1,0.370544
7,59,<authority>,0,0.555724
7,59,<authority>,1,0.444276
7,59,<digit>,0,0.215742
7,59,<digit>,1,0.003238
7,59,<digit>,2,0.001938
7,59,<digit>,3,0.038902
7,59,<digit>,4,0.194734
7,59,<digit>,5,0.010255
7,59,<digit>,6,0.000000
7,59,<digit>,7,0.030473
7,59,<digit>,8,0.490036
7,59,<digit>,9,0.014682
7,59,<digits>,0,0.392871
7,59,<digits>,1,0.607129
7,59,<fragment>,0,0.510220
7,59,<fragment>,1,0.489780
7,59,<hex>,0,0.384571
7,59,<hex>,1,0.268633
7,59,<hex>,2,0.346796
7,59,<host>,0,0.526187
7,59,<host>,1,0.473813
7,59,<hostname>,0,0.487900
7,59,<hostname>,1,0.512100
7,59,<ipv4>,0,1.000000
7,59,<key>,0,1.000000
7,59,<label>,0,1.000000
7,59,<octet>,0,0.895117
7,59,<octet>,1,0.104883
7,59,<path>,0,0.252890
7,59,<path>,1,0.179144
7,59,<path>,2,0.567966
7,59,<pchar>,0,0.254345
7,59,<pchar>,1,0.308922
7,59,<pchar>,2,0.154943
7,59,<pchar>,3,0.052028
7,59,<pchar>,4,0.229762
7,59,<pchars>,0,0.352595
7,59,<pchars>,1,0.647405
7,59,<port>,0,1.000000
7,59,<qparam>,0,0.517113
7,59,<qparam>,1,0.482887
7,59,<qparams>,0,0.373922
7,59,<qparams>,1,0.626078
7,59,<query>,0,0.405172
7,59,<query>,1,0.594828
7,59,<qvalue>,0,0.388446
7,59,<qvalue>,1,0.611554
7,59,<scheme>,0,0.237053
7,59,<scheme>,1,0.303500
7,59,<scheme>,2,0.273888
7,59,<scheme>,3,0.185559
7,59,<segment>,0,1.000000
7,59,<segments>,0,0.283850
7,59,<segments>,1,0.716150
7,59,<start>,0,1.000000
7,59,<url>,0,1.000000
7,59,<wchar>,0,0.003507
7,59,<wchar>,1,0.811017
7,59,<wchar>,2,0.003226
7,59,<wchar>,3,0.182249
7,59,<word>,0,0.589924
7,59,<word>,1,0.410076
8,0,<authority>,0,0.503844
8,0,<authority>,1,0.496156
8,0,<digit>,0,0.124333
8,0,<digit>,1,0.130983
8,0,<digit>,2,0.139146
8,0,<digit>,3,0.139441
8,0,<digit>,4,0.090398
8,0,<digit>,5,0.052390
8,0,<digit>,6,0.126793
8,0,<digit>,7,0.068819
8,0,<digit>,8,0.053451
8,0,<digit>,9,0.074246
8,0,<digits>,0,0.525386
8,0,<digits>,1,0.474614
8,0,<fragment>,0,0.564949
8,0,<fragment>,1,0.435051
8,0,<hex>,0,0.333260
8,0,<hex>,1,0.342915
8,0,<hex>,2,0.323825
8,0,<host>,0,0.432309
8,0,<host>,1,0.567691
8,0,<hostname>,0,0.376711
8,0,<hostname>,1,0.623289
8,0,<ipv4>,0,1.000000
8,0,<key>,0,1.000000
8,0,<label>,0,1.000000
8,0,<octet>,0,0.486133
8,0,<octet>,1,0.513867
8,0,<path>,0,0.448073
8,0,<path>,1,0.264382
8,0,<path>,2,0.287545
8,0,<pchar>,0,0.079758
8,0,<pchar>,1,0.247705
8,0,<pchar>,2,0.216474
8,0,<pchar>,3,0.197237
8,0,<pchar>,4,0.258826
8,0,<pchars>,0,0.615223
8,0,<pchars>,1,0.384777
8,0,<port>,0,1.000000
8,0,<qparam>,0,0.551600
8,0,<qparam>,1,0.448400
8,0,<qparams>,0,0.530231
8,0,<qparams>,1,0.469769
8,0,<query>,0,0.294832
8,0,<query>,1,0.705168
8,0,<qvalue>,0,0.397557
8,0,<qvalue>,1,0.602443
8,0,<scheme>,0,0.150706
8,0,<scheme>,1,0.194601
8,0,<scheme>,2,0.409376
8,0,<scheme>,3,0.245316
8,0,<segment>,0,1.000000
8,0,<segments>,0,0.524358
8,0,<segments>,1,0.475642
8,0,<start>,0,1.000000
8,0,<url>,0,1.000000
8,0,<wchar>,0,0.175409
8,0,<wchar>,1,0.362915
8,0,<wchar>,2,0.274021
8,0,<wchar>,3,0.187655
8,0,<word>,0,0.287918
8,0,<word>,1,0.712082
8,5,<authority>,0,0.357193
8,5,<authority>,1,0.642807
8,5,<digit>,0,0.075036
8,5,<digit>,1,0.047809
8,5,<digit>,2,0.041213
8,5,<digit>,3,0.115937
8,5,<digit>,4,0.134490
8,5,<digit>,5,0.099616
8,5,<digit>,6,0.104327
8,5,<digit>,7,0.049913
8,5,<digit>,8,0.190654
8,5,<digit>,9,0.141006
8,5,<digits>,0,0.317597
8,5,<digits>,1,0.682403
8,5,<fragment>,0,0.670454
8,5,<fragment>,1,0.329546
8,5,<hex>,0,0.327186
8,5,<hex>,1,0.349506
8,5,<hex>,2,0.323307
8,5,<host>,0,0.590728
8,5,<host>,1,0.409272
8,5,<hostname>,0,0.580432
8,5,<hostname>,1,0.419568
8,5,<ipv4>,0,1.000000
8,5,<key>,0,1.000000
8,5,<label>,0,1.000000
8,5,<octet>,0,0.487854
8,5,<octet>,1,0.512146
8,5,<path>,0,0.357391
8,5,<path>,1,0.171614
8,5,<path>,2,0.470995
8,5,<pchar>,0,0.182416
8,5,<pchar>,1,0.322643
8,5,<pchar>,2,0.099085
8,5,<pchar>,3,0.164827
8,5,<pchar>,4,0.231030
8,5,<pchars>,0,0.757173
8,5,<pchars>,1,0.242827
8,5,<port>,0,1.000000
8,5,<qparam>,0,0.198747
8,5,<qparam>,1,0.801253
8,5,<qparams>,0,0.430285
8,5,<qparams>,1,0.569715
8,5,<query>,0,0.482976
8,5,<query>,1,0.517024
8,5,<qvalue>,0,0.380298
8,5,<qvalue>,1,0.619702
8,5,<scheme>,0,0.100212
8,5,<scheme>,1,0.273372
8,5,<scheme>,2,0.301502
8,5,<scheme>,3,0.324914
8,5,<segment>,0,1.000000
8,5,<segments>,0,0.220917
8,5,<segments>,1,0.779083
8,5,<start>,0,1.000000
8,5,<url>,0,1.000000
8,5,<wchar>,0,0.268675
8,5,<wchar>,1,0.403762
8,5,<wchar>,2,0.134712
8,5,<wchar>,3,0.192851
8,5,<word>,0,0.674804
8,5,<word>,1,0.325196
8,10,<authority>,0,0.382658
8,10,<authority>,1,0.617342
8,10,<digit>,0,0.082339
8,10,<digit>,1,0.154059
8,10,<digit>,2,0.042236
8,10,<digit>,3,0.097615
8,10,<digit>,4,0.053524
8,10,<digit>,5,0.113339
8,10,<digit>,6,0.198076
8,10,<digit>,7,0.000000
8,10,<digit>,8,0.162631
8,10,<digit>,9,0.096182
8,10,<digits>,0,0.368978
8,10,<digits>,1,0.631022
8,10,<fragment>,0,0.536132
8,10,<fragment>,1,0.463868
8,10,<hex>,0,0.314678
8,10,<hex>,1,0.355784
8,10,<hex>,2,0.329539
8,10,<host>,0,0.559832
8,10,<host>,1,0.440168
8,10,<hostname>,0,0.566236
8,10,<hostname>,1,0.433764
8,10,<ipv4>,0,1.000000
8,10,<key>,0,1.000000
8,10,<label>,0,1.000000
8,10,<octet>,0,0.404220
8,10,<octet>,1,0.595780
8,10,<path>,0,0.359272
8,10,<path>,1,0.164784
8,10,<path>,2,0.475944
8,10,<pchar>,0,0.061986
8,10,<pchar>,1,0.293804
8,10,<pchar>,2,0.234049
8,10,<pchar>,3,0.146767
8,10,<pchar>,4,0.263393
8,10,<pchars>,0,0.614913
8,10,<pchars>,1,0.385087
8,10,<port>,0,1.000000
8,10,<qparam>,0,0.171869
8,10,<qparam>,1,0.828131
8,10,<qparams>,0,0.460676
8,10,<qparams>,1,0.539324
8,10,<query>,0,0.390039
8,10,<query>,1,0.609961
8,10,<qvalue>,0,0.379864
8,10,<qvalue>,1,0.620136
8,10,<scheme>,0,0.206854
8,10,<scheme>,1,0.231381
8,10,<scheme>,2,0.297840
8,10,<scheme>,3,0.263925
8,10,<segment>,0,1.000000
8,10,<segments>,0,0.232222
8,10,<segments>,1,0.767778
8,10,<start>,0,1.000000
8,10,<url>,0,1.000000
8,10,<wchar>,0,0.250695
8,10,<wchar>,1,0.517513
8,10,<wchar>,2,0.159190
8,10,<wchar>,3,0.072602
8,10,<word>,0,0.770992
8,10,<word>,1,0.229008
8,15,<authority>,0,0.377290
8,15,<authority>,1,0.622710
8,15,<digit>,0,0.037997
8,15,<digit>,1,0.067202
8,15,<digit>,2,0.007481
8,15,<digit>,3,0.038035
8,15,<digit>,4,0.072802
8,15,<digit>,5,0.073485
8,15,<digit>,6,0.063359
8,15,<digit>,7,0.017260
8,15,<digit>,8,0.078161
8,15,<digit>,9,0.544216
8,15,<digits>,0,0.261571
8,15,<digits>,1,0.738429
8,15,<fragment>,0,0.574952
8,15,<fragment>,1,0.425048
8,15,<hex>,0,0.297351
8,15,<hex>,1,0.360001
8,15,<hex>,2,0.342649
8,15,<host>,0,0.548249
8,15,<host>,1,0.451751
8,15,<hostname>,0,0.583221
8,15,<hostname>,1,0.416779
8,15,<ipv4>,0,1.000000
8,15,<key>,0,1.000000
8,15,<label>,0,1.000000
8,15,<octet>,0,0.398535
8,15,<octet>,1,0.601465
8,15,<path>,0,0.351522
8,15,<path>,1,0.185980
8,15,<path>,2,0.462498
8,15,<pchar>,0,0.090178
8,15,<pchar>,1,0.243379
8,15,<pchar>,2,0.213441
8,15,<pchar>,3,0.082183
8,15,<pchar>,4,0.370820
8,15,<pchars>,0,0.574252
8,15,<pchars>,1,0.425748
8,15,<port>,0,1.000000
8,15,<qparam>,0,0.278560
8,15,<qparam>,1,0.721440
8,15,<qparams>,0,0.480961
8,15,<qparams>,1,0.519039
8,15,<query>,0,0.386180
8,15,<query>,1,0.613820
8,15,<qvalue>,0,0.443379
8,15,<qvalue>,1,0.556621
8,15,<scheme>,0,0.272317
8,15,<scheme>,1,0.331837
8,15,<scheme>,2,0.158518
8,15,<scheme>,3,0.237328
8,15,<segment>,0,1.000000
8,15,<segments>,0,0.254840
8,15,<segments>,1,0.745160
8,15,<start>,0,1.000000
8,15,<url>,0,1.000000
8,15,<wchar>,0,0.149326
8,15,<wchar>,1,0.483542
8,15,<wchar>,2,0.175131
8,15,<wchar>,3,0.192002
8,15,<word>,0,0.833109
8,15,<word>,1,0.166891
8,20,<authority>,0,0.378868
8,20,<authority>,1,0.621132
8,20,<digit>,0,0.231700
8,20,<digit>,1,0.000000
8,20,<digit>,2,0.022864
8,20,<digit>,3,0.117131
8,20,<digit>,4,0.115988
8,20,<digit>,5,0.157892
8,20,<digit>,6,0.078852
8,20,<digit>,7,0.015755
8,20,<digit>,8,0.108230
8,20,<digit>,9,0.151587
8,20,<digits>,0,0.366113
8,20,<digits>,1,0.633887
8,20,<fragment>,0,0.485867
8,20,<fragment>,1,0.514133
8,20,<hex>,0,0.294193
8,20,<hex>,1,0.354766
8,20,<hex>,2,0.351041
8,20,<host>,0,0.568933
8,20,<host>,1,0.431067
8,20,<hostname>,0,0.615292
8,20,<hostname>,1,0.384708
8,20,<ipv4>,0,1.000000
8,20,<key>,0,1.000000
8,20,<label>,0,1.000000
8,20,<octet>,0,0.338316
8,20,<octet>,1,0.661684
8,20,<path>,0,0.269299
8,20,<path>,1,0.193178
8,20,<path>,2,0.537524
8,20,<pchar>,0,0.000000
8,20,<pchar>,1,0.446585
8,20,<pchar>,2,0.117798
8,20,<pchar>,3,0.093408
8,20,<pchar>,4,0.342209
8,20,<pchars>,0,0.593322
8,20,<pchars>,1,0.406678
8,20,<port>,0,1.000000
8,20,<qparam>,0,0.174478
8,20,<qparam>,1,0.825522
8,20,<qparams>,0,0.444136
8,20,<qparams>,1,0.555864
8,20,<query>,0,0.439650
8,20,<query>,1,0.560350
8,20,<qvalue>,0,0.365469
8,20,<qvalue>,1,0.634531
8,20,<scheme>,0,0.235803
8,20,<scheme>,1,0.324184
8,20,<scheme>,2,0.186950
8,20,<scheme>,3,0.253064
8,20,<segment>,0,1.000000
8,20,<segments>,0,0.295358
8,20,<segments>,1,0.704642
8,20,<start>,0,1.000000
8,20,<url>,0,1.000000
8,20,<wchar>,0,0.196272
8,20,<wchar>,1,0.518713
8,20,<wchar>,2,0.159319
8,20,<wchar>,3,0.125696
8,20,<word>,0,0.782004
8,20,<word>,1,0.217996
8,25,<authority>,0,0.354926
8,25,<authority>,1,0.645074
8,25,<digit>,0,0.105196
8,25,<digit>,1,0.012479
8,25,<digit>,2,0.041337
8,25,<digit>,3,0.081626
8,25,<digit>,4,0.055139
8,25,<digit>,5,0.201412
8,25,<digit>,6,0.130248
8,25,<digit>,7,0.022648
8,25,<digit>,8,0.207308
8,25,<digit>,9,0.142605
8,25,<digits>,0,0.310509
8,25,<digits>,1,0.689491
8,25,<fragment>,0,0.528167
8,25,<fragment>,1,0.471833
8,25,<hex>,0,0.465731
8,25,<hex>,1,0.452367
8,25,<hex>,2,0.081903
8,25,<host>,0,0.591774
8,25,<host>,1,0.408226
8,25,<hostname>,0,0.626729
8,25,<hostname>,1,0.373271
8,25,<ipv4>,0,1.000000
8,25,<key>,0,1.000000
8,25,<label>,0,1.000000
8,25,<octet>,0,0.314395
8,25,<octet>,1,0.685605
8,25,<path>,0,0.248708
8,25,<path>,1,0.249180
8,25,<path>,2,0.502111
8,25,<pchar>,0,0.238605
8,25,<pchar>,1,0.322357
8,25,<pchar>,2,0.135151
8,25,<pchar>,3,0.077421
8,25,<pchar>,4,0.226466
8,25,<pchars>,0,0.565781
8,25,<pchars>,1,0.434219
8,25,<port>,0,1.000000
8,25,<qparam>,0,0.375927
8,25,<qparam>,1,0.624073
8,25,<qparams>,0,0.441279
8,25,<qparams>,1,0.558721
8,25,<query>,0,0.367188
8,25,<query>,1,0.632812
8,25,<qvalue>,0,0.366153
8,25,<qvalue>,1,0.633847
8,25,<scheme>,0,0.210432
8,25,<scheme>,1,0.363899
8,25,<scheme>,2,0.163577
8,25,<scheme>,3,0.262091
8,25,<segment>,0,1.000000
8,25,<segments>,0,0.231666
8,25,<segments>,1,0.768334
8,25,<start>,0,1.000000
8,25,<url>,0,1.000000
8,25,<wchar>,0,0.155098
8,25,<wchar>,1,0.531293
8,25,<wchar>,2,0.124244
8,25,<wchar>,3,0.189365
8,25,<word>,0,0.799298
8,25,<word>,1,0.200702
8,30,<authority>,0,0.414746
8,30,<authority>,1,0.585254
8,30,<digit>,0,0.140370
8,30,<digit>,1,0.023537
8,30,<digit>,2,0.040962
8,30,<digit>,3,0.098186
8,30,<digit>,4,0.076935
8,30,<digit>,5,0.130768
8,30,<digit>,6,0.118731
8,30,<digit>,7,0.030983
8,30,<digit>,8,0.224805
8,30,<digit>,9,0.114722
8,30,<digits>,0,0.316484
8,30,<digits>,1,0.683516
8,30,<fragment>,0,0.508325
8,30,<fragment>,1,0.491675
8,30,<hex>,0,0.399961
8,30,<hex>,1,0.392712
8,30,<hex>,2,0.207327
8,30,<host>,0,0.616167
8,30,<host>,1,0.383833
8,30,<hostname>,0,0.622915
8,30,<hostname>,1,0.377085
8,30,<ipv4>,0,1.000000
8,30,<key>,0,1.000000
8,30,<label>,0,1.000000
8,30,<octet>,0,0.345483
8,30,<octet>,1,0.654517
8,30,<path>,0,0.292195
8,30,<path>,1,0.103754
8,30,<path>,2,0.604051
8,30,<pchar>,0,0.147991
8,30,<pchar>,1,0.353606
8,30,<pchar>,2,0.164321
8,30,<pchar>,3,0.082167
8,30,<pchar>,4,0.251915
8,30,<pchars>,0,0.725164
8,30,<pchars>,1,0.274836
8,30,<port>,0,1.000000
8,30,<qparam>,0,0.333445
8,30,<qparam>,1,0.666555
8,30,<qparams>,0,0.438285
8,30,<qparams>,1,0.561715
8,30,<query>,0,0.397359
8,30,<query>,1,0.602641
8,30,<qvalue>,0,0.406382
8,30,<qvalue>,1,0.593618
8,30,<scheme>,0,0.295900
8,30,<scheme>,1,0.291131
8,30,<scheme>,2,0.192458
8,30,<scheme>,3,0.220511
8,30,<segment>,0,1.000000
8,30,<segments>,0,0.249409
8,30,<segments>,1,0.750591
8,30,<start>,0,1.000000
8,30,<url>,0,1.000000
8,30,<wchar>,0,0.192942
8,30,<wchar>,1,0.530021
8,30,<wchar>,2,0.126261
8,30,<wchar>,3,0.150776
8,30,<word>,0,0.824846
8,30,<word>,1,0.175154
8,35,<authority>,0,0.455934
8,35,<authority>,1,0.544066
8,35,<digit>,0,0.127596
8,35,<digit>,1,0.020819
8,35,<digit>,2,0.047907
8,35,<digit>,3,0.117935
8,35,<digit>,4,0.057217
8,35,<digit>,5,0.193216
8,35,<digit>,6,0.185364
8,35,<digit>,7,0.012301
8,35,<digit>,8,0.237646
8,35,<digit>,9,0.000000
8,35,<digits>,0,0.304880
8,35,<digits>,1,0.695120
8,35,<fragment>,0,0.509728
8,35,<fragment>,1,0.490272
8,35,<hex>,0,0.411425
8,35,<hex>,1,0.452004
8,35,<hex>,2,0.136571
8,35,<host>,0,0.620765
8,35,<host>,1,0.379235
8,35,<hostname>,0,0.685164
8,35,<hostname>,1,0.314836
8,35,<ipv4>,0,1.000000
8,35,<key>,0,1.000000
8,35,<label>,0,1.000000
8,35,<octet>,0,0.298155
8,35,<octet>,1,0.701845
8,35,<path>,0,0.196795
8,35,<path>,1,0.219574
8,35,<path>,2,0.583631
8,35,<pchar>,0,0.083653
8,35,<pchar>,1,0.168457
8,35,<pchar>,2,0.354522
8,35,<pchar>,3,0.059357
8,35,<pchar>,4,0.334010
8,35,<pchars>,0,0.623213
8,35,<pchars>,1,0.376787
8,35,<port>,0,1.000000
8,35,<qparam>,0,0.343141
8,35,<qparam>,1,0.656859
8,35,<qparams>,0,0.458535
8,35,<qparams>,1,0.541465
8,35,<query>,0,0.406398
8,35,<query>,1,0.593602
8,35,<qvalue>,0,0.398325
8,35,<qvalue>,1,0.601675
8,35,<scheme>,0,0.232540
8,35,<scheme>,1,0.303397
8,35,<scheme>,2,0.198488
8,35,<scheme>,3,0.265575
8,35,<segment>,0,1.000000
8,35,<segments>,0,0.239891
8,35,<segments>,1,0.760109
8,35,<start>,0,1.000000
8,35,<url>,0,1.000000
8,35,<wchar>,0,0.207125
8,35,<wchar>,1,0.536084
8,35,<wchar>,2,0.093443
8,35,<wchar>,3,0.163348
8,35,<word>,0,0.823549
8,35,<word>,1,0.176451
8,40,<authority>,0,0.466388
8,40,<authority>,1,0.533612
8,40,<digit>,0,0.175014
8,40,<digit>,1,0.024338
8,40,<digit>,2,0.060602
8,40,<digit>,3,0.150451
8,40,<digit>,4,0.029505
8,40,<digit>,5,0.142167
8,40,<digit>,6,0.094374
8,40,<digit>,7,0.014459
8,40,<digit>,8,0.230734
8,40,<digit>,9,0.078356
8,40,<digits>,0,0.311348
8,40,<digits>,1,0.688652
8,40,<fragment>,0,0.515921
8,40,<fragment>,1,0.484079
8,40,<hex>,0,0.455344
8,40,<hex>,1,0.449344
8,40,<hex>,2,0.095312
8,40,<host>,0,0.619698
8,40,<host>,1,0.380302
8,40,<hostname>,0,0.691292
8,40,<hostname>,1,0.308708
8,40,<ipv4>,0,1.000000
8,40,<key>,0,1.000000
8,40,<label>,0,1.000000
8,40,<octet>,0,0.292166
8,40,<octet>,1,0.707834
8,40,<path>,0,0.246462
8,40,<path>,1,0.181672
8,40,<path>,2,0.571866
8,40,<pchar>,0,0.000000
8,40,<pchar>,1,0.260498
8,40,<pchar>,2,0.171587
8,40,<pchar>,3,0.090116
8,40,<pchar>,4,0.477799
8,40,<pchars>,0,0.611728
8,40,<pchars>,1,0.388272
8,40,<port>,0,1.000000
8,40,<qparam>,0,0.353128
8,40,<qparam>,1,0.646872
8,40,<qparams>,0,0.423170
8,40,<qparams>,1,0.576830
8,40,<query>,0,0.391565
8,40,<query>,1,0.608435
8,40,<qvalue>,0,0.375383
8,40,<qvalue>,1,0.624617
8,40,<scheme>,0,0.234754
8,40,<scheme>,1,0.304287
8,40,<scheme>,2,0.195937
8,40,<scheme>,3,0.265022
8,40,<segment>,0,1.000000
8,40,<segments>,0,0.215827
8,40,<segments>,1,0.784173
8,40,<start>,0,1.000000
8,40,<url>,0,1.000000
8,40,<wchar>,0,0.164386
8,40,<wchar>,1,0.589858
8,40,<wchar>,2,0.111692
8,40,<wchar>,3,0.134063
8,40,<word>,0,0.783573
8,40,<word>,1,0.216427
8,45,<authority>,0,0.426731
8,45,<authority>,1,0.573269
8,45,<digit>,0,0.206701
8,45,<digit>,1,0.022243
8,45,<digit>,2,0.079640
8,45,<digit>,3,0.095392
8,45,<digit>,4,0.036666
8,45,<digit>,5,0.133203
8,45,<digit>,6,0.120587
8,45,<digit>,7,0.034748
8,45,<digit>,8,0.206027
8,45,<digit>,9,0.064793
8,45,<digits>,0,0.284838
8,45,<digits>,1,0.715162
8,45,<fragment>,0,0.511502
8,45,<fragment>,1,0.488498
8,45,<hex>,0,0.419098
8,45,<hex>,1,0.414566
8,45,<hex>,2,0.166336
8,45,<host>,0,0.585467
8,45,<host>,1,0.414533
8,45,<hostname>,0,0.651987
8,45,<hostname>,1,0.348013
8,45,<ipv4>,0,1.000000
8,45,<key>,0,1.000000
8,45,<label>,0,1.000000
8,45,<octet>,0,0.305446
8,45,<octet>,1,0.694554
8,45,<path>,0,0.256033
8,45,<path>,1,0.141330
8,45,<path>,2,0.602636
8,45,<pchar>,0,0.174388
8,45,<pchar>,1,0.167820
8,45,<pchar>,2,0.091125
8,45,<pchar>,3,0.077193
8,45,<pchar>,4,0.489474
8,45,<pchars>,0,0.678911
8,45,<pchars>,1,0.321089
8,45,<port>,0,1.000000
8,45,<qparam>,0,0.353789
8,45,<qparam>,1,0.646211
8,45,<qparams>,0,0.423869
8,45,<qparams>,1,0.576131
8,45,<query>,0,0.394645
8,45,<query>,1,0.605355
8,45,<qvalue>,0,0.369905
8,45,<qvalue>,1,0.630095
8,45,<scheme>,0,0.229436
8,45,<scheme>,1,0.318038
8,45,<scheme>,2,0.198351
8,45,<scheme>,3,0.254176
8,45,<segment>,0,1.000000
8,45,<segments>,0,0.212806
8,45,<segments>,1,0.787194
8,45,<start>,0,1.000000
8,45,<url>,0,1.000000
8,45,<wchar>,0,0.241509
8,45,<wchar>,1,0.531919
8,45,<wchar>,2,0.099309
8,45,<wchar>,3,0.127262
8,45,<word>,0,0.855429
8,45,<word>,1,0.144571
8,50,<authority>,0,0.439766
8,50,<authority>,1,0.560234
8,50,<digit>,0,0.207158
8,50,<digit>,1,0.037625
8,50,<digit>,2,0.067403
8,50,<digit>,3,0.096350
8,50,<digit>,4,0.000000
8,50,<digit>,5,0.154357
8,50,<digit>,6,0.087431
8,50,<digit>,7,0.012288
8,50,<digit>,8,0.236273
8,50,<digit>,9,0.101115
8,50,<digits>,0,0.283016
8,50,<digits>,1,0.716984
8,50,<fragment>,0,0.517514
8,50,<fragment>,1,0.482486
8,50,<hex>,0,0.446546
8,50,<hex>,1,0.419863
8,50,<hex>,2,0.133591
8,50,<host>,0,0.526168
8,50,<host>,1,0.473832
8,50,<hostname>,0,0.549417
8,50,<hostname>,1,0.450583
8,50,<ipv4>,0,1.000000
8,50,<key>,0,1.000000
8,50,<label>,0,1.000000
8,50,<octet>,0,0.301608
8,50,<octet>,1,0.698392
8,50,<path>,0,0.225389
8,50,<path>,1,0.173580
8,50,<path>,2,0.601031
8,50,<pchar>,0,0.168445
8,50,<pchar>,1,0.186006
8,50,<pchar>,2,0.134152
8,50,<pchar>,3,0.069344
8,50,<pchar>,4,0.442053
8,50,<pchars>,0,0.736437
8,50,<pchars>,1,0.263563
8,50,<port>,0,1.000000
8,50,<qparam>,0,0.381252
8,50,<qparam>,1,0.618748
8,50,<qparams>,0,0.406358
8,50,<qparams>,1,0.593642
8,50,<query>,0,0.404011
8,50,<query>,1,0.595989
8,50,<qvalue>,0,0.371304
8,50,<qvalue>,1,0.628696
8,50,<scheme>,0,0.219190
8,50,<scheme>,1,0.318346
8,50,<scheme>,2,0.220943
8,50,<scheme>,3,0.241521
8,50,<segment>,0,1.000000
8,50,<segments>,0,0.213057
8,50,<segments>,1,0.786943
8,50,<start>,0,1.000000
8,50,<url>,0,1.000000
8,50,<wchar>,0,0.171629
8,50,<wchar>,1,0.606073
8,50,<wchar>,2,0.117691
8,50,<wchar>,3,0.104607
8,50,<word>,0,0.791222
8,50,<word>,1,0.208778
8,55,<authority>,0,0.438767
8,55,<authority>,1,0.561233
8,55,<digit>,0,0.256006
8,55,<digit>,1,0.033520
8,55,<digit>,2,0.017209
8,55,<digit>,3,0.076343
8,55,<digit>,4,0.023772
8,55,<digit>,5,0.151729
8,55,<digit>,6,0.098562
8,55,<digit>,7,0.007575
8,55,<digit>,8,0.291912
8,55,<digit>,9,0.043371
8,55,<digits>,0,0.217498
8,55,<digits>,1,0.782502
8,55,<fragment>,0,0.532552
8,55,<fragment>,1,0.467448
8,55,<hex>,0,0.450266
8,55,<hex>,1,0.416792
8,55,<hex>,2,0.132941
8,55,<host>,0,0.569376
8,55,<host>,1,0.430624
8,55,<hostname>,0,0.657867
8,55,<hostname>,1,0.342133
8,55,<ipv4>,0,1.000000
8,55,<key>,0,1.000000
8,55,<label>,0,1.000000
8,55,<octet>,0,0.299527
8,55,<octet>,1,0.700473
8,55,<path>,0,0.263904
8,55,<path>,1,0.156722
8,55,<path>,2,0.579373
8,55,<pchar>,0,0.178181
8,55,<pchar>,1,0.184848
8,55,<pchar>,2,0.140248
8,55,<pchar>,3,0.050834
8,55,<pchar>,4,0.445889
8,55,<pchars>,0,0.683774
8,55,<pchars>,1,0.316226
8,55,<port>,0,1.000000
8,55,<qparam>,0,0.416444
8,55,<qparam>,1,0.583556
8,55,<qparams>,0,0.386697
8,55,<qparams>,1,0.613303
8,55,<query>,0,0.410018
8,55,<query>,1,0.589982
8,55,<qvalue>,0,0.383315
8,55,<qvalue>,1,0.616685
8,55,<scheme>,0,0.215982
8,55,<scheme>,1,0.308355
8,55,<scheme>,2,0.214191
8,55,<scheme>,3,0.261472
8,55,<segment>,0,1.000000
8,55,<segments>,0,0.218287
8,55,<segments>,1,0.781713
8,55,<start>,0,1.000000
8,55,<url>,0,1.000000
8,55,<wchar>,0,0.234248
8,55,<wchar>,1,0.549847
8,55,<wchar>,2,0.109570
8,55,<wchar>,3,0.106334
8,55,<word>,0,0.877505
8,55,<word>,1,0.122495
8,59,<authority>,0,0.468074
8,59,<authority>,1,0.531926
8,59,<digit>,0,0.262633
8,59,<digit>,1,0.049160
8,59,<digit>,2,0.071566
8,59,<digit>,3,0.072290
8,59,<digit>,4,0.013933
8,59,<digit>,5,0.156095
8,59,<digit>,6,0.036711
8,59,<digit>,7,0.015156
8,59,<digit>,8,0.245281
8,59,<digit>,9,0.077175
8,59,<digits>,0,0.262179
8,59,<digits>,1,0.737821
8,59,<fragment>,0,0.528441
8,59,<fragment>,1,0.471559
8,59,<hex>,0,0.440761
8,59,<hex>,1,0.437023
8,59,<hex>,2,0.122216
8,59,<host>,0,0.547225
8,59,<host>,1,0.452775
8,59,<hostname>,0,0.647391
8,59,<hostname>,1,0.352609
8,59,<ipv4>,0,1.000000
8,59,<key>,0,1.000000
8,59,<label>,0,1.000000
8,59,<octet>,0,0.295207
8,59,<octet>,1,0.704793
8,59,<path>,0,0.117722
8,59,<path>,1,0.201941
8,59,<path>,2,0.680337
8,59,<pchar>,0,0.168646
8,59,<pchar>,1,0.166291
8,59,<pchar>,2,0.123553
8,59,<pchar>,3,0.083246
8,59,<pchar>,4,0.458264
8,59,<pchars>,0,0.682539
8,59,<pchars>,1,0.317461
8,59,<port>,0,1.000000
8,59,<qparam>,0,0.373712
8,59,<qparam>,1,0.626288
8,59,<qparams>,0,0.407099
8,59,<qparams>,1,0.592901
8,59,<query>,0,0.410534
8,59,<query>,1,0.589466
8,59,<qvalue>,0,0.378361
8,59,<qvalue>,1,0.621639
8,59,<scheme>,0,0.214724
8,59,<scheme>,1,0.325604
8,59,<scheme>,2,0.215135
8,59,<scheme>,3,0.244537
8,59,<segment>,0,1.000000
8,59,<segments>,0,0.198918
8,59,<segments>,1,0.801082
8,59,<start>,0,1.000000
8,59,<url>,0,1.000000
8,59,<wchar>,0,0.116972
8,59,<wchar>,1,0.630682
8,59,<wchar>,2,0.123735
8,59,<wchar>,3,0.128611
8,59,<word>,0,0.927163
8,59,<word>,1,0.072837
9,0,<authority>,0,0.564211
9,0,<authority>,1,0.435789
9,0,<digit>,0,0.101978
9,0,<digit>,1,0.097386
9,0,<digit>,2,0.087744
9,0,<digit>,3,0.098636
9,0,<digit>,4,0.099368
9,0,<digit>,5,0.077669
9,0,<digit>,6,0.117541
9,0,<digit>,7,0.094984
9,0,<digit>,8,0.113929
9,0,<digit>,9,0.110765
9,0,<digits>,0,0.549007
9,0,<digits>,1,0.450993
9,0,<fragment>,0,0.204086
9,0,<fragment>,1,0.795914
9,0,<hex>,0,0.177788
9,0,<hex>,1,0.319600
9,0,<hex>,2,0.502612
9,0,<host>,0,0.308720
9,0,<host>,1,0.691280
9,0,<hostname>,0,0.677051
9,0,<hostname>,1,0.322949
9,0,<ipv4>,0,1.000000
9,0,<key>,0,1.000000
9,0,<label>,0,1.000000
9,0,<octet>,0,0.585360
9,0,<octet>,1,0.414640
9,0,<path>,0,0.406893
9,0,<path>,1,0.386405
9,0,<path>,2,0.206701
9,0,<pchar>,0,0.145325
9,0,<pchar>,1,0.282025
9,0,<pchar>,2,0.304708
9,0,<pchar>,3,0.202704
9,0,<pchar>,4,0.065237
9,0,<pchars>,0,0.330992
9,0,<pchars>,1,0.669008
9,0,<port>,0,1.000000
9,0,<qparam>,0,0.763832
9,0,<qparam>,1,0.236168
9,0,<qparams>,0,0.567963
9,0,<qparams>,1,0.432037
9,0,<query>,0,0.339581
9,0,<query>,1,0.660419
9,0,<qvalue>,0,0.531365
9,0,<qvalue>,1,0.468635
9,0,<scheme>,0,0.275203
9,0,<scheme>,1,0.187824
9,0,<scheme>,2,0.202579
9,0,<scheme>,3,0.334394
9,0,<segment>,0,1.000000
9,0,<segments>,0,0.348719
9,0,<segments>,1,0.651281
9,0,<start>,0,1.000000
9,0,<url>,0,1.000000
9,0,<wchar>,0,0.221689
9,0,<wchar>,1,0.234650
9,0,<wchar>,2,0.394730
9,0,<wchar>,3,0.148931
9,0,<word>,0,0.335151
9,0,<word>,1,0.664849
9,5,<authority>,0,0.609492
9,5,<authority>,1,0.390508
9,5,<digit>,0,0.114160
9,5,<digit>,1,0.057726
9,5,<digit>,2,0.123554
9,5,<digit>,3,0.184074
9,5,<digit>,4,0.091330
9,5,<digit>,5,0.082607
9,5,<digit>,6,0.118829
9,5,<digit>,7,0.085302
9,5,<digit>,8,0.107379
9,5,<digit>,9,0.035040
9,5,<digits>,0,0.346868
9,5,<digits>,1,0.653132
9,5,<fragment>,0,0.499296
9,5,<fragment>,1,0.500704
9,5,<hex>,0,0.285804
9,5,<hex>,1,0.290757
9,5,<hex>,2,0.423439
9,5,<host>,0,0.478769
9,5,<host>,1,0.521231
9,5,<hostname>,0,0.775841
9,5,<hostname>,1,0.224159
9,5,<ipv4>,0,1.000000
9,5,<key>,0,1.000000
9,5,<label>,0,1.000000
9,5,<octet>,0,0.546425
9,5,<octet>,1,0.453575
9,5,<path>,0,0.236035
9,5,<path>,1,0.297318
9,5,<path>,2,0.466647
9,5,<pchar>,0,0.292048
9,5,<pchar>,1,0.161113
9,5,<pchar>,2,0.207063
9,5,<pchar>,3,0.128654
9,5,<pchar>,4,0.211121
9,5,<pchars>,0,0.459118
9,5,<pchars>,1,0.540882
9,5,<port>,0,1.000000
9,5,<qparam>,0,0.515964
9,5,<qparam>,1,0.484036
9,5,<qparams>,0,0.392812
9,5,<qparams>,1,0.607188
9,5,<query>,0,0.583365
9,5,<query>,1,0.416635
9,5,<qvalue>,0,0.573632
9,5,<qvalue>,1,0.426368
9,5,<scheme>,0,0.243876
9,5,<scheme>,1,0.171632
9,5,<scheme>,2,0.319175
9,5,<scheme>,3,0.265316
9,5,<segment>,0,1.000000
9,5,<segments>,0,0.422267
9,5,<segments>,1,0.577733
9,5,<start>,0,1.000000
9,5,<url>,0,1.000000
9,5,<wchar>,0,0.161985
9,5,<wchar>,1,0.405342
9,5,<wchar>,2,0.197044
9,5,<wchar>,3,0.235629
9,5,<word>,0,0.633506
9,5,<word>,1,0.366494
9,10,<authority>,0,0.495794
9,10,<authority>,1,0.504206
9,10,<digit>,0,0.121578
9,10,<digit>,1,0.103152
9,10,<digit>,2,0.065817
9,10,<digit>,3,0.093803
9,10,<digit>,4,0.064517
9,10,<digit>,5,0.089332
9,10,<digit>,6,0.113992
9,10,<digit>,7,0.145633
9,10,<digit>,8,0.134088
9,10,<digit>,9,0.068088
9,10,<digits>,0,0.366072
9,10,<digits>,1,0.633928
9,10,<fragment>,0,0.419244
9,10,<fragment>,1,0.580756
9,10,<hex>,0,0.238533
9,10,<hex>,1,0.415191
9,10,<hex>,2,0.346277
9,10,<host>,0,0.573224
9,10,<host>,1,0.426776
9,10,<hostname>,0,0.653369
9,10,<hostname>,1,0.346631
9,10,<ipv4>,0,1.000000
9,10,<key>,0,1.000000
9,10,<label>,0,1.000000
9,10,<octet>,0,0.652306
9,10,<octet>,1,0.347694
9,10,<path>,0,0.157658
9,10,<path>,1,0.431812
9,10,<path>,2,0.410530
9,10,<pchar>,0,0.328768
9,10,<pchar>,1,0.229154
9,10,<pchar>,2,0.127211
9,10,<pchar>,3,0.118933
9,10,<pchar>,4,0.195933
9,10,<pchars>,0,0.654031
9,10,<pchars>,1,0.345969
9,10,<port>,0,1.000000
9,10,<qparam>,0,0.566151
9,10,<qparam>,1,0.433849
9,10,<qparams>,0,0.282907
9,10,<qparams>,1,0.717093
9,10,<query>,0,0.521198
9,10,<query>,1,0.478802
9,10,<qvalue>,0,0.611143
9,10,<qvalue>,1,0.388857
9,10,<scheme>,0,0.258071
9,10,<scheme>,1,0.229999
9,10,<scheme>,2,0.307308
9,10,<scheme>,3,0.204622
9,10,<segment>,0,1.000000
9,10,<segments>,0,0.444161
9,10,<segments>,1,0.555839
9,10,<start>,0,1.000000
9,10,<url>,0,1.000000
9,10,<wchar>,0,0.156190
9,10,<wchar>,1,0.427990
9,10,<wchar>,2,0.236119
9,10,<wchar>,3,0.179701
9,10,<word>,0,0.632349
9,10,<word>,1,0.367651
9,15,<authority>,0,0.500455
9,15,<authority>,1,0.499545
9,15,<digit>,0,0.106719
9,15,<digit>,1,0.139915
9,15,<digit>,2,0.084568
9,15,<digit>,3,0.071504
9,15,<digit>,4,0.018829
9,15,<digit>,5,0.057108
9,15,<digit>,6,0.045741
9,15,<digit>,7,0.152469
9,15,<digit>,8,0.156622
9,15,<digit>,9,0.166524
9,15,<digits>,0,0.362283
9,15,<digits>,1,0.637717
9,15,<fragment>,0,0.406412
9,15,<fragment>,1,0.593588
9,15,<hex>,0,0.368495
9,15,<hex>,1,0.343880
9,15,<hex>,2,0.287625
9,15,<host>,0,0.590495
9,15,<host>,1,0.409505
9,15,<hostname>,0,0.563968
9,15,<hostname>,1,0.436032
9,15,<ipv4>,0,1.000000
9,15,<key>,0,1.000000
9,15,<label>,0,1.000000
9,15,<octet>,0,0.706642
9,15,<octet>,1,0.293358
9,15,<path>,0,0.235738
9,15,<path>,1,0.327280
9,15,<path>,2,0.436983
9,15,<pchar>,0,0.087548
9,15,<pchar>,1,0.227389
9,15,<pchar>,2,0.195792
9,15,<pchar>,3,0.157075
9,15,<pchar>,4,0.332196
9,15,<pchars>,0,0.594945
9,15,<pchars>,1,0.405055
9,15,<port>,0,1.000000
9,15,<qparam>,0,0.546141
9,15,<qparam>,1,0.453859
9,15,<qparams>,0,0.336796
9,15,<qparams>,1,0.663204
9,15,<query>,0,0.506264
9,15,<query>,1,0.493736
9,15,<qvalue>,0,0.548511
9,15,<qvalue>,1,0.451489
9,15,<scheme>,0,0.169001
9,15,<scheme>,1,0.344588
9,15,<scheme>,2,0.258966
9,15,<scheme>,3,0.227445
9,15,<segment>,0,1.000000
9,15,<segments>,0,0.376671
9,15,<segments>,1,0.623329
9,15,<start>,0,1.000000
9,15,<url>,0,1.000000
9,15,<wchar>,0,0.267818
9,15,<wchar>,1,0.424412
9,15,<wchar>,2,0.104324
9,15,<wchar>,3,0.203446
9,15,<word>,0,0.583664
9,15,<word>,1,0.416336
9,20,<authority>,0,0.546832
9,20,<authority>,1,0.453168
9,20,<digit>,0,0.070302
9,20,<digit>,1,0.145688
9,20,<digit>,2,0.036167
9,20,<digit>,3,0.081789
9,20,<digit>,4,0.062174
9,20,<digit>,5,0.251753
9,20,<digit>,6,0.073382
9,20,<digit>,7,0.142988
9,20,<digit>,8,0.112823
9,20,<digit>,9,0.022935
9,20,<digits>,0,0.427481
9,20,<digits>,1,0.572519
9,20,<fragment>,0,0.357846
9,20,<fragment>,1,0.642154
9,20,<hex>,0,0.356037
9,20,<hex>,1,0.383358
9,20,<hex>,2,0.260605
9,20,<host>,0,0.556947
9,20,<host>,1,0.443053
9,20,<hostname>,0,0.634517
9,20,<hostname>,1,0.365483
9,20,<ipv4>,0,1.000000
9,20,<key>,0,1.000000
9,20,<label>,0,1.000000
9,20,<octet>,0,0.746065
9,20,<octet>,1,0.253935
9,20,<path>,0,0.118683
9,20,<path>,1,0.350450
9,20,<path>,2,0.530867
9,20,<pchar>,0,0.161761
9,20,<pchar>,1,0.083126
9,20,<pchar>,2,0.263821
9,20,<pchar>,3,0.125656
9,20,<pchar>,4,0.365636
9,20,<pchars>,0,0.550339
9,20,<pchars>,1,0.449661
9,20,<port>,0,1.000000
9,20,<qparam>,0,0.490940
9,20,<qparam>,1,0.509060
9,20,<qparams>,0,0.408359
9,20,<qparams>,1,0.591641
9,20,<query>,0,0.495235
9,20,<query>,1,0.504765
9,20,<qvalue>,0,0.526290
9,20,<qvalue>,1,0.473710
9,20,<scheme>,0,0.268412
9,20,<scheme>,1,0.245775
9,20,<scheme>,2,0.278195
9,20,<scheme>,3,0.207619
9,20,<segment>,0,1.000000
9,20,<segments>,0,0.354746
9,20,<segments>,1,0.645254
9,20,<start>,0,1.000000
9,20,<url>,0,1.000000
9,20,<wchar>,0,0.265187
9,20,<wchar>,1,0.430318
9,20,<wchar>,2,0.109343
9,20,<wchar>,3,0.195151
9,20,<word>,0,0.612664
9,20,<word>,1,0.387336
9,25,<authority>,0,0.583303
9,25,<authority>,1,0.416697
9,25,<digit>,0,0.300621
9,25,<digit>,1,0.109213
9,25,<digit>,2,0.064881
9,25,<digit>,3,0.005602
9,25,<digit>,4,0.010036
9,25,<digit>,5,0.105865
9,25,<digit>,6,0.092635
9,25,<digit>,7,0.097097
9,25,<digit>,8,0.164500
9,25,<digit>,9,0.049552
9,25,<digits>,0,0.390836
9,25,<digits>,1,0.609164
9,25,<fragment>,0,0.425346
9,25,<fragment>,1,0.574654
9,25,<hex>,0,0.240912
9,25,<hex>,1,0.479324
9,25,<hex>,2,0.279765
9,25,<host>,0,0.567362
9,25,<host>,1,0.432638
9,25,<hostname>,0,0.643182
9,25,<hostname>,1,0.356818
9,25,<ipv4>,0,1.000000
9,25,<key>,0,1.000000
9,25,<label>,0,1.000000
9,25,<octet>,0,0.755741
9,25,<octet>,1,0.244259
9,25,<path>,0,0.097751
9,25,<path>,1,0.288100
9,25,<path>,2,0.614149
9,25,<pchar>,0,0.123943
9,25,<pchar>,1,0.195733
9,25,<pchar>,2,0.167238
9,25,<pchar>,3,0.159789
9,25,<pchar>,4,0.353297
9,25,<pchars>,0,0.614744
9,25,<pchars>,1,0.385256
9,25,<port>,0,1.000000
9,25,<qparam>,0,0.535541
9,25,<qparam>,1,0.464459
9,25,<qparams>,0,0.356676
9,25,<qparams>,1,0.643324
9,25,<query>,0,0.493864
9,25,<query>,1,0.506136
9,25,<qvalue>,0,0.610407
9,25,<qvalue>,1,0.389593
9,25,<scheme>,0,0.246544
9,25,<scheme>,1,0.222443
9,25,<scheme>,2,0.307526
9,25,<scheme>,3,0.223487
9,25,<segment>,0,1.000000
9,25,<segments>,0,0.379908
9,25,<segments>,1,0.620092
9,25,<start>,0,1.000000
9,25,<url>,0,1.000000
9,25,<wchar>,0,0.301624
9,25,<wchar>,1,0.399963
9,25,<wchar>,2,0.110863
9,25,<wchar>,3,0.187549
9,25,<word>,0,0.629451
9,25,<word>,1,0.370549
9,30,<authority>,0,0.539628
9,30,<authority>,1,0.460372
9,30,<digit>,0,0.317233
9,30,<digit>,1,0.261748
9,30,<digit>,2,0.077268
9,30,<digit>,3,0.000000
9,30,<digit>,4,0.041334
9,30,<digit>,5,0.023156
9,30,<digit>,6,0.044579
9,30,<digit>,7,0.033075
9,30,<digit>,8,0.129184
9,30,<digit>,9,0.072422
9,30,<digits>,0,0.387595
9,30,<digits>,1,0.612405
9,30,<fragment>,0,0.387497
9,30,<fragment>,1,0.612503
9,30,<hex>,0,0.218969
9,30,<hex>,1,0.390808
9,30,<hex>,2,0.390223
9,30,<host>,0,0.589590
9,30,<host>,1,0.410410
9,30,<hostname>,0,0.667399
9,30,<hostname>,1,0.332601
9,30,<ipv4>,0,1.000000
9,30,<key>,0,1.000000
9,30,<label>,0,1.000000
9,30,<octet>,0,0.763100
9,30,<octet>,1,0.236900
9,30,<path>,0,0.128465
9,30,<path>,1,0.188188
9,30,<path>,2,0.683347
9,30,<pchar>,0,0.123404
9,30,<pchar>,1,0.244250
9,30,<pchar>,2,0.198131
9,30,<pchar>,3,0.126849
9,30,<pchar>,4,0.307366
9,30,<pchars>,0,0.573234
9,30,<pchars>,1,0.426766
9,30,<port>,0,1.000000
9,30,<qparam>,0,0.610846
9,30,<qparam>,1,0.389154
9,30,<qparams>,0,0.345692
9,30,<qparams>,1,0.654308
9,30,<query>,0,0.519959
9,30,<query>,1,0.480041
9,30,<qvalue>,0,0.610911
9,30,<qvalue>,1,0.389089
9,30,<scheme>,0,0.211029
9,30,<scheme>,1,0.235176
9,30,<scheme>,2,0.349638
9,30,<scheme>,3,0.204157
9,30,<segment>,0,1.000000
9,30,<segments>,0,0.381305
9,30,<segments>,1,0.618695
9,30,<start>,0,1.000000
9,30,<url>,0,1.000000
9,30,<wchar>,0,0.223898
9,30,<wchar>,1,0.508110
9,30,<wchar>,2,0.095497
9,30,<wchar>,3,0.172495
9,30,<word>,0,0.655122
9,30,<word>,1,0.344878
9,35,<authority>,0,0.503101
9,35,<authority>,1,0.496899
9,35,<digit>,0,0.347380
9,35,<digit>,1,0.095303
9,35,<digit>,2,0.061999
9,35,<digit>,3,0.050066
9,35,<digit>,4,0.038237
9,35,<digit>,5,0.054889
9,35,<digit>,6,0.044182
9,35,<digit>,7,0.090941
9,35,<digit>,8,0.136301
9,35,<digit>,9,0.080701
9,35,<digits>,0,0.390302
9,35,<digits>,1,0.609698
9,35,<fragment>,0,0.405353
9,35,<fragment>,1,0.594647
9,35,<hex>,0,0.188248
9,35,<hex>,1,0.415415
9,35,<hex>,2,0.396337
9,35,<host>,0,0.597473
9,35,<host>,1,0.402527
9,35,<hostname>,0,0.628822
9,35,<hostname>,1,0.371178
9,35,<ipv4>,0,1.000000
9,35,<key>,0,1.000000
9,35,<label>,0,1.000000
9,35,<octet>,0,0.763098
9,35,<octet>,1,0.236902
9,35,<path>,0,0.145559
9,35,<path>,1,0.216543
9,35,<path>,2,0.637898
9,35,<pchar>,0,0.153108
9,35,<pchar>,1,0.355145
9,35,<pchar>,2,0.097995
9,35,<pchar>,3,0.115403
9,35,<pchar>,4,0.278349
9,35,<pchars>,0,0.463176
9,35,<pchars>,1,0.536824
9,35,<port>,0,1.000000
9,35,<qparam>,0,0.525927
9,35,<qparam>,1,0.474073
9,35,<qparams>,0,0.365164
9,35,<qparams>,1,0.634836
9,35,<query>,0,0.519485
9,35,<query>,1,0.480515
9,35,<qvalue>,0,0.638627
9,35,<qvalue>,1,0.361373
9,35,<scheme>,0,0.229088
9,35,<scheme>,1,0.226452
9,35,<scheme>,2,0.325431
9,35,<scheme>,3,0.219030
9,35,<segment>,0,1.000000
9,35,<segments>,0,0.376213
9,35,<segments>,1,0.623787
9,35,<start>,0,1.000000
9,35,<url>,0,1.000000
9,35,<wchar>,0,0.198058
9,35,<wchar>,1,0.568341
9,35,<wchar>,2,0.105026
9,35,<wchar>,3,0.128575
9,35,<word>,0,0.625710
9,35,<word>,1,0.374290
9,40,<authority>,0,0.542394
9,40,<authority>,1,0.457606
9,40,<digit>,0,0.358987
9,40,<digit>,1,0.115282
9,40,<digit>,2,0.060200
9,40,<digit>,3,0.009596
9,40,<digit>,4,0.006104
9,40,<digit>,5,0.026717
9,40,<digit>,6,0.030196
9,40,<digit>,7,0.067732
9,40,<digit>,8,0.248375
9,40,<digit>,9,0.076812
9,40,<digits>,0,0.362888
9,40,<digits>,1,0.637112
9,40,<fragment>,0,0.428186
9,40,<fragment>,1,0.571814
9,40,<hex>,0,0.267791
9,40,<hex>,1,0.452460
9,40,<hex>,2,0.279749
9,40,<host>,0,0.573787
9,40,<host>,1,0.426213
9,40,<hostname>,0,0.674945
9,40,<hostname>,1,0.325055
9,40,<ipv4>,0,1.000000
9,40,<key>,0,1.000000
9,40,<label>,0,1.000000
9,40,<octet>,0,0.776521
9,40,<octet>,1,0.223479
9,40,<path>,0,0.167049
9,40,<path>,1,0.206366
9,40,<path>,2,0.626586
9,40,<pchar>,0,0.109893
9,40,<pchar>,1,0.292916
9,40,<pchar>,2,0.184508
9,40,<pchar>,3,0.120389
9,40,<pchar>,4,0.292293
9,40,<pchars>,0,0.534789
9,40,<pchars>,1,0.465211
9,40,<port>,0,1.000000
9,40,<qparam>,0,0.543340
9,40,<qparam>,1,0.456660
9,40,<qparams>,0,0.404863
9,40,<qparams>,1,0.595137
9,40,<query>,0,0.523178
9,40,<query>,1,0.476822
9,40,<qvalue>,0,0.646532
9,40,<qvalue>,1,0.353468
9,40,<scheme>,0,0.227457
9,40,<scheme>,1,0.290756
9,40,<scheme>,2,0.262015
9,40,<scheme>,3,0.219772
9,40,<segment>,0,1.000000
9,40,<segments>,0,0.370083
9,40,<segments>,1,0.629917
9,40,<start>,0,1.000000
9,40,<url>,0,1.000000
9,40,<wchar>,0,0.189188
9,40,<wchar>,1,0.566795
9,40,<wchar>,2,0.112227
9,40,<wchar>,3,0.131790
9,40,<word>,0,0.667111
9,40,<word>,1,0.332889
9,45,<authority>,0,0.497863
9,45,<authority>,1,0.502137
9,45,<digit>,0,0.357882
9,45,<digit>,1,0.138468
9,45,<digit>,2,0.000000
9,45,<digit>,3,0.014345
9,45,<digit>,4,0.030183
9,45,<digit>,5,0.025216
9,45,<digit>,6,0.040458
9,45,<digit>,7,0.043216
9,45,<digit>,8,0.240972
9,45,<digit>,9,0.109260
9,45,<digits>,0,0.369742
9,45,<digits>,1,0.630258
9,45,<fragment>,0,0.435208
9,45,<fragment>,1,0.564792
9,45,<hex>,0,0.212901
9,45,<hex>,1,0.491761
9,45,<hex>,2,0.295338
9,45,<host>,0,0.558302
9,45,<host>,1,0.441698
9,45,<hostname>,0,0.682846
9,45,<hostname>,1,0.317154
9,45,<ipv4>,0,1.000000
9,45,<key>,0,1.000000
9,45,<label>,0,1.000000
9,45,<octet>,0,0.774027
9,45,<octet>,1,0.225973
9,45,<path>,0,0.148385
9,45,<path>,1,0.209377
9,45,<path>,2,0.642238
9,45,<pchar>,0,0.128004
9,45,<pchar>,1,0.275204
9,45,<pchar>,2,0.226369
9,45,<pchar>,3,0.103010
9,45,<pchar>,4,0.267413
9,45,<pchars>,0,0.581415
9,45,<pchars>,1,0.418585
9,45,<port>,0,1.000000
9,45,<qparam>,0,0.482701
9,45,<qparam>,1,0.517299
9,45,<qparams>,0,0.421369
9,45,<qparams>,1,0.578631
9,45,<query>,0,0.519167
9,45,<query>,1,0.480833
9,45,<qvalue>,0,0.658523
9,45,<qvalue>,1,0.341477
9,45,<scheme>,0,0.233516
9,45,<scheme>,1,0.316441
9,45,<scheme>,2,0.281381
9,45,<scheme>,3,0.168662
9,45,<segment>,0,1.000000
9,45,<segments>,0,0.337178
9,45,<segments>,1,0.662822
9,45,<start>,0,1.000000
9,45,<url>,0,1.000000
9,45,<wchar>,0,0.174081
9,45,<wchar>,1,0.620534
9,45,<wchar>,2,0.072332
9,45,<wchar>,3,0.133053
9,45,<word>,0,0.675710
9,45,<word>,1,0.324290
9,50,<authority>,0,0.541244
9,50,<authority>,1,0.458756
9,50,<digit>,0,0.461930
9,50,<digit>,1,0.059949
9,50,<digit>,2,0.000000
9,50,<digit>,3,0.000000
9,50,<digit>,4,0.034682
9,50,<digit>,5,0.054133
9,50,<digit>,6,0.037087
9,50,<digit>,7,0.066850
9,50,<digit>,8,0.204813
9,50,<digit>,9,0.080556
9,50,<digits>,0,0.378856
9,50,<digits>,1,0.621144
9,50,<fragment>,0,0.416354
9,50,<fragment>,1,0.583646
9,50,<hex>,0,0.206661
9,50,<hex>,1,0.440561
9,50,<hex>,2,0.352778
9,50,<host>,0,0.567519
9,50,<host>,1,0.432481
9,50,<hostname>,0,0.659571
9,50,<hostname>,1,0.340429
9,50,<ipv4>,0,1.000000
9,50,<key>,0,1.000000
9,50,<label>,0,1.000000
9,50,<octet>,0,0.761281
9,50,<octet>,1,0.238719
9,50,<path>,0,0.163417
9,50,<path>,1,0.201801
9,50,<path>,2,0.634782
9,50,<pchar>,0,0.067054
9,50,<pchar>,1,0.291812
9,50,<pchar>,2,0.283006
9,50,<pchar>,3,0.083905
9,50,<pchar>,4,0.274224
9,50,<pchars>,0,0.525715
9,50,<pchars>,1,0.474285
9,50,<port>,0,1.000000
9,50,<qparam>,0,0.440607
9,50,<qparam>,1,0.559393
9,50,<qparams>,0,0.426395
9,50,<qparams>,1,0.573605
9,50,<query>,0,0.466021
9,50,<query>,1,0.533979
9,50,<qvalue>,0,0.745685
9,50,<qvalue>,1,0.254315
9,50,<scheme>,0,0.242473
9,50,<scheme>,1,0.287510
9,50,<scheme>,2,0.284459
9,50,<scheme>,3,0.185558
9,50,<segment>,0,1.000000
9,50,<segments>,0,0.317574
9,50,<segments>,1,0.682426
9,50,<start>,0,1.000000
9,50,<url>,0,1.000000
9,50,<wchar>,0,0.086338
9,50,<wchar>,1,0.648185
9,50,<wchar>,2,0.118979
9,50,<wchar>,3,0.146499
9,50,<word>,0,0.689234
9,50,<word>,1,0.310766
9,55,<authority>,0,0.559359
9,55,<authority>,1,0.440641
9,55,<digit>,0,0.414414
9,55,<digit>,1,0.107008
9,55,<digit>,2,0.031535
9,55,<digit>,3,0.011310
9,55,<digit>,4,0.030906
9,55,<digit>,5,0.026382
9,55,<digit>,6,0.049222
9,55,<digit>,7,0.044034
9,55,<digit>,8,0.179209
9,55,<digit>,9,0.105979
9,55,<digits>,0,0.354263
9,55,<digits>,1,0.645737
9,55,<fragment>,0,0.422336
9,55,<fragment>,1,0.577664
9,55,<hex>,0,0.229730
9,55,<hex>,1,0.429173
9,55,<hex>,2,0.341096
9,55,<host>,0,0.579983
9,55,<host>,1,0.420017
9,55,<hostname>,0,0.616354
9,55,<hostname>,1,0.383646
9,55,<ipv4>,0,1.000000
9,55,<key>,0,1.000000
9,55,<label>,0,1.000000
9,55,<octet>,0,0.759438
9,55,<octet>,1,0.240562
9,55,<path>,0,0.151686
9,55,<path>,1,0.228571
9,55,<path>,2,0.619743
9,55,<pchar>,0,0.087678
9,55,<pchar>,1,0.284402
9,55,<pchar>,2,0.266835
9,55,<pchar>,3,0.081889
9,55,<pchar>,4,0.279196
9,55,<pchars>,0,0.521991
9,55,<pchars>,1,0.478009
9,55,<port>,0,1.000000
9,55,<qparam>,0,0.491012
9,55,<qparam>,1,0.508988
9,55,<qparams>,0,0.383089
9,55,<qparams>,1,0.616911
9,55,<query>,0,0.474587
9,55,<query>,1,0.525413
9,55,<qvalue>,0,0.750167
9,55,<qvalue>,1,0.249833
9,55,<scheme>,0,0.147615
9,55,<scheme>,1,0.285192
9,55,<scheme>,2,0.330102
9,55,<scheme>,3,0.237090
9,55,<segment>,0,1.000000
9,55,<segments>,0,0.320942
9,55,<segments>,1,0.679058
9,55,<start>,0,1.000000
9,55,<url>,0,1.000000
9,55,<wchar>,0,0.010559
9,55,<wchar>,1,0.697801
9,55,<wchar>,2,0.176301
9,55,<wchar>,3,0.115339
9,55,<word>,0,0.678400
9,55,<word>,1,0.321600
9,59,<authority>,0,0.537749
9,59,<authority>,1,0.462251
9,59,<digit>,0,0.414651
9,59,<digit>,1,0.046049
9,59,<digit>,2,0.028262
9,59,<digit>,3,0.012406
9,59,<digit>,4,0.029129
9,59,<digit>,5,0.029012
9,59,<digit>,6,0.065180
9,59,<digit>,7,0.075114
9,59,<digit>,8,0.195456
9,59,<digit>,9,0.104742
9,59,<digits>,0,0.374995
9,59,<digits>,1,0.625005
9,59,<fragment>,0,0.416701
9,59,<fragment>,1,0.583299
9,59,<hex>,0,0.171084
9,59,<hex>,1,0.469558
9,59,<hex>,2,0.359358
9,59,<host>,0,0.574195
9,59,<host>,1,0.425805
9,59,<hostname>,0,0.660594
9,59,<hostname>,1,0.339406
9,59,<ipv4>,0,1.000000
9,59,<key>,0,1.000000
9,59,<label>,0,1.000000
9,59,<octet>,0,0.781391
9,59,<octet>,1,0.218609
9,59,<path>,0,0.170095
9,59,<path>,1,0.200162
9,59,<path>,2,0.629743
9,59,<pchar>,0,0.114165
9,59,<pchar>,1,0.282068
9,59,<pchar>,2,0.242988
9,59,<pchar>,3,0.092641
9,59,<pchar>,4,0.268137
9,59,<pchars>,0,0.517600
9,59,<pchars>,1,0.482400
9,59,<port>,0,1.000000
9,59,<qparam>,0,0.485665
9,59,<qparam>,1,0.514335
9,59,<qparams>,0,0.387678
9,59,<qparams>,1,0.612322
9,59,<query>,0,0.464438
9,59,<query>,1,0.535562
9,59,<qvalue>,0,0.666651
9,59,<qvalue>,1,0.333349
9,59,<scheme>,0,0.274025
9,59,<scheme>,1,0.198755
9,59,<scheme>,2,0.304062
9,59,<scheme>,3,0.223158
9,59,<segment>,0,1.000000
9,59,<segments>,0,0.303192
9,59,<segments>,1,0.696808
9,59,<start>,0,1.000000
9,59,<url>,0,1.000000
9,59,<wchar>,0,0.078683
9,59,<wchar>,1,0.624739
9,59,<wchar>,2,0.129035
9,59,<wchar>,3,0.167544
9,59,<word>,0,0.684202
9,59,<word>,1,0.315798
10,0,<authority>,0,0.666051
10,0,<authority>,1,0.333949
10,0,<digit>,0,0.116279
10,0,<digit>,1,0.105211
10,0,<digit>,2,0.102982
10,0,<digit>,3,0.140762
10,0,<digit>,4,0.166782
10,0,<digit>,5,0.078198
10,0,<digit>,6,0.115642
10,0,<digit>,7,0.092830
10,0,<digit>,8,0.040651
10,0,<digit>,9,0.040663
10,0,<digits>,0,0.370323
10,0,<digits>,1,0.629677
10,0,<fragment>,0,0.730586
10,0,<fragment>,1,0.269414
10,0,<hex>,0,0.486785
10,0,<hex>,1,0.340102
10,0,<hex>,2,0.173113
10,0,<host>,0,0.515702
10,0,<host>,1,0.484298
10,0,<hostname>,0,0.458794
10,0,<hostname>,1,0.541206
10,0,<ipv4>,0,1.000000
10,0,<key>,0,1.000000
10,0,<label>,0,1.000000
10,0,<octet>,0,0.371926
10,0,<octet>,1,0.628074
10,0,<path>,0,0.380127
10,0,<path>,1,0.397215
10,0,<path>,2,0.222658
10,0,<pchar>,0,0.185146
10,0,<pchar>,1,0.168403
10,0,<pchar>,2,0.238883
10,0,<pchar>,3,0.200073
10,0,<pchar>,4,0.207494
10,0,<pchars>,0,0.396565
10,0,<pchars>,1,0.603435
10,0,<port>,0,1.000000
10,0,<qparam>,0,0.473620
10,0,<qparam>,1,0.526380
10,0,<qparams>,0,0.524123
10,0,<qparams>,1,0.475877
10,0,<query>,0,0.398155
10,0,<query>,1,0.601845
10,0,<qvalue>,0,0.572959
10,0,<qvalue>,1,0.427041
10,0,<scheme>,0,0.237681
10,0,<scheme>,1,0.260125
10,0,<scheme>,2,0.368151
10,0,<scheme>,3,0.134043
10,0,<segment>,0,1.000000
10,0,<segments>,0,0.467131
10,0,<segments>,1,0.532869
10,0,<start>,0,1.000000
10,0,<url>,0,1.000000
10,0,<wchar>,0,0.101364
10,0,<wchar>,1,0.353415
10,0,<wchar>,2,0.304801
10,0,<wchar>,3,0.240420
10,0,<word>,0,0.557606
10,0,<word>,1,0.442394
10,5,<authority>,0,0.459770
10,5,<authority>,1,0.540230
10,5,<digit>,0,0.091994
10,5,<digit>,1,0.077069
10,5,<digit>,2,0.132397
10,5,<digit>,3,0.096543
10,5,<digit>,4,0.130521
10,5,<digit>,5,0.133794
10,5,<digit>,6,0.013188
10,5,<digit>,7,0.057159
10,5,<digit>,8,0.123922
10,5,<digit>,9,0.143412
10,5,<digits>,0,0.450738
10,5,<digits>,1,0.549262
10,5,<fragment>,0,0.557835
10,5,<fragment>,1,0.442165
10,5,<hex>,0,0.389597
10,5,<hex>,1,0.278534
10,5,<hex>,2,0.331869
10,5,<host>,0,0.586940
10,5,<host>,1,0.413060
10,5,<hostname>,0,0.507165
10,5,<hostname>,1,0.492835
10,5,<ipv4>,0,1.000000
10,5,<key>,0,1.000000
10,5,<label>,0,1.000000
10,5,<octet>,0,0.459958
10,5,<octet>,1,0.540042
10,5,<path>,0,0.257305
10,5,<path>,1,0.343860
10,5,<path>,2,0.398835
10,5,<pchar>,0,0.255039
10,5,<pchar>,1,0.152390
10,5,<pchar>,2,0.169846
10,5,<pchar>,3,0.111487
10,5,<pchar>,4,0.311237
10,5,<pchars>,0,0.554064
10,5,<pchars>,1,0.445936
10,5,<port>,0,1.000000
10,5,<qparam>,0,0.775995
10,5,<qparam>,1,0.224005
10,5,<qparams>,0,0.417800
10,5,<qparams>,1,0.582200
10,5,<query>,0,0.570778
10,5,<query>,1,0.429222
10,5,<qvalue>,0,0.528797
10,5,<qvalue>,1,0.471203
10,5,<scheme>,0,0.186572
10,5,<scheme>,1,0.310073
10,5,<scheme>,2,0.222947
10,5,<scheme>,3,0.280408
10,5,<segment>,0,1.000000
10,5,<segments>,0,0.346484
10,5,<segments>,1,0.653516
10,5,<start>,0,1.000000
10,5,<url>,0,1.000000
10,5,<wchar>,0,0.217984
10,5,<wchar>,1,0.336385
10,5,<wchar>,2,0.228466
10,5,<wchar>,3,0.217164
10,5,<word>,0,0.536493
10,5,<word>,1,0.463507
10,10,<authority>,0,0.557500
10,10,<authority>,1,0.442500
10,10,<digit>,0,0.095462
10,10,<digit>,1,0.075620
10,10,<digit>,2,0.109474
10,10,<digit>,3,0.044030
10,10,<digit>,4,0.042632
10,10,<digit>,5,0.194611
10,10,<digit>,6,0.246330
10,10,<digit>,7,0.004327
10,10,<digit>,8,0.114605
10,10,<digit>,9,0.072909
10,10,<digits>,0,0.396334
10,10,<digits>,1,0.603666
10,10,<fragment>,0,0.555432
10,10,<fragment>,1,0.444568
10,10,<hex>,0,0.363457
10,10,<hex>,1,0.358663
10,10,<hex>,2,0.277880
10,10,<host>,0,0.641414
10,10,<host>,1,0.358586
10,10,<hostname>,0,0.449751
10,10,<hostname>,1,0.550249
10,10,<ipv4>,0,1.000000
10,10,<key>,0,1.000000
10,10,<label>,0,1.000000
10,10,<octet>,0,0.439047
10,10,<octet>,1,0.560953
10,10,<path>,0,0.220941
10,10,<path>,1,0.256399
10,10,<path>,2,0.522659
10,10,<pchar>,0,0.237795
10,10,<pchar>,1,0.148324
10,10,<pchar>,2,0.178698
10,10,<pchar>,3,0.100053
10,10,<pchar>,4,0.335129
10,10,<pchars>,0,0.541755
10,10,<pchars>,1,0.458245
10,10,<port>,0,1.000000
10,10,<qparam>,0,0.735685
10,10,<qparam>,1,0.264315
10,10,<qparams>,0,0.432772
10,10,<qparams>,1,0.567228
10,10,<query>,0,0.539280
10,10,<query>,1,0.460720
10,10,<qvalue>,0,0.583172
10,10,<qvalue>,1,0.416828
10,10,<scheme>,0,0.233033
10,10,<scheme>,1,0.223749
10,10,<scheme>,2,0.257642
10,10,<scheme>,3,0.285576
10,10,<segment>,0,1.000000
10,10,<segments>,0,0.359806
10,10,<segments>,1,0.640194
10,10,<start>,0,1.000000
10,10,<url>,0,1.000000
10,10,<wchar>,0,0.256235
10,10,<wchar>,1,0.259099
10,10,<wchar>,2,0.259177
10,10,<wchar>,3,0.225488
10,10,<word>,0,0.636197
10,10,<word>,1,0.363803
10,15,<authority>,0,0.530091
10,15,<authority>,1,0.469909
10,15,<digit>,0,0.130353
10,15,<digit>,1,0.032663
10,15,<digit>,2,0.090595
10,15,<digit>,3,0.080373
10,15,<digit>,4,0.008490
10,15,<digit>,5,0.114957
10,15,<digit>,6,0.033760
10,15,<digit>,7,0.039463
10,15,<digit>,8,0.337803
10,15,<digit>,9,0.131542
10,15,<digits>,0,0.353899
10,15,<digits>,1,0.646101
10,15,<fragment>,0,0.535454
10,15,<fragment>,1,0.464546
10,15,<hex>,0,0.552610
10,15,<hex>,1,0.334142
10,15,<hex>,2,0.113248
10,15,<host>,0,0.556000
10,15,<host>,1,0.444000
10,15,<hostname>,0,0.454716
10,15,<hostname>,1,0.545284
10,15,<ipv4>,0,1.000000
10,15,<key>,0,1.000000
10,15,<label>,0,1.000000
10,15,<octet>,0,0.510410
10,15,<octet>,1,0.489590
10,15,<path>,0,0.288888
10,15,<path>,1,0.239777
10,15,<path>,2,0.471334
10,15,<pchar>,0,0.256081
10,15,<pchar>,1,0.257920
10,15,<pchar>,2,0.183921
10,15,<pchar>,3,0.173869
10,15,<pchar>,4,0.128209
10,15,<pchars>,0,1.000000
10,15,<pchars>,1,0.000000
10,15,<port>,0,1.000000
10,15,<qparam>,0,0.517826
10,15,<qparam>,1,0.482174
10,15,<qparams>,0,0.458945
10,15,<qparams>,1,0.541055
10,15,<query>,0,0.542107
10,15,<query>,1,0.457893
10,15,<qvalue>,0,0.515547
10,15,<qvalue>,1,0.484453
10,15,<scheme>,0,0.273388
10,15,<scheme>,1,0.100940
10,15,<scheme>,2,0.363867
10,15,<scheme>,3,0.261804
10,15,<segment>,0,1.000000
10,15,<segments>,0,0.225504
10,15,<segments>,1,0.774496
10,15,<start>,0,1.000000
10,15,<url>,0,1.000000
10,15,<wchar>,0,0.229741
10,15,<wchar>,1,0.343741
10,15,<wchar>,2,0.161417
10,15,<wchar>,3,0.265100
10,15,<word>,0,0.602644
10,15,<word>,1,0.397356
10,20,<authority>,0,0.531947
10,20,<authority>,1,0.468053
10,20,<digit>,0,0.070585
10,20,<digit>,1,0.031012
10,20,<digit>,2,0.099086
10,20,<digit>,3,0.020315
10,20,<digit>,4,0.079985
10,20,<digit>,5,0.100505
10,20,<digit>,6,0.055625
10,20,<digit>,7,0.058818
10,20,<digit>,8,0.421884
10,20,<digit>,9,0.062185
10,20,<digits>,0,0.543189
10,20,<digits>,1,0.456811
10,20,<fragment>,0,0.555030
10,20,<fragment>,1,0.444970
10,20,<hex>,0,0.500198
10,20,<hex>,1,0.315603
10,20,<hex>,2,0.184199
10,20,<host>,0,0.620356
10,20,<host>,1,0.379644
10,20,<hostname>,0,0.449132
10,20,<hostname>,1,0.550868
10,20,<ipv4>,0,1.000000
10,20,<key>,0,1.000000
10,20,<label>,0,1.000000
10,20,<octet>,0,0.415496
10,20,<octet>,1,0.584504
10,20,<path>,0,0.288958
10,20,<path>,1,0.226709
10,20,<path>,2,0.484333
10,20,<pchar>,0,0.248948
10,20,<pchar>,1,0.138389
10,20,<pchar>,2,0.182458
10,20,<pchar>,3,0.106480
10,20,<pchar>,4,0.323725
10,20,<pchars>,0,0.653043
10,20,<pchars>,1,0.346957
10,20,<port>,0,1.000000
10,20,<qparam>,0,0.674151
10,20,<qparam>,1,0.325849
10,20,<qparams>,0,0.405584
10,20,<qparams>,1,0.594416
10,20,<query>,0,0.457190
10,20,<query>,1,0.542810
10,20,<qvalue>,0,0.564362
10,20,<qvalue>,1,0.435638
10,20,<scheme>,0,0.337767
10,20,<scheme>,1,0.237209
10,20,<scheme>,2,0.191680
10,20,<scheme>,3,0.233344
10,20,<segment>,0,1.000000
10,20,<segments>,0,0.187217
10,20,<segments>,1,0.812783
10,20,<start>,0,1.000000
10,20,<url>,0,1.000000
10,20,<wchar>,0,0.221497
10,20,<wchar>,1,0.439965
10,20,<wchar>,2,0.000000
10,20,<wchar>,3,0.338538
10,20,<word>,0,0.566781
10,20,<word>,1,0.433219
10,25,<authority>,0,0.553241
10,25,<authority>,1,0.446759
10,25,<digit>,0,0.288715
10,25,<digit>,1,0.064869
10,25,<digit>,2,0.154205
10,25,<digit>,3,0.042448
10,25,<digit>,4,0.033939
10,25,<digit>,5,0.047395
10,25,<digit>,6,0.021841
10,25,<digit>,7,0.000000
10,25,<digit>,8,0.258285
10,25,<digit>,9,0.088304
10,25,<digits>,0,0.398654
10,25,<digits>,1,0.601346
10,25,<fragment>,0,0.543367
10,25,<fragment>,1,0.456633
10,25,<hex>,0,0.387102
10,25,<hex>,1,0.400987
10,25,<hex>,2,0.211911
10,25,<host>,0,0.551980
10,25,<host>,1,0.448020
10,25,<hostname>,0,0.426363
10,25,<hostname>,1,0.573637
10,25,<ipv4>,0,1.000000
10,25,<key>,0,1.000000
10,25,<label>,0,1.000000
10,25,<octet>,0,0.417683
10,25,<octet>,1,0.582317
10,25,<path>,0,0.242507
10,25,<path>,1,0.249659
10,25,<path>,2,0.507834
10,25,<pchar>,0,0.190981
10,25,<pchar>,1,0.219946
10,25,<pchar>,2,0.243039
10,25,<pchar>,3,0.099452
10,25,<pchar>,4,0.246583
10,25,<pchars>,0,0.665172
10,25,<pchars>,1,0.334828
10,25,<port>,0,1.000000
10,25,<qparam>,0,0.581588
10,25,<qparam>,1,0.418412
10,25,<qparams>,0,0.353406
10,25,<qparams>,1,0.646594
10,25,<query>,0,0.482352
10,25,<query>,1,0.517648
10,25,<qvalue>,0,0.000000
10,25,<qvalue>,1,1.000000
10,25,<scheme>,0,0.244971
10,25,<scheme>,1,0.191955
10,25,<scheme>,2,0.321498
10,25,<scheme>,3,0.241576
10,25,<segment>,0,1.000000
10,25,<segments>,0,0.189627
10,25,<segments>,1,0.810373
10,25,<start>,0,1.000000
10,25,<url>,0,1.000000
10,25,<wchar>,0,0.317111
10,25,<wchar>,1,0.321530
10,25,<wchar>,2,0.159316
10,25,<wchar>,3,0.202043
10,25,<word>,0,0.574262
10,25,<word>,1,0.425738
10,30,<authority>,0,0.577437
10,30,<authority>,1,0.422563
10,30,<digit>,0,0.273260
10,30,<digit>,1,0.047742
10,30,<digit>,2,0.076424
10,30,<digit>,3,0.069851
10,30,<digit>,4,0.046017
10,30,<digit>,5,0.039700
10,30,<digit>,6,0.102901
10,30,<digit>,7,0.023931
10,30,<digit>,8,0.213684
10,30,<digit>,9,0.106489
10,30,<digits>,0,0.436621
10,30,<digits>,1,0.563379
10,30,<fragment>,0,0.530395
10,30,<fragment>,1,0.469605
10,30,<hex>,0,0.336715
10,30,<hex>,1,0.457564
10,30,<hex>,2,0.205721
10,30,<host>,0,0.586258
10,30,<host>,1,0.413742
10,30,<hostname>,0,0.436633
10,30,<hostname>,1,0.563367
10,30,<ipv4>,0,1.000000
10,30,<key>,0,1.000000
10,30,<label>,0,1.000000
10,30,<octet>,0,0.456112
10,30,<octet>,1,0.543888
10,30,<path>,0,0.216463
10,30,<path>,1,0.220117
10,30,<path>,2,0.563420
10,30,<pchar>,0,0.271642
10,30,<pchar>,1,0.220268
10,30,<pchar>,2,0.243428
10,30,<pchar>,3,0.089264
10,30,<pchar>,4,0.175398
10,30,<pchars>,0,0.663240
10,30,<pchars>,1,0.336760
10,30,<port>,0,1.000000
10,30,<qparam>,0,0.587319
10,30,<qparam>,1,0.412681
10,30,<qparams>,0,0.385175
10,30,<qparams>,1,0.614825
10,30,<query>,0,0.462725
10,30,<query>,1,0.537275
10,30,<qvalue>,0,0.545749
10,30,<qvalue>,1,0.454251
10,30,<scheme>,0,0.283597
10,30,<scheme>,1,0.159540
10,30,<scheme>,2,0.314085
10,30,<scheme>,3,0.242778
10,30,<segment>,0,1.000000
10,30,<segments>,0,0.211827
10,30,<segments>,1,0.788173
10,30,<start>,0,1.000000
10,30,<url>,0,1.000000
10,30,<wchar>,0,0.352254
10,30,<wchar>,1,0.379640
10,30,<wchar>,2,0.062760
10,30,<wchar>,3,0.205346
10,30,<word>,0,0.565436
10,30,<word>,1,0.434564
10,35,<authority>,0,0.554130
10,35,<authority>,1,0.445870
10,35,<digit>,0,0.296088
10,35,<digit>,1,0.002914
10,35,<digit>,2,0.092029
10,35,<digit>,3,0.034210
10,35,<digit>,4,0.000000
10,35,<digit>,5,0.031712
10,35,<digit>,6,0.078120
10,35,<digit>,7,0.032617
10,35,<digit>,8,0.359453
10,35,<digit>,9,0.072858
10,35,<digits>,0,0.391597
10,35,<digits>,1,0.608403
10,35,<fragment>,0,0.538747
10,35,<fragment>,1,0.461253
10,35,<hex>,0,0.469338
10,35,<hex>,1,0.428521
10,35,<hex>,2,0.102141
10,35,<host>,0,0.620563
10,35,<host>,1,0.379437
10,35,<hostname>,0,0.504109
10,35,<hostname>,1,0.495891
10,35,<ipv4>,0,1.000000
10,35,<key>,0,1.000000
10,35,<label>,0,1.000000
10,35,<octet>,0,0.418565
10,35,<octet>,1,0.581435
10,35,<path>,0,0.208615
10,35,<path>,1,0.224452
10,35,<path>,2,0.566933
10,35,<pchar>,0,0.181666
10,35,<pchar>,1,0.138154
10,35,<pchar>,2,0.202032
10,35,<pchar>,3,0.082700
10,35,<pchar>,4,0.395448
10,35,<pchars>,0,0.772280
10,35,<pchars>,1,0.227720
10,35,<port>,0,1.000000
10,35,<qparam>,0,0.605315
10,35,<qparam>,1,0.394685
10,35,<qparams>,0,0.389100
10,35,<qparams>,1,0.610900
10,35,<query>,0,0.330182
10,35,<query>,1,0.669818
10,35,<qvalue>,0,0.474899
10,35,<qvalue>,1,0.525101
10,35,<scheme>,0,0.229151
10,35,<scheme>,1,0.232104
10,35,<scheme>,2,0.284921
10,35,<scheme>,3,0.253824
10,35,<segment>,0,1.000000
10,35,<segments>,0,0.196060
10,35,<segments>,1,0.803940
10,35,<start>,0,1.000000
10,35,<url>,0,1.000000
10,35,<wchar>,0,0.262415
10,35,<wchar>,1,0.571324
10,35,<wchar>,2,0.166261
10,35,<wchar>,3,0.000000
10,35,<word>,0,0.599034
10,35,<word>,1,0.400966
10,40,<authority>,0,0.568150
10,40,<authority>,1,0.431850
10,40,<digit>,0,0.293432
10,40,<digit>,1,0.013841
10,40,<digit>,2,0.102727
10,40,<digit>,3,0.025019
10,40,<digit>,4,0.031923
10,40,<digit>,5,0.034407
10,40,<digit>,6,0.093917
10,40,<digit>,7,0.016017
10,40,<digit>,8,0.303566
10,40,<digit>,9,0.085150
10,40,<digits>,0,0.390230
10,40,<digits>,1,0.609770
10,40,<fragment>,0,0.518846
10,40,<fragment>,1,0.481154
10,40,<hex>,0,0.465122
10,40,<hex>,1,0.451228
10,40,<hex>,2,0.083650
10,40,<host>,0,0.590904
10,40,<host>,1,0.409096
10,40,<hostname>,0,0.366911
10,40,<hostname>,1,0.633089
10,40,<ipv4>,0,1.000000
10,40,<key>,0,1.000000
10,40,<label>,0,1.000000
10,40,<octet>,0,0.428866
10,40,<octet>,1,0.571134
10,40,<path>,0,0.207030
10,40,<path>,1,0.234310
10,40,<path>,2,0.558661
10,40,<pchar>,0,0.257042
10,40,<pchar>,1,0.223168
10,40,<pchar>,2,0.098237
10,40,<pchar>,3,0.075593
10,40,<pchar>,4,0.345961
10,40,<pchars>,0,0.742809
10,40,<pchars>,1,0.257191
10,40,<port>,0,1.000000
10,40,<qparam>,0,0.611039
10,40,<qparam>,1,0.388961
10,40,<qparams>,0,0.407562
10,40,<qparams>,1,0.592438
10,40,<query>,0,0.339300
10,40,<query>,1,0.660700
10,40,<qvalue>,0,0.501822
10,40,<qvalue>,1,0.498178
10,40,<scheme>,0,0.259778
10,40,<scheme>,1,0.242142
10,40,<scheme>,2,0.257794
10,40,<scheme>,3,0.240285
10,40,<segment>,0,1.000000
10,40,<segments>,0,0.196671
10,40,<segments>,1,0.803329
10,40,<start>,0,1.000000
10,40,<url>,0,1.000000
10,40,<wchar>,0,0.250262
10,40,<wchar>,1,0.550708
10,40,<wchar>,2,0.157330
10,40,<wchar>,3,0.041700
10,40,<word>,0,0.603033
10,40,<word>,1,0.396967
10,45,<authority>,0,0.603770
10,45,<authority>,1,0.396230
10,45,<digit>,0,0.222063
10,45,<digit>,1,0.006289
10,45,<digit>,2,0.088208
10,45,<digit>,3,0.003225
10,45,<digit>,4,0.019387
10,45,<digit>,5,0.044292
10,45,<digit>,6,0.059786
10,45,<digit>,7,0.000000
10,45,<digit>,8,0.340614
10,45,<digit>,9,0.216136
10,45,<digits>,0,0.306857
10,45,<digits>,1,0.693143
10,45,<fragment>,0,0.529694
10,45,<fragment>,1,0.470306
10,45,<hex>,0,0.417803
10,45,<hex>,1,0.505161
10,45,<hex>,2,0.077036
10,45,<host>,0,0.575348
10,45,<host>,1,0.424652
10,45,<hostname>,0,0.481943
10,45,<hostname>,1,0.518057
10,45,<ipv4>,0,1.000000
10,45,<key>,0,1.000000
10,45,<label>,0,1.000000
10,45,<octet>,0,0.449552
10,45,<octet>,1,0.550448
10,45,<path>,0,0.210605
10,45,<path>,1,0.254795
10,45,<path>,2,0.534600
10,45,<pchar>,0,0.252035
10,45,<pchar>,1,0.159850
10,45,<pchar>,2,0.129943
10,45,<pchar>,3,0.075340
10,45,<pchar>,4,0.382833
10,45,<pchars>,0,0.760265
10,45,<pchars>,1,0.239735
10,45,<port>,0,1.000000
10,45,<qparam>,0,0.580256
10,45,<qparam>,1,0.419744
10,45,<qparams>,0,0.391089
10,45,<qparams>,1,0.608911
10,45,<query>,0,0.332062
10,45,<query>,1,0.667938
10,45,<qvalue>,0,0.551570
10,45,<qvalue>,1,0.448430
10,45,<scheme>,0,0.245104
10,45,<scheme>,1,0.193795
10,45,<scheme>,2,0.321705
10,45,<scheme>,3,0.239395
10,45,<segment>,0,1.000000
10,45,<segments>,0,0.187375
10,45,<segments>,1,0.812625
10,45,<start>,0,1.000000
10,45,<url>,0,1.000000
10,45,<wchar>,0,0.212534
10,45,<wchar>,1,0.541864
10,45,<wchar>,2,0.154371
10,45,<wchar>,3,0.091232
10,45,<word>,0,0.567812
10,45,<word>,1,0.432188
10,50,<authority>,0,0.558024
10,50,<authority>,1,0.441976
10,50,<digit>,0,0.259267
10,50,<digit>,1,0.000659
10,50,<digit>,2,0.000000
10,50,<digit>,3,0.074889
10,50,<digit>,4,0.041878
10,50,<digit>,5,0.013828
10,50,<digit>,6,0.091557
10,50,<digit>,7,0.043626
10,50,<digit>,8,0.329979
10,50,<digit>,9,0.144318
10,50,<digits>,0,0.356599
10,50,<digits>,1,0.643401
10,50,<fragment>,0,0.488311
10,50,<fragment>,1,0.511689
10,50,<hex>,0,0.563556
10,50,<hex>,1,0.343628
10,50,<hex>,2,0.092816
10,50,<host>,0,0.588092
10,50,<host>,1,0.411908
10,50,<hostname>,0,0.480705
10,50,<hostname>,1,0.519295
10,50,<ipv4>,0,1.000000
10,50,<key>,0,1.000000
10,50,<label>,0,1.000000
10,50,<octet>,0,0.424729
10,50,<octet>,1,0.575271
10,50,<path>,0,0.225746
10,50,<path>,1,0.240103
10,50,<path>,2,0.534151
10,50,<pchar>,0,0.236359
10,50,<pchar>,1,0.183969
10,50,<pchar>,2,0.293853
10,50,<pchar>,3,0.064050
10,50,<pchar>,4,0.221769
10,50,<pchars>,0,0.773723
10,50,<pchars>,1,0.226277
10,50,<port>,0,1.000000
10,50,<qparam>,0,0.595609
10,50,<qparam>,1,0.404391
10,50,<qparams>,0,0.378116
10,50,<qparams>,1,0.621884
10,50,<query>,0,0.376803
10,50,<query>,1,0.623197
10,50,<qvalue>,0,0.517569
10,50,<qvalue>,1,0.482431
10,50,<scheme>,0,0.254752
10,50,<scheme>,1,0.174726
10,50,<scheme>,2,0.341679
10,50,<scheme>,3,0.228843
10,50,<segment>,0,1.000000
10,50,<segments>,0,0.158069
10,50,<segments>,1,0.841931
10,50,<start>,0,1.000000
10,50,<url>,0,1.000000
10,50,<wchar>,0,0.256911
10,50,<wchar>,1,0.579889
10,50,<wchar>,2,0.124249
10,50,<wchar>,3,0.038951
10,50,<word>,0,0.590608
10,50,<word>,1,0.409392
10,55,<authority>,0,0.554850
10,55,<authority>,1,0.445150
10,55,<digit>,0,0.183930
10,55,<digit>,1,0.000000
10,55,<digit>,2,0.080194
10,55,<digit>,3,0.000895
10,55,<digit>,4,0.057895
10,55,<digit>,5,0.010857
10,55,<digit>,6,0.191539
10,55,<digit>,7,0.000000
10,55,<digit>,8,0.390341
10,55,<digit>,9,0.084349
10,55,<digits>,0,0.282229
10,55,<digits>,1,0.717771
10,55,<fragment>,0,0.456114
10,55,<fragment>,1,0.543886
10,55,<hex>,0,0.560554
10,55,<hex>,1,0.341501
10,55,<hex>,2,0.097945
10,55,<host>,0,0.593148
10,55,<host>,1,0.406852
10,55,<hostname>,0,0.489522
10,55,<hostname>,1,0.510478
10,55,<ipv4>,0,1.000000
10,55,<key>,0,1.000000
10,55,<label>,0,1.000000
10,55,<octet>,0,0.376631
10,55,<octet>,1,0.623369
10,55,<path>,0,0.189747
10,55,<path>,1,0.207505
10,55,<path>,2,0.602748
10,55,<pchar>,0,0.249386
10,55,<pchar>,1,0.208848
10,55,<pchar>,2,0.207342
10,55,<pchar>,3,0.088697
10,55,<pchar>,4,0.245728
10,55,<pchars>,0,0.762164
10,55,<pchars>,1,0.237836
10,55,<port>,0,1.000000
10,55,<qparam>,0,0.593195
10,55,<qparam>,1,0.406805
10,55,<qparams>,0,0.318095
10,55,<qparams>,1,0.681905
10,55,<query>,0,0.350217
10,55,<query>,1,0.649783
10,55,<qvalue>,0,0.493206
10,55,<qvalue>,1,0.506794
10,55,<scheme>,0,0.251046
10,55,<scheme>,1,0.201422
10,55,<scheme>,2,0.306178
10,55,<scheme>,3,0.241354
10,55,<segment>,0,1.000000
10,55,<segments>,0,0.209032
10,55,<segments>,1,0.790968
10,55,<start>,0,1.000000
10,55,<url>,0,1.000000
10,55,<wchar>,0,0.258389
10,55,<wchar>,1,0.579545
10,55,<wchar>,2,0.141162
10,55,<wchar>,3,0.020904
10,55,<word>,0,0.607157
10,55,<word>,1,0.392843
10,59,<authority>,0,0.571929
10,59,<authority>,1,0.428071
10,59,<digit>,0,0.227148
10,59,<digit>,1,0.005453
10,59,<digit>,2,0.064149
10,59,<digit>,3,0.000000
10,59,<digit>,4,0.052652
10,59,<digit>,5,0.042827
10,59,<digit>,6,0.080937
10,59,<digit>,7,0.000000
10,59,<digit>,8,0.425672
10,59,<digit>,9,0.101161
10,59,<digits>,0,0.273659
10,59,<digits>,1,0.726341
10,59,<fragment>,0,0.474016
10,59,<fragment>,1,0.525984
10,59,<hex>,0,0.515144
10,59,<hex>,1,0.333209
10,59,<hex>,2,0.151647
10,59,<host>,0,0.593976
10,59,<host>,1,0.406024
10,59,<hostname>,0,0.498630
10,59,<hostname>,1,0.501370
10,59,<ipv4>,0,1.000000
10,59,<key>,0,1.000000
10,59,<label>,0,1.000000
10,59,<octet>,0,0.362629
10,59,<octet>,1,0.637371
10,59,<path>,0,0.216567
10,59,<path>,1,0.225715
10,59,<path>,2,0.557719
10,59,<pchar>,0,0.242752
10,59,<pchar>,1,0.206266
10,59,<pchar>,2,0.144152
10,59,<pchar>,3,0.096827
10,59,<pchar>,4,0.310003
10,59,<pchars>,0,0.751074
10,59,<pchars>,1,0.248926
10,59,<port>,0,1.000000
10,59,<qparam>,0,0.587035
10,59,<qparam>,1,0.412965
10,59,<qparams>,0,0.360343
10,59,<qparams>,1,0.639657
10,59,<query>,0,0.365510
10,59,<query>,1,0.634490
10,59,<qvalue>,0,0.462490
10,59,<qvalue>,1,0.537510
10,59,<scheme>,0,0.241100
10,59,<scheme>,1,0.194777
10,59,<scheme>,2,0.308574
10,59,<scheme>,3,0.255549
10,59,<segment>,0,1.000000
10,59,<segments>,0,0.203088
10,59,<segments>,1,0.796912
10,59,<start>,0,1.000000
10,59,<url>,0,1.000000
10,59,<wchar>,0,0.203194
10,59,<wchar>,1,0.605020
10,59,<wchar>,2,0.168169
10,59,<wchar>,3,0.023617
10,59,<word>,0,0.618789
10,59,<word>,1,0.381211
11,0,<authority>,0,0.408364
11,0,<authority>,1,0.591636
11,0,<digit>,0,0.107593
11,0,<digit>,1,0.084423
11,0,<digit>,2,0.117151
11,0,<digit>,3,0.060538
11,0,<digit>,4,0.091122
11,0,<digit>,5,0.117269
11,0,<digit>,6,0.101864
11,0,<digit>,7,0.124762
11,0,<digit>,8,0.113926
11,0,<digit>,9,0.081352
11,0,<digits>,0,0.416683
11,0,<digits>,1,0.583317
11,0,<fragment>,0,0.272011
11,0,<fragment>,1,0.727989
11,0,<hex>,0,0.502475
11,0,<hex>,1,0.340431
11,0,<hex>,2,0.157095
11,0,<host>,0,0.457762
11,0,<host>,1,0.542238
11,0,<hostname>,0,0.285610
11,0,<hostname>,1,0.714390
11,0,<ipv4>,0,1.000000
11,0,<key>,0,1.000000
11,0,<label>,0,1.000000
11,0,<octet>,0,0.351245
11,0,<octet>,1,0.648755
11,0,<path>,0,0.177689
11,0,<path>,1,0.517642
11,0,<path>,2,0.304669
11,0,<pchar>,0,0.269992
11,0,<pchar>,1,0.241350
11,0,<pchar>,2,0.155221
11,0,<pchar>,3,0.102170
11,0,<pchar>,4,0.231267
11,0,<pchars>,0,0.309906
11,0,<pchars>,1,0.690094
11,0,<port>,0,1.000000
11,0,<qparam>,0,0.550410
11,0,<qparam>,1,0.449590
11,0,<qparams>,0,0.625138
11,0,<qparams>,1,0.374862
11,0,<query>,0,0.310156
11,0,<query>,1,0.689844
11,0,<qvalue>,0,0.441233
11,0,<qvalue>,1,0.558767
11,0,<scheme>,0,0.350362
11,0,<scheme>,1,0.138005
11,0,<scheme>,2,0.188173
11,0,<scheme>,3,0.323460
11,0,<segment>,0,1.000000
11,0,<segments>,0,0.487390
11,0,<segments>,1,0.512610
11,0,<start>,0,1.000000
11,0,<url>,0,1.000000
11,0,<wchar>,0,0.260238
11,0,<wchar>,1,0.255182
11,0,<wchar>,2,0.258827
11,0,<wchar>,3,0.225753
11,0,<word>,0,0.619076
11,0,<word>,1,0.380924
11,5,<authority>,0,0.662687
11,5,<authority>,1,0.337313
11,5,<digit>,0,0.111854
11,5,<digit>,1,0.142438
11,5,<digit>,2,0.082700
11,5,<digit>,3,0.074792
11,5,<digit>,4,0.178506
11,5,<digit>,5,0.069257
11,5,<digit>,6,0.022869
11,5,<digit>,7,0.104602
11,5,<digit>,8,0.143495
11,5,<digit>,9,0.069489
11,5,<digits>,0,0.485710
11,5,<digits>,1,0.514290
11,5,<fragment>,0,0.410231
11,5,<fragment>,1,0.589769
11,5,<hex>,0,0.440150
11,5,<hex>,1,0.375287
11,5,<hex>,2,0.184563
11,5,<host>,0,0.431604
11,5,<host>,1,0.568396
11,5,<hostname>,0,0.463296
11,5,<hostname>,1,0.536704
11,5,<ipv4>,0,1.000000
11,5,<key>,0,1.000000
11,5,<label>,0,1.000000
11,5,<octet>,0,0.448908
11,5,<octet>,1,0.551092
11,5,<path>,0,0.242770
11,5,<path>,1,0.340581
11,5,<path>,2,0.416648
11,5,<pchar>,0,0.237040
11,5,<pchar>,1,0.253600
11,5,<pchar>,2,0.148274
11,5,<pchar>,3,0.144179
11,5,<pchar>,4,0.216907
11,5,<pchars>,0,0.558858
11,5,<pchars>,1,0.441142
11,5,<port>,0,1.000000
11,5,<qparam>,0,0.586634
11,5,<qparam>,1,0.413366
11,5,<qparams>,0,0.468201
11,5,<qparams>,1,0.531799
11,5,<query>,0,0.385242
11,5,<query>,1,0.614758
11,5,<qvalue>,0,0.718859
11,5,<qvalue>,1,0.281141
11,5,<scheme>,0,0.259248
11,5,<scheme>,1,0.308098
11,5,<scheme>,2,0.289130
11,5,<scheme>,3,0.143525
11,5,<segment>,0,1.000000
11,5,<segments>,0,0.333394
11,5,<segments>,1,0.666606
11,5,<start>,0,1.000000
11,5,<url>,0,1.000000
11,5,<wchar>,0,0.198659
11,5,<wchar>,1,0.286655
11,5,<wchar>,2,0.216550
11,5,<wchar>,3,0.298136
11,5,<word>,0,0.596094
11,5,<word>,1,0.403906
11,10,<authority>,0,0.506186
11,10,<authority>,1,0.493814
11,10,<digit>,0,0.165119
11,10,<digit>,1,0.051373
11,10,<digit>,2,0.079669
11,10,<digit>,3,0.107964
11,10,<digit>,4,0.033144
11,10,<digit>,5,0.102374
11,10,<digit>,6,0.042494
11,10,<digit>,7,0.106169
11,10,<digit>,8,0.185367
11,10,<digit>,9,0.126328
11,10,<digits>,0,0.478524
11,10,<digits>,1,0.521476
11,10,<fragment>,0,0.423497
11,10,<fragment>,1,0.576503
11,10,<hex>,0,0.313919
11,10,<hex>,1,0.390344
11,10,<hex>,2,0.295737
11,10,<host>,0,0.464935
11,10,<host>,1,0.535065
11,10,<hostname>,0,0.515058
11,10,<hostname>,1,0.484942
11,10,<ipv4>,0,1.000000
11,10,<key>,0,1.000000
11,10,<label>,0,1.000000
11,10,<octet>,0,0.421743
11,10,<octet>,1,0.578257
11,10,<path>,0,0.292055
11,10,<path>,1,0.312615
11,10,<path>,2,0.395331
11,10,<pchar>,0,0.125094
11,10,<pchar>,1,0.544434
11,10,<pchar>,2,0.168047
11,10,<pchar>,3,0.071090
11,10,<pchar>,4,0.091335
11,10,<pchars>,0,0.608344
11,10,<pchars>,1,0.391656
11,10,<port>,0,1.000000
11,10,<qparam>,0,0.562865
11,10,<qparam>,1,0.437135
11,10,<qparams>,0,0.443035
11,10,<qparams>,1,0.556965
11,10,<query>,0,0.425207
11,10,<query>,1,0.574793
11,10,<qvalue>,0,0.611530
11,10,<qvalue>,1,0.388470
11,10,<scheme>,0,0.225193
11,10,<scheme>,1,0.281524
11,10,<scheme>,2,0.263487
11,10,<scheme>,3,0.229796
11,10,<segment>,0,1.000000
11,10,<segments>,0,0.323265
11,10,<segments>,1,0.676735
11,10,<start>,0,1.000000
11,10,<url>,0,1.000000
11,10,<wchar>,0,0.189075
11,10,<wchar>,1,0.224284
11,10,<wchar>,2,0.294720
11,10,<wchar>,3,0.291921
11,10,<word>,0,0.611535
11,10,<word>,1,0.388465
11,15,<authority>,0,0.532990
11,15,<authority>,1,0.467010
11,15,<digit>,0,0.111424
11,15,<digit>,1,0.091030
11,15,<digit>,2,0.160658
11,15,<digit>,3,0.077575
11,15,<digit>,4,0.088563
11,15,<digit>,5,0.112363
11,15,<digit>,6,0.031585
11,15,<digit>,7,0.177626
11,15,<digit>,8,0.149177
11,15,<digit>,9,0.000000
11,15,<digits>,0,0.502292
11,15,<digits>,1,0.497708
11,15,<fragment>,0,0.462936
11,15,<fragment>,1,0.537064
11,15,<hex>,0,0.388335
11,15,<hex>,1,0.336509
11,15,<hex>,2,0.275156
11,15,<host>,0,0.489173
11,15,<host>,1,0.510827
11,15,<hostname>,0,0.463807
11,15,<hostname>,1,0.536193
11,15,<ipv4>,0,1.000000
11,15,<key>,0,1.000000
11,15,<label>,0,1.000000
11,15,<octet>,0,0.422365
11,15,<octet>,1,0.577635
11,15,<path>,0,0.222741
11,15,<path>,1,0.388409
11,15,<path>,2,0.388850
11,15,<pchar>,0,0.253714
11,15,<pchar>,1,0.296129
11,15,<pchar>,2,0.218560
11,15,<pchar>,3,0.070739
11,15,<pchar>,4,0.160857
11,15,<pchars>,0,0.590040
11,15,<pchars>,1,0.409960
11,15,<port>,0,1.000000
11,15,<qparam>,0,0.569369
11,15,<qparam>,1,0.430631
11,15,<qparams>,0,0.459363
11,15,<qparams>,1,0.540637
11,15,<query>,0,0.379094
11,15,<query>,1,0.620906
11,15,<qvalue>,0,0.602267
11,15,<qvalue>,1,0.397733
11,15,<scheme>,0,0.246623
11,15,<scheme>,1,0.310059
11,15,<scheme>,2,0.326805
11,15,<scheme>,3,0.116513
11,15,<segment>,0,1.000000
11,15,<segments>,0,0.367457
11,15,<segments>,1,0.632543
11,15,<start>,0,1.000000
11,15,<url>,0,1.000000
11,15,<wchar>,0,0.174745
11,15,<wchar>,1,0.248519
11,15,<wchar>,2,0.253153
11,15,<wchar>,3,0.323583
11,15,<word>,0,0.526424
11,15,<word>,1,0.473576
11,20,<authority>,0,0.486769
11,20,<authority>,1,0.513231
11,20,<digit>,0,0.131224
11,20,<digit>,1,0.031275
11,20,<digit>,2,0.080773
11,20,<digit>,3,0.051311
11,20,<digit>,4,0.124582
11,20,<digit>,5,0.070654
11,20,<digit>,6,0.001065
11,20,<digit>,7,0.141301
11,20,<digit>,8,0.214805
11,20,<digit>,9,0.153009
11,20,<digits>,0,0.423139
11,20,<digits>,1,0.576861
11,20,<fragment>,0,0.467619
11,20,<fragment>,1,0.532381
11,20,<hex>,0,0.298758
11,20,<hex>,1,0.374098
11,20,<hex>,2,0.327144
11,20,<host>,0,0.490557
11,20,<host>,1,0.509443
11,20,<hostname>,0,0.683763
11,20,<hostname>,1,0.316237
11,20,<ipv4>,0,1.000000
11,20,<key>,0,1.000000
11,20,<label>,0,1.000000
11,20,<octet>,0,0.415218
11,20,<octet>,1,0.584782
11,20,<path>,0,0.253017
11,20,<path>,1,0.294301
11,20,<path>,2,0.452682
11,20,<pchar>,0,0.233399
11,20,<pchar>,1,0.144055
11,20,<pchar>,2,0.393541
11,20,<pchar>,3,0.092332
11,20,<pchar>,4,0.136674
11,20,<pchars>,0,0.634103
11,20,<pchars>,1,0.365897
11,20,<port>,0,1.000000
11,20,<qparam>,0,0.590946
11,20,<qparam>,1,0.409054
11,20,<qparams>,0,0.419378
11,20,<qparams>,1,0.580622
11,20,<query>,0,0.423570
11,20,<query>,1,0.576430
11,20,<qvalue>,0,0.507774
11,20,<qvalue>,1,0.492226
11,20,<scheme>,0,0.242464
11,20,<scheme>,1,0.278469
11,20,<scheme>,2,0.248697
11,20,<scheme>,3,0.230370
11,20,<segment>,0,1.000000
11,20,<segments>,0,0.185397
11,20,<segments>,1,0.814603
11,20,<start>,0,1.000000
11,20,<url>,0,1.000000
11,20,<wchar>,0,0.254550
11,20,<wchar>,1,0.153817
11,20,<wchar>,2,0.276086
11,20,<wchar>,3,0.315547
11,20,<word>,0,0.588916
11,20,<word>,1,0.411084
11,25,<authority>,0,0.477536
11,25,<authority>,1,0.522464
11,25,<digit>,0,0.099023
11,25,<digit>,1,0.045206
11,25,<digit>,2,0.085645
11,25,<digit>,3,0.223376
11,25,<digit>,4,0.098497
11,25,<digit>,5,0.042648
11,25,<digit>,6,0.013093
11,25,<digit>,7,0.126264
11,25,<digit>,8,0.202928
11,25,<digit>,9,0.063320
11,25,<digits>,0,0.431753
11,25,<digits>,1,0.568247
11,25,<fragment>,0,0.450945
11,25,<fragment>,1,0.549055
11,25,<hex>,0,0.404112
11,25,<hex>,1,0.342222
11,25,<hex>,2,0.253665
11,25,<host>,0,0.474463
11,25,<host>,1,0.525537
11,25,<hostname>,0,0.611994
11,25,<hostname>,1,0.388006
11,25,<ipv4>,0,1.000000
11,25,<key>,0,1.000000
11,25,<label>,0,1.000000
11,25,<octet>,0,0.396572
11,25,<octet>,1,0.603428
11,25,<path>,0,0.231736
11,25,<path>,1,0.338026
11,25,<path>,2,0.430238
11,25,<pchar>,0,0.262749
11,25,<pchar>,1,0.335422
11,25,<pchar>,2,0.159036
11,25,<pchar>,3,0.120142
11,25,<pchar>,4,0.122651
11,25,<pchars>,0,0.595858
11,25,<pchars>,1,0.404142
11,25,<port>,0,1.000000
11,25,<qparam>,0,0.620960
11,25,<qparam>,1,0.379040
11,25,<qparams>,0,0.432712
11,25,<qparams>,1,0.567288
11,25,<query>,0,0.412609
11,25,<query>,1,0.587391
11,25,<qvalue>,0,0.561573
11,25,<qvalue>,1,0.438427
11,25,<scheme>,0,0.221614
11,25,<scheme>,1,0.296294
11,25,<scheme>,2,0.269712
11,25,<scheme>,3,0.212380
11,25,<segment>,0,1.000000
11,25,<segments>,0,0.257678
11,25,<segments>,1,0.742322
11,25,<start>,0,1.000000
11,25,<url>,0,1.000000
11,25,<wchar>,0,0.202877
11,25,<wchar>,1,0.306405
11,25,<wchar>,2,0.243846
11,25,<wchar>,3,0.246872
11,25,<word>,0,0.596862
11,25,<word>,1,0.403138
11,30,<authority>,0,0.471804
11,30,<authority>,1,0.528196
11,30,<digit>,0,0.102764
11,30,<digit>,1,0.044173
11,30,<digit>,2,0.045360
11,30,<digit>,3,0.120135
11,30,<digit>,4,0.318143
11,30,<digit>,5,0.059038
11,30,<digit>,6,0.001382
11,30,<digit>,7,0.105442
11,30,<digit>,8,0.140411
11,30,<digit>,9,0.063151
11,30,<digits>,0,0.415640
11,30,<digits>,1,0.584360
11,30,<fragment>,0,0.532985
11,30,<fragment>,1,0.467015
11,30,<hex>,0,0.309670
11,30,<hex>,1,0.428484
11,30,<hex>,2,0.261845
11,30,<host>,0,0.499045
11,30,<host>,1,0.500955
11,30,<hostname>,0,0.563197
11,30,<hostname>,1,0.436803
11,30,<ipv4>,0,1.000000
11,30,<key>,0,1.000000
11,30,<label>,0,1.000000
11,30,<octet>,0,0.386209
11,30,<octet>,1,0.613791
11,30,<path>,0,0.202210
11,30,<path>,1,0.288745
11,30,<path>,2,0.509045
11,30,<pchar>,0,0.275417
11,30,<pchar>,1,0.361183
11,30,<pchar>,2,0.230659
11,30,<pchar>,3,0.121288
11,30,<pchar>,4,0.011453
11,30,<pchars>,0,0.756920
11,30,<pchars>,1,0.243080
11,30,<port>,0,1.000000
11,30,<qparam>,0,0.632147
11,30,<qparam>,1,0.367853
11,30,<qparams>,0,0.402575
11,30,<qparams>,1,0.597425
11,30,<query>,0,0.400680
11,30,<query>,1,0.599320
11,30,<qvalue>,0,0.567296
11,30,<qvalue>,1,0.432704
11,30,<scheme>,0,0.260671
11,30,<scheme>,1,0.312797
11,30,<scheme>,2,0.193871
11,30,<scheme>,3,0.232661
11,30,<segment>,0,1.000000
11,30,<segments>,0,0.281358
11,30,<segments>,1,0.718642
11,30,<start>,0,1.000000
11,30,<url>,0,1.000000
11,30,<wchar>,0,0.145396
11,30,<wchar>,1,0.420350
11,30,<wchar>,2,0.145472
11,30,<wchar>,3,0.288782
11,30,<word>,0,0.638782
11,30,<word>,1,0.361218
11,35,<authority>,0,0.476181
11,35,<authority>,1,0.523819
11,35,<digit>,0,0.209965
11,35,<digit>,1,0.041818
11,35,<digit>,2,0.061368
11,35,<digit>,3,0.121291
11,35,<digit>,4,0.299831
11,35,<digit>,5,0.009320
11,35,<digit>,6,0.004160
11,35,<digit>,7,0.073100
11,35,<digit>,8,0.135811
11,35,<digit>,9,0.043335
11,35,<digits>,0,0.415368
11,35,<digits>,1,0.584632
11,35,<fragment>,0,0.536405
11,35,<fragment>,1,0.463595
11,35,<hex>,0,0.463098
11,35,<hex>,1,0.536902
11,35,<hex>,2,0.000000
11,35,<host>,0,0.480720
11,35,<host>,1,0.519280
11,35,<hostname>,0,0.586331
11,35,<hostname>,1,0.413669
11,35,<ipv4>,0,1.000000
11,35,<key>,0,1.000000
11,35,<label>,0,1.000000
11,35,<octet>,0,0.398667
11,35,<octet>,1,0.601333
11,35,<path>,0,0.236656
11,35,<path>,1,0.280563
11,35,<path>,2,0.482780
11,35,<pchar>,0,0.253939
11,35,<pchar>,1,0.140315
11,35,<pchar>,2,0.383235
11,35,<pchar>,3,0.097213
11,35,<pchar>,4,0.125299
11,35,<pchars>,0,0.694984
11,35,<pchars>,1,0.305016
11,35,<port>,0,1.000000
11,35,<qparam>,0,0.668091
11,35,<qparam>,1,0.331909
11,35,<qparams>,0,0.380921
11,35,<qparams>,1,0.619079
11,35,<query>,0,0.392360
11,35,<query>,1,0.607640
11,35,<qvalue>,0,0.531432
11,35,<qvalue>,1,0.468568
11,35,<scheme>,0,0.238653
11,35,<scheme>,1,0.320444
11,35,<scheme>,2,0.225392
11,35,<scheme>,3,0.215511
11,35,<segment>,0,1.000000
11,35,<segments>,0,0.310577
11,35,<segments>,1,0.689423
11,35,<start>,0,1.000000
11,35,<url>,0,1.000000
11,35,<wchar>,0,0.163846
11,35,<wchar>,1,0.410981
11,35,<wchar>,2,0.131502
11,35,<wchar>,3,0.293671
11,35,<word>,0,0.602724
11,35,<word>,1,0.397276
11,40,<authority>,0,0.479565
11,40,<authority>,1,0.520435
11,40,<digit>,0,0.183635
11,40,<digit>,1,0.026751
11,40,<digit>,2,0.087395
11,40,<digit>,3,0.192491
11,40,<digit>,4,0.242409
11,40,<digit>,5,0.036537
11,40,<digit>,6,0.002053
11,40,<digit>,7,0.037837
11,40,<digit>,8,0.190891
11,40,<digit>,9,0.000000
11,40,<digits>,0,0.413993
11,40,<digits>,1,0.586007
11,40,<fragment>,0,0.510411
11,40,<fragment>,1,0.489589
11,40,<hex>,0,0.348842
11,40,<hex>,1,0.393000
11,40,<hex>,2,0.258158
11,40,<host>,0,0.506210
11,40,<host>,1,0.493790
11,40,<hostname>,0,0.580517
11,40,<hostname>,1,0.419483
11,40,<ipv4>,0,1.000000
11,40,<key>,0,1.000000
11,40,<label>,0,1.000000
11,40,<octet>,0,0.430543
11,40,<octet>,1,0.569457
11,40,<path>,0,0.235592
11,40,<path>,1,0.274968
11,40,<path>,2,0.489440
11,40,<pchar>,0,0.285495
11,40,<pchar>,1,0.259012
11,40,<pchar>,2,0.192239
11,40,<pchar>,3,0.098087
11,40,<pchar>,4,0.165166
11,40,<pchars>,0,0.745775
11,40,<pchars>,1,0.254225
11,40,<port>,0,1.000000
11,40,<qparam>,0,0.621304
11,40,<qparam>,1,0.378696
11,40,<qparams>,0,0.357520
11,40,<qparams>,1,0.642480
11,40,<query>,0,0.393849
11,40,<query>,1,0.606151
11,40,<qvalue>,0,0.583403
11,40,<qvalue>,1,0.416597
11,40,<scheme>,0,0.273112
11,40,<scheme>,1,0.283532
11,40,<scheme>,2,0.226683
11,40,<scheme>,3,0.216673
11,40,<segment>,0,1.000000
11,40,<segments>,0,0.245458
11,40,<segments>,1,0.754542
11,40,<start>,0,1.000000
11,40,<url>,0,1.000000
11,40,<wchar>,0,0.185156
11,40,<wchar>,1,0.417715
11,40,<wchar>,2,0.094496
11,40,<wchar>,3,0.302633
11,40,<word>,0,0.640371
11,40,<word>,1,0.359629
11,45,<authority>,0,0.472758
11,45,<authority>,1,0.527242
11,45,<digit>,0,0.267789
11,45,<digit>,1,0.008441
11,45,<digit>,2,0.110856
11,45,<digit>,3,0.066299
11,45,<digit>,4,0.093006
11,45,<digit>,5,0.000000
11,45,<digit>,6,0.011612
11,45,<digit>,7,0.075703
11,45,<digit>,8,0.308869
11,45,<digit>,9,0.057425
11,45,<digits>,0,0.415795
11,45,<digits>,1,0.584205
11,45,<fragment>,0,0.512599
11,45,<fragment>,1,0.487401
11,45,<hex>,0,0.343375
11,45,<hex>,1,0.515692
11,45,<hex>,2,0.140933
11,45,<host>,0,0.494622
11,45,<host>,1,0.505378
11,45,<hostname>,0,0.579259
11,45,<hostname>,1,0.420741
11,45,<ipv4>,0,1.000000
11,45,<key>,0,1.000000
11,45,<label>,0,1.000000
11,45,<octet>,0,0.427047
11,45,<octet>,1,0.572953
11,45,<path>,0,0.205939
11,45,<path>,1,0.269674
11,45,<path>,2,0.524387
11,45,<pchar>,0,0.268695
11,45,<pchar>,1,0.243979
11,45,<pchar>,2,0.222828
11,45,<pchar>,3,0.106600
11,45,<pchar>,4,0.157898
11,45,<pchars>,0,0.653271
11,45,<pchars>,1,0.346729
11,45,<port>,0,1.000000
11,45,<qparam>,0,0.690560
11,45,<qparam>,1,0.309440
11,45,<qparams>,0,0.339573
11,45,<qparams>,1,0.660427
11,45,<query>,0,0.420970
11,45,<query>,1,0.579030
11,45,<qvalue>,0,0.566222
11,45,<qvalue>,1,0.433778
11,45,<scheme>,0,0.202140
11,45,<scheme>,1,0.327853
11,45,<scheme>,2,0.223073
11,45,<scheme>,3,0.246934
11,45,<segment>,0,1.000000
11,45,<segments>,0,0.256302
11,45,<segments>,1,0.743698
11,45,<start>,0,1.000000
11,45,<url>,0,1.000000
11,45,<wchar>,0,0.162603
11,45,<wchar>,1,0.468258
11,45,<wchar>,2,0.134815
11,45,<wchar>,3,0.234324
11,45,<word>,0,0.702867
11,45,<word>,1,0.297133
11,50,<authority>,0,0.494350
11,50,<authority>,1,0.505650
11,50,<digit>,0,0.125689
11,50,<digit>,1,0.018117
11,50,<digit>,2,0.053559
11,50,<digit>,3,0.050894
11,50,<digit>,4,0.209332
11,50,<digit>,5,0.001422
11,50,<digit>,6,0.000471
11,50,<digit>,7,0.102077
11,50,<digit>,8,0.364612
11,50,<digit>,9,0.073828
11,50,<digits>,0,0.416665
11,50,<digits>,1,0.583335
11,50,<fragment>,0,0.527019
11,50,<fragment>,1,0.472981
11,50,<hex>,0,0.361664
11,50,<hex>,1,0.503451
11,50,<hex>,2,0.134885
11,50,<host>,0,0.499484
11,50,<host>,1,0.500516
11,50,<hostname>,0,0.546891
11,50,<hostname>,1,0.453109
11,50,<ipv4>,0,1.000000
11,50,<key>,0,1.000000
11,50,<label>,0,1.000000
11,50,<octet>,0,0.413396
11,50,<octet>,1,0.586604
11,50,<path>,0,0.182897
11,50,<path>,1,0.276133
11,50,<path>,2,0.540970
11,50,<pchar>,0,0.138368
11,50,<pchar>,1,0.229331
11,50,<pchar>,2,0.309717
11,50,<pchar>,3,0.148953
11,50,<pchar>,4,0.173632
11,50,<pchars>,0,0.718356
11,50,<pchars>,1,0.281644
11,50,<port>,0,1.000000
11,50,<qparam>,0,0.643277
11,50,<qparam>,1,0.356723
11,50,<qparams>,0,0.334118
11,50,<qparams>,1,0.665882
11,50,<query>,0,0.422852
11,50,<query>,1,0.577148
11,50,<qvalue>,0,0.556779
11,50,<qvalue>,1,0.443221
11,50,<scheme>,0,0.249170
11,50,<scheme>,1,0.306297
11,50,<scheme>,2,0.214831
11,50,<scheme>,3,0.229702
11,50,<segment>,0,1.000000
11,50,<segments>,0,0.153019
11,50,<segments>,1,0.846981
11,50,<start>,0,1.000000
11,50,<url>,0,1.000000
11,50,<wchar>,0,0.223428
11,50,<wchar>,1,0.417064
11,50,<wchar>,2,0.087936
11,50,<wchar>,3,0.271572
11,50,<word>,0,0.692636
11,50,<word>,1,0.307364
11,55,<authority>,0,0.479901
11,55,<authority>,1,0.520099
11,55,<digit>,0,0.168539
11,55,<digit>,1,0.045700
11,55,<digit>,2,0.102301
11,55,<digit>,3,0.039207
11,55,<digit>,4,0.194760
11,55,<digit>,5,0.018284
11,55,<digit>,6,0.022834
11,55,<digit>,7,0.089763
11,55,<digit>,8,0.270235
11,55,<digit>,9,0.048376
11,55,<digits>,0,0.421928
11,55,<digits>,1,0.578072
11,55,<fragment>,0,0.511487
11,55,<fragment>,1,0.488513
11,55,<hex>,0,0.399716
11,55,<hex>,1,0.436431
11,55,<hex>,2,0.163853
11,55,<host>,0,0.500664
11,55,<host>,1,0.499336
11,55,<hostname>,0,0.569345
11,55,<hostname>,1,0.430655
11,55,<ipv4>,0,1.000000
11,55,<key>,0,1.000000
11,55,<label>,0,1.000000
11,55,<octet>,0,0.415163
11,55,<octet>,1,0.584837
11,55,<path>,0,0.209119
11,55,<path>,1,0.208191
11,55,<path>,2,0.582690
11,55,<pchar>,0,0.262503
11,55,<pchar>,1,0.259198
11,55,<pchar>,2,0.210761
11,55,<pchar>,3,0.114931
11,55,<pchar>,4,0.152606
11,55,<pchars>,0,0.754233
11,55,<pchars>,1,0.245767
11,55,<port>,0,1.000000
11,55,<qparam>,0,0.699867
11,55,<qparam>,1,0.300133
11,55,<qparams>,0,0.341361
11,55,<qparams>,1,0.658639
11,55,<query>,0,0.412353
11,55,<query>,1,0.587647
11,55,<qvalue>,0,0.567511
11,55,<qvalue>,1,0.432489
11,55,<scheme>,0,0.277907
11,55,<scheme>,1,0.245257
11,55,<scheme>,2,0.259146
11,55,<scheme>,3,0.217691
11,55,<segment>,0,1.000000
11,55,<segments>,0,0.230784
11,55,<segments>,1,0.769216
11,55,<start>,0,1.000000
11,55,<url>,0,1.000000
11,55,<wchar>,0,0.171739
11,55,<wchar>,1,0.447207
11,55,<wchar>,2,0.131089
11,55,<wchar>,3,0.249964
11,55,<word>,0,0.680820
11,55,<word>,1,0.319180
11,59,<authority>,0,0.483414
11,59,<authority>,1,0.516586
11,59,<digit>,0,0.137542
11,59,<digit>,1,0.019276
11,59,<digit>,2,0.000000
11,59,<digit>,3,0.030679
11,59,<digit>,4,0.232512
11,59,<digit>,5,0.018157
11,59,<digit>,6,0.026887
11,59,<digit>,7,0.075669
11,59,<digit>,8,0.430696
11,59,<digit>,9,0.028582
11,59,<digits>,0,0.398504
11,59,<digits>,1,0.601496
11,59,<fragment>,0,0.525537
11,59,<fragment>,1,0.474463
11,59,<hex>,0,0.369724
11,59,<hex>,1,0.453765
11,59,<hex>,2,0.176510
11,59,<host>,0,0.492721
11,59,<host>,1,0.507279
11,59,<hostname>,0,0.587047
11,59,<hostname>,1,0.412953
11,59,<ipv4>,0,1.000000
11,59,<key>,0,1.000000
11,59,<label>,0,1.000000
11,59,<octet>,0,0.319262
11,59,<octet>,1,0.680738
11,59,<path>,0,0.207893
11,59,<path>,1,0.242989
11,59,<path>,2,0.549118
11,59,<pchar>,0,0.282853
11,59,<pchar>,1,0.221055
11,59,<pchar>,2,0.266932
11,59,<pchar>,3,0.097449
11,59,<pchar>,4,0.131710
11,59,<pchars>,0,0.727422
11,59,<pchars>,1,0.272578
11,59,<port>,0,1.000000
11,59,<qparam>,0,0.650379
11,59,<qparam>,1,0.349621
11,59,<qparams>,0,0.338044
11,59,<qparams>,1,0.661956
11,59,<query>,0,0.446678
11,59,<query>,1,0.553322
11,59,<qvalue>,0,0.542105
11,59,<qvalue>,1,0.457895
11,59,<scheme>,0,0.223885
11,59,<scheme>,1,0.327291
11,59,<scheme>,2,0.245098
11,59,<scheme>,3,0.203725
11,59,<segment>,0,1.000000
11,59,<segments>,0,0.236695
11,59,<segments>,1,0.763305
11,59,<start>,0,1.000000
11,59,<url>,0,1.000000
11,59,<wchar>,0,0.150336
11,59,<wchar>,1,0.467000
11,59,<wchar>,2,0.130874
11,59,<wchar>,3,0.251790
11,59,<word>,0,0.693075
11,59,<word>,1,0.306925
12,0,<authority>,0,0.424093
12,0,<authority>,1,0.575907
12,0,<digit>,0,0.061965
12,0,<digit>,1,0.072588
12,0,<digit>,2,0.069406
12,0,<digit>,3,0.080266
12,0,<digit>,4,0.160661
12,0,<digit>,5,0.163000
12,0,<digit>,6,0.166928
12,0,<digit>,7,0.060048
12,0,<digit>,8,0.035831
12,0,<digit>,9,0.129307
12,0,<digits>,0,0.511061
12,0,<digits>,1,0.488939
12,0,<fragment>,0,0.422958
12,0,<fragment>,1,0.577042
12,0,<hex>,0,0.220950
12,0,<hex>,1,0.456976
12,0,<hex>,2,0.322074
12,0,<host>,0,0.332138
12,0,<host>,1,0.667862
12,0,<hostname>,0,0.690603
12,0,<hostname>,1,0.309397
12,0,<ipv4>,0,1.000000
12,0,<key>,0,1.000000
12,0,<label>,0,1.000000
12,0,<octet>,0,0.479719
12,0,<octet>,1,0.520281
12,0,<path>,0,0.314248
12,0,<path>,1,0.527222
12,0,<path>,2,0.158530
12,0,<pchar>,0,0.097700
12,0,<pchar>,1,0.218994
12,0,<pchar>,2,0.224982
12,0,<pchar>,3,0.256064
12,0,<pchar>,4,0.202260
12,0,<pchars>,0,0.641194
12,0,<pchars>,1,0.358806
12,0,<port>,0,1.000000
12,0,<qparam>,0,0.507375
12,0,<qparam>,1,0.492625
12,0,<qparams>,0,0.443592
12,0,<qparams>,1,0.556408
12,0,<query>,0,0.679111
12,0,<query>,1,0.320889
12,0,<qvalue>,0,0.271454
12,0,<qvalue>,1,0.728546
12,0,<scheme>,0,0.329235
12,0,<scheme>,1,0.269077
12,0,<scheme>,2,0.179399
12,0,<scheme>,3,0.222289
12,0,<segment>,0,1.000000
12,0,<segments>,0,0.402241
12,0,<segments>,1,0.597759
12,0,<start>,0,1.000000
12,0,<url>,0,1.000000
12,0,<wchar>,0,0.174955
12,0,<wchar>,1,0.267348
12,0,<wchar>,2,0.296376
12,0,<wchar>,3,0.261321
12,0,<word>,0,0.505269
12,0,<word>,1,0.494731
12,5,<authority>,0,0.477704
12,5,<authority>,1,0.522296
12,5,<digit>,0,0.086345
12,5,<digit>,1,0.039994
12,5,<digit>,2,0.202437
12,5,<digit>,3,0.071417
12,5,<digit>,4,0.070230
12,5,<digit>,5,0.085120
12,5,<digit>,6,0.104952
12,5,<digit>,7,0.109822
12,5,<digit>,8,0.077079
12,5,<digit>,9,0.152605
12,5,<digits>,0,0.406909
12,5,<digits>,1,0.593091
12,5,<fragment>,0,0.420235
12,5,<fragment>,1,0.579765
12,5,<hex>,0,0.437937
12,5,<hex>,1,0.206114
12,5,<hex>,2,0.355949
12,5,<host>,0,0.436383
12,5,<host>,1,0.563617
12,5,<hostname>,0,0.514248
12,5,<hostname>,1,0.485752
12,5,<ipv4>,0,1.000000
12,5,<key>,0,1.000000
12,5,<label>,0,1.000000
12,5,<octet>,0,0.322152
12,5,<octet>,1,0.677848
12,5,<path>,0,0.332691
12,5,<path>,1,0.259441
12,5,<path>,2,0.407868
12,5,<pchar>,0,0.190364
12,5,<pchar>,1,0.353600
12,5,<pchar>,2,0.176558
12,5,<pchar>,3,0.159482
12,5,<pchar>,4,0.119997
12,5,<pchars>,0,0.493403
12,5,<pchars>,1,0.506597
12,5,<port>,0,1.000000
12,5,<qparam>,0,0.443767
12,5,<qparam>,1,0.556233
12,5,<qparams>,0,0.509587
12,5,<qparams>,1,0.490413
12,5,<query>,0,0.488195
12,5,<query>,1,0.511805
12,5,<qvalue>,0,0.517340
12,5,<qvalue>,1,0.482660
12,5,<scheme>,0,0.187617
12,5,<scheme>,1,0.214731
12,5,<scheme>,2,0.411445
12,5,<scheme>,3,0.186207
12,5,<segment>,0,1.000000
12,5,<segments>,0,0.415576
12,5,<segments>,1,0.584424
12,5,<start>,0,1.000000
12,5,<url>,0,1.000000
12,5,<wchar>,0,0.100603
12,5,<wchar>,1,0.288685
12,5,<wchar>,2,0.176529
12,5,<wchar>,3,0.434183
12,5,<word>,0,0.554880
12,5,<word>,1,0.445120
12,10,<authority>,0,0.665757
12,10,<authority>,1,0.334243
12,10,<digit>,0,0.115270
12,10,<digit>,1,0.092500
12,10,<digit>,2,0.096074
12,10,<digit>,3,0.021550
12,10,<digit>,4,0.000000
12,10,<digit>,5,0.128163
12,10,<digit>,6,0.151426
12,10,<digit>,7,0.099131
12,10,<digit>,8,0.143201
12,10,<digit>,9,0.152686
12,10,<digits>,0,0.430191
12,10,<digits>,1,0.569809
12,10,<fragment>,0,0.642548
12,10,<fragment>,1,0.357452
12,10,<hex>,0,0.434180
12,10,<hex>,1,0.219731
12,10,<hex>,2,0.346089
12,10,<host>,0,0.460152
12,10,<host>,1,0.539848
12,10,<hostname>,0,0.596701
12,10,<hostname>,1,0.403299
12,10,<ipv4>,0,1.000000
12,10,<key>,0,1.000000
12,10,<label>,0,1.000000
12,10,<octet>,0,0.279952
12,10,<octet>,1,0.720048
12,10,<path>,0,0.287848
12,10,<path>,1,0.243727
12,10,<path>,2,0.468425
12,10,<pchar>,0,0.217221
12,10,<pchar>,1,0.309789
12,10,<pchar>,2,0.123370
12,10,<pchar>,3,0.158633
12,10,<pchar>,4,0.190987
12,10,<pchars>,0,0.573866
12,10,<pchars>,1,0.426134
12,10,<port>,0,1.000000
12,10,<qparam>,0,0.000000
12,10,<qparam>,1,1.000000
12,10,<qparams>,0,0.529346
12,10,<qparams>,1,0.470654
12,10,<query>,0,0.593723
12,10,<query>,1,0.406277
12,10,<qvalue>,0,0.485508
12,10,<qvalue>,1,0.514492
12,10,<scheme>,0,0.262057
12,10,<scheme>,1,0.240469
12,10,<scheme>,2,0.331107
12,10,<scheme>,3,0.166367
12,10,<segment>,0,1.000000
12,10,<segments>,0,0.290116
12,10,<segments>,1,0.709884
12,10,<start>,0,1.000000
12,10,<url>,0,1.000000
12,10,<wchar>,0,0.093938
12,10,<wchar>,1,0.253345
12,10,<wchar>,2,0.181638
12,10,<wchar>,3,0.471078
12,10,<word>,0,0.516543
12,10,<word>,1,0.483457
12,15,<authority>,0,0.482433
12,15,<authority>,1,0.517567
12,15,<digit>,0,0.099333
12,15,<digit>,1,0.039018
12,15,<digit>,2,0.091900
12,15,<digit>,3,0.019488
12,15,<digit>,4,0.111169
12,15,<digit>,5,0.194311
12,15,<digit>,6,0.088984
12,15,<digit>,7,0.080828
12,15,<digit>,8,0.134216
12,15,<digit>,9,0.140754
12,15,<digits>,0,0.314026
12,15,<digits>,1,0.685974
12,15,<fragment>,0,0.566421
12,15,<fragment>,1,0.433579
12,15,<hex>,0,0.505590
12,15,<hex>,1,0.000000
12,15,<hex>,2,0.494410
12,15,<host>,0,0.487051
12,15,<host>,1,0.512949
12,15,<hostname>,0,0.594711
12,15,<hostname>,1,0.405289
12,15,<ipv4>,0,1.000000
12,15,<key>,0,1.000000
12,15,<label>,0,1.000000
12,15,<octet>,0,0.330337
12,15,<octet>,1,0.669663
12,15,<path>,0,0.214291
12,15,<path>,1,0.301737
12,15,<path>,2,0.483972
12,15,<pchar>,0,0.254387
12,15,<pchar>,1,0.216461
12,15,<pchar>,2,0.135163
12,15,<pchar>,3,0.088398
12,15,<pchar>,4,0.305592
12,15,<pchars>,0,0.611513
12,15,<pchars>,1,0.388487
12,15,<port>,0,1.000000
12,15,<qparam>,0,0.535260
12,15,<qparam>,1,0.464740
12,15,<qparams>,0,0.553510
12,15,<qparams>,1,0.446490
12,15,<query>,0,0.586147
12,15,<query>,1,0.413853
12,15,<qvalue>,0,0.476861
12,15,<qvalue>,1,0.523139
12,15,<scheme>,0,0.259242
12,15,<scheme>,1,0.265505
12,15,<scheme>,2,0.309288
12,15,<scheme>,3,0.165966
12,15,<segment>,0,1.000000
12,15,<segments>,0,0.316192
12,15,<segments>,1,0.683808
12,15,<start>,0,1.000000
12,15,<url>,0,1.000000
12,15,<wchar>,0,0.126046
12,15,<wchar>,1,0.294392
12,15,<wchar>,2,0.000000
12,15,<wchar>,3,0.579562
12,15,<word>,0,0.523035
12,15,<word>,1,0.476965
12,20,<authority>,0,0.545477
12,20,<authority>,1,0.454523
12,20,<digit>,0,0.086072
12,20,<digit>,1,0.007701
12,20,<digit>,2,0.115955
12,20,<digit>,3,0.000000
12,20,<digit>,4,0.089321
12,20,<digit>,5,0.139828
12,20,<digit>,6,0.128174
12,20,<digit>,7,0.155732
12,20,<digit>,8,0.171291
12,20,<digit>,9,0.105927
12,20,<digits>,0,0.332302
12,20,<digits>,1,0.667698
12,20,<fragment>,0,0.518467
12,20,<fragment>,1,0.481533
12,20,<hex>,0,0.436159
12,20,<hex>,1,0.211301
12,20,<hex>,2,0.352539
12,20,<host>,0,0.452594
12,20,<host>,1,0.547406
12,20,<hostname>,0,0.594717
12,20,<hostname>,1,0.405283
12,20,<ipv4>,0,1.000000
12,20,<key>,0,1.000000
12,20,<label>,0,1.000000
12,20,<octet>,0,0.306373
12,20,<octet>,1,0.693627
12,20,<path>,0,0.139979
12,20,<path>,1,0.287377
12,20,<path>,2,0.572644
12,20,<pchar>,0,0.276535
12,20,<pchar>,1,0.280104
12,20,<pchar>,2,0.135693
12,20,<pchar>,3,0.110358
12,20,<pchar>,4,0.197309
12,20,<pchars>,0,0.602075
12,20,<pchars>,1,0.397925
12,20,<port>,0,1.000000
12,20,<qparam>,0,0.547737
12,20,<qparam>,1,0.452263
12,20,<qparams>,0,0.558322
12,20,<qparams>,1,0.441678
12,20,<query>,0,0.569600
12,20,<query>,1,0.430400
12,20,<qvalue>,0,0.568831
12,20,<qvalue>,1,0.431169
12,20,<scheme>,0,0.313945
12,20,<scheme>,1,0.202879
12,20,<scheme>,2,0.296293
12,20,<scheme>,3,0.186883
12,20,<segment>,0,1.000000
12,20,<segments>,0,0.285317
12,20,<segments>,1,0.714683
12,20,<start>,0,1.000000
12,20,<url>,0,1.000000
12,20,<wchar>,0,0.148660
12,20,<wchar>,1,0.268706
12,20,<wchar>,2,0.086621
12,20,<wchar>,3,0.496013
12,20,<word>,0,0.536494
12,20,<word>,1,0.463506
12,25,<authority>,0,0.561788
12,25,<authority>,1,0.438212
12,25,<digit>,0,0.360597
12,25,<digit>,1,0.026347
12,25,<digit>,2,0.000000
12,25,<digit>,3,0.028427
12,25,<digit>,4,0.062346
12,25,<digit>,5,0.106802
12,25,<digit>,6,0.129687
12,25,<digit>,7,0.094315
12,25,<digit>,8,0.145557
12,25,<digit>,9,0.045922
12,25,<digits>,0,0.286800
12,25,<digits>,1,0.713200
12,25,<fragment>,0,0.563903
12,25,<fragment>,1,0.436097
12,25,<hex>,0,0.423634
12,25,<hex>,1,0.310639
12,25,<hex>,2,0.265727
12,25,<host>,0,0.487820
12,25,<host>,1,0.512180
12,25,<hostname>,0,0.661825
12,25,<hostname>,1,0.338175
12,25,<ipv4>,0,1.000000
12,25,<key>,0,1.000000
12,25,<label>,0,1.000000
12,25,<octet>,0,0.206575
12,25,<octet>,1,0.793425
12,25,<path>,0,0.220470
12,25,<path>,1,0.281135
12,25,<path>,2,0.498395
12,25,<pchar>,0,0.241712
12,25,<pchar>,1,0.327429
12,25,<pchar>,2,0.105874
12,25,<pchar>,3,0.119695
12,25,<pchar>,4,0.205291
12,25,<pchars>,0,0.704372
12,25,<pchars>,1,0.295628
12,25,<port>,0,1.000000
12,25,<qparam>,0,0.550107
12,25,<qparam>,1,0.449893
12,25,<qparams>,0,0.367776
12,25,<qparams>,1,0.632224
12,25,<query>,0,0.517822
12,25,<query>,1,0.482178
12,25,<qvalue>,0,0.460998
12,25,<qvalue>,1,0.539002
12,25,<scheme>,0,0.306633
12,25,<scheme>,1,0.189657
12,25,<scheme>,2,0.283421
12,25,<scheme>,3,0.220288
12,25,<segment>,0,1.000000
12,25,<segments>,0,0.282513
12,25,<segments>,1,0.717487
12,25,<start>,0,1.000000
12,25,<url>,0,1.000000
12,25,<wchar>,0,0.139525
12,25,<wchar>,1,0.366407
12,25,<wchar>,2,0.162171
12,25,<wchar>,3,0.331898
12,25,<word>,0,0.725232
12,25,<word>,1,0.274768
12,30,<authority>,0,0.532855
12,30,<authority>,1,0.467145
12,30,<digit>,0,0.231448
12,30,<digit>,1,0.013003
12,30,<digit>,2,0.193539
12,30,<digit>,3,0.017614
12,30,<digit>,4,0.041914
12,30,<digit>,5,0.025197
12,30,<digit>,6,0.118725
12,30,<digit>,7,0.122794
12,30,<digit>,8,0.100004
12,30,<digit>,9,0.135763
12,30,<digits>,0,0.274435
12,30,<digits>,1,0.725565
12,30,<fragment>,0,0.512231
12,30,<fragment>,1,0.487769
12,30,<hex>,0,0.389067
12,30,<hex>,1,0.284012
12,30,<hex>,2,0.326922
12,30,<host>,0,0.433638
12,30,<host>,1,0.566362
12,30,<hostname>,0,0.669190
12,30,<hostname>,1,0.330810
12,30,<ipv4>,0,1.000000
12,30,<key>,0,1.000000
12,30,<label>,0,1.000000
12,30,<octet>,0,0.346624
12,30,<octet>,1,0.653376
12,30,<path>,0,0.251453
12,30,<path>,1,0.268821
12,30,<path>,2,0.479726
12,30,<pchar>,0,0.286064
12,30,<pchar>,1,0.292261
12,30,<pchar>,2,0.028949
12,30,<pchar>,3,0.127940
12,30,<pchar>,4,0.264786
12,30,<pchars>,0,0.680559
12,30,<pchars>,1,0.319441
12,30,<port>,0,1.000000
12,30,<qparam>,0,0.549161
12,30,<qparam>,1,0.450839
12,30,<qparams>,0,0.392871
12,30,<qparams>,1,0.607129
12,30,<query>,0,0.355479
12,30,<query>,1,0.644521
12,30,<qvalue>,0,0.507914
12,30,<qvalue>,1,0.492086
12,30,<scheme>,0,0.280380
12,30,<scheme>,1,0.195879
12,30,<scheme>,2,0.285672
12,30,<scheme>,3,0.238069
12,30,<segment>,0,1.000000
12,30,<segments>,0,0.281147
12,30,<segments>,1,0.718853
12,30,<start>,0,1.000000
12,30,<url>,0,1.000000
12,30,<wchar>,0,0.069676
12,30,<wchar>,1,0.461450
12,30,<wchar>,2,0.189450
12,30,<wchar>,3,0.279424
12,30,<word>,0,0.584763
12,30,<word>,1,0.415237
12,35,<authority>,0,0.529656
12,35,<authority>,1,0.470344
12,35,<digit>,0,0.340402
12,35,<digit>,1,0.010012
12,35,<digit>,2,0.098985
12,35,<digit>,3,0.026540
12,35,<digit>,4,0.094448
12,35,<digit>,5,0.035407
12,35,<digit>,6,0.095747
12,35,<digit>,7,0.108637
12,35,<digit>,8,0.114833
12,35,<digit>,9,0.074990
12,35,<digits>,0,0.205040
12,35,<digits>,1,0.794960
12,35,<fragment>,0,0.555185
12,35,<fragment>,1,0.444815
12,35,<hex>,0,0.370012
12,35,<hex>,1,0.221162
12,35,<hex>,2,0.408825
12,35,<host>,0,0.433966
12,35,<host>,1,0.566034
12,35,<hostname>,0,1.000000
12,35,<hostname>,1,0.000000
12,35,<ipv4>,0,1.000000
12,35,<key>,0,1.000000
12,35,<label>,0,1.000000
12,35,<octet>,0,0.290895
12,35,<octet>,1,0.709105
12,35,<path>,0,0.225598
12,35,<path>,1,0.238878
12,35,<path>,2,0.535523
12,35,<pchar>,0,0.300082
12,35,<pchar>,1,0.294842
12,35,<pchar>,2,0.039028
12,35,<pchar>,3,0.137679
12,35,<pchar>,4,0.228369
12,35,<pchars>,0,0.615685
12,35,<pchars>,1,0.384315
12,35,<port>,0,1.000000
12,35,<qparam>,0,0.488375
12,35,<qparam>,1,0.511625
12,35,<qparams>,0,0.346682
12,35,<qparams>,1,0.653318
12,35,<query>,0,0.469754
12,35,<query>,1,0.530246
12,35,<qvalue>,0,0.469099
12,35,<qvalue>,1,0.530901
12,35,<scheme>,0,0.268784
12,35,<scheme>,1,0.304650
12,35,<scheme>,2,0.241225
12,35,<scheme>,3,0.185342
12,35,<segment>,0,1.000000
12,35,<segments>,0,0.280682
12,35,<segments>,1,0.719318
12,35,<start>,0,1.000000
12,35,<url>,0,1.000000
12,35,<wchar>,0,0.107719
12,35,<wchar>,1,0.435630
12,35,<wchar>,2,0.104809
12,35,<wchar>,3,0.351842
12,35,<word>,0,0.681157
12,35,<word>,1,0.318843
12,40,<authority>,0,0.577969
12,40,<authority>,1,0.422031
12,40,<digit>,0,0.401760
12,40,<digit>,1,0.005909
12,40,<digit>,2,0.018806
12,40,<digit>,3,0.048753
12,40,<digit>,4,0.000000
12,40,<digit>,5,0.047343
12,40,<digit>,6,0.114618
12,40,<digit>,7,0.088348
12,40,<digit>,8,0.202568
12,40,<digit>,9,0.071896
12,40,<digits>,0,0.267014
12,40,<digits>,1,0.732986
12,40,<fragment>,0,0.557567
12,40,<fragment>,1,0.442433
12,40,<hex>,0,0.416875
12,40,<hex>,1,0.235073
12,40,<hex>,2,0.348052
12,40,<host>,0,0.500004
12,40,<host>,1,0.499996
12,40,<hostname>,0,0.995075
12,40,<hostname>,1,0.004925
12,40,<ipv4>,0,1.000000
12,40,<key>,0,1.000000
12,40,<label>,0,1.000000
12,40,<octet>,0,0.278021
12,40,<octet>,1,0.721979
12,40,<path>,0,0.221538
12,40,<path>,1,0.215239
12,40,<path>,2,0.563223
12,40,<pchar>,0,0.177415
12,40,<pchar>,1,0.278033
12,40,<pchar>,2,0.041968
12,40,<pchar>,3,0.059171
12,40,<pchar>,4,0.443413
12,40,<pchars>,0,0.633895
12,40,<pchars>,1,0.366105
12,40,<port>,0,1.000000
12,40,<qparam>,0,0.511402
12,40,<qparam>,1,0.488598
12,40,<qparams>,0,0.372432
12,40,<qparams>,1,0.627568
12,40,<query>,0,0.467710
12,40,<query>,1,0.532290
12,40,<qvalue>,0,0.482840
12,40,<qvalue>,1,0.517160
12,40,<scheme>,0,0.267195
12,40,<scheme>,1,0.216575
12,40,<scheme>,2,0.273225
12,40,<scheme>,3,0.243005
12,40,<segment>,0,1.000000
12,40,<segments>,0,0.228313
12,40,<segments>,1,0.771687
12,40,<start>,0,1.000000
12,40,<url>,0,1.000000
12,40,<wchar>,0,0.057309
12,40,<wchar>,1,0.396880
12,40,<wchar>,2,0.138135
12,40,<wchar>,3,0.407676
12,40,<word>,0,0.641261
12,40,<word>,1,0.358739
12,45,<authority>,0,0.574640
12,45,<authority>,1,0.425360
12,45,<digit>,0,0.318193
12,45,<digit>,1,0.000000
12,45,<digit>,2,0.004077
12,45,<digit>,3,0.031181
12,45,<digit>,4,0.012969
12,45,<digit>,5,0.013116
12,45,<digit>,6,0.217352
12,45,<digit>,7,0.115705
12,45,<digit>,8,0.176033
12,45,<digit>,9,0.111374
12,45,<digits>,0,0.323737
12,45,<digits>,1,0.676263
12,45,<fragment>,0,0.532247
12,45,<fragment>,1,0.467753
12,45,<hex>,0,0.465487
12,45,<hex>,1,0.159534
12,45,<hex>,2,0.374979
12,45,<host>,0,0.508908
12,45,<host>,1,0.491092
12,45,<hostname>,0,0.647639
12,45,<hostname>,1,0.352361
12,45,<ipv4>,0,1.000000
12,45,<key>,0,1.000000
12,45,<label>,0,1.000000
12,45,<octet>,0,0.299128
12,45,<octet>,1,0.700872
12,45,<path>,0,0.214220
12,45,<path>,1,0.222829
12,45,<path>,2,0.562951
12,45,<pchar>,0,0.313997
12,45,<pchar>,1,0.341934
12,45,<pchar>,2,0.020009
12,45,<pchar>,3,0.087273
12,45,<pchar>,4,0.236787
12,45,<pchars>,0,0.663682
12,45,<pchars>,1,0.336318
12,45,<port>,0,1.000000
12,45,<qparam>,0,0.545384
12,45,<qparam>,1,0.454616
12,45,<qparams>,0,0.390096
12,45,<qparams>,1,0.609904
12,45,<query>,0,0.452653
12,45,<query>,1,0.547347
12,45,<qvalue>,0,0.515621
12,45,<qvalue>,1,0.484379
12,45,<scheme>,0,0.247478
12,45,<scheme>,1,0.241895
12,45,<scheme>,2,0.300200
12,45,<scheme>,3,0.210426
12,45,<segment>,0,1.000000
12,45,<segments>,0,0.186882
12,45,<segments>,1,0.813118
12,45,<start>,0,1.000000
12,45,<url>,0,1.000000
12,45,<wchar>,0,0.070662
12,45,<wchar>,1,0.454000
12,45,<wchar>,2,0.122766
12,45,<wchar>,3,0.352572
12,45,<word>,0,0.655017
12,45,<word>,1,0.344983
12,50,<authority>,0,0.576568
12,50,<authority>,1,0.423432
12,50,<digit>,0,0.574702
12,50,<digit>,1,0.001864
12,50,<digit>,2,0.039347
12,50,<digit>,3,0.007765
12,50,<digit>,4,0.014007
12,50,<digit>,5,0.039962
12,50,<digit>,6,0.077973
12,50,<digit>,7,0.083970
12,50,<digit>,8,0.084199
12,50,<digit>,9,0.076212
12,50,<digits>,0,0.292286
12,50,<digits>,1,0.707714
12,50,<fragment>,0,0.525674
12,50,<fragment>,1,0.474326
12,50,<hex>,0,0.412464
12,50,<hex>,1,0.313135
12,50,<hex>,2,0.274401
12,50,<host>,0,0.520323
12,50,<host>,1,0.479677
12,50,<hostname>,0,0.829707
12,50,<hostname>,1,0.170293
12,50,<ipv4>,0,1.000000
12,50,<key>,0,1.000000
12,50,<label>,0,1.000000
12,50,<octet>,0,0.273981
12,50,<octet>,1,0.726019
12,50,<path>,0,0.216879
12,50,<path>,1,0.185160
12,50,<path>,2,0.597962
12,50,<pchar>,0,0.223384
12,50,<pchar>,1,0.362212
12,50,<pchar>,2,0.016286
12,50,<pchar>,3,0.085996
12,50,<pchar>,4,0.312123
12,50,<pchars>,0,0.665086
12,50,<pchars>,1,0.334914
12,50,<port>,0,1.000000
12,50,<qparam>,0,0.588489
12,50,<qparam>,1,0.411511
12,50,<qparams>,0,0.336040
12,50,<qparams>,1,0.663960
12,50,<query>,0,0.431176
12,50,<query>,1,0.568824
12,50,<qvalue>,0,0.476131
12,50,<qvalue>,1,0.523869
12,50,<scheme>,0,0.213084
12,50,<scheme>,1,0.179610
12,50,<scheme>,2,0.332002
12,50,<scheme>,3,0.275303
12,50,<segment>,0,1.000000
12,50,<segments>,0,0.214245
12,50,<segments>,1,0.785755
12,50,<start>,0,1.000000
12,50,<url>,0,1.000000
12,50,<wchar>,0,0.041816
12,50,<wchar>,1,0.461764
12,50,<wchar>,2,0.131412
12,50,<wchar>,3,0.365008
12,50,<word>,0,0.703899
12,50,<word>,1,0.296101
12,55,<authority>,0,0.588631
12,55,<authority>,1,0.411369
12,55,<digit>,0,0.371694
12,55,<digit>,1,0.002099
12,55,<digit>,2,0.020307
12,55,<digit>,3,0.017182
12,55,<digit>,4,0.076217
12,55,<digit>,5,0.044772
12,55,<digit>,6,0.175331
12,55,<digit>,7,0.059263
12,55,<digit>,8,0.137449
12,55,<digit>,9,0.095686
12,55,<digits>,0,0.229037
12,55,<digits>,1,0.770963
12,55,<fragment>,0,0.455556
12,55,<fragment>,1,0.544444
12,55,<hex>,0,0.394903
12,55,<hex>,1,0.301259
12,55,<hex>,2,0.303838
12,55,<host>,0,0.536437
12,55,<host>,1,0.463563
12,55,<hostname>,0,0.783838
12,55,<hostname>,1,0.216162
12,55,<ipv4>,0,1.000000
12,55,<key>,0,1.000000
12,55,<label>,0,1.000000
12,55,<octet>,0,0.283481
12,55,<octet>,1,0.716519
12,55,<path>,0,0.177289
12,55,<path>,1,0.215390
12,55,<path>,2,0.607321
12,55,<pchar>,0,0.206149
12,55,<pchar>,1,0.362411
12,55,<pchar>,2,0.013786
12,55,<pchar>,3,0.077692
12,55,<pchar>,4,0.339962
12,55,<pchars>,0,0.665946
12,55,<pchars>,1,0.334054
12,55,<port>,0,1.000000
12,55,<qparam>,0,0.552051
12,55,<qparam>,1,0.447949
12,55,<qparams>,0,0.339705
12,55,<qparams>,1,0.660295
12,55,<query>,0,0.445988
12,55,<query>,1,0.554012
12,55,<qvalue>,0,0.486425
12,55,<qvalue>,1,0.513575
12,55,<scheme>,0,0.233888
12,55,<scheme>,1,0.186848
12,55,<scheme>,2,0.291422
12,55,<scheme>,3,0.287843
12,55,<segment>,0,1.000000
12,55,<segments>,0,0.216824
12,55,<segments>,1,0.783176
12,55,<start>,0,1.000000
12,55,<url>,0,1.000000
12,55,<wchar>,0,0.033371
12,55,<wchar>,1,0.443743
12,55,<wchar>,2,0.132764
12,55,<wchar>,3,0.390121
12,55,<word>,0,0.720796
12,55,<word>,1,0.279204
12,59,<authority>,0,0.606380
12,59,<authority>,1,0.393620
12,59,<digit>,0,0.274764
12,59,<digit>,1,0.104571
12,59,<digit>,2,0.102797
12,59,<digit>,3,0.050602
12,59,<digit>,4,0.013219
12,59,<digit>,5,0.027724
12,59,<digit>,6,0.114993
12,59,<digit>,7,0.056039
12,59,<digit>,8,0.133965
12,59,<digit>,9,0.121327
12,59,<digits>,0,0.242230
12,59,<digits>,1,0.757770
12,59,<fragment>,0,0.514936
12,59,<fragment>,1,0.485064
12,59,<hex>,0,0.399971
12,59,<hex>,1,0.256217
12,59,<hex>,2,0.343812
12,59,<host>,0,0.541205
12,59,<host>,1,0.458795
12,59,<hostname>,0,0.871583
12,59,<hostname>,1,0.128417
12,59,<ipv4>,0,1.000000
12,59,<key>,0,1.000000
12,59,<label>,0,1.000000
12,59,<octet>,0,0.284459
12,59,<octet>,1,0.715541
12,59,<path>,0,0.171071
12,59,<path>,1,0.196039
12,59,<path>,2,0.632889
12,59,<pchar>,0,0.236235
12,59,<pchar>,1,0.360781
12,59,<pchar>,2,0.083840
12,59,<pchar>,3,0.083541
12,59,<pchar>,4,0.235603
12,59,<pchars>,0,0.679256
12,59,<pchars>,1,0.320744
12,59,<port>,0,1.000000
12,59,<qparam>,0,0.564955
12,59,<qparam>,1,0.435045
12,59,<qparams>,0,0.351118
12,59,<qparams>,1,0.648882
12,59,<query>,0,0.440731
12,59,<query>,1,0.559269
12,59,<qvalue>,0,0.487729
12,59,<qvalue>,1,0.512271
12,59,<scheme>,0,0.204650
12,59,<scheme>,1,0.236423
12,59,<scheme>,2,0.271740
12,59,<scheme>,3,0.287188
12,59,<segment>,0,1.000000
12,59,<segments>,0,0.219178
12,59,<segments>,1,0.780822
12,59,<start>,0,1.000000
12,59,<url>,0,1.000000
12,59,<wchar>,0,0.062944
12,59,<wchar>,1,0.445969
12,59,<wchar>,2,0.081954
12,59,<wchar>,3,0.409132
12,59,<word>,0,0.746234
12,59,<word>,1,0.253766
13,0,<authority>,0,0.306538
13,0,<authority>,1,0.693462
13,0,<digit>,0,0.098566
13,0,<digit>,1,0.153706
13,0,<digit>,2,0.059832
13,0,<digit>,3,0.118364
13,0,<digit>,4,0.046974
13,0,<digit>,5,0.093221
13,0,<digit>,6,0.086242
13,0,<digit>,7,0.084202
13,0,<digit>,8,0.119392
13,0,<digit>,9,0.139502
13,0,<digits>,0,0.479814
13,0,<digits>,1,0.520186
13,0,<fragment>,0,0.495128
13,0,<fragment>,1,0.504872
13,0,<hex>,0,0.506983
13,0,<hex>,1,0.268981
13,0,<hex>,2,0.224037
13,0,<host>,0,0.583491
13,0,<host>,1,0.416509
13,0,<hostname>,0,0.513723
13,0,<hostname>,1,0.486277
13,0,<ipv4>,0,1.000000
13,0,<key>,0,1.000000
13,0,<label>,0,1.000000
13,0,<octet>,0,0.579803
13,0,<octet>,1,0.420197
13,0,<path>,0,0.234262
13,0,<path>,1,0.434887
13,0,<path>,2,0.330851
13,0,<pchar>,0,0.150384
13,0,<pchar>,1,0.304036
13,0,<pchar>,2,0.194904
13,0,<pchar>,3,0.130756
13,0,<pchar>,4,0.219920
13,0,<pchars>,0,0.461280
13,0,<pchars>,1,0.538720
13,0,<port>,0,1.000000
13,0,<qparam>,0,0.486919
13,0,<qparam>,1,0.513081
13,0,<qparams>,0,0.385056
13,0,<qparams>,1,0.614944
13,0,<query>,0,0.534832
13,0,<query>,1,0.465168
13,0,<qvalue>,0,0.550871
13,0,<qvalue>,1,0.449129
13,0,<scheme>,0,0.325194
13,0,<scheme>,1,0.174193
13,0,<scheme>,2,0.259722
13,0,<scheme>,3,0.240891
13,0,<segment>,0,1.000000
13,0,<segments>,0,0.620163
13,0,<segments>,1,0.379837
13,0,<start>,0,1.000000
13,0,<url>,0,1.000000
13,0,<wchar>,0,0.281441
13,0,<wchar>,1,0.253178
13,0,<wchar>,2,0.149769
13,0,<wchar>,3,0.315612
13,0,<word>,0,0.668840
13,0,<word>,1,0.331160
13,5,<authority>,0,0.651786
13,5,<authority>,1,0.348214
13,5,<digit>,0,0.081612
13,5,<digit>,1,0.077312
13,5,<digit>,2,0.073879
13,5,<digit>,3,0.105173
13,5,<digit>,4,0.119547
13,5,<digit>,5,0.191558
13,5,<digit>,6,0.121756
13,5,<digit>,7,0.068039
13,5,<digit>,8,0.105697
13,5,<digit>,9,0.055426
13,5,<digits>,0,0.428608
13,5,<digits>,1,0.571392
13,5,<fragment>,0,0.559964
13,5,<fragment>,1,0.440036
13,5,<hex>,0,0.220275
13,5,<hex>,1,0.342006
13,5,<hex>,2,0.437719
13,5,<host>,0,0.418527
13,5,<host>,1,0.581473
13,5,<hostname>,0,0.420734
13,5,<hostname>,1,0.579266
13,5,<ipv4>,0,1.000000
13,5,<key>,0,1.000000
13,5,<label>,0,1.000000
13,5,<octet>,0,0.602396
13,5,<octet>,1,0.397604
13,5,<path>,0,0.271638
13,5,<path>,1,0.209489
13,5,<path>,2,0.518873
13,5,<pchar>,0,0.160305
13,5,<pchar>,1,0.272606
13,5,<pchar>,2,0.053222
13,5,<pchar>,3,0.236240
13,5,<pchar>,4,0.277628
13,5,<pchars>,0,0.493884
13,5,<pchars>,1,0.506116
13,5,<port>,0,1.000000
13,5,<qparam>,0,0.480302
13,5,<qparam>,1,0.519698
13,5,<qparams>,0,0.414150
13,5,<qparams>,1,0.585850
13,5,<query>,0,0.428894
13,5,<query>,1,0.571106
13,5,<qvalue>,0,0.522401
13,5,<qvalue>,1,0.477599
13,5,<scheme>,0,0.319211
13,5,<scheme>,1,0.055665
13,5,<scheme>,2,0.336641
13,5,<scheme>,3,0.288482
13,5,<segment>,0,1.000000
13,5,<segments>,0,0.405918
13,5,<segments>,1,0.594082
13,5,<start>,0,1.000000
13,5,<url>,0,1.000000
13,5,<wchar>,0,0.094880
13,5,<wchar>,1,0.361302
13,5,<wchar>,2,0.214453
13,5,<wchar>,3,0.329365
13,5,<word>,0,0.471581
13,5,<word>,1,0.528419
13,10,<authority>,0,0.534637
13,10,<authority>,1,0.465363
13,10,<digit>,0,0.128137
13,10,<digit>,1,0.210554
13,10,<digit>,2,0.199375
13,10,<digit>,3,0.135020
13,10,<digit>,4,0.195231
13,10,<digit>,5,0.014707
13,10,<digit>,6,0.000000
13,10,<digit>,7,0.000000
13,10,<digit>,8,0.086275
13,10,<digit>,9,0.030700
13,10,<digits>,0,0.393750
13,10,<digits>,1,0.606250
13,10,<fragment>,0,0.484883
13,10,<fragment>,1,0.515117
13,10,<hex>,0,0.285828
13,10,<hex>,1,0.366700
13,10,<hex>,2,0.347472
13,10,<host>,0,0.483906
13,10,<host>,1,0.516094
13,10,<hostname>,0,0.481689
13,10,<hostname>,1,0.518311
13,10,<ipv4>,0,1.000000
13,10,<key>,0,1.000000
13,10,<label>,0,1.000000
13,10,<octet>,0,0.438833
13,10,<octet>,1,0.561167
13,10,<path>,0,0.283375
13,10,<path>,1,0.308089
13,10,<path>,2,0.408536
13,10,<pchar>,0,0.188325
13,10,<pchar>,1,0.183469
13,10,<pchar>,2,0.199743
13,10,<pchar>,3,0.212917
13,10,<pchar>,4,0.215546
13,10,<pchars>,0,0.721480
13,10,<pchars>,1,0.278520
13,10,<port>,0,1.000000
13,10,<qparam>,0,0.500920
13,10,<qparam>,1,0.499080
13,10,<qparams>,0,0.450342
13,10,<qparams>,1,0.549658
13,10,<query>,0,0.405694
13,10,<query>,1,0.594306
13,10,<qvalue>,0,0.517097
13,10,<qvalue>,1,0.482903
13,10,<scheme>,0,0.211388
13,10,<scheme>,1,0.168484
13,10,<scheme>,2,0.334001
13,10,<scheme>,3,0.286126
13,10,<segment>,0,1.000000
13,10,<segments>,0,0.528824
13,10,<segments>,1,0.471176
13,10,<start>,0,1.000000
13,10,<url>,0,1.000000
13,10,<wchar>,0,0.190319
13,10,<wchar>,1,0.276138
13,10,<wchar>,2,0.220285
13,10,<wchar>,3,0.313258
13,10,<word>,0,0.557526
13,10,<word>,1,0.442474
13,15,<authority>,0,0.498565
13,15,<authority>,1,0.501435
13,15,<digit>,0,0.261184
13,15,<digit>,1,0.094634
13,15,<digit>,2,0.114215
13,15,<digit>,3,0.074020
13,15,<digit>,4,0.008845
13,15,<digit>,5,0.076538
13,15,<digit>,6,0.158365
13,15,<digit>,7,0.065372
13,15,<digit>,8,0.117681
13,15,<digit>,9,0.029146
13,15,<digits>,0,0.340125
13,15,<digits>,1,0.659875
13,15,<fragment>,0,0.389072
13,15,<fragment>,1,0.610928
13,15,<hex>,0,0.235202
13,15,<hex>,1,0.341226
13,15,<hex>,2,0.423573
13,15,<host>,0,0.424980
13,15,<host>,1,0.575020
13,15,<hostname>,0,0.566152
13,15,<hostname>,1,0.433848
13,15,<ipv4>,0,1.000000
13,15,<key>,0,1.000000
13,15,<label>,0,1.000000
13,15,<octet>,0,0.447971
13,15,<octet>,1,0.552029
13,15,<path>,0,0.249800
13,15,<path>,1,0.254370
13,15,<path>,2,0.495830
13,15,<pchar>,0,0.168077
13,15,<pchar>,1,0.209274
13,15,<pchar>,2,0.260072
13,15,<pchar>,3,0.169796
13,15,<pchar>,4,0.192781
13,15,<pchars>,0,0.587680
13,15,<pchars>,1,0.412320
13,15,<port>,0,1.000000
13,15,<qparam>,0,0.511758
13,15,<qparam>,1,0.488242
13,15,<qparams>,0,0.408150
13,15,<qparams>,1,0.591850
13,15,<query>,0,0.425119
13,15,<query>,1,0.574881
13,15,<qvalue>,0,0.522196
13,15,<qvalue>,1,0.477804
13,15,<scheme>,0,0.206361
13,15,<scheme>,1,0.234975
13,15,<scheme>,2,0.305314
13,15,<scheme>,3,0.253350
13,15,<segment>,0,1.000000
13,15,<segments>,0,0.586159
13,15,<segments>,1,0.413841
13,15,<start>,0,1.000000
13,15,<url>,0,1.000000
13,15,<wchar>,0,0.062279
13,15,<wchar>,1,0.496782
13,15,<wchar>,2,0.374377
13,15,<wchar>,3,0.066563
13,15,<word>,0,0.682259
13,15,<word>,1,0.317741
13,20,<authority>,0,0.487617
13,20,<authority>,1,0.512383
13,20,<digit>,0,0.175231
13,20,<digit>,1,0.082575
13,20,<digit>,2,0.112563
13,20,<digit>,3,0.046094
13,20,<digit>,4,0.180606
13,20,<digit>,5,0.017581
13,20,<digit>,6,0.132247
13,20,<digit>,7,0.025884
13,20,<digit>,8,0.209747
13,20,<digit>,9,0.017473
13,20,<digits>,0,0.377454
13,20,<digits>,1,0.622546
13,20,<fragment>,0,0.413829
13,20,<fragment>,1,0.586171
13,20,<hex>,0,0.370732
13,20,<hex>,1,0.348469
13,20,<hex>,2,0.280800
13,20,<host>,0,0.558817
13,20,<host>,1,0.441183
13,20,<hostname>,0,0.736529
13,20,<hostname>,1,0.263471
13,20,<ipv4>,0,1.000000
13,20,<key>,0,1.000000
13,20,<label>,0,1.000000
13,20,<octet>,0,0.434308
13,20,<octet>,1,0.565692
13,20,<path>,0,0.241753
13,20,<path>,1,0.265586
13,20,<path>,2,0.492661
13,20,<pchar>,0,0.088790
13,20,<pchar>,1,0.257281
13,20,<pchar>,2,0.272545
13,20,<pchar>,3,0.137073
13,20,<pchar>,4,0.244312
13,20,<pchars>,0,0.539342
13,20,<pchars>,1,0.460658
13,20,<port>,0,1.000000
13,20,<qparam>,0,0.501383
13,20,<qparam>,1,0.498617
13,20,<qparams>,0,0.438782
13,20,<qparams>,1,0.561218
13,20,<query>,0,0.423993
13,20,<query>,1,0.576007
13,20,<qvalue>,0,0.516035
13,20,<qvalue>,1,0.483965
13,20,<scheme>,0,0.216160
13,20,<scheme>,1,0.203768
13,20,<scheme>,2,0.333516
13,20,<scheme>,3,0.246556
13,20,<segment>,0,1.000000
13,20,<segments>,0,0.525001
13,20,<segments>,1,0.474999
13,20,<start>,0,1.000000
13,20,<url>,0,1.000000
13,20,<wchar>,0,0.123282
13,20,<wchar>,1,0.651412
13,20,<wchar>,2,0.225306
13,20,<wchar>,3,0.000000
13,20,<word>,0,0.584074
13,20,<word>,1,0.415926
13,25,<authority>,0,0.442419
13,25,<authority>,1,0.557581
13,25,<digit>,0,0.236915
13,25,<digit>,1,0.100809
13,25,<digit>,2,0.110844
13,25,<digit>,3,0.064256
13,25,<digit>,4,0.102764
13,25,<digit>,5,0.004636
13,25,<digit>,6,0.107759
13,25,<digit>,7,0.025509
13,25,<digit>,8,0.240556
13,25,<digit>,9,0.005952
13,25,<digits>,0,0.366752
13,25,<digits>,1,0.633248
13,25,<fragment>,0,0.404968
13,25,<fragment>,1,0.595032
13,25,<hex>,0,0.398751
13,25,<hex>,1,0.346974
13,25,<hex>,2,0.254274
13,25,<host>,0,0.557846
13,25,<host>,1,0.442154
13,25,<hostname>,0,0.592986
13,25,<hostname>,1,0.407014
13,25,<ipv4>,0,1.000000
13,25,<key>,0,1.000000
13,25,<label>,0,1.000000
13,25,<octet>,0,0.464759
13,25,<octet>,1,0.535241
13,25,<path>,0,0.198985
13,25,<path>,1,0.251641
13,25,<path>,2,0.549374
13,25,<pchar>,0,0.110297
13,25,<pchar>,1,0.256620
13,25,<pchar>,2,0.270694
13,25,<pchar>,3,0.172419
13,25,<pchar>,4,0.189970
13,25,<pchars>,0,0.717076
13,25,<pchars>,1,0.282924
13,25,<port>,0,1.000000
13,25,<qparam>,0,0.466672
13,25,<qparam>,1,0.533328
13,25,<qparams>,0,0.413092
13,25,<qparams>,1,0.586908
13,25,<query>,0,0.426414
13,25,<query>,1,0.573586
13,25,<qvalue>,0,0.578719
13,25,<qvalue>,1,0.421281
13,25,<scheme>,0,0.219962
13,25,<scheme>,1,0.211290
13,25,<scheme>,2,0.327995
13,25,<scheme>,3,0.240753
13,25,<segment>,0,1.000000
13,25,<segments>,0,0.516276
13,25,<segments>,1,0.483724
13,25,<start>,0,1.000000
13,25,<url>,0,1.000000
13,25,<wchar>,0,0.042703
13,25,<wchar>,1,0.648743
13,25,<wchar>,2,0.235536
13,25,<wchar>,3,0.073017
13,25,<word>,0,0.643032
13,25,<word>,1,0.356968
13,30,<authority>,0,0.478159
13,30,<authority>,1,0.521841
13,30,<digit>,0,0.163106
13,30,<digit>,1,0.028153
13,30,<digit>,2,0.027947
13,30,<digit>,3,0.000000
13,30,<digit>,4,0.037425
13,30,<digit>,5,0.011816
13,30,<digit>,6,0.497163
13,30,<digit>,7,0.012182
13,30,<digit>,8,0.196039
13,30,<digit>,9,0.026169
13,30,<digits>,0,0.386912
13,30,<digits>,1,0.613088
13,30,<fragment>,0,0.388061
13,30,<fragment>,1,0.611939
13,30,<hex>,0,0.509477
13,30,<hex>,1,0.315469
13,30,<hex>,2,0.175054
13,30,<host>,0,0.563829
13,30,<host>,1,0.436171
13,30,<hostname>,0,0.606347
13,30,<hostname>,1,0.393653
13,30,<ipv4>,0,1.000000
13,30,<key>,0,1.000000
13,30,<label>,0,1.000000
13,30,<octet>,0,0.394693
13,30,<octet>,1,0.605307
13,30,<path>,0,0.209326
13,30,<path>,1,0.267600
13,30,<path>,2,0.523075
13,30,<pchar>,0,0.218519
13,30,<pchar>,1,0.325308
13,30,<pchar>,2,0.267270
13,30,<pchar>,3,0.151828
13,30,<pchar>,4,0.037075
13,30,<pchars>,0,0.855504
13,30,<pchars>,1,0.144496
13,30,<port>,0,1.000000
13,30,<qparam>,0,0.497929
13,30,<qparam>,1,0.502071
13,30,<qparams>,0,0.337618
13,30,<qparams>,1,0.662382
13,30,<query>,0,0.390762
13,30,<query>,1,0.609238
13,30,<qvalue>,0,0.554400
13,30,<qvalue>,1,0.445600
13,30,<scheme>,0,0.244521
13,30,<scheme>,1,0.222393
13,30,<scheme>,2,0.269097
13,30,<scheme>,3,0.263989
13,30,<segment>,0,1.000000
13,30,<segments>,0,0.369541
13,30,<segments>,1,0.630459
13,30,<start>,0,1.000000
13,30,<url>,0,1.000000
13,30,<wchar>,0,0.060465
13,30,<wchar>,1,0.885132
13,30,<wchar>,2,0.000000
13,30,<wchar>,3,0.054403
13,30,<word>,0,0.622353
13,30,<word>,1,0.377647
13,35,<authority>,0,0.474541
13,35,<authority>,1,0.525459
13,35,<digit>,0,0.234172
13,35,<digit>,1,0.098074
13,35,<digit>,2,0.070853
13,35,<digit>,3,0.033995
13,35,<digit>,4,0.057027
13,35,<digit>,5,0.025851
13,35,<digit>,6,0.146770
13,35,<digit>,7,0.047565
13,35,<digit>,8,0.229528
13,35,<digit>,9,0.056166
13,35,<digits>,0,0.385493
13,35,<digits>,1,0.614507
13,35,<fragment>,0,0.430631
13,35,<fragment>,1,0.569369
13,35,<hex>,0,0.508858
13,35,<hex>,1,0.392979
13,35,<hex>,2,0.098163
13,35,<host>,0,0.549156
13,35,<host>,1,0.450844
13,35,<hostname>,0,0.537368
13,35,<hostname>,1,0.462632
13,35,<ipv4>,0,1.000000
13,35,<key>,0,1.000000
13,35,<label>,0,1.000000
13,35,<octet>,0,0.383604
13,35,<octet>,1,0.616396
13,35,<path>,0,0.216322
13,35,<path>,1,0.234905
13,35,<path>,2,0.548774
13,35,<pchar>,0,0.139242
13,35,<pchar>,1,0.356469
13,35,<pchar>,2,0.261926
13,35,<pchar>,3,0.138545
13,35,<pchar>,4,0.103817
13,35,<pchars>,0,0.817069
13,35,<pchars>,1,0.182931
13,35,<port>,0,1.000000
13,35,<qparam>,0,0.654505
13,35,<qparam>,1,0.345495
13,35,<qparams>,0,0.351640
13,35,<qparams>,1,0.648360
13,35,<query>,0,0.446306
13,35,<query>,1,0.553694
13,35,<qvalue>,0,0.511938
13,35,<qvalue>,1,0.488062
13,35,<scheme>,0,0.237833
13,35,<scheme>,1,0.280852
13,35,<scheme>,2,0.267163
13,35,<scheme>,3,0.214153
13,35,<segment>,0,1.000000
13,35,<segments>,0,0.422700
13,35,<segments>,1,0.577300
13,35,<start>,0,1.000000
13,35,<url>,0,1.000000
13,35,<wchar>,0,0.013420
13,35,<wchar>,1,0.536811
13,35,<wchar>,2,0.389838
13,35,<wchar>,3,0.059931
13,35,<word>,0,0.682258
13,35,<word>,1,0.317742
13,40,<authority>,0,0.519847
13,40,<authority>,1,0.480153
13,40,<digit>,0,0.273760
13,40,<digit>,1,0.060214
13,40,<digit>,2,0.077819
13,40,<digit>,3,0.019620
13,40,<digit>,4,0.099453
13,40,<digit>,5,0.007594
13,40,<digit>,6,0.182659
13,40,<digit>,7,0.005935
13,40,<digit>,8,0.240754
13,40,<digit>,9,0.032192
13,40,<digits>,0,0.209209
13,40,<digits>,1,0.790791
13,40,<fragment>,0,0.425541
13,40,<fragment>,1,0.574459
13,40,<hex>,0,0.569915
13,40,<hex>,1,0.320386
13,40,<hex>,2,0.109700
13,40,<host>,0,0.528150
13,40,<host>,1,0.471850
13,40,<hostname>,0,0.583009
13,40,<hostname>,1,0.416991
13,40,<ipv4>,0,1.000000
13,40,<key>,0,1.000000
13,40,<label>,0,1.000000
13,40,<octet>,0,0.388236
13,40,<octet>,1,0.611764
13,40,<path>,0,0.276025
13,40,<path>,1,0.214109
13,40,<path>,2,0.509865
13,40,<pchar>,0,0.223337
13,40,<pchar>,1,0.221485
13,40,<pchar>,2,0.252223
13,40,<pchar>,3,0.191398
13,40,<pchar>,4,0.111558
13,40,<pchars>,0,0.810501
13,40,<pchars>,1,0.189499
13,40,<port>,0,1.000000
13,40,<qparam>,0,0.522576
13,40,<qparam>,1,0.477424
13,40,<qparams>,0,0.346918
13,40,<qparams>,1,0.653082
13,40,<query>,0,0.399750
13,40,<query>,1,0.600250
13,40,<qvalue>,0,0.470151
13,40,<qvalue>,1,0.529849
13,40,<scheme>,0,0.228456
13,40,<scheme>,1,0.253294
13,40,<scheme>,2,0.292201
13,40,<scheme>,3,0.226048
13,40,<segment>,0,1.000000
13,40,<segments>,0,0.361906
13,40,<segments>,1,0.638094
13,40,<start>,0,1.000000
13,40,<url>,0,1.000000
13,40,<wchar>,0,0.013577
13,40,<wchar>,1,0.679050
13,40,<wchar>,2,0.224681
13,40,<wchar>,3,0.082692
13,40,<word>,0,0.634973
13,40,<word>,1,0.365027
13,45,<authority>,0,0.577640
13,45,<authority>,1,0.422360
13,45,<digit>,0,0.217982
13,45,<digit>,1,0.051049
13,45,<digit>,2,0.010550
13,45,<digit>,3,0.011339
13,45,<digit>,4,0.057504
13,45,<digit>,5,0.005365
13,45,<digit>,6,0.247894
13,45,<digit>,7,0.030528
13,45,<digit>,8,0.325680
13,45,<digit>,9,0.042109
13,45,<digits>,0,0.274066
13,45,<digits>,1,0.725934
13,45,<fragment>,0,0.477960
13,45,<fragment>,1,0.522040
13,45,<hex>,0,0.585222
13,45,<hex>,1,0.297826
13,45,<hex>,2,0.116952
13,45,<host>,0,0.505297
13,45,<host>,1,0.494703
13,45,<hostname>,0,0.567495
13,45,<hostname>,1,0.432505
13,45,<ipv4>,0,1.000000
13,45,<key>,0,1.000000
13,45,<label>,0,1.000000
13,45,<octet>,0,0.440999
13,45,<octet>,1,0.559001
13,45,<path>,0,0.235799
13,45,<path>,1,0.230327
13,45,<path>,2,0.533874
13,45,<pchar>,0,0.204171
13,45,<pchar>,1,0.236102
13,45,<pchar>,2,0.312423
13,45,<pchar>,3,0.147835
13,45,<pchar>,4,0.099469
13,45,<pchars>,0,0.830064
13,45,<pchars>,1,0.169936
13,45,<port>,0,1.000000
13,45,<qparam>,0,0.483601
13,45,<qparam>,1,0.516399
13,45,<qparams>,0,0.335474
13,45,<qparams>,1,0.664526
13,45,<query>,0,0.399240
13,45,<query>,1,0.600760
13,45,<qvalue>,0,0.442710
13,45,<qvalue>,1,0.557290
13,45,<scheme>,0,0.244048
13,45,<scheme>,1,0.222180
13,45,<scheme>,2,0.265984
13,45,<scheme>,3,0.267787
13,45,<segment>,0,1.000000
13,45,<segments>,0,0.362264
13,45,<segments>,1,0.637736
13,45,<start>,0,1.000000
13,45,<url>,0,1.000000
13,45,<wchar>,0,0.008168
13,45,<wchar>,1,0.827982
13,45,<wchar>,2,0.088807
13,45,<wchar>,3,0.075043
13,45,<word>,0,0.635304
13,45,<word>,1,0.364696
13,50,<authority>,0,0.505152
13,50,<authority>,1,0.494848
13,50,<digit>,0,0.231829
13,50,<digit>,1,0.051623
13,50,<digit>,2,0.000147
13,50,<digit>,3,0.028280
13,50,<digit>,4,0.024222
13,50,<digit>,5,0.000000
13,50,<digit>,6,0.396634
13,50,<digit>,7,0.000000
13,50,<digit>,8,0.241978
13,50,<digit>,9,0.025286
13,50,<digits>,0,0.334251
13,50,<digits>,1,0.665749
13,50,<fragment>,0,0.507492
13,50,<fragment>,1,0.492508
13,50,<hex>,0,0.529824
13,50,<hex>,1,0.421569
13,50,<hex>,2,0.048608
13,50,<host>,0,0.530683
13,50,<host>,1,0.469317
13,50,<hostname>,0,0.542265
13,50,<hostname>,1,0.457735
13,50,<ipv4>,0,1.000000
13,50,<key>,0,1.000000
13,50,<label>,0,1.000000
13,50,<octet>,0,0.345512
13,50,<octet>,1,0.654488
13,50,<path>,0,0.208411
13,50,<path>,1,0.178801
13,50,<path>,2,0.612788
13,50,<pchar>,0,0.074809
13,50,<pchar>,1,0.208533
13,50,<pchar>,2,0.344853
13,50,<pchar>,3,0.118117
13,50,<pchar>,4,0.253688
13,50,<pchars>,0,0.877260
13,50,<pchars>,1,0.122740
13,50,<port>,0,1.000000
13,50,<qparam>,0,0.508931
13,50,<qparam>,1,0.491069
13,50,<qparams>,0,0.340071
13,50,<qparams>,1,0.659929
13,50,<query>,0,0.403582
13,50,<query>,1,0.596418
13,50,<qvalue>,0,0.535730
13,50,<qvalue>,1,0.464270
13,50,<scheme>,0,0.224898
13,50,<scheme>,1,0.220278
13,50,<scheme>,2,0.258824
13,50,<scheme>,3,0.296000
13,50,<segment>,0,1.000000
13,50,<segments>,0,0.370086
13,50,<segments>,1,0.629914
13,50,<start>,0,1.000000
13,50,<url>,0,1.000000
13,50,<wchar>,0,0.007155
13,50,<wchar>,1,0.902618
13,50,<wchar>,2,0.035315
13,50,<wchar>,3,0.054912
13,50,<word>,0,0.631050
13,50,<word>,1,0.368950
13,55,<authority>,0,0.542303
13,55,<authority>,1,0.457697
13,55,<digit>,0,0.268608
13,55,<digit>,1,0.067843
13,55,<digit>,2,0.032219
13,55,<digit>,3,0.075104
13,55,<digit>,4,0.052929
13,55,<digit>,5,0.003095
13,55,<digit>,6,0.148792
13,55,<digit>,7,0.041807
13,55,<digit>,8,0.282905
13,55,<digit>,9,0.026698
13,55,<digits>,0,0.326922
13,55,<digits>,1,0.673078
13,55,<fragment>,0,0.459292
13,55,<fragment>,1,0.540708
13,55,<hex>,0,0.503231
13,55,<hex>,1,0.301964
13,55,<hex>,2,0.194805
13,55,<host>,0,0.522450
13,55,<host>,1,0.477550
13,55,<hostname>,0,0.593656
13,55,<hostname>,1,0.406344
13,55,<ipv4>,0,1.000000
13,55,<key>,0,1.000000
13,55,<label>,0,1.000000
13,55,<octet>,0,0.396105
13,55,<octet>,1,0.603895
13,55,<path>,0,0.164316
13,55,<path>,1,0.231430
13,55,<path>,2,0.604255
13,55,<pchar>,0,0.173333
13,55,<pchar>,1,0.241059
13,55,<pchar>,2,0.318259
13,55,<pchar>,3,0.123697
13,55,<pchar>,4,0.143652
13,55,<pchars>,0,0.863736
13,55,<pchars>,1,0.136264
13,55,<port>,0,1.000000
13,55,<qparam>,0,0.485674
13,55,<qparam>,1,0.514326
13,55,<qparams>,0,0.343662
13,55,<qparams>,1,0.656338
13,55,<query>,0,0.406166
13,55,<query>,1,0.593834
13,55,<qvalue>,0,0.483619
13,55,<qvalue>,1,0.516381
13,55,<scheme>,0,0.219644
13,55,<scheme>,1,0.252976
13,55,<scheme>,2,0.287515
13,55,<scheme>,3,0.239864
13,55,<segment>,0,1.000000
13,55,<segments>,0,0.366008
13,55,<segments>,1,0.633992
13,55,<start>,0,1.000000
13,55,<url>,0,1.000000
13,55,<wchar>,0,0.018390
13,55,<wchar>,1,0.893408
13,55,<wchar>,2,0.026759
13,55,<wchar>,3,0.061443
13,55,<word>,0,0.645558
13,55,<word>,1,0.354442
13,59,<authority>,0,0.544824
13,59,<authority>,1,0.455176
13,59,<digit>,0,0.272758
13,59,<digit>,1,0.020338
13,59,<digit>,2,0.034993
13,59,<digit>,3,0.019433
13,59,<digit>,4,0.050522
13,59,<digit>,5,0.007845
13,59,<digit>,6,0.200120
13,59,<digit>,7,0.043221
13,59,<digit>,8,0.304487
13,59,<digit>,9,0.046283
13,59,<digits>,0,0.316674
13,59,<digits>,1,0.683326
13,59,<fragment>,0,0.470299
13,59,<fragment>,1,0.529701
13,59,<hex>,0,0.597427
13,59,<hex>,1,0.339394
13,59,<hex>,2,0.063179
13,59,<host>,0,0.511919
13,59,<host>,1,0.488081
13,59,<hostname>,0,0.612892
13,59,<hostname>,1,0.387108
13,59,<ipv4>,0,1.000000
13,59,<key>,0,1.000000
13,59,<label>,0,1.000000
13,59,<octet>,0,0.503858
13,59,<octet>,1,0.496142
13,59,<path>,0,0.182605
13,59,<path>,1,0.233213
13,59,<path>,2,0.584182
13,59,<pchar>,0,0.179753
13,59,<pchar>,1,0.177278
13,59,<pchar>,2,0.375840
13,59,<pchar>,3,0.126341
13,59,<pchar>,4,0.140788
13,59,<pchars>,0,0.852932
13,59,<pchars>,1,0.147068
13,59,<port>,0,1.000000
13,59,<qparam>,0,0.489545
13,59,<qparam>,1,0.510455
13,59,<qparams>,0,0.370325
13,59,<qparams>,1,0.629675
13,59,<query>,0,0.408583
13,59,<query>,1,0.591417
13,59,<qvalue>,0,0.504498
13,59,<qvalue>,1,0.495502
13,59,<scheme>,0,0.260483
13,59,<scheme>,1,0.263494
13,59,<scheme>,2,0.237741
13,59,<scheme>,3,0.238282
13,59,<segment>,0,1.000000
13,59,<segments>,0,0.370381
13,59,<segments>,1,0.629619
13,59,<start>,0,1.000000
13,59,<url>,0,1.000000
13,59,<wchar>,0,0.045757
13,59,<wchar>,1,0.849081
13,59,<wchar>,2,0.036874
13,59,<wchar>,3,0.068288
13,59,<word>,0,0.615155
13,59,<word>,1,0.384845
14,0,<authority>,0,0.440970
14,0,<authority>,1,0.559030
14,0,<digit>,0,0.164788
14,0,<digit>,1,0.060469
14,0,<digit>,2,0.068178
14,0,<digit>,3,0.076357
14,0,<digit>,4,0.201819
14,0,<digit>,5,0.051269
14,0,<digit>,6,0.107408
14,0,<digit>,7,0.115966
14,0,<digit>,8,0.068452
14,0,<digit>,9,0.085295
14,0,<digits>,0,0.682062
14,0,<digits>,1,0.317938
14,0,<fragment>,0,0.448174
14,0,<fragment>,1,0.551826
14,0,<hex>,0,0.344843
14,0,<hex>,1,0.215199
14,0,<hex>,2,0.439958
14,0,<host>,0,0.280842
14,0,<host>,1,0.719158
14,0,<hostname>,0,0.513693
14,0,<hostname>,1,0.486307
14,0,<ipv4>,0,1.000000
14,0,<key>,0,1.000000
14,0,<label>,0,1.000000
14,0,<octet>,0,0.527360
14,0,<octet>,1,0.472640
14,0,<path>,0,0.291747
14,0,<path>,1,0.348333
14,0,<path>,2,0.359920
14,0,<pchar>,0,0.434924
14,0,<pchar>,1,0.140480
14,0,<pchar>,2,0.112207
14,0,<pchar>,3,0.221259
14,0,<pchar>,4,0.091130
14,0,<pchars>,0,0.381482
14,0,<pchars>,1,0.618518
14,0,<port>,0,1.000000
14,0,<qparam>,0,0.481400
14,0,<qparam>,1,0.518600
14,0,<qparams>,0,0.480019
14,0,<qparams>,1,0.519981
14,0,<query>,0,0.256207
14,0,<query>,1,0.743793
14,0,<qvalue>,0,0.571442
14,0,<qvalue>,1,0.428558
14,0,<scheme>,0,0.200896
14,0,<scheme>,1,0.185206
14,0,<scheme>,2,0.242798
14,0,<scheme>,3,0.371100
14,0,<segment>,0,1.000000
14,0,<segments>,0,0.406232
14,0,<segments>,1,0.593768
14,0,<start>,0,1.000000
14,0,<url>,0,1.000000
14,0,<wchar>,0,0.150224
14,0,<wchar>,1,0.229499
14,0,<wchar>,2,0.336978
14,0,<wchar>,3,0.283299
14,0,<word>,0,0.583138
14,0,<word>,1,0.416862
14,5,<authority>,0,0.430580
14,5,<authority>,1,0.569420
14,5,<digit>,0,0.097100
14,5,<digit>,1,0.117619
14,5,<digit>,2,0.052052
14,5,<digit>,3,0.081631
14,5,<digit>,4,0.100487
14,5,<digit>,5,0.081623
14,5,<digit>,6,0.265757
14,5,<digit>,7,0.066336
14,5,<digit>,8,0.101073
14,5,<digit>,9,0.036322
14,5,<digits>,0,0.372839
14,5,<digits>,1,0.627161
14,5,<fragment>,0,0.512897
14,5,<fragment>,1,0.487103
14,5,<hex>,0,0.335222
14,5,<hex>,1,0.178836
14,5,<hex>,2,0.485942
14,5,<host>,0,0.383510
14,5,<host>,1,0.616490
14,5,<hostname>,0,0.588116
14,5,<hostname>,1,0.411884
14,5,<ipv4>,0,1.000000
14,5,<key>,0,1.000000
14,5,<label>,0,1.000000
14,5,<octet>,0,0.597945
14,5,<octet>,1,0.402055
14,5,<path>,0,0.200441
14,5,<path>,1,0.419038
14,5,<path>,2,0.380520
14,5,<pchar>,0,0.235934
14,5,<pchar>,1,0.265006
14,5,<pchar>,2,0.218861
14,5,<pchar>,3,0.152154
14,5,<pchar>,4,0.128045
14,5,<pchars>,0,0.494057
14,5,<pchars>,1,0.505943
14,5,<port>,0,1.000000
14,5,<qparam>,0,0.493096
14,5,<qparam>,1,0.506904
14,5,<qparams>,0,0.491353
14,5,<qparams>,1,0.508647
14,5,<query>,0,0.432612
14,5,<query>,1,0.567388
14,5,<qvalue>,0,0.606882
14,5,<qvalue>,1,0.393118
14,5,<scheme>,0,0.235172
14,5,<scheme>,1,0.175020
14,5,<scheme>,2,0.296868
14,5,<scheme>,3,0.292940
14,5,<segment>,0,1.000000
14,5,<segments>,0,0.407777
14,5,<segments>,1,0.592223
14,5,<start>,0,1.000000
14,5,<url>,0,1.000000
14,5,<wchar>,0,0.244408
14,5,<wchar>,1,0.252492
14,5,<wchar>,2,0.307642
14,5,<wchar>,3,0.195458
14,5,<word>,0,0.557195
14,5,<word>,1,0.442805
14,10,<authority>,0,0.518563
14,10,<authority>,1,0.481437
14,10,<digit>,0,0.175013
14,10,<digit>,1,0.099871
14,10,<digit>,2,0.006752
14,10,<digit>,3,0.198846
14,10,<digit>,4,0.106289
14,10,<digit>,5,0.000000
14,10,<digit>,6,0.068912
14,10,<digit>,7,0.131140
14,10,<digit>,8,0.119114
14,10,<digit>,9,0.094063
14,10,<digits>,0,0.412562
14,10,<digits>,1,0.587438
14,10,<fragment>,0,0.554596
14,10,<fragment>,1,0.445404
14,10,<hex>,0,0.217405
14,10,<hex>,1,0.286479
14,10,<hex>,2,0.496116
14,10,<host>,0,0.524407
14,10,<host>,1,0.475593
14,10,<hostname>,0,0.560978
14,10,<hostname>,1,0.439022
14,10,<ipv4>,0,1.000000
14,10,<key>,0,1.000000
14,10,<label>,0,1.000000
14,10,<octet>,0,0.581001
14,10,<octet>,1,0.418999
14,10,<path>,0,0.202831
14,10,<path>,1,0.311232
14,10,<path>,2,0.485937
14,10,<pchar>,0,0.163727
14,10,<pchar>,1,0.128690
14,10,<pchar>,2,0.521064
14,10,<pchar>,3,0.131997
14,10,<pchar>,4,0.054522
14,10,<pchars>,0,0.621540
14,10,<pchars>,1,0.378460
14,10,<port>,0,1.000000
14,10,<qparam>,0,0.403942
14,10,<qparam>,1,0.596058
14,10,<qparams>,0,0.568091
14,10,<qparams>,1,0.431909
14,10,<query>,0,0.343919
14,10,<query>,1,0.656081
14,10,<qvalue>,0,0.660337
14,10,<qvalue>,1,0.339663
14,10,<scheme>,0,0.269481
14,10,<scheme>,1,0.261198
14,10,<scheme>,2,0.183559
14,10,<scheme>,3,0.285763
14,10,<segment>,0,1.000000
14,10,<segments>,0,0.394646
14,10,<segments>,1,0.605354
14,10,<start>,0,1.000000
14,10,<url>,0,1.000000
14,10,<wchar>,0,0.000000
14,10,<wchar>,1,0.339261
14,10,<wchar>,2,0.305944
14,10,<wchar>,3,0.354796
14,10,<word>,0,0.619663
14,10,<word>,1,0.380337
14,15,<authority>,0,0.508815
14,15,<authority>,1,0.491185
14,15,<digit>,0,0.128879
14,15,<digit>,1,0.098616
14,15,<digit>,2,0.024799
14,15,<digit>,3,0.153158
14,15,<digit>,4,0.154542
14,15,<digit>,5,0.000000
14,15,<digit>,6,0.075219
14,15,<digit>,7,0.159571
14,15,<digit>,8,0.205217
14,15,<digit>,9,0.000000
14,15,<digits>,0,0.425876
14,15,<digits>,1,0.574124
14,15,<fragment>,0,0.585247
14,15,<fragment>,1,0.414753
14,15,<hex>,0,0.328414
14,15,<hex>,1,0.348411
14,15,<hex>,2,0.323174
14,15,<host>,0,0.506181
14,15,<host>,1,0.493819
14,15,<hostname>,0,0.565524
14,15,<hostname>,1,0.434476
14,15,<ipv4>,0,1.000000
14,15,<key>,0,1.000000
14,15,<label>,0,1.000000
14,15,<octet>,0,0.568630
14,15,<octet>,1,0.431370
14,15,<path>,0,0.231125
14,15,<path>,1,0.331365
14,15,<path>,2,0.437510
14,15,<pchar>,0,0.229037
14,15,<pchar>,1,0.121422
14,15,<pchar>,2,0.266281
14,15,<pchar>,3,0.115375
14,15,<pchar>,4,0.267885
14,15,<pchars>,0,0.640307
14,15,<pchars>,1,0.359693
14,15,<port>,0,1.000000
14,15,<qparam>,0,0.408555
14,15,<qparam>,1,0.591445
14,15,<qparams>,0,0.454487
14,15,<qparams>,1,0.545513
14,15,<query>,0,0.393079
14,15,<query>,1,0.606921
14,15,<qvalue>,0,0.693297
14,15,<qvalue>,1,0.306703
14,15,<scheme>,0,0.320077
14,15,<scheme>,1,0.225864
14,15,<scheme>,2,0.218035
14,15,<scheme>,3,0.236024
14,15,<segment>,0,1.000000
14,15,<segments>,0,0.360749
14,15,<segments>,1,0.639251
14,15,<start>,0,1.000000
14,15,<url>,0,1.000000
14,15,<wchar>,0,0.047133
14,15,<wchar>,1,0.349879
14,15,<wchar>,2,0.229916
14,15,<wchar>,3,0.373072
14,15,<word>,0,0.550017
14,15,<word>,1,0.449983
14,20,<authority>,0,0.440800
14,20,<authority>,1,0.559200
14,20,<digit>,0,0.553143
14,20,<digit>,1,0.061292
14,20,<digit>,2,0.025887
14,20,<digit>,3,0.081382
14,20,<digit>,4,0.065219
14,20,<digit>,5,0.000000
14,20,<digit>,6,0.068318
14,20,<digit>,7,0.059577
14,20,<digit>,8,0.085181
14,20,<digit>,9,0.000000
14,20,<digits>,0,0.420870
14,20,<digits>,1,0.579130
14,20,<fragment>,0,0.491352
14,20,<fragment>,1,0.508648
14,20,<hex>,0,0.271241
14,20,<hex>,1,0.327604
14,20,<hex>,2,0.401155
14,20,<host>,0,0.548879
14,20,<host>,1,0.451121
14,20,<hostname>,0,0.576788
14,20,<hostname>,1,0.423212
14,20,<ipv4>,0,1.000000
14,20,<key>,0,1.000000
14,20,<label>,0,1.000000
14,20,<octet>,0,0.529831
14,20,<octet>,1,0.470169
14,20,<path>,0,0.195760
14,20,<path>,1,0.249782
14,20,<path>,2,0.554458
14,20,<pchar>,0,0.241320
14,20,<pchar>,1,0.099178
14,20,<pchar>,2,0.530454
14,20,<pchar>,3,0.110661
14,20,<pchar>,4,0.018387
14,20,<pchars>,0,0.672808
14,20,<pchars>,1,0.327192
14,20,<port>,0,1.000000
14,20,<qparam>,0,0.377493
14,20,<qparam>,1,0.622507
14,20,<qparams>,0,0.571460
14,20,<qparams>,1,0.428540
14,20,<query>,0,0.403608
14,20,<query>,1,0.596392
14,20,<qvalue>,0,0.721610
14,20,<qvalue>,1,0.278390
14,20,<scheme>,0,0.260126
14,20,<scheme>,1,0.239353
14,20,<scheme>,2,0.280392
14,20,<scheme>,3,0.220129
14,20,<segment>,0,1.000000
14,20,<segments>,0,0.375037
14,20,<segments>,1,0.624963
14,20,<start>,0,1.000000
14,20,<url>,0,1.000000
14,20,<wchar>,0,0.080187
14,20,<wchar>,1,0.250785
14,20,<wchar>,2,0.274336
14,20,<wchar>,3,0.394692
14,20,<word>,0,0.621010
14,20,<word>,1,0.378990
14,25,<authority>,0,0.504052
14,25,<authority>,1,0.495948
14,25,<digit>,0,0.368305
14,25,<digit>,1,0.022494
14,25,<digit>,2,0.027381
14,25,<digit>,3,0.076574
14,25,<digit>,4,0.006537
14,25,<digit>,5,0.020549
14,25,<digit>,6,0.063399
14,25,<digit>,7,0.031323
14,25,<digit>,8,0.309283
14,25,<digit>,9,0.074154
14,25,<digits>,0,0.411985
14,25,<digits>,1,0.588015
14,25,<fragment>,0,0.486888
14,25,<fragment>,1,0.513112
14,25,<hex>,0,0.253342
14,25,<hex>,1,0.364790
14,25,<hex>,2,0.381869
14,25,<host>,0,0.567137
14,25,<host>,1,0.432863
14,25,<hostname>,0,0.565326
14,25,<hostname>,1,0.434674
14,25,<ipv4>,0,1.000000
14,25,<key>,0,1.000000
14,25,<label>,0,1.000000
14,25,<octet>,0,0.480381
14,25,<octet>,1,0.519619
14,25,<path>,0,0.158499
14,25,<path>,1,0.289281
14,25,<path>,2,0.552219
14,25,<pchar>,0,0.216665
14,25,<pchar>,1,0.093622
14,25,<pchar>,2,0.398819
14,25,<pchar>,3,0.140889
14,25,<pchar>,4,0.150005
14,25,<pchars>,0,0.664999
14,25,<pchars>,1,0.335001
14,25,<port>,0,1.000000
14,25,<qparam>,0,0.386275
14,25,<qparam>,1,0.613725
14,25,<qparams>,0,0.546775
14,25,<qparams>,1,0.453225
14,25,<query>,0,0.372376
14,25,<query>,1,0.627624
14,25,<qvalue>,0,0.725335
14,25,<qvalue>,1,0.274665
14,25,<scheme>,0,0.159252
14,25,<scheme>,1,0.232580
14,25,<scheme>,2,0.303861
14,25,<scheme>,3,0.304307
14,25,<segment>,0,1.000000
14,25,<segments>,0,0.413201
14,25,<segments>,1,0.586799
14,25,<start>,0,1.000000
14,25,<url>,0,1.000000
14,25,<wchar>,0,0.149872
14,25,<wchar>,1,0.343770
14,25,<wchar>,2,0.255309
14,25,<wchar>,3,0.251049
14,25,<word>,0,0.676957
14,25,<word>,1,0.323043
14,30,<authority>,0,0.499408
14,30,<authority>,1,0.500592
14,30,<digit>,0,0.404088
14,30,<digit>,1,0.043377
14,30,<digit>,2,0.044166
14,30,<digit>,3,0.066839
14,30,<digit>,4,0.003793
14,30,<digit>,5,0.021431
14,30,<digit>,6,0.181492
14,30,<digit>,7,0.042610
14,30,<digit>,8,0.121434
14,30,<digit>,9,0.070772
14,30,<digits>,0,0.254817
14,30,<digits>,1,0.745183
14,30,<fragment>,0,0.539780
14,30,<fragment>,1,0.460220
14,30,<hex>,0,0.188484
14,30,<hex>,1,0.501138
14,30,<hex>,2,0.310378
14,30,<host>,0,0.580792
14,30,<host>,1,0.419208
14,30,<hostname>,0,0.559366
14,30,<hostname>,1,0.440634
14,30,<ipv4>,0,1.000000
14,30,<key>,0,1.000000
14,30,<label>,0,1.000000
14,30,<octet>,0,0.506869
14,30,<octet>,1,0.493131
14,30,<path>,0,0.203601
14,30,<path>,1,0.280610
14,30,<path>,2,0.515788
14,30,<pchar>,0,0.188451
14,30,<pchar>,1,0.142834
14,30,<pchar>,2,0.334379
14,30,<pchar>,3,0.121160
14,30,<pchar>,4,0.213176
14,30,<pchars>,0,0.677191
14,30,<pchars>,1,0.322809
14,30,<port>,0,1.000000
14,30,<qparam>,0,0.403707
14,30,<qparam>,1,0.596293
14,30,<qparams>,0,0.556802
14,30,<qparams>,1,0.443198
14,30,<query>,0,0.316031
14,30,<query>,1,0.683969
14,30,<qvalue>,0,0.713331
14,30,<qvalue>,1,0.286669
14,30,<scheme>,0,0.231569
14,30,<scheme>,1,0.216196
14,30,<scheme>,2,0.304894
14,30,<scheme>,3,0.247342
14,30,<segment>,0,1.000000
14,30,<segments>,0,0.410846
14,30,<segments>,1,0.589154
14,30,<start>,0,1.000000
14,30,<url>,0,1.000000
14,30,<wchar>,0,0.067349
14,30,<wchar>,1,0.455263
14,30,<wchar>,2,0.257568
14,30,<wchar>,3,0.219820
14,30,<word>,0,0.895883
14,30,<word>,1,0.104117
14,35,<authority>,0,0.531313
14,35,<authority>,1,0.468687
14,35,<digit>,0,0.335487
14,35,<digit>,1,0.029584
14,35,<digit>,2,0.000000
14,35,<digit>,3,0.109798
14,35,<digit>,4,0.033583
14,35,<digit>,5,0.000000
14,35,<digit>,6,0.110059
14,35,<digit>,7,0.048608
14,35,<digit>,8,0.229620
14,35,<digit>,9,0.103260
14,35,<digits>,0,0.272136
14,35,<digits>,1,0.727864
14,35,<fragment>,0,0.491190
14,35,<fragment>,1,0.508810
14,35,<hex>,0,0.188727
14,35,<hex>,1,0.380968
14,35,<hex>,2,0.430305
14,35,<host>,0,0.542307
14,35,<host>,1,0.457693
14,35,<hostname>,0,0.569309
14,35,<hostname>,1,0.430691
14,35,<ipv4>,0,1.000000
14,35,<key>,0,1.000000
14,35,<label>,0,1.000000
14,35,<octet>,0,0.572028
14,35,<octet>,1,0.427972
14,35,<path>,0,0.199192
14,35,<path>,1,0.319460
14,35,<path>,2,0.481348
14,35,<pchar>,0,0.254298
14,35,<pchar>,1,0.131419
14,35,<pchar>,2,0.371160
14,35,<pchar>,3,0.135760
14,35,<pchar>,4,0.107362
14,35,<pchars>,0,0.731356
14,35,<pchars>,1,0.268644
14,35,<port>,0,1.000000
14,35,<qparam>,0,0.390312
14,35,<qparam>,1,0.609688
14,35,<qparams>,0,0.549877
14,35,<qparams>,1,0.450123
14,35,<query>,0,0.313657
14,35,<query>,1,0.686343
14,35,<qvalue>,0,0.712671
14,35,<qvalue>,1,0.287329
14,35,<scheme>,0,0.255441
14,35,<scheme>,1,0.202674
14,35,<scheme>,2,0.295069
14,35,<scheme>,3,0.246816
14,35,<segment>,0,1.000000
14,35,<segments>,0,0.414790
14,35,<segments>,1,0.585210
14,35,<start>,0,1.000000
14,35,<url>,0,1.000000
14,35,<wchar>,0,0.112399
14,35,<wchar>,1,0.564263
14,35,<wchar>,2,0.163010
14,35,<wchar>,3,0.160328
14,35,<word>,0,0.916082
14,35,<word>,1,0.083918
14,40,<authority>,0,0.523590
14,40,<authority>,1,0.476410
14,40,<digit>,0,0.299940
14,40,<digit>,1,0.032815
14,40,<digit>,2,0.000000
14,40,<digit>,3,0.013119
14,40,<digit>,4,0.442493
14,40,<digit>,5,0.003122
14,40,<digit>,6,0.027353
14,40,<digit>,7,0.003383
14,40,<digit>,8,0.158241
14,40,<digit>,9,0.019534
14,40,<digits>,0,0.325650
14,40,<digits>,1,0.674350
14,40,<fragment>,0,0.499342
14,40,<fragment>,1,0.500658
14,40,<hex>,0,0.271322
14,40,<hex>,1,0.344414
14,40,<hex>,2,0.384263
14,40,<host>,0,0.554268
14,40,<host>,1,0.445732
14,40,<hostname>,0,0.577926
14,40,<hostname>,1,0.422074
14,40,<ipv4>,0,1.000000
14,40,<key>,0,1.000000
14,40,<label>,0,1.000000
14,40,<octet>,0,0.534231
14,40,<octet>,1,0.465769
14,40,<path>,0,0.210498
14,40,<path>,1,0.272947
14,40,<path>,2,0.516555
14,40,<pchar>,0,0.203299
14,40,<pchar>,1,0.118500
14,40,<pchar>,2,0.408840
14,40,<pchar>,3,0.127020
14,40,<pchar>,4,0.142341
14,40,<pchars>,0,0.728208
14,40,<pchars>,1,0.271792
14,40,<port>,0,1.000000
14,40,<qparam>,0,0.624174
14,40,<qparam>,1,0.375826
14,40,<qparams>,0,0.503752
14,40,<qparams>,1,0.496248
14,40,<query>,0,0.310620
14,40,<query>,1,0.689380
14,40,<qvalue>,0,0.724013
14,40,<qvalue>,1,0.275987
14,40,<scheme>,0,0.236407
14,40,<scheme>,1,0.204421
14,40,<scheme>,2,0.325768
14,40,<scheme>,3,0.233404
14,40,<segment>,0,1.000000
14,40,<segments>,0,0.429411
14,40,<segments>,1,0.570589
14,40,<start>,0,1.000000
14,40,<url>,0,1.000000
14,40,<wchar>,0,0.105081
14,40,<wchar>,1,0.499956
14,40,<wchar>,2,0.326491
14,40,<wchar>,3,0.068472
14,40,<word>,0,0.859941
14,40,<word>,1,0.140059
14,45,<authority>,0,0.530851
14,45,<authority>,1,0.469149
14,45,<digit>,0,0.479786
14,45,<digit>,1,0.014326
14,45,<digit>,2,0.017408
14,45,<digit>,3,0.058460
14,45,<digit>,4,0.032860
14,45,<digit>,5,0.005955
14,45,<digit>,6,0.080820
14,45,<digit>,7,0.032567
14,45,<digit>,8,0.245828
14,45,<digit>,9,0.031990
14,45,<digits>,0,0.293085
14,45,<digits>,1,0.706915
14,45,<fragment>,0,0.533133
14,45,<fragment>,1,0.466867
14,45,<hex>,0,0.157560
14,45,<hex>,1,0.335710
14,45,<hex>,2,0.506730
14,45,<host>,0,0.563826
14,45,<host>,1,0.436174
14,45,<hostname>,0,0.593382
14,45,<hostname>,1,0.406618
14,45,<ipv4>,0,1.000000
14,45,<key>,0,1.000000
14,45,<label>,0,1.000000
14,45,<octet>,0,0.486251
14,45,<octet>,1,0.513749
14,45,<path>,0,0.203595
14,45,<path>,1,0.297328
14,45,<path>,2,0.499077
14,45,<pchar>,0,0.254551
14,45,<pchar>,1,0.082997
14,45,<pchar>,2,0.445096
14,45,<pchar>,3,0.124857
14,45,<pchar>,4,0.092499
14,45,<pchars>,0,0.757380
14,45,<pchars>,1,0.242620
14,45,<port>,0,1.000000
14,45,<qparam>,0,0.474617
14,45,<qparam>,1,0.525383
14,45,<qparams>,0,0.493780
14,45,<qparams>,1,0.506220
14,45,<query>,0,0.321931
14,45,<query>,1,0.678069
14,45,<qvalue>,0,0.716307
14,45,<qvalue>,1,0.283693
14,45,<scheme>,0,0.326584
14,45,<scheme>,1,0.148014
14,45,<scheme>,2,0.293986
14,45,<scheme>,3,0.231416
14,45,<segment>,0,1.000000
14,45,<segments>,0,0.406140
14,45,<segments>,1,0.593860
14,45,<start>,0,1.000000
14,45,<url>,0,1.000000
14,45,<wchar>,0,0.076665
14,45,<wchar>,1,0.721241
14,45,<wchar>,2,0.166151
14,45,<wchar>,3,0.035943
14,45,<word>,0,0.867016
14,45,<word>,1,0.132984
14,50,<authority>,0,0.653295
14,50,<authority>,1,0.346705
14,50,<digit>,0,0.430650
14,50,<digit>,1,0.062171
14,50,<digit>,2,0.029732
14,50,<digit>,3,0.005416
14,50,<digit>,4,0.058471
14,50,<digit>,5,0.005029
14,50,<digit>,6,0.111227
14,50,<digit>,7,0.010687
14,50,<digit>,8,0.284894
14,50,<digit>,9,0.001723
14,50,<digits>,0,0.282072
14,50,<digits>,1,0.717928
14,50,<fragment>,0,0.478561
14,50,<fragment>,1,0.521439
14,50,<hex>,0,0.208378
14,50,<hex>,1,0.434701
14,50,<hex>,2,0.356921
14,50,<host>,0,0.534445
14,50,<host>,1,0.465555
14,50,<hostname>,0,0.575283
14,50,<hostname>,1,0.424717
14,50,<ipv4>,0,1.000000
14,50,<key>,0,1.000000
14,50,<label>,0,1.000000
14,50,<octet>,0,0.525271
14,50,<octet>,1,0.474729
14,50,<path>,0,0.224309
14,50,<path>,1,0.284699
14,50,<path>,2,0.490992
14,50,<pchar>,0,0.127719
14,50,<pchar>,1,0.103108
14,50,<pchar>,2,0.510151
14,50,<pchar>,3,0.179523
14,50,<pchar>,4,0.079500
14,50,<pchars>,0,0.730346
14,50,<pchars>,1,0.269654
14,50,<port>,0,1.000000
14,50,<qparam>,0,0.464247
14,50,<qparam>,1,0.535753
14,50,<qparams>,0,0.493409
14,50,<qparams>,1,0.506591
14,50,<query>,0,0.269867
14,50,<query>,1,0.730133
14,50,<qvalue>,0,0.605431
14,50,<qvalue>,1,0.394569
14,50,<scheme>,0,0.286814
14,50,<scheme>,1,0.157774
14,50,<scheme>,2,0.310905
14,50,<scheme>,3,0.244507
14,50,<segment>,0,1.000000
14,50,<segments>,0,0.398706
14,50,<segments>,1,0.601294
14,50,<start>,0,1.000000
14,50,<url>,0,1.000000
14,50,<wchar>,0,0.111475
14,50,<wchar>,1,0.658500
14,50,<wchar>,2,0.184921
14,50,<wchar>,3,0.045105
14,50,<word>,0,0.966291
14,50,<word>,1,0.033709
14,55,<authority>,0,0.566566
14,55,<authority>,1,0.433434
14,55,<digit>,0,0.363215
14,55,<digit>,1,0.045380
14,55,<digit>,2,0.017031
14,55,<digit>,3,0.077018
14,55,<digit>,4,0.024310
14,55,<digit>,5,0.014824
14,55,<digit>,6,0.065809
14,55,<digit>,7,0.151121
14,55,<digit>,8,0.234118
14,55,<digit>,9,0.007176
14,55,<digits>,0,0.271902
14,55,<digits>,1,0.728098
14,55,<fragment>,0,0.483053
14,55,<fragment>,1,0.516947
14,55,<hex>,0,0.259001
14,55,<hex>,1,0.373425
14,55,<hex>,2,0.367574
14,55,<host>,0,0.540921
14,55,<host>,1,0.459079
14,55,<hostname>,0,0.590246
14,55,<hostname>,1,0.409754
14,55,<ipv4>,0,1.000000
14,55,<key>,0,1.000000
14,55,<label>,0,1.000000
14,55,<octet>,0,0.519030
14,55,<octet>,1,0.480970
14,55,<path>,0,0.206919
14,55,<path>,1,0.288545
14,55,<path>,2,0.504536
14,55,<pchar>,0,0.248305
14,55,<pchar>,1,0.071124
14,55,<pchar>,2,0.467393
14,55,<pchar>,3,0.137238
14,55,<pchar>,4,0.075940
14,55,<pchars>,0,0.734354
14,55,<pchars>,1,0.265646
14,55,<port>,0,1.000000
14,55,<qparam>,0,0.439423
14,55,<qparam>,1,0.560577
14,55,<qparams>,0,0.454755
14,55,<qparams>,1,0.545245
14,55,<query>,0,0.342179
14,55,<query>,1,0.657821
14,55,<qvalue>,0,0.822455
14,55,<qvalue>,1,0.177545
14,55,<scheme>,0,0.245687
14,55,<scheme>,1,0.192590
14,55,<scheme>,2,0.322284
14,55,<scheme>,3,0.239439
14,55,<segment>,0,1.000000
14,55,<segments>,0,0.401544
14,55,<segments>,1,0.598456
14,55,<start>,0,1.000000
14,55,<url>,0,1.000000
14,55,<wchar>,0,0.117193
14,55,<wchar>,1,0.665439
14,55,<wchar>,2,0.184834
14,55,<wchar>,3,0.032534
14,55,<word>,0,0.992094
14,55,<word>,1,0.007906
14,59,<authority>,0,0.601538
14,59,<authority>,1,0.398462
14,59,<digit>,0,0.409836
14,59,<digit>,1,0.057106
14,59,<digit>,2,0.003210
14,59,<digit>,3,0.020728
14,59,<digit>,4,0.069345
14,59,<digit>,5,0.004634
14,59,<digit>,6,0.098300
14,59,<digit>,7,0.001890
14,59,<digit>,8,0.319266
14,59,<digit>,9,0.015684
14,59,<digits>,0,0.287953
14,59,<digits>,1,0.712047
14,59,<fragment>,0,0.496431
14,59,<fragment>,1,0.503569
14,59,<hex>,0,0.254261
14,59,<hex>,1,0.307352
14,59,<hex>,2,0.438387
14,59,<host>,0,0.545735
14,59,<host>,1,0.454265
14,59,<hostname>,0,0.586810
14,59,<hostname>,1,0.413190
14,59,<ipv4>,0,1.000000
14,59,<key>,0,1.000000
14,59,<label>,0,1.000000
14,59,<octet>,0,0.512945
14,59,<octet>,1,0.487055
14,59,<path>,0,0.196955
14,59,<path>,1,0.267179
14,59,<path>,2,0.535866
14,59,<pchar>,0,0.238682
14,59,<pchar>,1,0.074492
14,59,<pchar>,2,0.453781
14,59,<pchar>,3,0.148339
14,59,<pchar>,4,0.084707
14,59,<pchars>,0,0.733405
14,59,<pchars>,1,0.266595
14,59,<port>,0,1.000000
14,59,<qparam>,0,0.424563
14,59,<qparam>,1,0.575437
14,59,<qparams>,0,0.484837
14,59,<qparams>,1,0.515163
14,59,<query>,0,0.316596
14,59,<query>,1,0.683404
14,59,<qvalue>,0,0.682591
14,59,<qvalue>,1,0.317409
14,59,<scheme>,0,0.287748
14,59,<scheme>,1,0.161062
14,59,<scheme>,2,0.301276
14,59,<scheme>,3,0.249914
14,59,<segment>,0,1.000000
14,59,<segments>,0,0.395947
14,59,<segments>,1,0.604053
14,59,<start>,0,1.000000
14,59,<url>,0,1.000000
14,59,<wchar>,0,0.103440
14,59,<wchar>,1,0.649178
14,59,<wchar>,2,0.213649
14,59,<wchar>,3,0.033733
14,59,<word>,0,0.984379
14,59,<word>,1,0.015621
15,0,<authority>,0,0.439297
15,0,<authority>,1,0.560703
15,0,<digit>,0,0.141026
15,0,<digit>,1,0.074859
15,0,<digit>,2,0.036306
15,0,<digit>,3,0.101553
15,0,<digit>,4,0.030578
15,0,<digit>,5,0.100908
15,0,<digit>,6,0.135078
15,0,<digit>,7,0.126539
15,0,<digit>,8,0.140299
15,0,<digit>,9,0.112853
15,0,<digits>,0,0.657085
15,0,<digits>,1,0.342915
15,0,<fragment>,0,0.467827
15,0,<fragment>,1,0.532173
15,0,<hex>,0,0.446743
15,0,<hex>,1,0.300171
15,0,<hex>,2,0.253086
15,0,<host>,0,0.663158
15,0,<host>,1,0.336842
15,0,<hostname>,0,0.448445
15,0,<hostname>,1,0.551555
15,0,<ipv4>,0,1.000000
15,0,<key>,0,1.000000
15,0,<label>,0,1.000000
15,0,<octet>,0,0.727399
15,0,<octet>,1,0.272601
15,0,<path>,0,0.200565
15,0,<path>,1,0.389108
15,0,<path>,2,0.410328
15,0,<pchar>,0,0.202963
15,0,<pchar>,1,0.293398
15,0,<pchar>,2,0.127402
15,0,<pchar>,3,0.193036
15,0,<pchar>,4,0.183201
15,0,<pchars>,0,0.492154
15,0,<pchars>,1,0.507846
15,0,<port>,0,1.000000
15,0,<qparam>,0,0.279464
15,0,<qparam>,1,0.720536
15,0,<qparams>,0,0.585603
15,0,<qparams>,1,0.414397
15,0,<query>,0,0.553743
15,0,<query>,1,0.446257
15,0,<qvalue>,0,0.536947
15,0,<qvalue>,1,0.463053
15,0,<scheme>,0,0.319770
15,0,<scheme>,1,0.325830
15,0,<scheme>,2,0.254726
15,0,<scheme>,3,0.099674
15,0,<segment>,0,1.000000
15,0,<segments>,0,0.446480
15,0,<segments>,1,0.553520
15,0,<start>,0,1.000000
15,0,<url>,0,1.000000
15,0,<wchar>,0,0.108800
15,0,<wchar>,1,0.288136
15,0,<wchar>,2,0.186221
15,0,<wchar>,3,0.416843
15,0,<word>,0,0.750674
15,0,<word>,1,0.249326
15,5,<authority>,0,0.468900
15,5,<authority>,1,0.531100
15,5,<digit>,0,0.187847
15,5,<digit>,1,0.133465
15,5,<digit>,2,0.054925
15,5,<digit>,3,0.144346
15,5,<digit>,4,0.101055
15,5,<digit>,5,0.118980
15,5,<digit>,6,0.065959
15,5,<digit>,7,0.009608
15,5,<digit>,8,0.084626
15,5,<digit>,9,0.099190
15,5,<digits>,0,0.319934
15,5,<digits>,1,0.680066
15,5,<fragment>,0,0.392051
15,5,<fragment>,1,0.607949
15,5,<hex>,0,0.290104
15,5,<hex>,1,0.339670
15,5,<hex>,2,0.370226
15,5,<host>,0,0.495853
15,5,<host>,1,0.504147
15,5,<hostname>,0,0.538482
15,5,<hostname>,1,0.461518
15,5,<ipv4>,0,1.000000
15,5,<key>,0,1.000000
15,5,<label>,0,1.000000
15,5,<octet>,0,0.634028
15,5,<octet>,1,0.365972
15,5,<path>,0,0.190155
15,5,<path>,1,0.495706
15,5,<path>,2,0.314139
15,5,<pchar>,0,0.183910
15,5,<pchar>,1,0.245414
15,5,<pchar>,2,0.148963
15,5,<pchar>,3,0.176382
15,5,<pchar>,4,0.245331
15,5,<pchars>,0,0.368858
15,5,<pchars>,1,0.631142
15,5,<port>,0,1.000000
15,5,<qparam>,0,0.670394
15,5,<qparam>,1,0.329606
15,5,<qparams>,0,0.549514
15,5,<qparams>,1,0.450486
15,5,<query>,0,0.373258
15,5,<query>,1,0.626742
15,5,<qvalue>,0,0.552179
15,5,<qvalue>,1,0.447821
15,5,<scheme>,0,0.223334
15,5,<scheme>,1,0.282751
15,5,<scheme>,2,0.251601
15,5,<scheme>,3,0.242315
15,5,<segment>,0,1.000000
15,5,<segments>,0,0.466078
15,5,<segments>,1,0.533922
15,5,<start>,0,1.000000
15,5,<url>,0,1.000000
15,5,<wchar>,0,0.096334
15,5,<wchar>,1,0.389263
15,5,<wchar>,2,0.397255
15,5,<wchar>,3,0.117148
15,5,<word>,0,0.549595
15,5,<word>,1,0.450405
15,10,<authority>,0,0.496126
15,10,<authority>,1,0.503874
15,10,<digit>,0,0.122998
15,10,<digit>,1,0.068981
15,10,<digit>,2,0.039342
15,10,<digit>,3,0.180564
15,10,<digit>,4,0.086401
15,10,<digit>,5,0.088574
15,10,<digit>,6,0.091076
15,10,<digit>,7,0.112404
15,10,<digit>,8,0.173729
15,10,<digit>,9,0.035931
15,10,<digits>,0,0.473100
15,10,<digits>,1,0.526900
15,10,<fragment>,0,0.509766
15,10,<fragment>,1,0.490234
15,10,<hex>,0,0.321113
15,10,<hex>,1,0.388293
15,10,<hex>,2,0.290594
15,10,<host>,0,0.584795
15,10,<host>,1,0.415205
15,10,<hostname>,0,0.491840
15,10,<hostname>,1,0.508160
15,10,<ipv4>,0,1.000000
15,10,<key>,0,1.000000
15,10,<label>,0,1.000000
15,10,<octet>,0,0.540887
15,10,<octet>,1,0.459113
15,10,<path>,0,0.316137
15,10,<path>,1,0.194674
15,10,<path>,2,0.489189
15,10,<pchar>,0,0.238909
15,10,<pchar>,1,0.159568
15,10,<pchar>,2,0.247173
15,10,<pchar>,3,0.138350
15,10,<pchar>,4,0.215999
15,10,<pchars>,0,0.431215
15,10,<pchars>,1,0.568785
15,10,<port>,0,1.000000
15,10,<qparam>,0,0.553907
15,10,<qparam>,1,0.446093
15,10,<qparams>,0,0.513745
15,10,<qparams>,1,0.486255
15,10,<query>,0,0.490751
15,10,<query>,1,0.509249
15,10,<qvalue>,0,0.487040
15,10,<qvalue>,1,0.512960
15,10,<scheme>,0,0.337102
15,10,<scheme>,1,0.193551
15,10,<scheme>,2,0.274287
15,10,<scheme>,3,0.195060
15,10,<segment>,0,1.000000
15,10,<segments>,0,0.436808
15,10,<segments>,1,0.563192
15,10,<start>,0,1.000000
15,10,<url>,0,1.000000
15,10,<wchar>,0,0.050478
15,10,<wchar>,1,0.403316
15,10,<wchar>,2,0.344808
15,10,<wchar>,3,0.201398
15,10,<word>,0,0.606026
15,10,<word>,1,0.393974
15,15,<authority>,0,0.492427
15,15,<authority>,1,0.507573
15,15,<digit>,0,0.202866
15,15,<digit>,1,0.077986
15,15,<digit>,2,0.110840
15,15,<digit>,3,0.064614
15,15,<digit>,4,0.068428
15,15,<digit>,5,0.104866
15,15,<digit>,6,0.000000
15,15,<digit>,7,0.108293
15,15,<digit>,8,0.159796
15,15,<digit>,9,0.102312
15,15,<digits>,0,0.350189
15,15,<digits>,1,0.649811
15,15,<fragment>,0,0.453649
15,15,<fragment>,1,0.546351
15,15,<hex>,0,0.115255
15,15,<hex>,1,0.407825
15,15,<hex>,2,0.476921
15,15,<host>,0,0.510591
15,15,<host>,1,0.489409
15,15,<hostname>,0,0.614750
15,15,<hostname>,1,0.385250
15,15,<ipv4>,0,1.000000
15,15,<key>,0,1.000000
15,15,<label>,0,1.000000
15,15,<octet>,0,0.578926
15,15,<octet>,1,0.421074
15,15,<path>,0,0.317823
15,15,<path>,1,0.255138
15,15,<path>,2,0.427039
15,15,<pchar>,0,0.257030
15,15,<pchar>,1,0.166840
15,15,<pchar>,2,0.216158
15,15,<pchar>,3,0.110895
15,15,<pchar>,4,0.249076
15,15,<pchars>,0,0.466476
15,15,<pchars>,1,0.533524
15,15,<port>,0,1.000000
15,15,<qparam>,0,0.599473
15,15,<qparam>,1,0.400527
15,15,<qparams>,0,0.533140
15,15,<qparams>,1,0.466860
15,15,<query>,0,0.402561
15,15,<query>,1,0.597439
15,15,<qvalue>,0,0.463562
15,15,<qvalue>,1,0.536438
15,15,<scheme>,0,0.264067
15,15,<scheme>,1,0.280468
15,15,<scheme>,2,0.279653
15,15,<scheme>,3,0.175813
15,15,<segment>,0,1.000000
15,15,<segments>,0,0.461081
15,15,<segments>,1,0.538919
15,15,<start>,0,1.000000
15,15,<url>,0,1.000000
15,15,<wchar>,0,0.105668
15,15,<wchar>,1,0.415831
15,15,<wchar>,2,0.278599
15,15,<wchar>,3,0.199902
15,15,<word>,0,0.592141
15,15,<word>,1,0.407859
15,20,<authority>,0,0.504571
15,20,<authority>,1,0.495429
15,20,<digit>,0,0.191870
15,20,<digit>,1,0.130383
15,20,<digit>,2,0.000000
15,20,<digit>,3,0.120994
15,20,<digit>,4,0.098951
15,20,<digit>,5,0.118922
15,20,<digit>,6,0.010453
15,20,<digit>,7,0.004106
15,20,<digit>,8,0.222027
15,20,<digit>,9,0.102294
15,20,<digits>,0,0.324759
15,20,<digits>,1,0.675241
15,20,<fragment>,0,0.485067
15,20,<fragment>,1,0.514933
15,20,<hex>,0,0.234238
15,20,<hex>,1,0.403876
15,20,<hex>,2,0.361886
15,20,<host>,0,0.507261
15,20,<host>,1,0.492739
15,20,<hostname>,0,0.529470
15,20,<hostname>,1,0.470530
15,20,<ipv4>,0,1.000000
15,20,<key>,0,1.000000
15,20,<label>,0,1.000000
15,20,<octet>,0,0.576002
15,20,<octet>,1,0.423998
15,20,<path>,0,0.273624
15,20,<path>,1,0.243545
15,20,<path>,2,0.482830
15,20,<pchar>,0,0.226445
15,20,<pchar>,1,0.266056
15,20,<pchar>,2,0.206737
15,20,<pchar>,3,0.170520
15,20,<pchar>,4,0.130242
15,20,<pchars>,0,0.490577
15,20,<pchars>,1,0.509423
15,20,<port>,0,1.000000
15,20,<qparam>,0,0.528766
15,20,<qparam>,1,0.471234
15,20,<qparams>,0,0.515662
15,20,<qparams>,1,0.484338
15,20,<query>,0,0.416406
15,20,<query>,1,0.583594
15,20,<qvalue>,0,0.474894
15,20,<qvalue>,1,0.525106
15,20,<scheme>,0,0.243160
15,20,<scheme>,1,0.214327
15,20,<scheme>,2,0.285017
15,20,<scheme>,3,0.257496
15,20,<segment>,0,1.000000
15,20,<segments>,0,0.390542
15,20,<segments>,1,0.609458
15,20,<start>,0,1.000000
15,20,<url>,0,1.000000
15,20,<wchar>,0,0.120201
15,20,<wchar>,1,0.412611
15,20,<wchar>,2,0.330995
15,20,<wchar>,3,0.136194
15,20,<word>,0,0.650859
15,20,<word>,1,0.349141
15,25,<authority>,0,0.497159
15,25,<authority>,1,0.502841
15,25,<digit>,0,0.261552
15,25,<digit>,1,0.087841
15,25,<digit>,2,0.067183
15,25,<digit>,3,0.089878
15,25,<digit>,4,0.081669
15,25,<digit>,5,0.104230
15,25,<digit>,6,0.003843
15,25,<digit>,7,0.000000
15,25,<digit>,8,0.242031
15,25,<digit>,9,0.061772
15,25,<digits>,0,0.338975
15,25,<digits>,1,0.661025
15,25,<fragment>,0,0.485649
15,25,<fragment>,1,0.514351
15,25,<hex>,0,0.230541
15,25,<hex>,1,0.408328
15,25,<hex>,2,0.361131
15,25,<host>,0,0.650010
15,25,<host>,1,0.349990
15,25,<hostname>,0,0.521442
15,25,<hostname>,1,0.478558
15,25,<ipv4>,0,1.000000
15,25,<key>,0,1.000000
15,25,<label>,0,1.000000
15,25,<octet>,0,0.546623
15,25,<octet>,1,0.453377
15,25,<path>,0,0.306946
15,25,<path>,1,0.188023
15,25,<path>,2,0.505032
15,25,<pchar>,0,0.289044
15,25,<pchar>,1,0.313410
15,25,<pchar>,2,0.191773
15,25,<pchar>,3,0.080686
15,25,<pchar>,4,0.125088
15,25,<pchars>,0,0.409419
15,25,<pchars>,1,0.590581
15,25,<port>,0,1.000000
15,25,<qparam>,0,0.517458
15,25,<qparam>,1,0.482542
15,25,<qparams>,0,0.547918
15,25,<qparams>,1,0.452082
15,25,<query>,0,0.176458
15,25,<query>,1,0.823542
15,25,<qvalue>,0,0.473869
15,25,<qvalue>,1,0.526131
15,25,<scheme>,0,0.213209
15,25,<scheme>,1,0.252355
15,25,<scheme>,2,0.283537
15,25,<scheme>,3,0.250899
15,25,<segment>,0,1.000000
15,25,<segments>,0,0.358083
15,25,<segments>,1,0.641917
15,25,<start>,0,1.000000
15,25,<url>,0,1.000000
15,25,<wchar>,0,0.196224
15,25,<wchar>,1,0.456264
15,25,<wchar>,2,0.238954
15,25,<wchar>,3,0.108558
15,25,<word>,0,0.646228
15,25,<word>,1,0.353772
15,30,<authority>,0,0.494411
15,30,<authority>,1,0.505589
15,30,<digit>,0,0.158871
15,30,<digit>,1,0.000000
15,30,<digit>,2,0.020585
15,30,<digit>,3,0.090092
15,30,<digit>,4,0.194507
15,30,<digit>,5,0.105541
15,30,<digit>,6,0.093189
15,30,<digit>,7,0.001493
15,30,<digit>,8,0.295223
15,30,<digit>,9,0.040501
15,30,<digits>,0,0.323856
15,30,<digits>,1,0.676144
15,30,<fragment>,0,0.457972
15,30,<fragment>,1,0.542028
15,30,<hex>,0,0.178752
15,30,<hex>,1,0.773460
15,30,<hex>,2,0.047788
15,30,<host>,0,0.527619
15,30,<host>,1,0.472381
15,30,<hostname>,0,0.544139
15,30,<hostname>,1,0.455861
15,30,<ipv4>,0,1.000000
15,30,<key>,0,1.000000
15,30,<label>,0,1.000000
15,30,<octet>,0,0.527934
15,30,<octet>,1,0.472066
15,30,<path>,0,0.265783
15,30,<path>,1,0.151789
15,30,<path>,2,0.582428
15,30,<pchar>,0,0.238827
15,30,<pchar>,1,0.272258
15,30,<pchar>,2,0.158680
15,30,<pchar>,3,0.086752
15,30,<pchar>,4,0.243483
15,30,<pchars>,0,0.511461
15,30,<pchars>,1,0.488539
15,30,<port>,0,1.000000
15,30,<qparam>,0,0.551827
15,30,<qparam>,1,0.448173
15,30,<qparams>,0,0.535483
15,30,<qparams>,1,0.464517
15,30,<query>,0,0.302830
15,30,<query>,1,0.697170
15,30,<qvalue>,0,0.535960
15,30,<qvalue>,1,0.464040
15,30,<scheme>,0,0.268098
15,30,<scheme>,1,0.224030
15,30,<scheme>,2,0.255442
15,30,<scheme>,3,0.252430
15,30,<segment>,0,1.000000
15,30,<segments>,0,0.395378
15,30,<segments>,1,0.604622
15,30,<start>,0,1.000000
15,30,<url>,0,1.000000
15,30,<wchar>,0,0.165421
15,30,<wchar>,1,0.504858
15,30,<wchar>,2,0.295742
15,30,<wchar>,3,0.033980
15,30,<word>,0,0.635138
15,30,<word>,1,0.364862
15,35,<authority>,0,0.436389
15,35,<authority>,1,0.563611
15,35,<digit>,0,0.242147
15,35,<digit>,1,0.003234
15,35,<digit>,2,0.001370
15,35,<digit>,3,0.109032
15,35,<digit>,4,0.014436
15,35,<digit>,5,0.089013
15,35,<digit>,6,0.188167
15,35,<digit>,7,0.031160
15,35,<digit>,8,0.263351
15,35,<digit>,9,0.058090
15,35,<digits>,0,0.333132
15,35,<digits>,1,0.666868
15,35,<fragment>,0,0.425620
15,35,<fragment>,1,0.574380
15,35,<hex>,0,0.175865
15,35,<hex>,1,0.594368
15,35,<hex>,2,0.229767
15,35,<host>,0,0.504384
15,35,<host>,1,0.495616
15,35,<hostname>,0,0.867265
15,35,<hostname>,1,0.132735
15,35,<ipv4>,0,1.000000
15,35,<key>,0,1.000000
15,35,<label>,0,1.000000
15,35,<octet>,0,0.520546
15,35,<octet>,1,0.479454
15,35,<path>,0,0.253884
15,35,<path>,1,0.154369
15,35,<path>,2,0.591747
15,35,<pchar>,0,0.260940
15,35,<pchar>,1,0.296254
15,35,<pchar>,2,0.119963
15,35,<pchar>,3,0.113622
15,35,<pchar>,4,0.209221
15,35,<pchars>,0,0.491596
15,35,<pchars>,1,0.508404
15,35,<port>,0,1.000000
15,35,<qparam>,0,0.541729
15,35,<qparam>,1,0.458271
15,35,<qparams>,0,0.552077
15,35,<qparams>,1,0.447923
15,35,<query>,0,0.341242
15,35,<query>,1,0.658758
15,35,<qvalue>,0,0.553671
15,35,<qvalue>,1,0.446329
15,35,<scheme>,0,0.233494
15,35,<scheme>,1,0.316817
15,35,<scheme>,2,0.239039
15,35,<scheme>,3,0.210650
15,35,<segment>,0,1.000000
15,35,<segments>,0,0.307660
15,35,<segments>,1,0.692340
15,35,<start>,0,1.000000
15,35,<url>,0,1.000000
15,35,<wchar>,0,0.180774
15,35,<wchar>,1,0.480159
15,35,<wchar>,2,0.253768
15,35,<wchar>,3,0.085299
15,35,<word>,0,0.661094
15,35,<word>,1,0.338906
15,40,<authority>,0,0.434293
15,40,<authority>,1,0.565707
15,40,<digit>,0,0.205235
15,40,<digit>,1,0.001183
15,40,<digit>,2,0.018453
15,40,<digit>,3,0.076256
15,40,<digit>,4,0.053907
15,40,<digit>,5,0.134302
15,40,<digit>,6,0.151795
15,40,<digit>,7,0.055103
15,40,<digit>,8,0.239072
15,40,<digit>,9,0.064694
15,40,<digits>,0,0.332784
15,40,<digits>,1,0.667216
15,40,<fragment>,0,0.428285
15,40,<fragment>,1,0.571715
15,40,<hex>,0,0.186784
15,40,<hex>,1,0.595849
15,40,<hex>,2,0.217366
15,40,<host>,0,0.508871
15,40,<host>,1,0.491129
15,40,<hostname>,0,0.657725
15,40,<hostname>,1,0.342275
15,40,<ipv4>,0,1.000000
15,40,<key>,0,1.000000
15,40,<label>,0,1.000000
15,40,<octet>,0,0.524614
15,40,<octet>,1,0.475386
15,40,<path>,0,0.305965
15,40,<path>,1,0.154756
15,40,<path>,2,0.539278
15,40,<pchar>,0,0.363135
15,40,<pchar>,1,0.313395
15,40,<pchar>,2,0.060801
15,40,<pchar>,3,0.095909
15,40,<pchar>,4,0.166761
15,40,<pchars>,0,0.486571
15,40,<pchars>,1,0.513429
15,40,<port>,0,1.000000
15,40,<qparam>,0,0.527763
15,40,<qparam>,1,0.472237
15,40,<qparams>,0,0.526584
15,40,<qparams>,1,0.473416
15,40,<query>,0,0.358004
15,40,<query>,1,0.641996
15,40,<qvalue>,0,0.547260
15,40,<qvalue>,1,0.452740
15,40,<scheme>,0,0.249668
15,40,<scheme>,1,0.302821
15,40,<scheme>,2,0.238265
15,40,<scheme>,3,0.209246
15,40,<segment>,0,1.000000
15,40,<segments>,0,0.312991
15,40,<segments>,1,0.687009
15,40,<start>,0,1.000000
15,40,<url>,0,1.000000
15,40,<wchar>,0,0.200873
15,40,<wchar>,1,0.497671
15,40,<wchar>,2,0.157576
15,40,<wchar>,3,0.143879
15,40,<word>,0,0.702476
15,40,<word>,1,0.297524
15,45,<authority>,0,0.415437
15,45,<authority>,1,0.584563
15,45,<digit>,0,0.248987
15,45,<digit>,1,0.007472
15,45,<digit>,2,0.057961
15,45,<digit>,3,0.054575
15,45,<digit>,4,0.029680
15,45,<digit>,5,0.094597
15,45,<digit>,6,0.149493
15,45,<digit>,7,0.044392
15,45,<digit>,8,0.290217
15,45,<digit>,9,0.022627
15,45,<digits>,0,0.235257
15,45,<digits>,1,0.764743
15,45,<fragment>,0,0.410438
15,45,<fragment>,1,0.589562
15,45,<hex>,0,0.177710
15,45,<hex>,1,0.246769
15,45,<hex>,2,0.575521
15,45,<host>,0,0.485474
15,45,<host>,1,0.514526
15,45,<hostname>,0,0.704894
15,45,<hostname>,1,0.295106
15,45,<ipv4>,0,1.000000
15,45,<key>,0,1.000000
15,45,<label>,0,1.000000
15,45,<octet>,0,0.549719
15,45,<octet>,1,0.450281
15,45,<path>,0,0.240301
15,45,<path>,1,0.173003
15,45,<path>,2,0.586696
15,45,<pchar>,0,0.385011
15,45,<pchar>,1,0.229007
15,45,<pchar>,2,0.063064
15,45,<pchar>,3,0.131691
15,45,<pchar>,4,0.191226
15,45,<pchars>,0,0.532907
15,45,<pchars>,1,0.467093
15,45,<port>,0,1.000000
15,45,<qparam>,0,0.505836
15,45,<qparam>,1,0.494164
15,45,<qparams>,0,0.535198
15,45,<qparams>,1,0.464802
15,45,<query>,0,0.337221
15,45,<query>,1,0.662779
15,45,<qvalue>,0,0.685701
15,45,<qvalue>,1,0.314299
15,45,<scheme>,0,0.252859
15,45,<scheme>,1,0.271989
15,45,<scheme>,2,0.256080
15,45,<scheme>,3,0.219071
15,45,<segment>,0,1.000000
15,45,<segments>,0,0.316577
15,45,<segments>,1,0.683423
15,45,<start>,0,1.000000
15,45,<url>,0,1.000000
15,45,<wchar>,0,0.134655
15,45,<wchar>,1,0.489089
15,45,<wchar>,2,0.218911
15,45,<wchar>,3,0.157345
15,45,<word>,0,0.664147
15,45,<word>,1,0.335853
15,50,<authority>,0,0.426264
15,50,<authority>,1,0.573736
15,50,<digit>,0,0.332317
15,50,<digit>,1,0.001625
15,50,<digit>,2,0.009934
15,50,<digit>,3,0.076310
15,50,<digit>,4,0.029291
15,50,<digit>,5,0.008669
15,50,<digit>,6,0.083468
15,50,<digit>,7,0.063510
15,50,<digit>,8,0.358453
15,50,<digit>,9,0.036424
15,50,<digits>,0,0.299866
15,50,<digits>,1,0.700134
15,50,<fragment>,0,0.408292
15,50,<fragment>,1,0.591708
15,50,<hex>,0,0.146137
15,50,<hex>,1,0.453328
15,50,<hex>,2,0.400535
15,50,<host>,0,0.512545
15,50,<host>,1,0.487455
15,50,<hostname>,0,0.713789
15,50,<hostname>,1,0.286211
15,50,<ipv4>,0,1.000000
15,50,<key>,0,1.000000
15,50,<label>,0,1.000000
15,50,<octet>,0,0.563465
15,50,<octet>,1,0.436535
15,50,<path>,0,0.222264
15,50,<path>,1,0.174642
15,50,<path>,2,0.603094
15,50,<pchar>,0,0.346702
15,50,<pchar>,1,0.271066
15,50,<pchar>,2,0.109607
15,50,<pchar>,3,0.102789
15,50,<pchar>,4,0.169836
15,50,<pchars>,0,0.459286
15,50,<pchars>,1,0.540714
15,50,<port>,0,1.000000
15,50,<qparam>,0,0.527544
15,50,<qparam>,1,0.472456
15,50,<qparams>,0,0.547379
15,50,<qparams>,1,0.452621
15,50,<query>,0,0.378773
15,50,<query>,1,0.621227
15,50,<qvalue>,0,0.592479
15,50,<qvalue>,1,0.407521
15,50,<scheme>,0,0.277007
15,50,<scheme>,1,0.286184
15,50,<scheme>,2,0.223303
15,50,<scheme>,3,0.213506
15,50,<segment>,0,1.000000
15,50,<segments>,0,0.329146
15,50,<segments>,1,0.670854
15,50,<start>,0,1.000000
15,50,<url>,0,1.000000
15,50,<wchar>,0,0.171125
15,50,<wchar>,1,0.498615
15,50,<wchar>,2,0.239285
15,50,<wchar>,3,0.090975
15,50,<word>,0,1.000000
15,50,<word>,1,0.000000
15,55,<authority>,0,0.413344
15,55,<authority>,1,0.586656
15,55,<digit>,0,0.306138
15,55,<digit>,1,0.001805
15,55,<digit>,2,0.000451
15,55,<digit>,3,0.065479
15,55,<digit>,4,0.018833
15,55,<digit>,5,0.067515
15,55,<digit>,6,0.164490
15,55,<digit>,7,0.047556
15,55,<digit>,8,0.309672
15,55,<digit>,9,0.018062
15,55,<digits>,0,0.307637
15,55,<digits>,1,0.692363
15,55,<fragment>,0,0.410420
15,55,<fragment>,1,0.589580
15,55,<hex>,0,0.130348
15,55,<hex>,1,0.478782
15,55,<hex>,2,0.390870
15,55,<host>,0,0.523523
15,55,<host>,1,0.476477
15,55,<hostname>,0,0.718367
15,55,<hostname>,1,0.281633
15,55,<ipv4>,0,1.000000
15,55,<key>,0,1.000000
15,55,<label>,0,1.000000
15,55,<octet>,0,0.557560
15,55,<octet>,1,0.442440
15,55,<path>,0,0.175043
15,55,<path>,1,0.187544
15,55,<path>,2,0.637412
15,55,<pchar>,0,0.409910
15,55,<pchar>,1,0.204135
15,55,<pchar>,2,0.104210
15,55,<pchar>,3,0.076920
15,55,<pchar>,4,0.204825
15,55,<pchars>,0,0.493826
15,55,<pchars>,1,0.506174
15,55,<port>,0,1.000000
15,55,<qparam>,0,0.510868
15,55,<qparam>,1,0.489132
15,55,<qparams>,0,0.544157
15,55,<qparams>,1,0.455843
15,55,<query>,0,0.368367
15,55,<query>,1,0.631633
15,55,<qvalue>,0,0.550385
15,55,<qvalue>,1,0.449615
15,55,<scheme>,0,0.225645
15,55,<scheme>,1,0.262386
15,55,<scheme>,2,0.306133
15,55,<scheme>,3,0.205836
15,55,<segment>,0,1.000000
15,55,<segments>,0,0.335000
15,55,<segments>,1,0.665000
15,55,<start>,0,1.000000
15,55,<url>,0,1.000000
15,55,<wchar>,0,0.171030
15,55,<wchar>,1,0.627021
15,55,<wchar>,2,0.078250
15,55,<wchar>,3,0.123699
15,55,<word>,0,0.933504
15,55,<word>,1,0.066496
15,59,<authority>,0,0.428550
15,59,<authority>,1,0.571450
15,59,<digit>,0,0.254880
15,59,<digit>,1,0.010748
15,59,<digit>,2,0.024782
15,59,<digit>,3,0.123427
15,59,<digit>,4,0.020778
15,59,<digit>,5,0.000999
15,59,<digit>,6,0.154255
15,59,<digit>,7,0.062372
15,59,<digit>,8,0.325898
15,59,<digit>,9,0.021860
15,59,<digits>,0,0.307747
15,59,<digits>,1,0.692253
15,59,<fragment>,0,0.389329
15,59,<fragment>,1,0.610671
15,59,<hex>,0,0.203879
15,59,<hex>,1,0.500735
15,59,<hex>,2,0.295386
15,59,<host>,0,0.518525
15,59,<host>,1,0.481475
15,59,<hostname>,0,0.741528
15,59,<hostname>,1,0.258472
15,59,<ipv4>,0,1.000000
15,59,<key>,0,1.000000
15,59,<label>,0,1.000000
15,59,<octet>,0,0.557734
15,59,<octet>,1,0.442266
15,59,<path>,0,0.243399
15,59,<path>,1,0.078883
15,59,<path>,2,0.677718
15,59,<pchar>,0,0.388402
15,59,<pchar>,1,0.251480
15,59,<pchar>,2,0.092043
15,59,<pchar>,3,0.106790
15,59,<pchar>,4,0.161285
15,59,<pchars>,0,0.490182
15,59,<pchars>,1,0.509818
15,59,<port>,0,1.000000
15,59,<qparam>,0,0.514487
15,59,<qparam>,1,0.485513
15,59,<qparams>,0,0.534603
15,59,<qparams>,1,0.465397
15,59,<query>,0,0.382324
15,59,<query>,1,0.617676
15,59,<qvalue>,0,0.546327
15,59,<qvalue>,1,0.453673
15,59,<scheme>,0,0.234177
15,59,<scheme>,1,0.283146
15,59,<scheme>,2,0.262580
15,59,<scheme>,3,0.220097
15,59,<segment>,0,1.000000
15,59,<segments>,0,0.347282
15,59,<segments>,1,0.652718
15,59,<start>,0,1.000000
15,59,<url>,0,1.000000
15,59,<wchar>,0,0.000000
15,59,<wchar>,1,0.603997
15,59,<wchar>,2,0.283539
15,59,<wchar>,3,0.112465
15,59,<word>,0,0.987140
15,59,<word>,1,0.012860
16,0,<authority>,0,0.606994
16,0,<authority>,1,0.393006
16,0,<digit>,0,0.085063
16,0,<digit>,1,0.149878
16,0,<digit>,2,0.045638
16,0,<digit>,3,0.101677
16,0,<digit>,4,0.119123
16,0,<digit>,5,0.139308
16,0,<digit>,6,0.093901
16,0,<digit>,7,0.045090
16,0,<digit>,8,0.067530
16,0,<digit>,9,0.152793
16,0,<digits>,0,0.258957
16,0,<digits>,1,0.741043
16,0,<fragment>,0,0.435166
16,0,<fragment>,1,0.564834
16,0,<hex>,0,0.502738
16,0,<hex>,1,0.232913
16,0,<hex>,2,0.264349
16,0,<host>,0,0.694539
16,0,<host>,1,0.305461
16,0,<hostname>,0,0.477434
16,0,<hostname>,1,0.522566
16,0,<ipv4>,0,1.000000
16,0,<key>,0,1.000000
16,0,<label>,0,1.000000
16,0,<octet>,0,0.286303
16,0,<octet>,1,0.713697
16,0,<path>,0,0.482450
16,0,<path>,1,0.341877
16,0,<path>,2,0.175673
16,0,<pchar>,0,0.163387
16,0,<pchar>,1,0.240516
16,0,<pchar>,2,0.131107
16,0,<pchar>,3,0.232066
16,0,<pchar>,4,0.232925
16,0,<pchars>,0,0.607470
16,0,<pchars>,1,0.392530
16,0,<port>,0,1.000000
16,0,<qparam>,0,0.557546
16,0,<qparam>,1,0.442454
16,0,<qparams>,0,0.582804
16,0,<qparams>,1,0.417196
16,0,<query>,0,0.418703
16,0,<query>,1,0.581297
16,0,<qvalue>,0,0.443511
16,0,<qvalue>,1,0.556489
16,0,<scheme>,0,0.123415
16,0,<scheme>,1,0.319765
16,0,<scheme>,2,0.458679
16,0,<scheme>,3,0.098141
16,0,<segment>,0,1.000000
16,0,<segments>,0,0.550587
16,0,<segments>,1,0.449413
16,0,<start>,0,1.000000
16,0,<url>,0,1.000000
16,0,<wchar>,0,0.214788
16,0,<wchar>,1,0.133723
16,0,<wchar>,2,0.363543
16,0,<wchar>,3,0.287946
16,0,<word>,0,0.437680
16,0,<word>,1,0.562320
16,5,<authority>,0,0.543990
16,5,<authority>,1,0.456010
16,5,<digit>,0,0.043368
16,5,<digit>,1,0.094350
16,5,<digit>,2,0.121759
16,5,<digit>,3,0.072940
16,5,<digit>,4,0.082398
16,5,<digit>,5,0.125389
16,5,<digit>,6,0.094316
16,5,<digit>,7,0.297758
16,5,<digit>,8,0.066104
16,5,<digit>,9,0.001617
16,5,<digits>,0,0.551249
16,5,<digits>,1,0.448751
16,5,<fragment>,0,0.517669
16,5,<fragment>,1,0.482331
16,5,<hex>,0,0.256899
16,5,<hex>,1,0.452757
16,5,<hex>,2,0.290344
16,5,<host>,0,0.517336
16,5,<host>,1,0.482664
16,5,<hostname>,0,0.527660
16,5,<hostname>,1,0.472340
16,5,<ipv4>,0,1.000000
16,5,<key>,0,1.000000
16,5,<label>,0,1.000000
16,5,<octet>,0,0.647692
16,5,<octet>,1,0.352308
16,5,<path>,0,0.154858
16,5,<path>,1,0.334678
16,5,<path>,2,0.510464
16,5,<pchar>,0,0.212133
16,5,<pchar>,1,0.239594
16,5,<pchar>,2,0.161531
16,5,<pchar>,3,0.149253
16,5,<pchar>,4,0.237489
16,5,<pchars>,0,0.405244
16,5,<pchars>,1,0.594756
16,5,<port>,0,1.000000
16,5,<qparam>,0,0.573960
16,5,<qparam>,1,0.426040
16,5,<qparams>,0,0.346329
16,5,<qparams>,1,0.653671
16,5,<query>,0,0.472146
16,5,<query>,1,0.527854
16,5,<qvalue>,0,0.550876
16,5,<qvalue>,1,0.449124
16,5,<scheme>,0,0.273418
16,5,<scheme>,1,0.324307
16,5,<scheme>,2,0.148475
16,5,<scheme>,3,0.253800
16,5,<segment>,0,1.000000
16,5,<segments>,0,0.400376
16,5,<segments>,1,0.599624
16,5,<start>,0,1.000000
16,5,<url>,0,1.000000
16,5,<wchar>,0,0.218411
16,5,<wchar>,1,0.264077
16,5,<wchar>,2,0.258066
16,5,<wchar>,3,0.259446
16,5,<word>,0,0.469633
16,5,<word>,1,0.530367
16,10,<authority>,0,0.496831
16,10,<authority>,1,0.503169
16,10,<digit>,0,0.062971
16,10,<digit>,1,0.147616
16,10,<digit>,2,0.136317
16,10,<digit>,3,0.182652
16,10,<digit>,4,0.000000
16,10,<digit>,5,0.056033
16,10,<digit>,6,0.072039
16,10,<digit>,7,0.080880
16,10,<digit>,8,0.064744
16,10,<digit>,9,0.196749
16,10,<digits>,0,0.533595
16,10,<digits>,1,0.466405
16,10,<fragment>,0,0.451848
16,10,<fragment>,1,0.548152
16,10,<hex>,0,0.175899
16,10,<hex>,1,0.391000
16,10,<hex>,2,0.433101
16,10,<host>,0,0.523970
16,10,<host>,1,0.476030
16,10,<hostname>,0,0.466752
16,10,<hostname>,1,0.533248
16,10,<ipv4>,0,1.000000
16,10,<key>,0,1.000000
16,10,<label>,0,1.000000
16,10,<octet>,0,0.624173
16,10,<octet>,1,0.375827
16,10,<path>,0,0.219676
16,10,<path>,1,0.281606
16,10,<path>,2,0.498717
16,10,<pchar>,0,0.270984
16,10,<pchar>,1,0.241226
16,10,<pchar>,2,0.161704
16,10,<pchar>,3,0.128797
16,10,<pchar>,4,0.197290
16,10,<pchars>,0,0.513437
16,10,<pchars>,1,0.486563
16,10,<port>,0,1.000000
16,10,<qparam>,0,0.656334
16,10,<qparam>,1,0.343666
16,10,<qparams>,0,0.313270
16,10,<qparams>,1,0.686730
16,10,<query>,0,0.434246
16,10,<query>,1,0.565754
16,10,<qvalue>,0,0.505629
16,10,<qvalue>,1,0.494371
16,10,<scheme>,0,0.203533
16,10,<scheme>,1,0.231613
16,10,<scheme>,2,0.292105
16,10,<scheme>,3,0.272750
16,10,<segment>,0,1.000000
16,10,<segments>,0,0.328879
16,10,<segments>,1,0.671121
16,10,<start>,0,1.000000
16,10,<url>,0,1.000000
16,10,<wchar>,0,0.257094
16,10,<wchar>,1,0.258395
16,10,<wchar>,2,0.267958
16,10,<wchar>,3,0.216554
16,10,<word>,0,0.636939
16,10,<word>,1,0.363061
16,15,<authority>,0,0.541173
16,15,<authority>,1,0.458827
16,15,<digit>,0,0.040580
16,15,<digit>,1,0.036993
16,15,<digit>,2,0.169883
16,15,<digit>,3,0.010874
16,15,<digit>,4,0.127319
16,15,<digit>,5,0.155883
16,15,<digit>,6,0.084727
16,15,<digit>,7,0.123938
16,15,<digit>,8,0.070009
16,15,<digit>,9,0.179795
16,15,<digits>,0,0.586208
16,15,<digits>,1,0.413792
16,15,<fragment>,0,0.494100
16,15,<fragment>,1,0.505900
16,15,<hex>,0,0.216218
16,15,<hex>,1,0.423880
16,15,<hex>,2,0.359901
16,15,<host>,0,0.536807
16,15,<host>,1,0.463193
16,15,<hostname>,0,0.517000
16,15,<hostname>,1,0.483000
16,15,<ipv4>,0,1.000000
16,15,<key>,0,1.000000
16,15,<label>,0,1.000000
16,15,<octet>,0,0.642348
16,15,<octet>,1,0.357652
16,15,<path>,0,0.254229
16,15,<path>,1,0.283478
16,15,<path>,2,0.462293
16,15,<pchar>,0,0.241066
16,15,<pchar>,1,0.255096
16,15,<pchar>,2,0.226594
16,15,<pchar>,3,0.111431
16,15,<pchar>,4,0.165813
16,15,<pchars>,0,0.464756
16,15,<pchars>,1,0.535244
16,15,<port>,0,1.000000
16,15,<qparam>,0,0.591901
16,15,<qparam>,1,0.408099
16,15,<qparams>,0,0.359450
16,15,<qparams>,1,0.640550
16,15,<query>,0,0.414846
16,15,<query>,1,0.585154
16,15,<qvalue>,0,0.453156
16,15,<qvalue>,1,0.546844
16,15,<scheme>,0,0.214443
16,15,<scheme>,1,0.201991
16,15,<scheme>,2,0.309958
16,15,<scheme>,3,0.273608
16,15,<segment>,0,1.000000
16,15,<segments>,0,0.367532
16,15,<segments>,1,0.632468
16,15,<start>,0,1.000000
16,15,<url>,0,1.000000
16,15,<wchar>,0,0.213905
16,15,<wchar>,1,0.312354
16,15,<wchar>,2,0.273524
16,15,<wchar>,3,0.200216
16,15,<word>,0,0.667306
16,15,<word>,1,0.332694
16,20,<authority>,0,0.531201
16,20,<authority>,1,0.468799
16,20,<digit>,0,0.022639
16,20,<digit>,1,0.075260
16,20,<digit>,2,0.093035
16,20,<digit>,3,0.091228
16,20,<digit>,4,0.301454
16,20,<digit>,5,0.096975
16,20,<digit>,6,0.031427
16,20,<digit>,7,0.164015
16,20,<digit>,8,0.050572
16,20,<digit>,9,0.073395
16,20,<digits>,0,0.438550
16,20,<digits>,1,0.561450
16,20,<fragment>,0,0.545508
16,20,<fragment>,1,0.454492
16,20,<hex>,0,0.172953
16,20,<hex>,1,0.407761
16,20,<hex>,2,0.419286
16,20,<host>,0,0.545424
16,20,<host>,1,0.454576
16,20,<hostname>,0,0.495048
16,20,<hostname>,1,0.504952
16,20,<ipv4>,0,1.000000
16,20,<key>,0,1.000000
16,20,<label>,0,1.000000
16,20,<octet>,0,0.627702
16,20,<octet>,1,0.372298
16,20,<path>,0,0.289258
16,20,<path>,1,0.231911
16,20,<path>,2,0.478831
16,20,<pchar>,0,0.178612
16,20,<pchar>,1,0.257585
16,20,<pchar>,2,0.216648
16,20,<pchar>,3,0.103760
16,20,<pchar>,4,0.243395
16,20,<pchars>,0,0.492645
16,20,<pchars>,1,0.507355
16,20,<port>,0,1.000000
16,20,<qparam>,0,0.583805
16,20,<qparam>,1,0.416195
16,20,<qparams>,0,0.346865
16,20,<qparams>,1,0.653135
16,20,<query>,0,0.426512
16,20,<query>,1,0.573488
16,20,<qvalue>,0,0.517054
16,20,<qvalue>,1,0.482946
16,20,<scheme>,0,0.211544
16,20,<scheme>,1,0.304434
16,20,<scheme>,2,0.319728
16,20,<scheme>,3,0.164295
16,20,<segment>,0,1.000000
16,20,<segments>,0,0.379610
16,20,<segments>,1,0.620390
16,20,<start>,0,1.000000
16,20,<url>,0,1.000000
16,20,<wchar>,0,0.144665
16,20,<wchar>,1,0.349251
16,20,<wchar>,2,0.328813
16,20,<wchar>,3,0.177271
16,20,<word>,0,0.635531
16,20,<word>,1,0.364469
16,25,<authority>,0,0.578744
16,25,<authority>,1,0.421256
16,25,<digit>,0,0.074760
16,25,<digit>,1,0.026054
16,25,<digit>,2,0.088835
16,25,<digit>,3,0.136127
16,25,<digit>,4,0.044191
16,25,<digit>,5,0.057930
16,25,<digit>,6,0.027459
16,25,<digit>,7,0.103730
16,25,<digit>,8,0.395867
16,25,<digit>,9,0.045047
16,25,<digits>,0,0.419644
16,25,<digits>,1,0.580356
16,25,<fragment>,0,0.502286
16,25,<fragment>,1,0.497714
16,25,<hex>,0,0.151516
16,25,<hex>,1,0.551107
16,25,<hex>,2,0.297377
16,25,<host>,0,0.540900
16,25,<host>,1,0.459100
16,25,<hostname>,0,0.507254
16,25,<hostname>,1,0.492746
16,25,<ipv4>,0,1.000000
16,25,<key>,0,1.000000
16,25,<label>,0,1.000000
16,25,<octet>,0,0.716308
16,25,<octet>,1,0.283692
16,25,<path>,0,0.264222
16,25,<path>,1,0.213933
16,25,<path>,2,0.521846
16,25,<pchar>,0,0.206117
16,25,<pchar>,1,0.266664
16,25,<pchar>,2,0.206364
16,25,<pchar>,3,0.100441
16,25,<pchar>,4,0.220414
16,25,<pchars>,0,0.523405
16,25,<pchars>,1,0.476595
16,25,<port>,0,1.000000
16,25,<qparam>,0,0.581204
16,25,<qparam>,1,0.418796
16,25,<qparams>,0,0.357037
16,25,<qparams>,1,0.642963
16,25,<query>,0,0.452057
16,25,<query>,1,0.547943
16,25,<qvalue>,0,0.479563
16,25,<qvalue>,1,0.520437
16,25,<scheme>,0,0.126180
16,25,<scheme>,1,0.344275
16,25,<scheme>,2,0.322211
16,25,<scheme>,3,0.207334
16,25,<segment>,0,1.000000
16,25,<segments>,0,0.348539
16,25,<segments>,1,0.651461
16,25,<start>,0,1.000000
16,25,<url>,0,1.000000
16,25,<wchar>,0,0.152896
16,25,<wchar>,1,0.357772
16,25,<wchar>,2,0.276538
16,25,<wchar>,3,0.212794
16,25,<word>,0,0.707668
16,25,<word>,1,0.292332
16,30,<authority>,0,0.599477
16,30,<authority>,1,0.400523
16,30,<digit>,0,0.013696
16,30,<digit>,1,0.051526
16,30,<digit>,2,0.122969
16,30,<digit>,3,0.224962
16,30,<digit>,4,0.224777
16,30,<digit>,5,0.069684
16,30,<digit>,6,0.038374
16,30,<digit>,7,0.035881
16,30,<digit>,8,0.164737
16,30,<digit>,9,0.053394
16,30,<digits>,0,0.445858
16,30,<digits>,1,0.554142
16,30,<fragment>,0,0.529758
16,30,<fragment>,1,0.470242
16,30,<hex>,0,0.154113
16,30,<hex>,1,0.541139
16,30,<hex>,2,0.304748
16,30,<host>,0,0.545470
16,30,<host>,1,0.454530
16,30,<hostname>,0,0.534262
16,30,<hostname>,1,0.465738
16,30,<ipv4>,0,1.000000
16,30,<key>,0,1.000000
16,30,<label>,0,1.000000
16,30,<octet>,0,0.657948
16,30,<octet>,1,0.342052
16,30,<path>,0,0.234394
16,30,<path>,1,0.225268
16,30,<path>,2,0.540338
16,30,<pchar>,0,0.149303
16,30,<pchar>,1,0.233839
16,30,<pchar>,2,0.273146
16,30,<pchar>,3,0.108979
16,30,<pchar>,4,0.234733
16,30,<pchars>,0,0.509265
16,30,<pchars>,1,0.490735
16,30,<port>,0,1.000000
16,30,<qparam>,0,0.568041
16,30,<qparam>,1,0.431959
16,30,<qparams>,0,0.332955
16,30,<qparams>,1,0.667045
16,30,<query>,0,0.371154
16,30,<query>,1,0.628846
16,30,<qvalue>,0,0.533045
16,30,<qvalue>,1,0.466955
16,30,<scheme>,0,0.139462
16,30,<scheme>,1,0.282193
16,30,<scheme>,2,0.349416
16,30,<scheme>,3,0.228929
16,30,<segment>,0,1.000000
16,30,<segments>,0,0.353176
16,30,<segments>,1,0.646824
16,30,<start>,0,1.000000
16,30,<url>,0,1.000000
16,30,<wchar>,0,0.223485
16,30,<wchar>,1,0.383859
16,30,<wchar>,2,0.242009
16,30,<wchar>,3,0.150646
16,30,<word>,0,0.670991
16,30,<word>,1,0.329009
16,35,<authority>,0,0.557326
16,35,<authority>,1,0.442674
16,35,<digit>,0,0.026781
16,35,<digit>,1,0.040718
16,35,<digit>,2,0.149424
16,35,<digit>,3,0.185933
16,35,<digit>,4,0.180463
16,35,<digit>,5,0.068453
16,35,<digit>,6,0.000000
16,35,<digit>,7,0.079582
16,35,<digit>,8,0.185591
16,35,<digit>,9,0.083053
16,35,<digits>,0,0.448947
16,35,<digits>,1,0.551053
16,35,<fragment>,0,0.525651
16,35,<fragment>,1,0.474349
16,35,<hex>,0,0.134837
16,35,<hex>,1,0.559759
16,35,<hex>,2,0.305404
16,35,<host>,0,0.530243
16,35,<host>,1,0.469757
16,35,<hostname>,0,0.491548
16,35,<hostname>,1,0.508452
16,35,<ipv4>,0,1.000000
16,35,<key>,0,1.000000
16,35,<label>,0,1.000000
16,35,<octet>,0,0.638764
16,35,<octet>,1,0.361236
16,35,<path>,0,0.259058
16,35,<path>,1,0.206471
16,35,<path>,2,0.534471
16,35,<pchar>,0,0.261854
16,35,<pchar>,1,0.268365
16,35,<pchar>,2,0.202067
16,35,<pchar>,3,0.092548
16,35,<pchar>,4,0.175166
16,35,<pchars>,0,0.489719
16,35,<pchars>,1,0.510281
16,35,<port>,0,1.000000
16,35,<qparam>,0,0.595098
16,35,<qparam>,1,0.404902
16,35,<qparams>,0,0.346625
16,35,<qparams>,1,0.653375
16,35,<query>,0,0.362532
16,35,<query>,1,0.637468
16,35,<qvalue>,0,0.489704
16,35,<qvalue>,1,0.510296
16,35,<scheme>,0,0.211581
16,35,<scheme>,1,0.290856
16,35,<scheme>,2,0.276306
16,35,<scheme>,3,0.221258
16,35,<segment>,0,1.000000
16,35,<segments>,0,0.337262
16,35,<segments>,1,0.662738
16,35,<start>,0,1.000000
16,35,<url>,0,1.000000
16,35,<wchar>,0,0.191767
16,35,<wchar>,1,0.447884
16,35,<wchar>,2,0.236336
16,35,<wchar>,3,0.124013
16,35,<word>,0,0.683296
16,35,<word>,1,0.316704
16,40,<authority>,0,0.643909
16,40,<authority>,1,0.356091
16,40,<digit>,0,0.054979
16,40,<digit>,1,0.065780
16,40,<digit>,2,0.000000
16,40,<digit>,3,0.193311
16,40,<digit>,4,0.255755
16,40,<digit>,5,0.090791
16,40,<digit>,6,0.000000
16,40,<digit>,7,0.089249
16,40,<digit>,8,0.193972
16,40,<digit>,9,0.056164
16,40,<digits>,0,0.428542
16,40,<digits>,1,0.571458
16,40,<fragment>,0,0.512339
16,40,<fragment>,1,0.487661
16,40,<hex>,0,0.147540
16,40,<hex>,1,0.546316
16,40,<hex>,2,0.306144
16,40,<host>,0,0.545619
16,40,<host>,1,0.454381
16,40,<hostname>,0,0.531911
16,40,<hostname>,1,0.468089
16,40,<ipv4>,0,1.000000
16,40,<key>,0,1.000000
16,40,<label>,0,1.000000
16,40,<octet>,0,0.685256
16,40,<octet>,1,0.314744
16,40,<path>,0,0.273824
16,40,<path>,1,0.205949
16,40,<path>,2,0.520226
16,40,<pchar>,0,0.194378
16,40,<pchar>,1,0.287723
16,40,<pchar>,2,0.191813
16,40,<pchar>,3,0.096254
16,40,<pchar>,4,0.229832
16,40,<pchars>,0,0.499433
16,40,<pchars>,1,0.500567
16,40,<port>,0,1.000000
16,40,<qparam>,0,0.556253
16,40,<qparam>,1,0.443747
16,40,<qparams>,0,0.359703
16,40,<qparams>,1,0.640297
16,40,<query>,0,0.377344
16,40,<query>,1,0.622656
16,40,<qvalue>,0,0.430866
16,40,<qvalue>,1,0.569134
16,40,<scheme>,0,0.214629
16,40,<scheme>,1,0.305382
16,40,<scheme>,2,0.259124
16,40,<scheme>,3,0.220866
16,40,<segment>,0,1.000000
16,40,<segments>,0,0.335210
16,40,<segments>,1,0.664790
16,40,<start>,0,1.000000
16,40,<url>,0,1.000000
16,40,<wchar>,0,0.157265
16,40,<wchar>,1,0.613761
16,40,<wchar>,2,0.007762
16,40,<wchar>,3,0.221211
16,40,<word>,0,0.707805
16,40,<word>,1,0.292195
16,45,<authority>,0,0.618548
16,45,<authority>,1,0.381452
16,45,<digit>,0,0.136701
16,45,<digit>,1,0.045738
16,45,<digit>,2,0.047656
16,45,<digit>,3,0.162734
16,45,<digit>,4,0.147876
16,45,<digit>,5,0.096701
16,45,<digit>,6,0.028953
16,45,<digit>,7,0.046919
16,45,<digit>,8,0.200747
16,45,<digit>,9,0.085975
16,45,<digits>,0,0.415177
16,45,<digits>,1,0.584823
16,45,<fragment>,0,0.576145
16,45,<fragment>,1,0.423855
16,45,<hex>,0,0.128529
16,45,<hex>,1,0.559574
16,45,<hex>,2,0.311897
16,45,<host>,0,0.546013
16,45,<host>,1,0.453987
16,45,<hostname>,0,0.507918
16,45,<hostname>,1,0.492082
16,45,<ipv4>,0,1.000000
16,45,<key>,0,1.000000
16,45,<label>,0,1.000000
16,45,<octet>,0,0.692312
16,45,<octet>,1,0.307688
16,45,<path>,0,0.297221
16,45,<path>,1,0.143316
16,45,<path>,2,0.559463
16,45,<pchar>,0,0.194625
16,45,<pchar>,1,0.335929
16,45,<pchar>,2,0.105495
16,45,<pchar>,3,0.116757
16,45,<pchar>,4,0.247194
16,45,<pchars>,0,0.500731
16,45,<pchars>,1,0.499269
16,45,<port>,0,1.000000
16,45,<qparam>,0,0.616427
16,45,<qparam>,1,0.383573
16,45,<qparams>,0,0.366750
16,45,<qparams>,1,0.633250
16,45,<query>,0,0.373166
16,45,<query>,1,0.626834
16,45,<qvalue>,0,0.504088
16,45,<qvalue>,1,0.495912
16,45,<scheme>,0,0.214351
16,45,<scheme>,1,0.282188
16,45,<scheme>,2,0.261245
16,45,<scheme>,3,0.242216
16,45,<segment>,0,1.000000
16,45,<segments>,0,0.328991
16,45,<segments>,1,0.671009
16,45,<start>,0,1.000000
16,45,<url>,0,1.000000
16,45,<wchar>,0,0.213785
16,45,<wchar>,1,0.572732
16,45,<wchar>,2,0.013785
16,45,<wchar>,3,0.199698
16,45,<word>,0,0.659165
16,45,<word>,1,0.340835
16,50,<authority>,0,0.613151
16,50,<authority>,1,0.386849
16,50,<digit>,0,0.155673
16,50,<digit>,1,0.050394
16,50,<digit>,2,0.059755
16,50,<digit>,3,0.163425
16,50,<digit>,4,0.134164
16,50,<digit>,5,0.112045
16,50,<digit>,6,0.030924
16,50,<digit>,7,0.079836
16,50,<digit>,8,0.144576
16,50,<digit>,9,0.069208
16,50,<digits>,0,0.436395
16,50,<digits>,1,0.563605
16,50,<fragment>,0,0.520970
16,50,<fragment>,1,0.479030
16,50,<hex>,0,0.145110
16,50,<hex>,1,0.575425
16,50,<hex>,2,0.279464
16,50,<host>,0,0.531879
16,50,<host>,1,0.468121
16,50,<hostname>,0,0.532975
16,50,<hostname>,1,0.467025
16,50,<ipv4>,0,1.000000
16,50,<key>,0,1.000000
16,50,<label>,0,1.000000
16,50,<octet>,0,0.689643
16,50,<octet>,1,0.310357
16,50,<path>,0,0.266523
16,50,<path>,1,0.162470
16,50,<path>,2,0.571007
16,50,<pchar>,0,0.216403
16,50,<pchar>,1,0.283957
16,50,<pchar>,2,0.120402
16,50,<pchar>,3,0.109282
16,50,<pchar>,4,0.269956
16,50,<pchars>,0,0.510541
16,50,<pchars>,1,0.489459
16,50,<port>,0,1.000000
16,50,<qparam>,0,0.607094
16,50,<qparam>,1,0.392906
16,50,<qparams>,0,0.368259
16,50,<qparams>,1,0.631741
16,50,<query>,0,0.386923
16,50,<query>,1,0.613077
16,50,<qvalue>,0,0.498318
16,50,<qvalue>,1,0.501682
16,50,<scheme>,0,0.213858
16,50,<scheme>,1,0.255598
16,50,<scheme>,2,0.304515
16,50,<scheme>,3,0.226028
16,50,<segment>,0,1.000000
16,50,<segments>,0,0.334925
16,50,<segments>,1,0.665075
16,50,<start>,0,1.000000
16,50,<url>,0,1.000000
16,50,<wchar>,0,0.222315
16,50,<wchar>,1,0.495930
16,50,<wchar>,2,0.030036
16,50,<wchar>,3,0.251719
16,50,<word>,0,0.833071
16,50,<word>,1,0.166929
16,55,<authority>,0,0.624912
16,55,<authority>,1,0.375088
16,55,<digit>,0,0.140014
16,55,<digit>,1,0.034064
16,55,<digit>,2,0.071353
16,55,<digit>,3,0.163374
16,55,<digit>,4,0.208987
16,55,<digit>,5,0.111942
16,55,<digit>,6,0.031922
16,55,<digit>,7,0.022627
16,55,<digit>,8,0.207345
16,55,<digit>,9,0.008372
16,55,<digits>,0,0.419003
16,55,<digits>,1,0.580997
16,55,<fragment>,0,0.516228
16,55,<fragment>,1,0.483772
16,55,<hex>,0,0.129268
16,55,<hex>,1,0.546829
16,55,<hex>,2,0.323903
16,55,<host>,0,0.537349
16,55,<host>,1,0.462651
16,55,<hostname>,0,0.523616
16,55,<hostname>,1,0.476384
16,55,<ipv4>,0,1.000000
16,55,<key>,0,1.000000
16,55,<label>,0,1.000000
16,55,<octet>,0,0.683190
16,55,<octet>,1,0.316810
16,55,<path>,0,0.314421
16,55,<path>,1,0.165209
16,55,<path>,2,0.520370
16,55,<pchar>,0,0.234296
16,55,<pchar>,1,0.290417
16,55,<pchar>,2,0.091724
16,55,<pchar>,3,0.097392
16,55,<pchar>,4,0.286171
16,55,<pchars>,0,0.511665
16,55,<pchars>,1,0.488335
16,55,<port>,0,1.000000
16,55,<qparam>,0,0.606059
16,55,<qparam>,1,0.393941
16,55,<qparams>,0,0.347667
16,55,<qparams>,1,0.652333
16,55,<query>,0,0.379752
16,55,<query>,1,0.620248
16,55,<qvalue>,0,0.499708
16,55,<qvalue>,1,0.500292
16,55,<scheme>,0,0.219503
16,55,<scheme>,1,0.256639
16,55,<scheme>,2,0.288069
16,55,<scheme>,3,0.235789
16,55,<segment>,0,1.000000
16,55,<segments>,0,0.346445
16,55,<segments>,1,0.653555
16,55,<start>,0,1.000000
16,55,<url>,0,1.000000
16,55,<wchar>,0,0.219599
16,55,<wchar>,1,0.508590
16,55,<wchar>,2,0.048499
16,55,<wchar>,3,0.223311
16,55,<word>,0,0.940692
16,55,<word>,1,0.059308
16,59,<authority>,0,0.584716
16,59,<authority>,1,0.415284
16,59,<digit>,0,0.197903
16,59,<digit>,1,0.005736
16,59,<digit>,2,0.068596
16,59,<digit>,3,0.148979
16,59,<digit>,4,0.191684
16,59,<digit>,5,0.101607
16,59,<digit>,6,0.029412
16,59,<digit>,7,0.000000
16,59,<digit>,8,0.208416
16,59,<digit>,9,0.047667
16,59,<digits>,0,0.234536
16,59,<digits>,1,0.765464
16,59,<fragment>,0,0.513625
16,59,<fragment>,1,0.486375
16,59,<hex>,0,0.062793
16,59,<hex>,1,0.652608
16,59,<hex>,2,0.284599
16,59,<host>,0,0.547184
16,59,<host>,1,0.452816
16,59,<hostname>,0,0.569347
16,59,<hostname>,1,0.430653
16,59,<ipv4>,0,1.000000
16,59,<key>,0,1.000000
16,59,<label>,0,1.000000
16,59,<octet>,0,0.691700
16,59,<octet>,1,0.308300
16,59,<path>,0,0.219427
16,59,<path>,1,0.202190
16,59,<path>,2,0.578383
16,59,<pchar>,0,0.205979
16,59,<pchar>,1,0.308348
16,59,<pchar>,2,0.114076
16,59,<pchar>,3,0.102009
16,59,<pchar>,4,0.269588
16,59,<pchars>,0,0.503404
16,59,<pchars>,1,0.496596
16,59,<port>,0,1.000000
16,59,<qparam>,0,0.600103
16,59,<qparam>,1,0.399897
16,59,<qparams>,0,0.359636
16,59,<qparams>,1,0.640364
16,59,<query>,0,0.318340
16,59,<query>,1,0.681660
16,59,<qvalue>,0,0.503778
16,59,<qvalue>,1,0.496222
16,59,<scheme>,0,0.230235
16,59,<scheme>,1,0.246474
16,59,<scheme>,2,0.261553
16,59,<scheme>,3,0.261738
16,59,<segment>,0,1.000000
16,59,<segments>,0,0.339821
16,59,<segments>,1,0.660179
16,59,<start>,0,1.000000
16,59,<url>,0,1.000000
16,59,<wchar>,0,0.192503
16,59,<wchar>,1,0.499028
16,59,<wchar>,2,0.014770
16,59,<wchar>,3,0.293700
16,59,<word>,0,0.955797
16,59,<word>,1,0.044203
17,0,<authority>,0,0.455573
17,0,<authority>,1,0.544427
17,0,<digit>,0,0.110091
17,0,<digit>,1,0.039552
17,0,<digit>,2,0.137905
17,0,<digit>,3,0.087335
17,0,<digit>,4,0.158642
17,0,<digit>,5,0.117332
17,0,<digit>,6,0.142049
17,0,<digit>,7,0.101504
17,0,<digit>,8,0.047258
17,0,<digit>,9,0.058332
17,0,<digits>,0,0.677044
17,0,<digits>,1,0.322956
17,0,<fragment>,0,0.762329
17,0,<fragment>,1,0.237671
17,0,<hex>,0,0.256945
17,0,<hex>,1,0.277251
17,0,<hex>,2,0.465804
17,0,<host>,0,0.496035
17,0,<host>,1,0.503965
17,0,<hostname>,0,0.650207
17,0,<hostname>,1,0.349793
17,0,<ipv4>,0,1.000000
17,0,<key>,0,1.000000
17,0,<label>,0,1.000000
17,0,<octet>,0,0.361487
17,0,<octet>,1,0.638513
17,0,<path>,0,0.374444
17,0,<path>,1,0.413936
17,0,<path>,2,0.211620
17,0,<pchar>,0,0.191243
17,0,<pchar>,1,0.254012
17,0,<pchar>,2,0.162907
17,0,<pchar>,3,0.299502
17,0,<pchar>,4,0.092337
17,0,<pchars>,0,0.332338
17,0,<pchars>,1,0.667662
17,0,<port>,0,1.000000
17,0,<qparam>,0,0.658513
17,0,<qparam>,1,0.341487
17,0,<qparams>,0,0.555828
17,0,<qparams>,1,0.444172
17,0,<query>,0,0.306079
17,0,<query>,1,0.693921
17,0,<qvalue>,0,0.543766
17,0,<qvalue>,1,0.456234
17,0,<scheme>,0,0.283541
17,0,<scheme>,1,0.363552
17,0,<scheme>,2,0.260634
17,0,<scheme>,3,0.092272
17,0,<segment>,0,1.000000
17,0,<segments>,0,0.654651
17,0,<segments>,1,0.345349
17,0,<start>,0,1.000000
17,0,<url>,0,1.000000
17,0,<wchar>,0,0.098370
17,0,<wchar>,1,0.289859
17,0,<wchar>,2,0.296059
17,0,<wchar>,3,0.315712
17,0,<word>,0,0.272951
17,0,<word>,1,0.727049
17,5,<authority>,0,0.521261
17,5,<authority>,1,0.478739
17,5,<digit>,0,0.142107
17,5,<digit>,1,0.057210
17,5,<digit>,2,0.046881
17,5,<digit>,3,0.000000
17,5,<digit>,4,0.069092
17,5,<digit>,5,0.142137
17,5,<digit>,6,0.098421
17,5,<digit>,7,0.125619
17,5,<digit>,8,0.237106
17,5,<digit>,9,0.081429
17,5,<digits>,0,0.318160
17,5,<digits>,1,0.681840
17,5,<fragment>,0,0.531249
17,5,<fragment>,1,0.468751
17,5,<hex>,0,0.437223
17,5,<hex>,1,0.365942
17,5,<hex>,2,0.196835
17,5,<host>,0,0.389138
17,5,<host>,1,0.610862
17,5,<hostname>,0,0.523044
17,5,<hostname>,1,0.476956
17,5,<ipv4>,0,1.000000
17,5,<key>,0,1.000000
17,5,<label>,0,1.000000
17,5,<octet>,0,0.408627
17,5,<octet>,1,0.591373
17,5,<path>,0,0.260209
17,5,<path>,1,0.286766
17,5,<path>,2,0.453024
17,5,<pchar>,0,0.199661
17,5,<pchar>,1,0.249834
17,5,<pchar>,2,0.238675
17,5,<pchar>,3,0.069584
17,5,<pchar>,4,0.242246
17,5,<pchars>,0,0.584565
17,5,<pchars>,1,0.415435
17,5,<port>,0,1.000000
17,5,<qparam>,0,0.472358
17,5,<qparam>,1,0.527642
17,5,<qparams>,0,0.398221
17,5,<qparams>,1,0.601779
17,5,<query>,0,0.555850
17,5,<query>,1,0.444150
17,5,<qvalue>,0,0.416821
17,5,<qvalue>,1,0.583179
17,5,<scheme>,0,0.234102
17,5,<scheme>,1,0.249090
17,5,<scheme>,2,0.274437
17,5,<scheme>,3,0.242370
17,5,<segment>,0,1.000000
17,5,<segments>,0,0.324348
17,5,<segments>,1,0.675652
17,5,<start>,0,1.000000
17,5,<url>,0,1.000000
17,5,<wchar>,0,0.198215
17,5,<wchar>,1,0.263109
17,5,<wchar>,2,0.242627
17,5,<wchar>,3,0.296050
17,5,<word>,0,0.640738
17,5,<word>,1,0.359262
17,10,<authority>,0,0.542021
17,10,<authority>,1,0.457979
17,10,<digit>,0,0.097179
17,10,<digit>,1,0.051692
17,10,<digit>,2,0.031140
17,10,<digit>,3,0.046374
17,10,<digit>,4,0.078715
17,10,<digit>,5,0.047673
17,10,<digit>,6,0.064667
17,10,<digit>,7,0.064312
17,10,<digit>,8,0.413852
17,10,<digit>,9,0.104396
17,10,<digits>,0,0.308334
17,10,<digits>,1,0.691666
17,10,<fragment>,0,0.525928
17,10,<fragment>,1,0.474072
17,10,<hex>,0,0.252800
17,10,<hex>,1,0.438560
17,10,<hex>,2,0.308640
17,10,<host>,0,0.495218
17,10,<host>,1,0.504782
17,10,<hostname>,0,0.536031
17,10,<hostname>,1,0.463969
17,10,<ipv4>,0,1.000000
17,10,<key>,0,1.000000
17,10,<label>,0,1.000000
17,10,<octet>,0,0.464313
17,10,<octet>,1,0.535687
17,10,<path>,0,0.238694
17,10,<path>,1,0.300587
17,10,<path>,2,0.460719
17,10,<pchar>,0,0.157910
17,10,<pchar>,1,0.244723
17,10,<pchar>,2,0.270815
17,10,<pchar>,3,0.070083
17,10,<pchar>,4,0.256469
17,10,<pchars>,0,0.620684
17,10,<pchars>,1,0.379316
17,10,<port>,0,1.000000
17,10,<qparam>,0,0.499036
17,10,<qparam>,1,0.500964
17,10,<qparams>,0,0.371016
17,10,<qparams>,1,0.628984
17,10,<query>,0,0.452323
17,10,<query>,1,0.547677
17,10,<qvalue>,0,0.382837
17,10,<qvalue>,1,0.617163
17,10,<scheme>,0,0.285793
17,10,<scheme>,1,0.236967
17,10,<scheme>,2,0.203087
17,10,<scheme>,3,0.274154
17,10,<segment>,0,1.000000
17,10,<segments>,0,0.332332
17,10,<segments>,1,0.667668
17,10,<start>,0,1.000000
17,10,<url>,0,1.000000
17,10,<wchar>,0,0.258989
17,10,<wchar>,1,0.224700
17,10,<wchar>,2,0.263630
17,10,<wchar>,3,0.252681
17,10,<word>,0,0.584448
17,10,<word>,1,0.415552
17,15,<authority>,0,0.689478
17,15,<authority>,1,0.310522
17,15,<digit>,0,0.136285
17,15,<digit>,1,0.043337
17,15,<digit>,2,0.068709
17,15,<digit>,3,0.084007
17,15,<digit>,4,0.098640
17,15,<digit>,5,0.096956
17,15,<digit>,6,0.106718
17,15,<digit>,7,0.000000
17,15,<digit>,8,0.287319
17,15,<digit>,9,0.078028
17,15,<digits>,0,0.301502
17,15,<digits>,1,0.698498
17,15,<fragment>,0,0.552936
17,15,<fragment>,1,0.447064
17,15,<hex>,0,0.144333
17,15,<hex>,1,0.483494
17,15,<hex>,2,0.372173
17,15,<host>,0,0.480021
17,15,<host>,1,0.519979
17,15,<hostname>,0,0.546446
17,15,<hostname>,1,0.453554
17,15,<ipv4>,0,1.000000
17,15,<key>,0,1.000000
17,15,<label>,0,1.000000
17,15,<octet>,0,0.410228
17,15,<octet>,1,0.589772
17,15,<path>,0,0.242236
17,15,<path>,1,0.254688
17,15,<path>,2,0.503077
17,15,<pchar>,0,0.151668
17,15,<pchar>,1,0.307944
17,15,<pchar>,2,0.268042
17,15,<pchar>,3,0.100393
17,15,<pchar>,4,0.171953
17,15,<pchars>,0,0.540405
17,15,<pchars>,1,0.459595
17,15,<port>,0,1.000000
17,15,<qparam>,0,0.579012
17,15,<qparam>,1,0.420988
17,15,<qparams>,0,0.348896
17,15,<qparams>,1,0.651104
17,15,<query>,0,0.417537
17,15,<query>,1,0.582463
17,15,<qvalue>,0,0.433958
17,15,<qvalue>,1,0.566042
17,15,<scheme>,0,0.258012
17,15,<scheme>,1,0.217035
17,15,<scheme>,2,0.266052
17,15,<scheme>,3,0.258901
17,15,<segment>,0,1.000000
17,15,<segments>,0,0.334871
17,15,<segments>,1,0.665129
17,15,<start>,0,1.000000
17,15,<url>,0,1.000000
17,15,<wchar>,0,0.346530
17,15,<wchar>,1,0.280734
17,15,<wchar>,2,0.083436
17,15,<wchar>,3,0.289300
17,15,<word>,0,0.581392
17,15,<word>,1,0.418608
17,20,<authority>,0,0.534823
17,20,<authority>,1,0.465177
17,20,<digit>,0,0.120211
17,20,<digit>,1,0.030787
17,20,<digit>,2,0.117422
17,20,<digit>,3,0.000000
17,20,<digit>,4,0.052087
17,20,<digit>,5,0.102272
17,20,<digit>,6,0.129898
17,20,<digit>,7,0.009365
17,20,<digit>,8,0.341126
17,20,<digit>,9,0.096832
17,20,<digits>,0,0.294137
17,20,<digits>,1,0.705863
17,20,<fragment>,0,0.574249
17,20,<fragment>,1,0.425751
17,20,<hex>,0,0.235949
17,20,<hex>,1,0.518547
17,20,<hex>,2,0.245504
17,20,<host>,0,0.505498
17,20,<host>,1,0.494502
17,20,<hostname>,0,0.503458
17,20,<hostname>,1,0.496542
17,20,<ipv4>,0,1.000000
17,20,<key>,0,1.000000
17,20,<label>,0,1.000000
17,20,<octet>,0,0.420623
17,20,<octet>,1,0.579377
17,20,<path>,0,0.268596
17,20,<path>,1,0.278480
17,20,<path>,2,0.452923
17,20,<pchar>,0,0.127891
17,20,<pchar>,1,0.401195
17,20,<pchar>,2,0.153143
17,20,<pchar>,3,0.104382
17,20,<pchar>,4,0.213389
17,20,<pchars>,0,0.529367
17,20,<pchars>,1,0.470633
17,20,<port>,0,1.000000
17,20,<qparam>,0,0.497172
17,20,<qparam>,1,0.502828
17,20,<qparams>,0,0.356788
17,20,<qparams>,1,0.643212
17,20,<query>,0,0.443530
17,20,<query>,1,0.556470
17,20,<qvalue>,0,0.412435
17,20,<qvalue>,1,0.587565
17,20,<scheme>,0,0.210174
17,20,<scheme>,1,0.248393
17,20,<scheme>,2,0.240649
17,20,<scheme>,3,0.300783
17,20,<segment>,0,1.000000
17,20,<segments>,0,0.306182
17,20,<segments>,1,0.693818
17,20,<start>,0,1.000000
17,20,<url>,0,1.000000
17,20,<wchar>,0,0.249160
17,20,<wchar>,1,0.432810
17,20,<wchar>,2,0.139354
17,20,<wchar>,3,0.178677
17,20,<word>,0,0.599214
17,20,<word>,1,0.400786
17,25,<authority>,0,0.558955
17,25,<authority>,1,0.441045
17,25,<digit>,0,0.146924
17,25,<digit>,1,0.040966
17,25,<digit>,2,0.116558
17,25,<digit>,3,0.057753
17,25,<digit>,4,0.175085
17,25,<digit>,5,0.000000
17,25,<digit>,6,0.009463
17,25,<digit>,7,0.031646
17,25,<digit>,8,0.327071
17,25,<digit>,9,0.094535
17,25,<digits>,0,0.235920
17,25,<digits>,1,0.764080
17,25,<fragment>,0,0.513134
17,25,<fragment>,1,0.486866
17,25,<hex>,0,0.246239
17,25,<hex>,1,0.490226
17,25,<hex>,2,0.263534
17,25,<host>,0,0.483688
17,25,<host>,1,0.516312
17,25,<hostname>,0,0.532430
17,25,<hostname>,1,0.467570
17,25,<ipv4>,0,1.000000
17,25,<key>,0,1.000000
17,25,<label>,0,1.000000
17,25,<octet>,0,0.410781
17,25,<octet>,1,0.589219
17,25,<path>,0,0.250686
17,25,<path>,1,0.211985
17,25,<path>,2,0.537328
17,25,<pchar>,0,0.170669
17,25,<pchar>,1,0.225880
17,25,<pchar>,2,0.198475
17,25,<pchar>,3,0.038059
17,25,<pchar>,4,0.366918
17,25,<pchars>,0,0.537936
17,25,<pchars>,1,0.462064
17,25,<port>,0,1.000000
17,25,<qparam>,0,0.547156
17,25,<qparam>,1,0.452844
17,25,<qparams>,0,0.356269
17,25,<qparams>,1,0.643731
17,25,<query>,0,0.429375
17,25,<query>,1,0.570625
17,25,<qvalue>,0,0.399119
17,25,<qvalue>,1,0.600881
17,25,<scheme>,0,0.314594
17,25,<scheme>,1,0.182691
17,25,<scheme>,2,0.278489
17,25,<scheme>,3,0.224225
17,25,<segment>,0,1.000000
17,25,<segments>,0,0.359407
17,25,<segments>,1,0.640593
17,25,<start>,0,1.000000
17,25,<url>,0,1.000000
17,25,<wchar>,0,0.217180
17,25,<wchar>,1,0.298364
17,25,<wchar>,2,0.128736
17,25,<wchar>,3,0.355720
17,25,<word>,0,0.583245
17,25,<word>,1,0.416755
17,30,<authority>,0,0.636227
17,30,<authority>,1,0.363773
17,30,<digit>,0,0.117259
17,30,<digit>,1,0.078331
17,30,<digit>,2,0.082122
17,30,<digit>,3,0.000000
17,30,<digit>,4,0.088817
17,30,<digit>,5,0.114109
17,30,<digit>,6,0.019124
17,30,<digit>,7,0.022648
17,30,<digit>,8,0.395326
17,30,<digit>,9,0.082263
17,30,<digits>,0,0.208153
17,30,<digits>,1,0.791847
17,30,<fragment>,0,0.542087
17,30,<fragment>,1,0.457913
17,30,<hex>,0,0.234429
17,30,<hex>,1,0.440015
17,30,<hex>,2,0.325556
17,30,<host>,0,0.402681
17,30,<host>,1,0.597319
17,30,<hostname>,0,0.749311
17,30,<hostname>,1,0.250689
17,30,<ipv4>,0,1.000000
17,30,<key>,0,1.000000
17,30,<label>,0,1.000000
17,30,<octet>,0,0.442549
17,30,<octet>,1,0.557451
17,30,<path>,0,0.173268
17,30,<path>,1,0.152614
17,30,<path>,2,0.674118
17,30,<pchar>,0,0.022176
17,30,<pchar>,1,0.306443
17,30,<pchar>,2,0.241033
17,30,<pchar>,3,0.083036
17,30,<pchar>,4,0.347312
17,30,<pchars>,0,0.545423
17,30,<pchars>,1,0.454577
17,30,<port>,0,1.000000
17,30,<qparam>,0,0.547753
17,30,<qparam>,1,0.452247
17,30,<qparams>,0,0.370353
17,30,<qparams>,1,0.629647
17,30,<query>,0,0.420157
17,30,<query>,1,0.579843
17,30,<qvalue>,0,0.429093
17,30,<qvalue>,1,0.570907
17,30,<scheme>,0,0.233659
17,30,<scheme>,1,0.210381
17,30,<scheme>,2,0.254468
17,30,<scheme>,3,0.301492
17,30,<segment>,0,1.000000
17,30,<segments>,0,0.328519
17,30,<segments>,1,0.671481
17,30,<start>,0,1.000000
17,30,<url>,0,1.000000
17,30,<wchar>,0,0.134424
17,30,<wchar>,1,0.561263
17,30,<wchar>,2,0.135848
17,30,<wchar>,3,0.168465
17,30,<word>,0,0.581031
17,30,<word>,1,0.418969
17,35,<authority>,0,0.560457
17,35,<authority>,1,0.439543
17,35,<digit>,0,0.140276
17,35,<digit>,1,0.040750
17,35,<digit>,2,0.118007
17,35,<digit>,3,0.073662
17,35,<digit>,4,0.097399
17,35,<digit>,5,0.030380
17,35,<digit>,6,0.000000
17,35,<digit>,7,0.039616
17,35,<digit>,8,0.397027
17,35,<digit>,9,0.062882
17,35,<digits>,0,0.266670
17,35,<digits>,1,0.733330
17,35,<fragment>,0,0.555234
17,35,<fragment>,1,0.444766
17,35,<hex>,0,0.200577
17,35,<hex>,1,0.523004
17,35,<hex>,2,0.276419
17,35,<host>,0,0.463997
17,35,<host>,1,0.536003
17,35,<hostname>,0,0.557317
17,35,<hostname>,1,0.442683
17,35,<ipv4>,0,1.000000
17,35,<key>,0,1.000000
17,35,<label>,0,1.000000
17,35,<octet>,0,0.421025
17,35,<octet>,1,0.578975
17,35,<path>,0,0.215380
17,35,<path>,1,0.255068
17,35,<path>,2,0.529552
17,35,<pchar>,0,0.099026
17,35,<pchar>,1,0.246668
17,35,<pchar>,2,0.288310
17,35,<pchar>,3,0.057586
17,35,<pchar>,4,0.308410
17,35,<pchars>,0,0.501217
17,35,<pchars>,1,0.498783
17,35,<port>,0,1.000000
17,35,<qparam>,0,0.430443
17,35,<qparam>,1,0.569557
17,35,<qparams>,0,0.394822
17,35,<qparams>,1,0.605178
17,35,<query>,0,0.431785
17,35,<query>,1,0.568215
17,35,<qvalue>,0,0.379581
17,35,<qvalue>,1,0.620419
17,35,<scheme>,0,0.209400
17,35,<scheme>,1,0.265930
17,35,<scheme>,2,0.277110
17,35,<scheme>,3,0.247560
17,35,<segment>,0,1.000000
17,35,<segments>,0,0.263179
17,35,<segments>,1,0.736821
17,35,<start>,0,1.000000
17,35,<url>,0,1.000000
17,35,<wchar>,0,0.197264
17,35,<wchar>,1,0.452577
17,35,<wchar>,2,0.141116
17,35,<wchar>,3,0.209043
17,35,<word>,0,0.585483
17,35,<word>,1,0.414517
17,40,<authority>,0,0.565650
17,40,<authority>,1,0.434350
17,40,<digit>,0,0.160601
17,40,<digit>,1,0.029557
17,40,<digit>,2,0.105706
17,40,<digit>,3,0.011690
17,40,<digit>,4,0.034400
17,40,<digit>,5,0.030432
17,40,<digit>,6,0.034572
17,40,<digit>,7,0.032189
17,40,<digit>,8,0.448989
17,40,<digit>,9,0.111863
17,40,<digits>,0,0.269100
17,40,<digits>,1,0.730900
17,40,<fragment>,0,0.553282
17,40,<fragment>,1,0.446718
17,40,<hex>,0,0.196866
17,40,<hex>,1,0.463888
17,40,<hex>,2,0.339247
17,40,<host>,0,0.450059
17,40,<host>,1,0.549941
17,40,<hostname>,0,0.541845
17,40,<hostname>,1,0.458155
17,40,<ipv4>,0,1.000000
17,40,<key>,0,1.000000
17,40,<label>,0,1.000000
17,40,<octet>,0,0.375256
17,40,<octet>,1,0.624744
17,40,<path>,0,0.235011
17,40,<path>,1,0.226077
17,40,<path>,2,0.538912
17,40,<pchar>,0,0.082083
17,40,<pchar>,1,0.221121
17,40,<pchar>,2,0.288776
17,40,<pchar>,3,0.093042
17,40,<pchar>,4,0.314976
17,40,<pchars>,0,0.530427
17,40,<pchars>,1,0.469573
17,40,<port>,0,1.000000
17,40,<qparam>,0,0.488227
17,40,<qparam>,1,0.511773
17,40,<qparams>,0,0.371117
17,40,<qparams>,1,0.628883
17,40,<query>,0,0.422665
17,40,<query>,1,0.577335
17,40,<qvalue>,0,0.407172
17,40,<qvalue>,1,0.592828
17,40,<scheme>,0,0.295828
17,40,<scheme>,1,0.228507
17,40,<scheme>,2,0.276711
17,40,<scheme>,3,0.198954
17,40,<segment>,0,1.000000
17,40,<segments>,0,0.271220
17,40,<segments>,1,0.728780
17,40,<start>,0,1.000000
17,40,<url>,0,1.000000
17,40,<wchar>,0,0.131165
17,40,<wchar>,1,0.648242
17,40,<wchar>,2,0.175527
17,40,<wchar>,3,0.045066
17,40,<word>,0,0.579088
17,40,<word>,1,0.420912
17,45,<authority>,0,0.532585
17,45,<authority>,1,0.467415
17,45,<digit>,0,0.185328
17,45,<digit>,1,0.055206
17,45,<digit>,2,0.004564
17,45,<digit>,3,0.016197
17,45,<digit>,4,0.086689
17,45,<digit>,5,0.030173
17,45,<digit>,6,0.021408
17,45,<digit>,7,0.029654
17,45,<digit>,8,0.467505
17,45,<digit>,9,0.103276
17,45,<digits>,0,0.264479
17,45,<digits>,1,0.735521
17,45,<fragment>,0,0.512716
17,45,<fragment>,1,0.487284
17,45,<hex>,0,0.224755
17,45,<hex>,1,0.461433
17,45,<hex>,2,0.313812
17,45,<host>,0,0.451947
17,45,<host>,1,0.548053
17,45,<hostname>,0,0.618505
17,45,<hostname>,1,0.381495
17,45,<ipv4>,0,1.000000
17,45,<key>,0,1.000000
17,45,<label>,0,1.000000
17,45,<octet>,0,0.434320
17,45,<octet>,1,0.565680
17,45,<path>,0,0.236968
17,45,<path>,1,0.207174
17,45,<path>,2,0.555857
17,45,<pchar>,0,0.072417
17,45,<pchar>,1,0.228586
17,45,<pchar>,2,0.283137
17,45,<pchar>,3,0.090071
17,45,<pchar>,4,0.325789
17,45,<pchars>,0,0.518737
17,45,<pchars>,1,0.481263
17,45,<port>,0,1.000000
17,45,<qparam>,0,0.454094
17,45,<qparam>,1,0.545906
17,45,<qparams>,0,0.375914
17,45,<qparams>,1,0.624086
17,45,<query>,0,0.423983
17,45,<query>,1,0.576017
17,45,<qvalue>,0,0.378060
17,45,<qvalue>,1,0.621940
17,45,<scheme>,0,0.305657
17,45,<scheme>,1,0.237521
17,45,<scheme>,2,0.253669
17,45,<scheme>,3,0.203152
17,45,<segment>,0,1.000000
17,45,<segments>,0,0.266234
17,45,<segments>,1,0.733766
17,45,<start>,0,1.000000
17,45,<url>,0,1.000000
17,45,<wchar>,0,0.136584
17,45,<wchar>,1,0.558664
17,45,<wchar>,2,0.182570
17,45,<wchar>,3,0.122182
17,45,<word>,0,0.581689
17,45,<word>,1,0.418311
17,50,<authority>,0,0.561740
17,50,<authority>,1,0.438260
17,50,<digit>,0,0.132685
17,50,<digit>,1,0.123776
17,50,<digit>,2,0.008087
17,50,<digit>,3,0.042485
17,50,<digit>,4,0.040675
17,50,<digit>,5,0.028660
17,50,<digit>,6,0.015536
17,50,<digit>,7,0.035683
17,50,<digit>,8,0.495896
17,50,<digit>,9,0.076517
17,50,<digits>,0,0.268521
17,50,<digits>,1,0.731479
17,50,<fragment>,0,0.549409
17,50,<fragment>,1,0.450591
17,50,<hex>,0,0.186919
17,50,<hex>,1,0.508108
17,50,<hex>,2,0.304972
17,50,<host>,0,0.466255
17,50,<host>,1,0.533745
17,50,<hostname>,0,0.564306
17,50,<hostname>,1,0.435694
17,50,<ipv4>,0,1.000000
17,50,<key>,0,1.000000
17,50,<label>,0,1.000000
17,50,<octet>,0,0.337491
17,50,<octet>,1,0.662509
17,50,<path>,0,0.243771
17,50,<path>,1,0.132124
17,50,<path>,2,0.624105
17,50,<pchar>,0,0.093498
17,50,<pchar>,1,0.206522
17,50,<pchar>,2,0.270212
17,50,<pchar>,3,0.092468
17,50,<pchar>,4,0.337300
17,50,<pchars>,0,0.553565
17,50,<pchars>,1,0.446435
17,50,<port>,0,1.000000
17,50,<qparam>,0,0.480747
17,50,<qparam>,1,0.519253
17,50,<qparams>,0,0.358043
17,50,<qparams>,1,0.641957
17,50,<query>,0,0.406058
17,50,<query>,1,0.593942
17,50,<qvalue>,0,0.393554
17,50,<qvalue>,1,0.606446
17,50,<scheme>,0,0.256293
17,50,<scheme>,1,0.269888
17,50,<scheme>,2,0.273578
17,50,<scheme>,3,0.200242
17,50,<segment>,0,1.000000
17,50,<segments>,0,0.247623
17,50,<segments>,1,0.752377
17,50,<start>,0,1.000000
17,50,<url>,0,1.000000
17,50,<wchar>,0,0.185665
17,50,<wchar>,1,0.727748
17,50,<wchar>,2,0.040084
17,50,<wchar>,3,0.046503
17,50,<word>,0,0.612922
17,50,<word>,1,0.387078
17,55,<authority>,0,0.558201
17,55,<authority>,1,0.441799
17,55,<digit>,0,0.184236
17,55,<digit>,1,0.008995
17,55,<digit>,2,0.038497
17,55,<digit>,3,0.039268
17,55,<digit>,4,0.037382
17,55,<digit>,5,0.019353
17,55,<digit>,6,0.022816
17,55,<digit>,7,0.038634
17,55,<digit>,8,0.514063
17,55,<digit>,9,0.096757
17,55,<digits>,0,0.271039
17,55,<digits>,1,0.728961
17,55,<fragment>,0,0.558207
17,55,<fragment>,1,0.441793
17,55,<hex>,0,0.192658
17,55,<hex>,1,0.477738
17,55,<hex>,2,0.329604
17,55,<host>,0,0.410063
17,55,<host>,1,0.589937
17,55,<hostname>,0,0.575660
17,55,<hostname>,1,0.424340
17,55,<ipv4>,0,1.000000
17,55,<key>,0,1.000000
17,55,<label>,0,1.000000
17,55,<octet>,0,0.282248
17,55,<octet>,1,0.717752
17,55,<path>,0,0.191688
17,55,<path>,1,0.226502
17,55,<path>,2,0.581810
17,55,<pchar>,0,0.099620
17,55,<pchar>,1,0.213493
17,55,<pchar>,2,0.264275
17,55,<pchar>,3,0.082031
17,55,<pchar>,4,0.340581
17,55,<pchars>,0,0.519300
17,55,<pchars>,1,0.480700
17,55,<port>,0,1.000000
17,55,<qparam>,0,0.501686
17,55,<qparam>,1,0.498314
17,55,<qparams>,0,0.360654
17,55,<qparams>,1,0.639346
17,55,<query>,0,0.401658
17,55,<query>,1,0.598342
17,55,<qvalue>,0,0.397576
17,55,<qvalue>,1,0.602424
17,55,<scheme>,0,0.263677
17,55,<scheme>,1,0.257843
17,55,<scheme>,2,0.255314
17,55,<scheme>,3,0.223166
17,55,<segment>,0,1.000000
17,55,<segments>,0,0.246867
17,55,<segments>,1,0.753133
17,55,<start>,0,1.000000
17,55,<url>,0,1.000000
17,55,<wchar>,0,0.109230
17,55,<wchar>,1,0.821645
17,55,<wchar>,2,0.000000
17,55,<wchar>,3,0.069125
17,55,<word>,0,0.645103
17,55,<word>,1,0.354897
17,59,<authority>,0,0.598466
17,59,<authority>,1,0.401534
17,59,<digit>,0,0.194247
17,59,<digit>,1,0.082567
17,59,<digit>,2,0.031019
17,59,<digit>,3,0.022658
17,59,<digit>,4,0.054622
17,59,<digit>,5,0.018317
17,59,<digit>,6,0.010983
17,59,<digit>,7,0.020802
17,59,<digit>,8,0.509647
17,59,<digit>,9,0.055138
17,59,<digits>,0,0.273223
17,59,<digits>,1,0.726777
17,59,<fragment>,0,0.549687
17,59,<fragment>,1,0.450313
17,59,<hex>,0,0.115849
17,59,<hex>,1,0.529526
17,59,<hex>,2,0.354625
17,59,<host>,0,0.463960
17,59,<host>,1,0.536040
17,59,<hostname>,0,0.561923
17,59,<hostname>,1,0.438077
17,59,<ipv4>,0,1.000000
17,59,<key>,0,1.000000
17,59,<label>,0,1.000000
17,59,<octet>,0,0.375906
17,59,<octet>,1,0.624094
17,59,<path>,0,0.139564
17,59,<path>,1,0.228324
17,59,<path>,2,0.632112
17,59,<pchar>,0,0.103647
17,59,<pchar>,1,0.216663
17,59,<pchar>,2,0.252949
17,59,<pchar>,3,0.086024
17,59,<pchar>,4,0.340717
17,59,<pchars>,0,0.515193
17,59,<pchars>,1,0.484807
17,59,<port>,0,1.000000
17,59,<qparam>,0,0.436223
17,59,<qparam>,1,0.563777
17,59,<qparams>,0,0.365045
17,59,<qparams>,1,0.634955
17,59,<query>,0,0.382242
17,59,<query>,1,0.617758
17,59,<qvalue>,0,0.413582
17,59,<qvalue>,1,0.586418
17,59,<scheme>,0,0.251389
17,59,<scheme>,1,0.268644
17,59,<scheme>,2,0.260732
17,59,<scheme>,3,0.219235
17,59,<segment>,0,1.000000
17,59,<segments>,0,0.237005
17,59,<segments>,1,0.762995
17,59,<start>,0,1.000000
17,59,<url>,0,1.000000
17,59,<wchar>,0,0.118626
17,59,<wchar>,1,0.686725
17,59,<wchar>,2,0.018028
17,59,<wchar>,3,0.176621
17,59,<word>,0,0.621250
17,59,<word>,1,0.378750
18,0,<authority>,0,0.537954
18,0,<authority>,1,0.462046
18,0,<digit>,0,0.126945
18,0,<digit>,1,0.091901
18,0,<digit>,2,0.094493
18,0,<digit>,3,0.064247
18,0,<digit>,4,0.112802
18,0,<digit>,5,0.138815
18,0,<digit>,6,0.091119
18,0,<digit>,7,0.111790
18,0,<digit>,8,0.091367
18,0,<digit>,9,0.076521
18,0,<digits>,0,0.554442
18,0,<digits>,1,0.445558
18,0,<fragment>,0,0.498511
18,0,<fragment>,1,0.501489
18,0,<hex>,0,0.378411
18,0,<hex>,1,0.329860
18,0,<hex>,2,0.291729
18,0,<host>,0,0.626242
18,0,<host>,1,0.373758
18,0,<hostname>,0,0.525454
18,0,<hostname>,1,0.474546
18,0,<ipv4>,0,1.000000
18,0,<key>,0,1.000000
18,0,<label>,0,1.000000
18,0,<octet>,0,0.568458
18,0,<octet>,1,0.431542
18,0,<path>,0,0.375260
18,0,<path>,1,0.381619
18,0,<path>,2,0.243121
18,0,<pchar>,0,0.198688
18,0,<pchar>,1,0.145641
18,0,<pchar>,2,0.329051
18,0,<pchar>,3,0.141448
18,0,<pchar>,4,0.185171
18,0,<pchars>,0,0.494300
18,0,<pchars>,1,0.505700
18,0,<port>,0,1.000000
18,0,<qparam>,0,0.467321
18,0,<qparam>,1,0.532679
18,0,<qparams>,0,0.282723
18,0,<qparams>,1,0.717277
18,0,<query>,0,0.789618
18,0,<query>,1,0.210382
18,0,<qvalue>,0,0.576078
18,0,<qvalue>,1,0.423922
18,0,<scheme>,0,0.098263
18,0,<scheme>,1,0.338670
18,0,<scheme>,2,0.188290
18,0,<scheme>,3,0.374777
18,0,<segment>,0,1.000000
18,0,<segments>,0,0.471389
18,0,<segments>,1,0.528611
18,0,<start>,0,1.000000
18,0,<url>,0,1.000000
18,0,<wchar>,0,0.198563
18,0,<wchar>,1,0.293615
18,0,<wchar>,2,0.316369
18,0,<wchar>,3,0.191454
18,0,<word>,0,0.556094
18,0,<word>,1,0.443906
18,5,<authority>,0,0.507464
18,5,<authority>,1,0.492536
18,5,<digit>,0,0.085537
18,5,<digit>,1,0.071566
18,5,<digit>,2,0.072111
18,5,<digit>,3,0.129753
18,5,<digit>,4,0.042086
18,5,<digit>,5,0.074371
18,5,<digit>,6,0.110411
18,5,<digit>,7,0.273631
18,5,<digit>,8,0.138174
18,5,<digit>,9,0.002360
18,5,<digits>,0,0.445100
18,5,<digits>,1,0.554900
18,5,<fragment>,0,0.559315
18,5,<fragment>,1,0.440685
18,5,<hex>,0,0.328986
18,5,<hex>,1,0.200505
18,5,<hex>,2,0.470509
18,5,<host>,0,0.473766
18,5,<host>,1,0.526234
18,5,<hostname>,0,0.527248
18,5,<hostname>,1,0.472752
18,5,<ipv4>,0,1.000000
18,5,<key>,0,1.000000
18,5,<label>,0,1.000000
18,5,<octet>,0,0.563486
18,5,<octet>,1,0.436514
18,5,<path>,0,0.248096
18,5,<path>,1,0.218700
18,5,<path>,2,0.533205
18,5,<pchar>,0,0.206032
18,5,<pchar>,1,0.168391
18,5,<pchar>,2,0.264738
18,5,<pchar>,3,0.100425
18,5,<pchar>,4,0.260414
18,5,<pchars>,0,0.625783
18,5,<pchars>,1,0.374217
18,5,<port>,0,1.000000
18,5,<qparam>,0,0.445333
18,5,<qparam>,1,0.554667
18,5,<qparams>,0,0.495996
18,5,<qparams>,1,0.504004
18,5,<query>,0,0.445290
18,5,<query>,1,0.554710
18,5,<qvalue>,0,0.631177
18,5,<qvalue>,1,0.368823
18,5,<scheme>,0,0.277097
18,5,<scheme>,1,0.244612
18,5,<scheme>,2,0.235902
18,5,<scheme>,3,0.242388
18,5,<segment>,0,1.000000
18,5,<segments>,0,0.133360
18,5,<segments>,1,0.866640
18,5,<start>,0,1.000000
18,5,<url>,0,1.000000
18,5,<wchar>,0,0.338921
18,5,<wchar>,1,0.330904
18,5,<wchar>,2,0.145245
18,5,<wchar>,3,0.184931
18,5,<word>,0,0.503201
18,5,<word>,1,0.496799
18,10,<authority>,0,0.504229
18,10,<authority>,1,0.495771
18,10,<digit>,0,0.096318
18,10,<digit>,1,0.121238
18,10,<digit>,2,0.077597
18,10,<digit>,3,0.199189
18,10,<digit>,4,0.057656
18,10,<digit>,5,0.066662
18,10,<digit>,6,0.000000
18,10,<digit>,7,0.263038
18,10,<digit>,8,0.105697
18,10,<digit>,9,0.012604
18,10,<digits>,0,0.420202
18,10,<digits>,1,0.579798
18,10,<fragment>,0,0.525138
18,10,<fragment>,1,0.474862
18,10,<hex>,0,0.485054
18,10,<hex>,1,0.116602
18,10,<hex>,2,0.398345
18,10,<host>,0,0.515197
18,10,<host>,1,0.484803
18,10,<hostname>,0,0.544445
18,10,<hostname>,1,0.455555
18,10,<ipv4>,0,1.000000
18,10,<key>,0,1.000000
18,10,<label>,0,1.000000
18,10,<octet>,0,0.583000
18,10,<octet>,1,0.417000
18,10,<path>,0,0.233055
18,10,<path>,1,0.226286
18,10,<path>,2,0.540659
18,10,<pchar>,0,0.246391
18,10,<pchar>,1,0.156216
18,10,<pchar>,2,0.266754
18,10,<pchar>,3,0.071414
18,10,<pchar>,4,0.259226
18,10,<pchars>,0,0.554947
18,10,<pchars>,1,0.445053
18,10,<port>,0,1.000000
18,10,<qparam>,0,0.409547
18,10,<qparam>,1,0.590453
18,10,<qparams>,0,0.548000
18,10,<qparams>,1,0.452000
18,10,<query>,0,0.469825
18,10,<query>,1,0.530175
18,10,<qvalue>,0,0.613247
18,10,<qvalue>,1,0.386753
18,10,<scheme>,0,0.220365
18,10,<scheme>,1,0.204886
18,10,<scheme>,2,0.273668
18,10,<scheme>,3,0.301081
18,10,<segment>,0,1.000000
18,10,<segments>,0,0.209816
18,10,<segments>,1,0.790184
18,10,<start>,0,1.000000
18,10,<url>,0,1.000000
18,10,<wchar>,0,0.380724
18,10,<wchar>,1,0.365274
18,10,<wchar>,2,0.080238
18,10,<wchar>,3,0.173764
18,10,<word>,0,0.837846
18,10,<word>,1,0.162154
18,15,<authority>,0,0.498362
18,15,<authority>,1,0.501638
18,15,<digit>,0,0.077839
18,15,<digit>,1,0.119813
18,15,<digit>,2,0.057540
18,15,<digit>,3,0.184781
18,15,<digit>,4,0.103190
18,15,<digit>,5,0.088028
18,15,<digit>,6,0.132229
18,15,<digit>,7,0.006795
18,15,<digit>,8,0.153240
18,15,<digit>,9,0.076546
18,15,<digits>,0,0.442555
18,15,<digits>,1,0.557445
18,15,<fragment>,0,0.560472
18,15,<fragment>,1,0.439528
18,15,<hex>,0,0.485912
18,15,<hex>,1,0.183057
18,15,<hex>,2,0.331030
18,15,<host>,0,0.516683
18,15,<host>,1,0.483317
18,15,<hostname>,0,0.511610
18,15,<hostname>,1,0.488390
18,15,<ipv4>,0,1.000000
18,15,<key>,0,1.000000
18,15,<label>,0,1.000000
18,15,<octet>,0,0.530827
18,15,<octet>,1,0.469173
18,15,<path>,0,0.260906
18,15,<path>,1,0.149418
18,15,<path>,2,0.589677
18,15,<pchar>,0,0.379519
18,15,<pchar>,1,0.124493
18,15,<pchar>,2,0.224075
18,15,<pchar>,3,0.077445
18,15,<pchar>,4,0.194467
18,15,<pchars>,0,0.575485
18,15,<pchars>,1,0.424515
18,15,<port>,0,1.000000
18,15,<qparam>,0,0.383612
18,15,<qparam>,1,0.616388
18,15,<qparams>,0,0.493643
18,15,<qparams>,1,0.506357
18,15,<query>,0,0.470750
18,15,<query>,1,0.529250
18,15,<qvalue>,0,0.713260
18,15,<qvalue>,1,0.286740
18,15,<scheme>,0,0.206357
18,15,<scheme>,1,0.245874
18,15,<scheme>,2,0.281680
18,15,<scheme>,3,0.266089
18,15,<segment>,0,1.000000
18,15,<segments>,0,0.243911
18,15,<segments>,1,0.756089
18,15,<start>,0,1.000000
18,15,<url>,0,1.000000
18,15,<wchar>,0,0.346220
18,15,<wchar>,1,0.319696
18,15,<wchar>,2,0.184757
18,15,<wchar>,3,0.149326
18,15,<word>,0,0.664184
18,15,<word>,1,0.335816
18,20,<authority>,0,0.531513
18,20,<authority>,1,0.468487
18,20,<digit>,0,0.378265
18,20,<digit>,1,0.055454
18,20,<digit>,2,0.054055
18,20,<digit>,3,0.009729
18,20,<digit>,4,0.039476
18,20,<digit>,5,0.140463
18,20,<digit>,6,0.036313
18,20,<digit>,7,0.099455
18,20,<digit>,8,0.182740
18,20,<digit>,9,0.004051
18,20,<digits>,0,0.421621
18,20,<digits>,1,0.578379
18,20,<fragment>,0,0.547347
18,20,<fragment>,1,0.452653
18,20,<hex>,0,0.414893
18,20,<hex>,1,0.181624
18,20,<hex>,2,0.403483
18,20,<host>,0,0.516466
18,20,<host>,1,0.483534
18,20,<hostname>,0,0.511812
18,20,<hostname>,1,0.488188
18,20,<ipv4>,0,1.000000
18,20,<key>,0,1.000000
18,20,<label>,0,1.000000
18,20,<octet>,0,1.000000
18,20,<octet>,1,0.000000
18,20,<path>,0,0.225505
18,20,<path>,1,0.213219
18,20,<path>,2,0.561276
18,20,<pchar>,0,0.125416
18,20,<pchar>,1,0.530095
18,20,<pchar>,2,0.093130
18,20,<pchar>,3,0.083831
18,20,<pchar>,4,0.167529
18,20,<pchars>,0,0.548389
18,20,<pchars>,1,0.451611
18,20,<port>,0,1.000000
18,20,<qparam>,0,0.495639
18,20,<qparam>,1,0.504361
18,20,<qparams>,0,0.511059
18,20,<qparams>,1,0.488941
18,20,<query>,0,0.441156
18,20,<query>,1,0.558844
18,20,<qvalue>,0,0.617272
18,20,<qvalue>,1,0.382728
18,20,<scheme>,0,0.244026
18,20,<scheme>,1,0.248431
18,20,<scheme>,2,0.345045
18,20,<scheme>,3,0.162498
18,20,<segment>,0,1.000000
18,20,<segments>,0,0.225167
18,20,<segments>,1,0.774833
18,20,<start>,0,1.000000
18,20,<url>,0,1.000000
18,20,<wchar>,0,0.351157
18,20,<wchar>,1,0.431620
18,20,<wchar>,2,0.150268
18,20,<wchar>,3,0.066954
18,20,<word>,0,0.662108
18,20,<word>,1,0.337892
18,25,<authority>,0,0.548475
18,25,<authority>,1,0.451525
18,25,<digit>,0,0.256284
18,25,<digit>,1,0.110178
18,25,<digit>,2,0.074631
18,25,<digit>,3,0.169529
18,25,<digit>,4,0.000000
18,25,<digit>,5,0.028886
18,25,<digit>,6,0.047717
18,25,<digit>,7,0.125247
18,25,<digit>,8,0.175246
18,25,<digit>,9,0.012282
18,25,<digits>,0,0.373847
18,25,<digits>,1,0.626153
18,25,<fragment>,0,0.544597
18,25,<fragment>,1,0.455403
18,25,<hex>,0,0.437953
18,25,<hex>,1,0.156394
18,25,<hex>,2,0.405653
18,25,<host>,0,0.527216
18,25,<host>,1,0.472784
18,25,<hostname>,0,0.516240
18,25,<hostname>,1,0.483760
18,25,<ipv4>,0,1.000000
18,25,<key>,0,1.000000
18,25,<label>,0,1.000000
18,25,<octet>,0,0.871410
18,25,<octet>,1,0.128590
18,25,<path>,0,0.205024
18,25,<path>,1,0.145230
18,25,<path>,2,0.649746
18,25,<pchar>,0,0.087838
18,25,<pchar>,1,0.523701
18,25,<pchar>,2,0.137124
18,25,<pchar>,3,0.069011
18,25,<pchar>,4,0.182325
18,25,<pchars>,0,0.542313
18,25,<pchars>,1,0.457687
18,25,<port>,0,1.000000
18,25,<qparam>,0,0.468728
18,25,<qparam>,1,0.531272
18,25,<qparams>,0,0.483889
18,25,<qparams>,1,0.516111
18,25,<query>,0,0.384172
18,25,<query>,1,0.615828
18,25,<qvalue>,0,0.563855
18,25,<qvalue>,1,0.436145
18,25,<scheme>,0,0.266644
18,25,<scheme>,1,0.235511
18,25,<scheme>,2,0.318032
18,25,<scheme>,3,0.179813
18,25,<segment>,0,1.000000
18,25,<segments>,0,0.219193
18,25,<segments>,1,0.780807
18,25,<start>,0,1.000000
18,25,<url>,0,1.000000
18,25,<wchar>,0,0.345868
18,25,<wchar>,1,0.510155
18,25,<wchar>,2,0.143977
18,25,<wchar>,3,0.000000
18,25,<word>,0,0.685117
18,25,<word>,1,0.314883
18,30,<authority>,0,0.598432
18,30,<authority>,1,0.401568
18,30,<digit>,0,0.296506
18,30,<digit>,1,0.051204
18,30,<digit>,2,0.071183
18,30,<digit>,3,0.167300
18,30,<digit>,4,0.000000
18,30,<digit>,5,0.056483
18,30,<digit>,6,0.041801
18,30,<digit>,7,0.059274
18,30,<digit>,8,0.254424
18,30,<digit>,9,0.001824
18,30,<digits>,0,0.240545
18,30,<digits>,1,0.759455
18,30,<fragment>,0,0.543932
18,30,<fragment>,1,0.456068
18,30,<hex>,0,0.461152
18,30,<hex>,1,0.225582
18,30,<hex>,2,0.313266
18,30,<host>,0,0.513966
18,30,<host>,1,0.486034
18,30,<hostname>,0,0.507307
18,30,<hostname>,1,0.492693
18,30,<ipv4>,0,1.000000
18,30,<key>,0,1.000000
18,30,<label>,0,1.000000
18,30,<octet>,0,0.847625
18,30,<octet>,1,0.152375
18,30,<path>,0,0.218475
18,30,<path>,1,0.151707
18,30,<path>,2,0.629818
18,30,<pchar>,0,0.103213
18,30,<pchar>,1,0.501625
18,30,<pchar>,2,0.160740
18,30,<pchar>,3,0.062700
18,30,<pchar>,4,0.171722
18,30,<pchars>,0,0.538250
18,30,<pchars>,1,0.461750
18,30,<port>,0,1.000000
18,30,<qparam>,0,0.459439
18,30,<qparam>,1,0.540561
18,30,<qparams>,0,0.477814
18,30,<qparams>,1,0.522186
18,30,<query>,0,0.391907
18,30,<query>,1,0.608093
18,30,<qvalue>,0,0.594544
18,30,<qvalue>,1,0.405456
18,30,<scheme>,0,0.233321
18,30,<scheme>,1,0.268458
18,30,<scheme>,2,0.274659
18,30,<scheme>,3,0.223561
18,30,<segment>,0,1.000000
18,30,<segments>,0,0.159690
18,30,<segments>,1,0.840310
18,30,<start>,0,1.000000
18,30,<url>,0,1.000000
18,30,<wchar>,0,0.329790
18,30,<wchar>,1,0.520182
18,30,<wchar>,2,0.150028
18,30,<wchar>,3,0.000000
18,30,<word>,0,0.693776
18,30,<word>,1,0.306224
18,35,<authority>,0,0.532784
18,35,<authority>,1,0.467216
18,35,<digit>,0,0.615918
18,35,<digit>,1,0.025739
18,35,<digit>,2,0.052816
18,35,<digit>,3,0.080775
18,35,<digit>,4,0.000000
18,35,<digit>,5,0.035727
18,35,<digit>,6,0.026228
18,35,<digit>,7,0.037073
18,35,<digit>,8,0.125723
18,35,<digit>,9,0.000000
18,35,<digits>,0,0.229317
18,35,<digits>,1,0.770683
18,35,<fragment>,0,0.529303
18,35,<fragment>,1,0.470697
18,35,<hex>,0,0.485386
18,35,<hex>,1,0.248263
18,35,<hex>,2,0.266351
18,35,<host>,0,0.515594
18,35,<host>,1,0.484406
18,35,<hostname>,0,0.509881
18,35,<hostname>,1,0.490119
18,35,<ipv4>,0,1.000000
18,35,<key>,0,1.000000
18,35,<label>,0,1.000000
18,35,<octet>,0,0.900153
18,35,<octet>,1,0.099847
18,35,<path>,0,0.198652
18,35,<path>,1,0.167519
18,35,<path>,2,0.633829
18,35,<pchar>,0,0.022427
18,35,<pchar>,1,0.318606
18,35,<pchar>,2,0.484155
18,35,<pchar>,3,0.044732
18,35,<pchar>,4,0.130080
18,35,<pchars>,0,0.668738
18,35,<pchars>,1,0.331262
18,35,<port>,0,1.000000
18,35,<qparam>,0,0.444752
18,35,<qparam>,1,0.555248
18,35,<qparams>,0,0.426145
18,35,<qparams>,1,0.573855
18,35,<query>,0,0.411253
18,35,<query>,1,0.588747
18,35,<qvalue>,0,0.595899
18,35,<qvalue>,1,0.404101
18,35,<scheme>,0,0.219099
18,35,<scheme>,1,0.246575
18,35,<scheme>,2,0.315958
18,35,<scheme>,3,0.218368
18,35,<segment>,0,1.000000
18,35,<segments>,0,0.168335
18,35,<segments>,1,0.831665
18,35,<start>,0,1.000000
18,35,<url>,0,1.000000
18,35,<wchar>,0,0.310774
18,35,<wchar>,1,0.495931
18,35,<wchar>,2,0.150694
18,35,<wchar>,3,0.042602
18,35,<word>,0,0.729647
18,35,<word>,1,0.270353
18,40,<authority>,0,0.584874
18,40,<authority>,1,0.415126
18,40,<digit>,0,0.433993
18,40,<digit>,1,0.036218
18,40,<digit>,2,0.048765
18,40,<digit>,3,0.131127
18,40,<digit>,4,0.010172
18,40,<digit>,5,0.059669
18,40,<digit>,6,0.035315
18,40,<digit>,7,0.044906
18,40,<digit>,8,0.186748
18,40,<digit>,9,0.013086
18,40,<digits>,0,0.267704
18,40,<digits>,1,0.732296
18,40,<fragment>,0,0.514069
18,40,<fragment>,1,0.485931
18,40,<hex>,0,0.476376
18,40,<hex>,1,0.247568
18,40,<hex>,2,0.276055
18,40,<host>,0,0.528130
18,40,<host>,1,0.471870
18,40,<hostname>,0,0.508264
18,40,<hostname>,1,0.491736
18,40,<ipv4>,0,1.000000
18,40,<key>,0,1.000000
18,40,<label>,0,1.000000
18,40,<octet>,0,0.909497
18,40,<octet>,1,0.090503
18,40,<path>,0,0.212118
18,40,<path>,1,0.145256
18,40,<path>,2,0.642626
18,40,<pchar>,0,0.184853
18,40,<pchar>,1,0.326401
18,40,<pchar>,2,0.361634
18,40,<pchar>,3,0.056873
18,40,<pchar>,4,0.070239
18,40,<pchars>,0,0.510130
18,40,<pchars>,1,0.489870
18,40,<port>,0,1.000000
18,40,<qparam>,0,0.450151
18,40,<qparam>,1,0.549849
18,40,<qparams>,0,0.413306
18,40,<qparams>,1,0.586694
18,40,<query>,0,0.368237
18,40,<query>,1,0.631763
18,40,<qvalue>,0,0.614701
18,40,<qvalue>,1,0.385299
18,40,<scheme>,0,0.220706
18,40,<scheme>,1,0.269601
18,40,<scheme>,2,0.302084
18,40,<scheme>,3,0.207609
18,40,<segment>,0,1.000000
18,40,<segments>,0,0.153877
18,40,<segments>,1,0.846123
18,40,<start>,0,1.000000
18,40,<url>,0,1.000000
18,40,<wchar>,0,0.308692
18,40,<wchar>,1,0.558385
18,40,<wchar>,2,0.117039
18,40,<wchar>,3,0.015884
18,40,<word>,0,0.744913
18,40,<word>,1,0.255087
18,45,<authority>,0,0.547053
18,45,<authority>,1,0.452947
18,45,<digit>,0,0.355676
18,45,<digit>,1,0.069262
18,45,<digit>,2,0.047174
18,45,<digit>,3,0.090898
18,45,<digit>,4,0.000000
18,45,<digit>,5,0.067617
18,45,<digit>,6,0.067577
18,45,<digit>,7,0.012266
18,45,<digit>,8,0.282602
18,45,<digit>,9,0.006928
18,45,<digits>,0,0.240607
18,45,<digits>,1,0.759393
18,45,<fragment>,0,0.571530
18,45,<fragment>,1,0.428470
18,45,<hex>,0,0.509641
18,45,<hex>,1,0.206439
18,45,<hex>,2,0.283920
18,45,<host>,0,0.554835
18,45,<host>,1,0.445165
18,45,<hostname>,0,0.521014
18,45,<hostname>,1,0.478986
18,45,<ipv4>,0,1.000000
18,45,<key>,0,1.000000
18,45,<label>,0,1.000000
18,45,<octet>,0,0.904432
18,45,<octet>,1,0.095568
18,45,<path>,0,0.194536
18,45,<path>,1,0.204113
18,45,<path>,2,0.601351
18,45,<pchar>,0,0.303572
18,45,<pchar>,1,0.464325
18,45,<pchar>,2,0.182515
18,45,<pchar>,3,0.049587
18,45,<pchar>,4,0.000000
18,45,<pchars>,0,0.489627
18,45,<pchars>,1,0.510373
18,45,<port>,0,1.000000
18,45,<qparam>,0,0.437185
18,45,<qparam>,1,0.562815
18,45,<qparams>,0,0.456281
18,45,<qparams>,1,0.543719
18,45,<query>,0,0.410056
18,45,<query>,1,0.589944
18,45,<qvalue>,0,0.622774
18,45,<qvalue>,1,0.377226
18,45,<scheme>,0,0.235490
18,45,<scheme>,1,0.230419
18,45,<scheme>,2,0.325297
18,45,<scheme>,3,0.208793
18,45,<segment>,0,1.000000
18,45,<segments>,0,0.153519
18,45,<segments>,1,0.846481
18,45,<start>,0,1.000000
18,45,<url>,0,1.000000
18,45,<wchar>,0,0.388849
18,45,<wchar>,1,0.552839
18,45,<wchar>,2,0.006687
18,45,<wchar>,3,0.051626
18,45,<word>,0,0.797460
18,45,<word>,1,0.202540
18,50,<authority>,0,0.593786
18,50,<authority>,1,0.406214
18,50,<digit>,0,0.271425
18,50,<digit>,1,0.133795
18,50,<digit>,2,0.026785
18,50,<digit>,3,0.065497
18,50,<digit>,4,0.008832
18,50,<digit>,5,0.040903
18,50,<digit>,6,0.021251
18,50,<digit>,7,0.063320
18,50,<digit>,8,0.271599
18,50,<digit>,9,0.096593
18,50,<digits>,0,0.273788
18,50,<digits>,1,0.726212
18,50,<fragment>,0,0.571576
18,50,<fragment>,1,0.428424
18,50,<hex>,0,0.485202
18,50,<hex>,1,0.213855
18,50,<hex>,2,0.300943
18,50,<host>,0,0.547547
18,50,<host>,1,0.452453
18,50,<hostname>,0,0.539395
18,50,<hostname>,1,0.460605
18,50,<ipv4>,0,1.000000
18,50,<key>,0,1.000000
18,50,<label>,0,1.000000
18,50,<octet>,0,0.896296
18,50,<octet>,1,0.103704
18,50,<path>,0,0.210789
18,50,<path>,1,0.170523
18,50,<path>,2,0.618688
18,50,<pchar>,0,0.178286
18,50,<pchar>,1,0.481415
18,50,<pchar>,2,0.191072
18,50,<pchar>,3,0.056908
18,50,<pchar>,4,0.092319
18,50,<pchars>,0,0.558561
18,50,<pchars>,1,0.441439
18,50,<port>,0,1.000000
18,50,<qparam>,0,0.444334
18,50,<qparam>,1,0.555666
18,50,<qparams>,0,0.465245
18,50,<qparams>,1,0.534755
18,50,<query>,0,0.349391
18,50,<query>,1,0.650609
18,50,<qvalue>,0,0.619125
18,50,<qvalue>,1,0.380875
18,50,<scheme>,0,0.245352
18,50,<scheme>,1,0.273469
18,50,<scheme>,2,0.280367
18,50,<scheme>,3,0.200812
18,50,<segment>,0,1.000000
18,50,<segments>,0,0.141661
18,50,<segments>,1,0.858339
18,50,<start>,0,1.000000
18,50,<url>,0,1.000000
18,50,<wchar>,0,0.352961
18,50,<wchar>,1,0.592549
18,50,<wchar>,2,0.024554
18,50,<wchar>,3,0.029936
18,50,<word>,0,0.819928
18,50,<word>,1,0.180072
18,55,<authority>,0,0.596370
18,55,<authority>,1,0.403630
18,55,<digit>,0,0.487592
18,55,<digit>,1,0.052019
18,55,<digit>,2,0.010894
18,55,<digit>,3,0.010656
18,55,<digit>,4,0.002650
18,55,<digit>,5,0.008716
18,55,<digit>,6,0.029289
18,55,<digit>,7,0.070562
18,55,<digit>,8,0.274887
18,55,<digit>,9,0.052736
18,55,<digits>,0,0.290682
18,55,<digits>,1,0.709318
18,55,<fragment>,0,0.523143
18,55,<fragment>,1,0.476857
18,55,<hex>,0,0.469060
18,55,<hex>,1,0.232509
18,55,<hex>,2,0.298431
18,55,<host>,0,0.510150
18,55,<host>,1,0.489850
18,55,<hostname>,0,0.536113
18,55,<hostname>,1,0.463887
18,55,<ipv4>,0,1.000000
18,55,<key>,0,1.000000
18,55,<label>,0,1.000000
18,55,<octet>,0,0.898294
18,55,<octet>,1,0.101706
18,55,<path>,0,0.214469
18,55,<path>,1,0.157833
18,55,<path>,2,0.627699
18,55,<pchar>,0,0.185356
18,55,<pchar>,1,0.442792
18,55,<pchar>,2,0.187575
18,55,<pchar>,3,0.052209
18,55,<pchar>,4,0.132069
18,55,<pchars>,0,0.545212
18,55,<pchars>,1,0.454788
18,55,<port>,0,1.000000
18,55,<qparam>,0,0.453564
18,55,<qparam>,1,0.546436
18,55,<qparams>,0,0.463394
18,55,<qparams>,1,0.536606
18,55,<query>,0,0.383012
18,55,<query>,1,0.616988
18,55,<qvalue>,0,0.617696
18,55,<qvalue>,1,0.382304
18,55,<scheme>,0,0.221490
18,55,<scheme>,1,0.243481
18,55,<scheme>,2,0.298475
18,55,<scheme>,3,0.236554
18,55,<segment>,0,1.000000
18,55,<segments>,0,0.161174
18,55,<segments>,1,0.838826
18,55,<start>,0,1.000000
18,55,<url>,0,1.000000
18,55,<wchar>,0,0.327565
18,55,<wchar>,1,0.598299
18,55,<wchar>,2,0.053818
18,55,<wchar>,3,0.020318
18,55,<word>,0,0.809978
18,55,<word>,1,0.190022
18,59,<authority>,0,0.584469
18,59,<authority>,1,0.415531
18,59,<digit>,0,0.440542
18,59,<digit>,1,0.086578
18,59,<digit>,2,0.013184
18,59,<digit>,3,0.016932
18,59,<digit>,4,0.001228
18,59,<digit>,5,0.065304
18,59,<digit>,6,0.039841
18,59,<digit>,7,0.024603
18,59,<digit>,8,0.287365
18,59,<digit>,9,0.024423
18,59,<digits>,0,0.222568
18,59,<digits>,1,0.777432
18,59,<fragment>,0,0.538719
18,59,<fragment>,1,0.461281
18,59,<hex>,0,0.403004
18,59,<hex>,1,0.330494
18,59,<hex>,2,0.266503
18,59,<host>,0,0.544389
18,59,<host>,1,0.455611
18,59,<hostname>,0,0.549122
18,59,<hostname>,1,0.450878
18,59,<ipv4>,0,1.000000
18,59,<key>,0,1.000000
18,59,<label>,0,1.000000
18,59,<octet>,0,0.913648
18,59,<octet>,1,0.086352
18,59,<path>,0,0.178493
18,59,<path>,1,0.203765
18,59,<path>,2,0.617742
18,59,<pchar>,0,0.231427
18,59,<pchar>,1,0.568923
18,59,<pchar>,2,0.000000
18,59,<pchar>,3,0.069687
18,59,<pchar>,4,0.129963
18,59,<pchars>,0,0.591955
18,59,<pchars>,1,0.408045
18,59,<port>,0,1.000000
18,59,<qparam>,0,0.472736
18,59,<qparam>,1,0.527264
18,59,<qparams>,0,0.474901
18,59,<qparams>,1,0.525099
18,59,<query>,0,0.398705
18,59,<query>,1,0.601295
18,59,<qvalue>,0,0.700978
18,59,<qvalue>,1,0.299022
18,59,<scheme>,0,0.223391
18,59,<scheme>,1,0.227894
18,59,<scheme>,2,0.307016
18,59,<scheme>,3,0.241700
18,59,<segment>,0,1.000000
18,59,<segments>,0,0.148196
18,59,<segments>,1,0.851804
18,59,<start>,0,1.000000
18,59,<url>,0,1.000000
18,59,<wchar>,0,0.298066
18,59,<wchar>,1,0.633416
18,59,<wchar>,2,0.057089
18,59,<wchar>,3,0.011429
18,59,<word>,0,0.919129
18,59,<word>,1,0.080871
19,0,<authority>,0,0.478341
19,0,<authority>,1,0.521659
19,0,<digit>,0,0.102771
19,0,<digit>,1,0.086491
19,0,<digit>,2,0.044953
19,0,<digit>,3,0.116285
19,0,<digit>,4,0.125673
19,0,<digit>,5,0.109968
19,0,<digit>,6,0.133642
19,0,<digit>,7,0.098836
19,0,<digit>,8,0.119829
19,0,<digit>,9,0.061551
19,0,<digits>,0,0.330082
19,0,<digits>,1,0.669918
19,0,<fragment>,0,0.661113
19,0,<fragment>,1,0.338887
19,0,<hex>,0,0.381587
19,0,<hex>,1,0.225512
19,0,<hex>,2,0.392901
19,0,<host>,0,0.660540
19,0,<host>,1,0.339460
19,0,<hostname>,0,0.680958
19,0,<hostname>,1,0.319042
19,0,<ipv4>,0,1.000000
19,0,<key>,0,1.000000
19,0,<label>,0,1.000000
19,0,<octet>,0,0.200684
19,0,<octet>,1,0.799316
19,0,<path>,0,0.423593
19,0,<path>,1,0.249538
19,0,<path>,2,0.326869
19,0,<pchar>,0,0.097535
19,0,<pchar>,1,0.190553
19,0,<pchar>,2,0.316961
19,0,<pchar>,3,0.171465
19,0,<pchar>,4,0.223486
19,0,<pchars>,0,0.415725
19,0,<pchars>,1,0.584275
19,0,<port>,0,1.000000
19,0,<qparam>,0,0.467359
19,0,<qparam>,1,0.532641
19,0,<qparams>,0,0.490366
19,0,<qparams>,1,0.509634
19,0,<query>,0,0.234199
19,0,<query>,1,0.765801
19,0,<qvalue>,0,0.547322
19,0,<qvalue>,1,0.452678
19,0,<scheme>,0,0.320143
19,0,<scheme>,1,0.320169
19,0,<scheme>,2,0.141276
19,0,<scheme>,3,0.218412
19,0,<segment>,0,1.000000
19,0,<segments>,0,0.649883
19,0,<segments>,1,0.350117
19,0,<start>,0,1.000000
19,0,<url>,0,1.000000
19,0,<wchar>,0,0.278567
19,0,<wchar>,1,0.152455
19,0,<wchar>,2,0.345395
19,0,<wchar>,3,0.223584
19,0,<word>,0,0.479042
19,0,<word>,1,0.520958
19,5,<authority>,0,0.549290
19,5,<authority>,1,0.450710
19,5,<digit>,0,0.077479
19,5,<digit>,1,0.038183
19,5,<digit>,2,0.051019
19,5,<digit>,3,0.001800
19,5,<digit>,4,0.085622
19,5,<digit>,5,0.031369
19,5,<digit>,6,0.095492
19,5,<digit>,7,0.045471
19,5,<digit>,8,0.530056
19,5,<digit>,9,0.043508
19,5,<digits>,0,0.455999
19,5,<digits>,1,0.544001
19,5,<fragment>,0,0.525282
19,5,<fragment>,1,0.474718
19,5,<hex>,0,0.253626
19,5,<hex>,1,0.447818
19,5,<hex>,2,0.298556
19,5,<host>,0,0.748278
19,5,<host>,1,0.251722
19,5,<hostname>,0,0.450211
19,5,<hostname>,1,0.549789
19,5,<ipv4>,0,1.000000
19,5,<key>,0,1.000000
19,5,<label>,0,1.000000
19,5,<octet>,0,0.516516
19,5,<octet>,1,0.483484
19,5,<path>,0,0.312759
19,5,<path>,1,0.201878
19,5,<path>,2,0.485364
19,5,<pchar>,0,0.220751
19,5,<pchar>,1,0.224393
19,5,<pchar>,2,0.293723
19,5,<pchar>,3,0.082677
19,5,<pchar>,4,0.178455
19,5,<pchars>,0,0.400487
19,5,<pchars>,1,0.599513
19,5,<port>,0,1.000000
19,5,<qparam>,0,0.608205
19,5,<qparam>,1,0.391795
19,5,<qparams>,0,0.482928
19,5,<qparams>,1,0.517072
19,5,<query>,0,0.306709
19,5,<query>,1,0.693291
19,5,<qvalue>,0,0.441545
19,5,<qvalue>,1,0.558455
19,5,<scheme>,0,0.164190
19,5,<scheme>,1,0.241986
19,5,<scheme>,2,0.356034
19,5,<scheme>,3,0.237789
19,5,<segment>,0,1.000000
19,5,<segments>,0,0.237007
19,5,<segments>,1,0.762993
19,5,<start>,0,1.000000
19,5,<url>,0,1.000000
19,5,<wchar>,0,0.272502
19,5,<wchar>,1,0.319142
19,5,<wchar>,2,0.056659
19,5,<wchar>,3,0.351697
19,5,<word>,0,0.345204
19,5,<word>,1,0.654796
19,10,<authority>,0,0.539717
19,10,<authority>,1,0.460283
19,10,<digit>,0,0.151694
19,10,<digit>,1,0.015131
19,10,<digit>,2,0.032713
19,10,<digit>,3,0.014535
19,10,<digit>,4,0.115587
19,10,<digit>,5,0.054060
19,10,<digit>,6,0.134803
19,10,<digit>,7,0.029828
19,10,<digit>,8,0.375063
19,10,<digit>,9,0.076586
19,10,<digits>,0,0.394413
19,10,<digits>,1,0.605587
19,10,<fragment>,0,0.472658
19,10,<fragment>,1,0.527342
19,10,<hex>,0,0.227260
19,10,<hex>,1,0.388183
19,10,<hex>,2,0.384557
19,10,<host>,0,0.610722
19,10,<host>,1,0.389278
19,10,<hostname>,0,0.448361
19,10,<hostname>,1,0.551639
19,10,<ipv4>,0,1.000000
19,10,<key>,0,1.000000
19,10,<label>,0,1.000000
19,10,<octet>,0,0.484273
19,10,<octet>,1,0.515727
19,10,<path>,0,0.254706
19,10,<path>,1,0.161536
19,10,<path>,2,0.583757
19,10,<pchar>,0,0.078494
19,10,<pchar>,1,0.257727
19,10,<pchar>,2,0.020471
19,10,<pchar>,3,0.136964
19,10,<pchar>,4,0.506343
19,10,<pchars>,0,0.682680
19,10,<pchars>,1,0.317320
19,10,<port>,0,1.000000
19,10,<qparam>,0,0.623054
19,10,<qparam>,1,0.376946
19,10,<qparams>,0,0.478514
19,10,<qparams>,1,0.521486
19,10,<query>,0,0.306791
19,10,<query>,1,0.693209
19,10,<qvalue>,0,0.525398
19,10,<qvalue>,1,0.474602
19,10,<scheme>,0,0.275546
19,10,<scheme>,1,0.217242
19,10,<scheme>,2,0.277913
19,10,<scheme>,3,0.229299
19,10,<segment>,0,1.000000
19,10,<segments>,0,0.243773
19,10,<segments>,1,0.756227
19,10,<start>,0,1.000000
19,10,<url>,0,1.000000
19,10,<wchar>,0,0.243532
19,10,<wchar>,1,0.236544
19,10,<wchar>,2,0.263288
19,10,<wchar>,3,0.256636
19,10,<word>,0,0.350330
19,10,<word>,1,0.649670
19,15,<authority>,0,0.575085
19,15,<authority>,1,0.424915
19,15,<digit>,0,0.135639
19,15,<digit>,1,0.005621
19,15,<digit>,2,0.000000
19,15,<digit>,3,0.015718
19,15,<digit>,4,0.119553
19,15,<digit>,5,0.050179
19,15,<digit>,6,0.057917
19,15,<digit>,7,0.094304
19,15,<digit>,8,0.329291
19,15,<digit>,9,0.191778
19,15,<digits>,0,0.272079
19,15,<digits>,1,0.727921
19,15,<fragment>,0,0.476372
19,15,<fragment>,1,0.523628
19,15,<hex>,0,0.325600
19,15,<hex>,1,0.319520
19,15,<hex>,2,0.354880
19,15,<host>,0,0.659004
19,15,<host>,1,0.340996
19,15,<hostname>,0,0.457958
19,15,<hostname>,1,0.542042
19,15,<ipv4>,0,1.000000
19,15,<key>,0,1.000000
19,15,<label>,0,1.000000
19,15,<octet>,0,0.285536
19,15,<octet>,1,0.714464
19,15,<path>,0,0.296231
19,15,<path>,1,0.202217
19,15,<path>,2,0.501552
19,15,<pchar>,0,0.170093
19,15,<pchar>,1,0.263164
19,15,<pchar>,2,0.046135
19,15,<pchar>,3,0.130456
19,15,<pchar>,4,0.390153
19,15,<pchars>,0,0.619322
19,15,<pchars>,1,0.380678
19,15,<port>,0,1.000000
19,15,<qparam>,0,0.511908
19,15,<qparam>,1,0.488092
19,15,<qparams>,0,0.507866
19,15,<qparams>,1,0.492134
19,15,<query>,0,0.388109
19,15,<query>,1,0.611891
19,15,<qvalue>,0,0.530027
19,15,<qvalue>,1,0.469973
19,15,<scheme>,0,0.257996
19,15,<scheme>,1,0.324188
19,15,<scheme>,2,0.205494
19,15,<scheme>,3,0.212321
19,15,<segment>,0,1.000000
19,15,<segments>,0,0.294919
19,15,<segments>,1,0.705081
19,15,<start>,0,1.000000
19,15,<url>,0,1.000000
19,15,<wchar>,0,0.321757
19,15,<wchar>,1,0.355575
19,15,<wchar>,2,0.152341
19,15,<wchar>,3,0.170328
19,15,<word>,0,0.381642
19,15,<word>,1,0.618358
19,20,<authority>,0,0.603276
19,20,<authority>,1,0.396724
19,20,<digit>,0,0.228778
19,20,<digit>,1,0.000178
19,20,<digit>,2,0.001725
19,20,<digit>,3,0.015132
19,20,<digit>,4,0.097018
19,20,<digit>,5,0.074421
19,20,<digit>,6,0.068451
19,20,<digit>,7,0.079368
19,20,<digit>,8,0.380729
19,20,<digit>,9,0.054199
19,20,<digits>,0,0.355921
19,20,<digits>,1,0.644079
19,20,<fragment>,0,0.483063
19,20,<fragment>,1,0.516937
19,20,<hex>,0,0.340255
19,20,<hex>,1,0.255611
19,20,<hex>,2,0.404135
19,20,<host>,0,0.631377
19,20,<host>,1,0.368623
19,20,<hostname>,0,0.472845
19,20,<hostname>,1,0.527155
19,20,<ipv4>,0,1.000000
19,20,<key>,0,1.000000
19,20,<label>,0,1.000000
19,20,<octet>,0,0.285957
19,20,<octet>,1,0.714043
19,20,<path>,0,0.231820
19,20,<path>,1,0.202196
19,20,<path>,2,0.565984
19,20,<pchar>,0,0.116098
19,20,<pchar>,1,0.281917
19,20,<pchar>,2,0.074556
19,20,<pchar>,3,0.083929
19,20,<pchar>,4,0.443500
19,20,<pchars>,0,0.630100
19,20,<pchars>,1,0.369900
19,20,<port>,0,1.000000
19,20,<qparam>,0,0.346787
19,20,<qparam>,1,0.653213
19,20,<qparams>,0,0.461844
19,20,<qparams>,1,0.538156
19,20,<query>,0,0.342548
19,20,<query>,1,0.657452
19,20,<qvalue>,0,0.540282
19,20,<qvalue>,1,0.459718
19,20,<scheme>,0,0.276274
19,20,<scheme>,1,0.311751
19,20,<scheme>,2,0.229904
19,20,<scheme>,3,0.182072
19,20,<segment>,0,1.000000
19,20,<segments>,0,0.267266
19,20,<segments>,1,0.732734
19,20,<start>,0,1.000000
19,20,<url>,0,1.000000
19,20,<wchar>,0,0.208718
19,20,<wchar>,1,0.392730
19,20,<wchar>,2,0.091745
19,20,<wchar>,3,0.306806
19,20,<word>,0,0.421505
19,20,<word>,1,0.578495
19,25,<authority>,0,0.602911
19,25,<authority>,1,0.397089
19,25,<digit>,0,0.233248
19,25,<digit>,1,0.011487
19,25,<digit>,2,0.027140
19,25,<digit>,3,0.001706
19,25,<digit>,4,0.099939
19,25,<digit>,5,0.072010
19,25,<digit>,6,0.071675
19,25,<digit>,7,0.073005
19,25,<digit>,8,0.348418
19,25,<digit>,9,0.061372
19,25,<digits>,0,0.355845
19,25,<digits>,1,0.644155
19,25,<fragment>,0,0.486568
19,25,<fragment>,1,0.513432
19,25,<hex>,0,0.384383
19,25,<hex>,1,0.272005
19,25,<hex>,2,0.343613
19,25,<host>,0,0.634224
19,25,<host>,1,0.365776
19,25,<hostname>,0,0.487421
19,25,<hostname>,1,0.512579
19,25,<ipv4>,0,1.000000
19,25,<key>,0,1.000000
19,25,<label>,0,1.000000
19,25,<octet>,0,0.246204
19,25,<octet>,1,0.753796
19,25,<path>,0,0.248504
19,25,<path>,1,0.163301
19,25,<path>,2,0.588195
19,25,<pchar>,0,0.119993
19,25,<pchar>,1,0.288391
19,25,<pchar>,2,0.047775
19,25,<pchar>,3,0.085710
19,25,<pchar>,4,0.458132
19,25,<pchars>,0,0.695265
19,25,<pchars>,1,0.304735
19,25,<port>,0,1.000000
19,25,<qparam>,0,0.355863
19,25,<qparam>,1,0.644137
19,25,<qparams>,0,0.455611
19,25,<qparams>,1,0.544389
19,25,<query>,0,0.341550
19,25,<query>,1,0.658450
19,25,<qvalue>,0,0.562634
19,25,<qvalue>,1,0.437366
19,25,<scheme>,0,0.250437
19,25,<scheme>,1,0.298571
19,25,<scheme>,2,0.254343
19,25,<scheme>,3,0.196649
19,25,<segment>,0,1.000000
19,25,<segments>,0,0.272541
19,25,<segments>,1,0.727459
19,25,<start>,0,1.000000
19,25,<url>,0,1.000000
19,25,<wchar>,0,0.209029
19,25,<wchar>,1,0.392567
19,25,<wchar>,2,0.091323
19,25,<wchar>,3,0.307081
19,25,<word>,0,0.614916
19,25,<word>,1,0.385084
19,30,<authority>,0,0.588765
19,30,<authority>,1,0.411235
19,30,<digit>,0,0.302839
19,30,<digit>,1,0.012168
19,30,<digit>,2,0.023714
19,30,<digit>,3,0.082817
19,30,<digit>,4,0.087839
19,30,<digit>,5,0.053067
19,30,<digit>,6,0.096282
19,30,<digit>,7,0.043289
19,30,<digit>,8,0.219195
19,30,<digit>,9,0.078790
19,30,<digits>,0,0.361155
19,30,<digits>,1,0.638845
19,30,<fragment>,0,0.431394
19,30,<fragment>,1,0.568606
19,30,<hex>,0,0.327246
19,30,<hex>,1,0.278920
19,30,<hex>,2,0.393834
19,30,<host>,0,0.635537
19,30,<host>,1,0.364463
19,30,<hostname>,0,0.519575
19,30,<hostname>,1,0.480425
19,30,<ipv4>,0,1.000000
19,30,<key>,0,1.000000
19,30,<label>,0,1.000000
19,30,<octet>,0,0.235869
19,30,<octet>,1,0.764131
19,30,<path>,0,0.266563
19,30,<path>,1,0.166820
19,30,<path>,2,0.566618
19,30,<pchar>,0,0.120852
19,30,<pchar>,1,0.288558
19,30,<pchar>,2,0.020185
19,30,<pchar>,3,0.074159
19,30,<pchar>,4,0.496246
19,30,<pchars>,0,0.634840
19,30,<pchars>,1,0.365160
19,30,<port>,0,1.000000
19,30,<qparam>,0,0.420781
19,30,<qparam>,1,0.579219
19,30,<qparams>,0,0.465636
19,30,<qparams>,1,0.534364
19,30,<query>,0,0.337426
19,30,<query>,1,0.662574
19,30,<qvalue>,0,0.555997
19,30,<qvalue>,1,0.444003
19,30,<scheme>,0,0.233958
19,30,<scheme>,1,0.247002
19,30,<scheme>,2,0.288912
19,30,<scheme>,3,0.230128
19,30,<segment>,0,1.000000
19,30,<segments>,0,0.271529
19,30,<segments>,1,0.728471
19,30,<start>,0,1.000000
19,30,<url>,0,1.000000
19,30,<wchar>,0,0.286042
19,30,<wchar>,1,0.494559
19,30,<wchar>,2,0.081245
19,30,<wchar>,3,0.138155
19,30,<word>,0,0.631241
19,30,<word>,1,0.368759
19,35,<authority>,0,0.583745
19,35,<authority>,1,0.416255
19,35,<digit>,0,0.232489
19,35,<digit>,1,0.006112
19,35,<digit>,2,0.015922
19,35,<digit>,3,0.007325
19,35,<digit>,4,0.093320
19,35,<digit>,5,0.165555
19,35,<digit>,6,0.045796
19,35,<digit>,7,0.027183
19,35,<digit>,8,0.311620
19,35,<digit>,9,0.094678
19,35,<digits>,0,0.364006
19,35,<digits>,1,0.635994
19,35,<fragment>,0,0.438714
19,35,<fragment>,1,0.561286
19,35,<hex>,0,0.318799
19,35,<hex>,1,0.288921
19,35,<hex>,2,0.392280
19,35,<host>,0,0.569868
19,35,<host>,1,0.430132
19,35,<hostname>,0,0.509219
19,35,<hostname>,1,0.490781
19,35,<ipv4>,0,1.000000
19,35,<key>,0,1.000000
19,35,<label>,0,1.000000
19,35,<octet>,0,0.318477
19,35,<octet>,1,0.681523
19,35,<path>,0,0.245615
19,35,<path>,1,0.158069
19,35,<path>,2,0.596316
19,35,<pchar>,0,0.103394
19,35,<pchar>,1,0.305912
19,35,<pchar>,2,0.000000
19,35,<pchar>,3,0.122537
19,35,<pchar>,4,0.468157
19,35,<pchars>,0,0.650792
19,35,<pchars>,1,0.349208
19,35,<port>,0,1.000000
19,35,<qparam>,0,0.495104
19,35,<qparam>,1,0.504896
19,35,<qparams>,0,0.476847
19,35,<qparams>,1,0.523153
19,35,<query>,0,0.331129
19,35,<query>,1,0.668871
19,35,<qvalue>,0,0.526328
19,35,<qvalue>,1,0.473672
19,35,<scheme>,0,0.259217
19,35,<scheme>,1,0.267554
19,35,<scheme>,2,0.283029
19,35,<scheme>,3,0.190201
19,35,<segment>,0,1.000000
19,35,<segments>,0,0.270403
19,35,<segments>,1,0.729597
19,35,<start>,0,1.000000
19,35,<url>,0,1.000000
19,35,<wchar>,0,0.258865
19,35,<wchar>,1,0.503287
19,35,<wchar>,2,0.090457
19,35,<wchar>,3,0.147391
19,35,<word>,0,0.636139
19,35,<word>,1,0.363861
19,40,<authority>,0,0.571470
19,40,<authority>,1,0.428530
19,40,<digit>,0,0.244359
19,40,<digit>,1,0.001814
19,40,<digit>,2,0.028334
19,40,<digit>,3,0.005968
19,40,<digit>,4,0.094839
19,40,<digit>,5,0.125601
19,40,<digit>,6,0.051014
19,40,<digit>,7,0.023909
19,40,<digit>,8,0.350572
19,40,<digit>,9,0.073591
19,40,<digits>,0,0.334338
19,40,<digits>,1,0.665662
19,40,<fragment>,0,0.439670
19,40,<fragment>,1,0.560330
19,40,<hex>,0,0.401257
19,40,<hex>,1,0.263351
19,40,<hex>,2,0.335392
19,40,<host>,0,0.621791
19,40,<host>,1,0.378209
19,40,<hostname>,0,0.552360
19,40,<hostname>,1,0.447640
19,40,<ipv4>,0,1.000000
19,40,<key>,0,1.000000
19,40,<label>,0,1.000000
19,40,<octet>,0,0.274454
19,40,<octet>,1,0.725546
19,40,<path>,0,0.235371
19,40,<path>,1,0.130416
19,40,<path>,2,0.634212
19,40,<pchar>,0,0.114289
19,40,<pchar>,1,0.278095
19,40,<pchar>,2,0.024376
19,40,<pchar>,3,0.111317
19,40,<pchar>,4,0.471922
19,40,<pchars>,0,0.664855
19,40,<pchars>,1,0.335145
19,40,<port>,0,1.000000
19,40,<qparam>,0,0.388697
19,40,<qparam>,1,0.611303
19,40,<qparams>,0,0.430610
19,40,<qparams>,1,0.569390
19,40,<query>,0,0.285663
19,40,<query>,1,0.714337
19,40,<qvalue>,0,0.651134
19,40,<qvalue>,1,0.348866
19,40,<scheme>,0,0.211371
19,40,<scheme>,1,0.271724
19,40,<scheme>,2,0.273713
19,40,<scheme>,3,0.243192
19,40,<segment>,0,1.000000
19,40,<segments>,0,0.260943
19,40,<segments>,1,0.739057
19,40,<start>,0,1.000000
19,40,<url>,0,1.000000
19,40,<wchar>,0,0.201600
19,40,<wchar>,1,0.406820
19,40,<wchar>,2,0.028091
19,40,<wchar>,3,0.363489
19,40,<word>,0,0.578438
19,40,<word>,1,0.421562
19,45,<authority>,0,0.592667
19,45,<authority>,1,0.407333
19,45,<digit>,0,0.224956
19,45,<digit>,1,0.000000
19,45,<digit>,2,0.036113
19,45,<digit>,3,0.014940
19,45,<digit>,4,0.098047
19,45,<digit>,5,0.091461
19,45,<digit>,6,0.043687
19,45,<digit>,7,0.027774
19,45,<digit>,8,0.398818
19,45,<digit>,9,0.064203
19,45,<digits>,0,0.326932
19,45,<digits>,1,0.673068
19,45,<fragment>,0,0.479623
19,45,<fragment>,1,0.520377
19,45,<hex>,0,0.356907
19,45,<hex>,1,0.274820
19,45,<hex>,2,0.368274
19,45,<host>,0,0.644565
19,45,<host>,1,0.355435
19,45,<hostname>,0,0.530829
19,45,<hostname>,1,0.469171
19,45,<ipv4>,0,1.000000
19,45,<key>,0,1.000000
19,45,<label>,0,1.000000
19,45,<octet>,0,0.279341
19,45,<octet>,1,0.720659
19,45,<path>,0,0.253265
19,45,<path>,1,0.143606
19,45,<path>,2,0.603130
19,45,<pchar>,0,0.138463
19,45,<pchar>,1,0.233149
19,45,<pchar>,2,0.036826
19,45,<pchar>,3,0.069131
19,45,<pchar>,4,0.522431
19,45,<pchars>,0,0.665655
19,45,<pchars>,1,0.334345
19,45,<port>,0,1.000000
19,45,<qparam>,0,0.436766
19,45,<qparam>,1,0.563234
19,45,<qparams>,0,0.422860
19,45,<qparams>,1,0.577140
19,45,<query>,0,0.303036
19,45,<query>,1,0.696964
19,45,<qvalue>,0,0.739767
19,45,<qvalue>,1,0.260233
19,45,<scheme>,0,0.235789
19,45,<scheme>,1,0.238341
19,45,<scheme>,2,0.266597
19,45,<scheme>,3,0.259272
19,45,<segment>,0,1.000000
19,45,<segments>,0,0.201568
19,45,<segments>,1,0.798432
19,45,<start>,0,1.000000
19,45,<url>,0,1.000000
19,45,<wchar>,0,0.247766
19,45,<wchar>,1,0.387811
19,45,<wchar>,2,0.156939
19,45,<wchar>,3,0.207484
19,45,<word>,0,0.580866
19,45,<word>,1,0.419134
19,50,<authority>,0,0.576236
19,50,<authority>,1,0.423764
19,50,<digit>,0,0.340576
19,50,<digit>,1,0.058006
19,50,<digit>,2,0.048183
19,50,<digit>,3,0.018128
19,50,<digit>,4,0.024121
19,50,<digit>,5,0.093623
19,50,<digit>,6,0.033367
19,50,<digit>,7,0.029764
19,50,<digit>,8,0.292585
19,50,<digit>,9,0.061647
19,50,<digits>,0,0.383213
19,50,<digits>,1,0.616787
19,50,<fragment>,0,0.487084
19,50,<fragment>,1,0.512916
19,50,<hex>,0,0.354877
19,50,<hex>,1,0.279762
19,50,<hex>,2,0.365362
19,50,<host>,0,0.645677
19,50,<host>,1,0.354323
19,50,<hostname>,0,0.517626
19,50,<hostname>,1,0.482374
19,50,<ipv4>,0,1.000000
19,50,<key>,0,1.000000
19,50,<label>,0,1.000000
19,50,<octet>,0,0.297309
19,50,<octet>,1,0.702691
19,50,<path>,0,0.301631
19,50,<path>,1,0.138175
19,50,<path>,2,0.560195
19,50,<pchar>,0,0.056078
19,50,<pchar>,1,0.262634
19,50,<pchar>,2,0.130130
19,50,<pchar>,3,0.095468
19,50,<pchar>,4,0.455690
19,50,<pchars>,0,0.677078
19,50,<pchars>,1,0.322922
19,50,<port>,0,1.000000
19,50,<qparam>,0,0.462292
19,50,<qparam>,1,0.537708
19,50,<qparams>,0,0.405627
19,50,<qparams>,1,0.594373
19,50,<query>,0,0.324218
19,50,<query>,1,0.675782
19,50,<qvalue>,0,0.782059
19,50,<qvalue>,1,0.217941
19,50,<scheme>,0,0.240138
19,50,<scheme>,1,0.257877
19,50,<scheme>,2,0.261365
19,50,<scheme>,3,0.240620
19,50,<segment>,0,1.000000
19,50,<segments>,0,0.156170
19,50,<segments>,1,0.843830
19,50,<start>,0,1.000000
19,50,<url>,0,1.000000
19,50,<wchar>,0,0.214601
19,50,<wchar>,1,0.415870
19,50,<wchar>,2,0.124974
19,50,<wchar>,3,0.244555
19,50,<word>,0,0.583884
19,50,<word>,1,0.416116
19,55,<authority>,0,0.584078
19,55,<authority>,1,0.415922
19,55,<digit>,0,0.307161
19,55,<digit>,1,0.001783
19,55,<digit>,2,0.052074
19,55,<digit>,3,0.030810
19,55,<digit>,4,0.033426
19,55,<digit>,5,0.098364
19,55,<digit>,6,0.017626
19,55,<digit>,7,0.008145
19,55,<digit>,8,0.450610
19,55,<digit>,9,0.000000
19,55,<digits>,0,0.338221
19,55,<digits>,1,0.661779
19,55,<fragment>,0,0.487380
19,55,<fragment>,1,0.512620
19,55,<hex>,0,0.365061
19,55,<hex>,1,0.255850
19,55,<hex>,2,0.379090
19,55,<host>,0,0.634355
19,55,<host>,1,0.365645
19,55,<hostname>,0,0.486195
19,55,<hostname>,1,0.513805
19,55,<ipv4>,0,1.000000
19,55,<key>,0,1.000000
19,55,<label>,0,1.000000
19,55,<octet>,0,0.245903
19,55,<octet>,1,0.754097
19,55,<path>,0,0.204414
19,55,<path>,1,0.153994
19,55,<path>,2,0.641592
19,55,<pchar>,0,0.052703
19,55,<pchar>,1,0.263332
19,55,<pchar>,2,0.092069
19,55,<pchar>,3,0.099062
19,55,<pchar>,4,0.492834
19,55,<pchars>,0,0.689046
19,55,<pchars>,1,0.310954
19,55,<port>,0,1.000000
19,55,<qparam>,0,0.492971
19,55,<qparam>,1,0.507029
19,55,<qparams>,0,0.437797
19,55,<qparams>,1,0.562203
19,55,<query>,0,0.311372
19,55,<query>,1,0.688628
19,55,<qvalue>,0,0.756686
19,55,<qvalue>,1,0.243314
19,55,<scheme>,0,0.236096
19,55,<scheme>,1,0.268649
19,55,<scheme>,2,0.264231
19,55,<scheme>,3,0.231024
19,55,<segment>,0,1.000000
19,55,<segments>,0,0.236550
19,55,<segments>,1,0.763450
19,55,<start>,0,1.000000
19,55,<url>,0,1.000000
19,55,<wchar>,0,0.220931
19,55,<wchar>,1,0.408062
19,55,<wchar>,2,0.104516
19,55,<wchar>,3,0.266491
19,55,<word>,0,0.580811
19,55,<word>,1,0.419189
19,59,<authority>,0,0.556526
19,59,<authority>,1,0.443474
19,59,<digit>,0,0.311860
19,59,<digit>,1,0.002685
19,59,<digit>,2,0.044032
19,59,<digit>,3,0.032114
19,59,<digit>,4,0.026922
19,59,<digit>,5,0.103024
19,59,<digit>,6,0.046035
19,59,<digit>,7,0.026226
19,59,<digit>,8,0.391732
19,59,<digit>,9,0.015368
19,59,<digits>,0,0.338161
19,59,<digits>,1,0.661839
19,59,<fragment>,0,0.471671
19,59,<fragment>,1,0.528329
19,59,<hex>,0,0.381124
19,59,<hex>,1,0.306003
19,59,<hex>,2,0.312873
19,59,<host>,0,0.614865
19,59,<host>,1,0.385135
19,59,<hostname>,0,0.518542
19,59,<hostname>,1,0.481458
19,59,<ipv4>,0,1.000000
19,59,<key>,0,1.000000
19,59,<label>,0,1.000000
19,59,<octet>,0,0.255699
19,59,<octet>,1,0.744301
19,59,<path>,0,0.236491
19,59,<path>,1,0.150538
19,59,<path>,2,0.612971
19,59,<pchar>,0,0.047045
19,59,<pchar>,1,0.261985
19,59,<pchar>,2,0.117361
19,59,<pchar>,3,0.080905
19,59,<pchar>,4,0.492704
19,59,<pchars>,0,0.690525
19,59,<pchars>,1,0.309475
19,59,<port>,0,1.000000
19,59,<qparam>,0,0.504634
19,59,<qparam>,1,0.495366
19,59,<qparams>,0,0.439019
19,59,<qparams>,1,0.560981
19,59,<query>,0,0.310346
19,59,<query>,1,0.689654
19,59,<qvalue>,0,0.736406
19,59,<qvalue>,1,0.263594
19,59,<scheme>,0,0.254046
19,59,<scheme>,1,0.253588
19,59,<scheme>,2,0.269479
19,59,<scheme>,3,0.222887
19,59,<segment>,0,1.000000
19,59,<segments>,0,0.207441
19,59,<segments>,1,0.792559
19,59,<start>,0,1.000000
19,59,<url>,0,1.000000
19,59,<wchar>,0,0.245319
19,59,<wchar>,1,0.397119
19,59,<wchar>,2,0.104119
19,59,<wchar>,3,0.253444
19,59,<word>,0,0.574339
19,59,<word>,1,0.425661
