run_id,generation,nonterminal,rule_index,probability
0,0,<field>,0,0.770214
0,0,<field>,1,0.229786
0,0,<fields>,0,0.260596
0,0,<fields>,1,0.739404
0,0,<qchar>,0,0.420713
0,0,<qchar>,1,0.346245
0,0,<qchar>,2,0.233041
0,0,<qchars>,0,0.449885
0,0,<qchars>,1,0.550115
0,0,<quoted>,0,1.000000
0,0,<row>,0,1.000000
0,0,<rows>,0,0.195121
0,0,<rows>,1,0.804879
0,0,<start>,0,1.000000
0,0,<unquoted>,0,0.167971
0,0,<unquoted>,1,0.832029
0,0,<wchar>,0,0.237725
0,0,<wchar>,1,0.098456
0,0,<wchar>,2,0.233897
0,0,<wchar>,3,0.192364
0,0,<wchar>,4,0.158060
0,0,<wchar>,5,0.079498
0,0,<word>,0,0.746201
0,0,<word>,1,0.253799
0,5,<field>,0,0.461307
0,5,<field>,1,0.538693
0,5,<fields>,0,0.354387
0,5,<fields>,1,0.645613
0,5,<qchar>,0,0.271787
0,5,<qchar>,1,0.258050
0,5,<qchar>,2,0.470163
0,5,<qchars>,0,0.458815
0,5,<qchars>,1,0.541185
0,5,<quoted>,0,1.000000
0,5,<row>,0,1.000000
0,5,<rows>,0,0.481698
0,5,<rows>,1,0.518302
0,5,<start>,0,1.000000
0,5,<unquoted>,0,0.482985
0,5,<unquoted>,1,0.517015
0,5,<wchar>,0,0.001905
0,5,<wchar>,1,0.166748
0,5,<wchar>,2,0.224552
0,5,<wchar>,3,0.127826
0,5,<wchar>,4,0.266998
0,5,<wchar>,5,0.211971
0,5,<word>,0,0.337357
0,5,<word>,1,0.662643
0,10,<field>,0,0.466638
0,10,<field>,1,0.533362
0,10,<fields>,0,0.352387
0,10,<fields>,1,0.647613
0,10,<qchar>,0,0.382647
0,10,<qchar>,1,0.350535
0,10,<qchar>,2,0.266818
0,10,<qchars>,0,0.436069
0,10,<qchars>,1,0.563931
0,10,<quoted>,0,1.000000
0,10,<row>,0,1.000000
0,10,<rows>,0,0.552882
0,10,<rows>,1,0.447118
0,10,<start>,0,1.000000
0,10,<unquoted>,0,0.464702
0,10,<unquoted>,1,0.535298
0,10,<wchar>,0,0.018177
0,10,<wchar>,1,0.072591
0,10,<wchar>,2,0.311782
0,10,<wchar>,3,0.042468
0,10,<wchar>,4,0.348027
0,10,<wchar>,5,0.206955
0,10,<word>,0,0.535372
0,10,<word>,1,0.464628
0,15,<field>,0,0.424529
0,15,<field>,1,0.575471
0,15,<fields>,0,0.340114
0,15,<fields>,1,0.659886
0,15,<qchar>,0,0.390873
0,15,<qchar>,1,0.334758
0,15,<qchar>,2,0.274368
0,15,<qchars>,0,0.444558
0,15,<qchars>,1,0.555442
0,15,<quoted>,0,1.000000
0,15,<row>,0,1.000000
0,15,<rows>,0,0.544994
0,15,<rows>,1,0.455006
0,15,<start>,0,1.000000
0,15,<unquoted>,0,0.470349
0,15,<unquoted>,1,0.529651
0,15,<wchar>,0,0.075226
0,15,<wchar>,1,0.054381
0,15,<wchar>,2,0.253396
0,15,<wchar>,3,0.064588
0,15,<wchar>,4,0.451938
0,15,<wchar>,5,0.100470
0,15,<word>,0,0.527517
0,15,<word>,1,0.472483
0,20,<field>,0,0.432453
0,20,<field>,1,0.567547
0,20,<fields>,0,0.366739
0,20,<fields>,1,0.633261
0,20,<qchar>,0,0.364246
0,20,<qchar>,1,0.087114
0,20,<qchar>,2,0.548640
0,20,<qchars>,0,0.395921
0,20,<qchars>,1,0.604079
0,20,<quoted>,0,1.000000
0,20,<row>,0,1.000000
0,20,<rows>,0,0.811395
0,20,<rows>,1,0.188605
0,20,<start>,0,1.000000
0,20,<unquoted>,0,0.429351
0,20,<unquoted>,1,0.570649
0,20,<wchar>,0,0.020194
0,20,<wchar>,1,0.004080
0,20,<wchar>,2,0.393903
0,20,<wchar>,3,0.091558
0,20,<wchar>,4,0.285160
0,20,<wchar>,5,0.205106
0,20,<word>,0,0.545419
0,20,<word>,1,0.454581
0,25,<field>,0,0.403658
0,25,<field>,1,0.596342
0,25,<fields>,0,0.367732
0,25,<fields>,1,0.632268
0,25,<qchar>,0,0.502473
0,25,<qchar>,1,0.163163
0,25,<qchar>,2,0.334364
0,25,<qchars>,0,0.348993
0,25,<qchars>,1,0.651007
0,25,<quoted>,0,1.000000
0,25,<row>,0,1.000000
0,25,<rows>,0,0.913226
0,25,<rows>,1,0.086774
0,25,<start>,0,1.000000
0,25,<unquoted>,0,0.491270
0,25,<unquoted>,1,0.508730
0,25,<wchar>,0,0.054739
0,25,<wchar>,1,0.000000
0,25,<wchar>,2,0.437136
0,25,<wchar>,3,0.049370
0,25,<wchar>,4,0.284432
0,25,<wchar>,5,0.174323
0,25,<word>,0,0.567496
0,25,<word>,1,0.432504
0,30,<field>,0,0.436395
0,30,<field>,1,0.563605
0,30,<fields>,0,0.369605
0,30,<fields>,1,0.630395
0,30,<qchar>,0,0.528004
0,30,<qchar>,1,0.157374
0,30,<qchar>,2,0.314622
0,30,<qchars>,0,0.397845
0,30,<qchars>,1,0.602155
0,30,<quoted>,0,1.000000
0,30,<row>,0,1.000000
0,30,<rows>,0,0.932988
0,30,<rows>,1,0.067012
0,30,<start>,0,1.000000
0,30,<unquoted>,0,0.511281
0,30,<unquoted>,1,0.488719
0,30,<wchar>,0,0.000000
0,30,<wchar>,1,0.123089
0,30,<wchar>,2,0.336818
0,30,<wchar>,3,0.055027
0,30,<wchar>,4,0.305284
0,30,<wchar>,5,0.179782
0,30,<word>,0,0.621928
0,30,<word>,1,0.378072
0,35,<field>,0,0.348815
0,35,<field>,1,0.651185
0,35,<fields>,0,0.370892
0,35,<fields>,1,0.629108
0,35,<qchar>,0,0.485747
0,35,<qchar>,1,0.065572
0,35,<qchar>,2,0.448681
0,35,<qchars>,0,0.397992
0,35,<qchars>,1,0.602008
0,35,<quoted>,0,1.000000
0,35,<row>,0,1.000000
0,35,<rows>,0,0.974444
0,35,<rows>,1,0.025556
0,35,<start>,0,1.000000
0,35,<unquoted>,0,0.459733
0,35,<unquoted>,1,0.540267
0,35,<wchar>,0,0.001672
0,35,<wchar>,1,0.023881
0,35,<wchar>,2,0.459289
0,35,<wchar>,3,0.027615
0,35,<wchar>,4,0.300482
0,35,<wchar>,5,0.187061
0,35,<word>,0,0.545707
0,35,<word>,1,0.454293
0,40,<field>,0,0.339145
0,40,<field>,1,0.660855
0,40,<fields>,0,0.388497
0,40,<fields>,1,0.611503
0,40,<qchar>,0,0.409890
0,40,<qchar>,1,0.069056
0,40,<qchar>,2,0.521054
0,40,<qchars>,0,0.369253
0,40,<qchars>,1,0.630747
0,40,<quoted>,0,1.000000
0,40,<row>,0,1.000000
0,40,<rows>,0,0.958060
0,40,<rows>,1,0.041940
0,40,<start>,0,1.000000
0,40,<unquoted>,0,0.458812
0,40,<unquoted>,1,0.541188
0,40,<wchar>,0,0.002497
0,40,<wchar>,1,0.033130
0,40,<wchar>,2,0.436864
0,40,<wchar>,3,0.004624
0,40,<wchar>,4,0.310914
0,40,<wchar>,5,0.211971
0,40,<word>,0,0.490684
0,40,<word>,1,0.509316
0,45,<field>,0,0.334447
0,45,<field>,1,0.665553
0,45,<fields>,0,0.386667
0,45,<fields>,1,0.613333
0,45,<qchar>,0,0.466100
0,45,<qchar>,1,0.024138
0,45,<qchar>,2,0.509762
0,45,<qchars>,0,0.368566
0,45,<qchars>,1,0.631434
0,45,<quoted>,0,1.000000
0,45,<row>,0,1.000000
0,45,<rows>,0,1.000000
0,45,<rows>,1,0.000000
0,45,<start>,0,1.000000
0,45,<unquoted>,0,0.430489
0,45,<unquoted>,1,0.569511
0,45,<wchar>,0,0.011340
0,45,<wchar>,1,0.020814
0,45,<wchar>,2,0.401182
0,45,<wchar>,3,0.006493
0,45,<wchar>,4,0.356852
0,45,<wchar>,5,0.203319
0,45,<word>,0,0.545359
0,45,<word>,1,0.454641
0,50,<field>,0,0.317644
0,50,<field>,1,0.682356
0,50,<fields>,0,0.387851
0,50,<fields>,1,0.612149
0,50,<qchar>,0,0.432446
0,50,<qchar>,1,0.098947
0,50,<qchar>,2,0.468606
0,50,<qchars>,0,0.389059
0,50,<qchars>,1,0.610941
0,50,<quoted>,0,1.000000
0,50,<row>,0,1.000000
0,50,<rows>,0,0.970141
0,50,<rows>,1,0.029859
0,50,<start>,0,1.000000
0,50,<unquoted>,0,0.452612
0,50,<unquoted>,1,0.547388
0,50,<wchar>,0,0.018103
0,50,<wchar>,1,0.017477
0,50,<wchar>,2,0.438082
0,50,<wchar>,3,0.010110
0,50,<wchar>,4,0.323929
0,50,<wchar>,5,0.192300
0,50,<word>,0,0.557896
0,50,<word>,1,0.442104
0,55,<field>,0,0.276166
0,55,<field>,1,0.723834
0,55,<fields>,0,0.394184
0,55,<fields>,1,0.605816
0,55,<qchar>,0,0.394863
0,55,<qchar>,1,0.131537
0,55,<qchar>,2,0.473601
0,55,<qchars>,0,0.442863
0,55,<qchars>,1,0.557137
0,55,<quoted>,0,1.000000
0,55,<row>,0,1.000000
0,55,<rows>,0,1.000000
0,55,<rows>,1,0.000000
0,55,<start>,0,1.000000
0,55,<unquoted>,0,0.431122
0,55,<unquoted>,1,0.568878
0,55,<wchar>,0,0.000395
0,55,<wchar>,1,0.012589
0,55,<wchar>,2,0.512051
0,55,<wchar>,3,0.023244
0,55,<wchar>,4,0.264556
0,55,<wchar>,5,0.187165
0,55,<word>,0,0.547820
0,55,<word>,1,0.452180
0,59,<field>,0,0.322885
0,59,<field>,1,0.677115
0,59,<fields>,0,0.400331
0,59,<fields>,1,0.599669
0,59,<qchar>,0,0.427062
0,59,<qchar>,1,0.092054
0,59,<qchar>,2,0.480884
0,59,<qchars>,0,0.456597
0,59,<qchars>,1,0.543403
0,59,<quoted>,0,1.000000
0,59,<row>,0,1.000000
0,59,<rows>,0,0.965212
0,59,<rows>,1,0.034788
0,59,<start>,0,1.000000
0,59,<unquoted>,0,0.439891
0,59,<unquoted>,1,0.560109
0,59,<wchar>,0,0.001525
0,59,<wchar>,1,0.004567
0,59,<wchar>,2,0.426222
0,59,<wchar>,3,0.009111
0,59,<wchar>,4,0.367265
0,59,<wchar>,5,0.191310
0,59,<word>,0,0.536199
0,59,<word>,1,0.463801
1,0,<field>,0,0.460260
1,0,<field>,1,0.539740
1,0,<fields>,0,0.286634
1,0,<fields>,1,0.713366
1,0,<qchar>,0,0.353674
1,0,<qchar>,1,0.202546
1,0,<qchar>,2,0.443780
1,0,<qchars>,0,0.572625
1,0,<qchars>,1,0.427375
1,0,<quoted>,0,1.000000
1,0,<row>,0,1.000000
1,0,<rows>,0,0.729006
1,0,<rows>,1,0.270994
1,0,<start>,0,1.000000
1,0,<unquoted>,0,0.498436
1,0,<unquoted>,1,0.501564
1,0,<wchar>,0,0.204972
1,0,<wchar>,1,0.084619
1,0,<wchar>,2,0.263624
1,0,<wchar>,3,0.130459
1,0,<wchar>,4,0.164080
1,0,<wchar>,5,0.152246
1,0,<word>,0,0.341972
1,0,<word>,1,0.658028
1,5,<field>,0,0.394794
1,5,<field>,1,0.605206
1,5,<fields>,0,0.428330
1,5,<fields>,1,0.571670
1,5,<qchar>,0,0.353620
1,5,<qchar>,1,0.236990
1,5,<qchar>,2,0.409390
1,5,<qchars>,0,0.462328
1,5,<qchars>,1,0.537672
1,5,<quoted>,0,1.000000
1,5,<row>,0,1.000000
1,5,<rows>,0,0.440785
1,5,<rows>,1,0.559215
1,5,<start>,0,1.000000
1,5,<unquoted>,0,0.466834
1,5,<unquoted>,1,0.533166
1,5,<wchar>,0,0.110576
1,5,<wchar>,1,0.055454
1,5,<wchar>,2,0.287673
1,5,<wchar>,3,0.086049
1,5,<wchar>,4,0.273130
1,5,<wchar>,5,0.187119
1,5,<word>,0,0.509607
1,5,<word>,1,0.490393
1,10,<field>,0,0.401042
1,10,<field>,1,0.598958
1,10,<fields>,0,0.377522
1,10,<fields>,1,0.622478
1,10,<qchar>,0,0.386630
1,10,<qchar>,1,0.259138
1,10,<qchar>,2,0.354232
1,10,<qchars>,0,0.305641
1,10,<qchars>,1,0.694359
1,10,<quoted>,0,1.000000
1,10,<row>,0,1.000000
1,10,<rows>,0,0.376853
1,10,<rows>,1,0.623147
1,10,<start>,0,1.000000
1,10,<unquoted>,0,0.488828
1,10,<unquoted>,1,0.511172
1,10,<wchar>,0,0.073228
1,10,<wchar>,1,0.100683
1,10,<wchar>,2,0.241778
1,10,<wchar>,3,0.078122
1,10,<wchar>,4,0.293073
1,10,<wchar>,5,0.213116
1,10,<word>,0,0.470314
1,10,<word>,1,0.529686
1,15,<field>,0,0.366493
1,15,<field>,1,0.633507
1,15,<fields>,0,0.414046
1,15,<fields>,1,0.585954
1,15,<qchar>,0,0.000000
1,15,<qchar>,1,0.421680
1,15,<qchar>,2,0.578320
1,15,<qchars>,0,0.384506
1,15,<qchars>,1,0.615494
1,15,<quoted>,0,1.000000
1,15,<row>,0,1.000000
1,15,<rows>,0,0.436879
1,15,<rows>,1,0.563121
1,15,<start>,0,1.000000
1,15,<unquoted>,0,0.489618
1,15,<unquoted>,1,0.510382
1,15,<wchar>,0,0.044271
1,15,<wchar>,1,0.101702
1,15,<wchar>,2,0.347156
1,15,<wchar>,3,0.017531
1,15,<wchar>,4,0.223419
1,15,<wchar>,5,0.265920
1,15,<word>,0,0.453979
1,15,<word>,1,0.546021
1,20,<field>,0,0.414228
1,20,<field>,1,0.585772
1,20,<fields>,0,0.441776
1,20,<fields>,1,0.558224
1,20,<qchar>,0,0.244593
1,20,<qchar>,1,0.299101
1,20,<qchar>,2,0.456306
1,20,<qchars>,0,0.307676
1,20,<qchars>,1,0.692324
1,20,<quoted>,0,1.000000
1,20,<row>,0,1.000000
1,20,<rows>,0,0.426791
1,20,<rows>,1,0.573209
1,20,<start>,0,1.000000
1,20,<unquoted>,0,0.491576
1,20,<unquoted>,1,0.508424
1,20,<wchar>,0,0.055053
1,20,<wchar>,1,0.057639
1,20,<wchar>,2,0.219494
1,20,<wchar>,3,0.000000
1,20,<wchar>,4,0.499871
1,20,<wchar>,5,0.167943
1,20,<word>,0,0.469550
1,20,<word>,1,0.530450
1,25,<field>,0,0.339244
1,25,<field>,1,0.660756
1,25,<fields>,0,0.458877
1,25,<fields>,1,0.541123
1,25,<qchar>,0,0.166581
1,25,<qchar>,1,0.391378
1,25,<qchar>,2,0.442041
1,25,<qchars>,0,0.362915
1,25,<qchars>,1,0.637085
1,25,<quoted>,0,1.000000
1,25,<row>,0,1.000000
1,25,<rows>,0,0.419776
1,25,<rows>,1,0.580224
1,25,<start>,0,1.000000
1,25,<unquoted>,0,0.488151
1,25,<unquoted>,1,0.511849
1,25,<wchar>,0,0.064641
1,25,<wchar>,1,0.000000
1,25,<wchar>,2,0.424203
1,25,<wchar>,3,0.000000
1,25,<wchar>,4,0.243992
1,25,<wchar>,5,0.267164
1,25,<word>,0,0.466856
1,25,<word>,1,0.533144
1,30,<field>,0,0.333533
1,30,<field>,1,0.666467
1,30,<fields>,0,0.439549
1,30,<fields>,1,0.560451
1,30,<qchar>,0,0.162086
1,30,<qchar>,1,0.369196
1,30,<qchar>,2,0.468718
1,30,<qchars>,0,0.299253
1,30,<qchars>,1,0.700747
1,30,<quoted>,0,1.000000
1,30,<row>,0,1.000000
1,30,<rows>,0,0.401301
1,30,<rows>,1,0.598699
1,30,<start>,0,1.000000
1,30,<unquoted>,0,0.485218
1,30,<unquoted>,1,0.514782
1,30,<wchar>,0,0.036291
1,30,<wchar>,1,0.004214
1,30,<wchar>,2,0.363630
1,30,<wchar>,3,0.000941
1,30,<wchar>,4,0.368133
1,30,<wchar>,5,0.226791
1,30,<word>,0,0.413670
1,30,<word>,1,0.586330
1,35,<field>,0,0.295081
1,35,<field>,1,0.704919
1,35,<fields>,0,0.527536
1,35,<fields>,1,0.472464
1,35,<qchar>,0,0.098920
1,35,<qchar>,1,0.237816
1,35,<qchar>,2,0.663264
1,35,<qchars>,0,0.321921
1,35,<qchars>,1,0.678079
1,35,<quoted>,0,1.000000
1,35,<row>,0,1.000000
1,35,<rows>,0,0.414922
1,35,<rows>,1,0.585078
1,35,<start>,0,1.000000
1,35,<unquoted>,0,0.411807
1,35,<unquoted>,1,0.588193
1,35,<wchar>,0,0.037255
1,35,<wchar>,1,0.002203
1,35,<wchar>,2,0.415784
1,35,<wchar>,3,0.005253
1,35,<wchar>,4,0.372949
1,35,<wchar>,5,0.166555
1,35,<word>,0,0.393564
1,35,<word>,1,0.606436
1,40,<field>,0,0.293702
1,40,<field>,1,0.706298
1,40,<fields>,0,0.440842
1,40,<fields>,1,0.559158
1,40,<qchar>,0,0.184838
1,40,<qchar>,1,0.000000
1,40,<qchar>,2,0.815162
1,40,<qchars>,0,0.317559
1,40,<qchars>,1,0.682441
1,40,<quoted>,0,1.000000
1,40,<row>,0,1.000000
1,40,<rows>,0,0.500774
1,40,<rows>,1,0.499226
1,40,<start>,0,1.000000
1,40,<unquoted>,0,0.488155
1,40,<unquoted>,1,0.511845
1,40,<wchar>,0,0.008399
1,40,<wchar>,1,0.010768
1,40,<wchar>,2,0.403755
1,40,<wchar>,3,0.005110
1,40,<wchar>,4,0.376274
1,40,<wchar>,5,0.195694
1,40,<word>,0,0.433973
1,40,<word>,1,0.566027
1,45,<field>,0,0.319534
1,45,<field>,1,0.680466
1,45,<fields>,0,0.457774
1,45,<fields>,1,0.542226
1,45,<qchar>,0,0.215233
1,45,<qchar>,1,0.065519
1,45,<qchar>,2,0.719248
1,45,<qchars>,0,0.302704
1,45,<qchars>,1,0.697296
1,45,<quoted>,0,1.000000
1,45,<row>,0,1.000000
1,45,<rows>,0,0.438126
1,45,<rows>,1,0.561874
1,45,<start>,0,1.000000
1,45,<unquoted>,0,0.457602
1,45,<unquoted>,1,0.542398
1,45,<wchar>,0,0.007316
1,45,<wchar>,1,0.027568
1,45,<wchar>,2,0.389531
1,45,<wchar>,3,0.005903
1,45,<wchar>,4,0.404505
1,45,<wchar>,5,0.165177
1,45,<word>,0,0.445918
1,45,<word>,1,0.554082
1,50,<field>,0,0.288582
1,50,<field>,1,0.711418
1,50,<fields>,0,0.468183
1,50,<fields>,1,0.531817
1,50,<qchar>,0,0.232049
1,50,<qchar>,1,0.036291
1,50,<qchar>,2,0.731660
1,50,<qchars>,0,0.338697
1,50,<qchars>,1,0.661303
1,50,<quoted>,0,1.000000
1,50,<row>,0,1.000000
1,50,<rows>,0,0.469009
1,50,<rows>,1,0.530991
1,50,<start>,0,1.000000
1,50,<unquoted>,0,0.445057
1,50,<unquoted>,1,0.554943
1,50,<wchar>,0,0.000000
1,50,<wchar>,1,0.001709
1,50,<wchar>,2,0.386366
1,50,<wchar>,3,0.021727
1,50,<wchar>,4,0.356897
1,50,<wchar>,5,0.233301
1,50,<word>,0,0.462806
1,50,<word>,1,0.537194
1,55,<field>,0,0.291361
1,55,<field>,1,0.708639
1,55,<fields>,0,0.467886
1,55,<fields>,1,0.532114
1,55,<qchar>,0,0.089934
1,55,<qchar>,1,0.059802
1,55,<qchar>,2,0.850265
1,55,<qchars>,0,0.315859
1,55,<qchars>,1,0.684141
1,55,<quoted>,0,1.000000
1,55,<row>,0,1.000000
1,55,<rows>,0,0.474630
1,55,<rows>,1,0.525370
1,55,<start>,0,1.000000
1,55,<unquoted>,0,0.451858
1,55,<unquoted>,1,0.548142
1,55,<wchar>,0,0.024835
1,55,<wchar>,1,0.021245
1,55,<wchar>,2,0.397388
1,55,<wchar>,3,0.007861
1,55,<wchar>,4,0.361782
1,55,<wchar>,5,0.186889
1,55,<word>,0,0.451010
1,55,<word>,1,0.548990
1,59,<field>,0,0.296813
1,59,<field>,1,0.703187
1,59,<fields>,0,0.460501
1,59,<fields>,1,0.539499
1,59,<qchar>,0,0.138574
1,59,<qchar>,1,0.055577
1,59,<qchar>,2,0.805849
1,59,<qchars>,0,0.341527
1,59,<qchars>,1,0.658473
1,59,<quoted>,0,1.000000
1,59,<row>,0,1.000000
1,59,<rows>,0,0.519226
1,59,<rows>,1,0.480774
1,59,<start>,0,1.000000
1,59,<unquoted>,0,0.433950
1,59,<unquoted>,1,0.566050
1,59,<wchar>,0,0.020309
1,59,<wchar>,1,0.012879
1,59,<wchar>,2,0.390008
1,59,<wchar>,3,0.024132
1,59,<wchar>,4,0.360786
1,59,<wchar>,5,0.191887
1,59,<word>,0,0.448990
1,59,<word>,1,0.551010
2,0,<field>,0,0.305723
2,0,<field>,1,0.694277
2,0,<fields>,0,0.349749
2,0,<fields>,1,0.650251
2,0,<qchar>,0,0.263363
2,0,<qchar>,1,0.502520
2,0,<qchar>,2,0.234117
2,0,<qchars>,0,0.656379
2,0,<qchars>,1,0.343621
2,0,<quoted>,0,1.000000
2,0,<row>,0,1.000000
2,0,<rows>,0,0.304567
2,0,<rows>,1,0.695433
2,0,<start>,0,1.000000
2,0,<unquoted>,0,0.211524
2,0,<unquoted>,1,0.788476
2,0,<wchar>,0,0.096348
2,0,<wchar>,1,0.177169
2,0,<wchar>,2,0.221379
2,0,<wchar>,3,0.086275
2,0,<wchar>,4,0.235099
2,0,<wchar>,5,0.183730
2,0,<word>,0,0.525775
2,0,<word>,1,0.474225
2,5,<field>,0,0.267084
2,5,<field>,1,0.732916
2,5,<fields>,0,0.465919
2,5,<fields>,1,0.534081
2,5,<qchar>,0,0.208494
2,5,<qchar>,1,0.331127
2,5,<qchar>,2,0.460379
2,5,<qchars>,0,0.297602
2,5,<qchars>,1,0.702398
2,5,<quoted>,0,1.000000
2,5,<row>,0,1.000000
2,5,<rows>,0,0.492012
2,5,<rows>,1,0.507988
2,5,<start>,0,1.000000
2,5,<unquoted>,0,0.419637
2,5,<unquoted>,1,0.580363
2,5,<wchar>,0,0.239519
2,5,<wchar>,1,0.190819
2,5,<wchar>,2,0.204504
2,5,<wchar>,3,0.091375
2,5,<wchar>,4,0.089258
2,5,<wchar>,5,0.184524
2,5,<word>,0,0.525800
2,5,<word>,1,0.474200
2,10,<field>,0,0.266187
2,10,<field>,1,0.733813
2,10,<fields>,0,0.423753
2,10,<fields>,1,0.576247
2,10,<qchar>,0,0.230684
2,10,<qchar>,1,0.271064
2,10,<qchar>,2,0.498252
2,10,<qchars>,0,0.299931
2,10,<qchars>,1,0.700069
2,10,<quoted>,0,1.000000
2,10,<row>,0,1.000000
2,10,<rows>,0,0.556117
2,10,<rows>,1,0.443883
2,10,<start>,0,1.000000
2,10,<unquoted>,0,0.413127
2,10,<unquoted>,1,0.586873
2,10,<wchar>,0,0.191781
2,10,<wchar>,1,0.184319
2,10,<wchar>,2,0.275982
2,10,<wchar>,3,0.064794
2,10,<wchar>,4,0.110243
2,10,<wchar>,5,0.172881
2,10,<word>,0,0.487863
2,10,<word>,1,0.512137
2,15,<field>,0,0.284591
2,15,<field>,1,0.715409
2,15,<fields>,0,0.393890
2,15,<fields>,1,0.606110
2,15,<qchar>,0,0.226857
2,15,<qchar>,1,0.448666
2,15,<qchar>,2,0.324477
2,15,<qchars>,0,0.290731
2,15,<qchars>,1,0.709269
2,15,<quoted>,0,1.000000
2,15,<row>,0,1.000000
2,15,<rows>,0,0.542959
2,15,<rows>,1,0.457041
2,15,<start>,0,1.000000
2,15,<unquoted>,0,0.379286
2,15,<unquoted>,1,0.620714
2,15,<wchar>,0,0.080844
2,15,<wchar>,1,0.096376
2,15,<wchar>,2,0.229031
2,15,<wchar>,3,0.072411
2,15,<wchar>,4,0.414297
2,15,<wchar>,5,0.107041
2,15,<word>,0,0.475567
2,15,<word>,1,0.524433
2,20,<field>,0,0.220374
2,20,<field>,1,0.779626
2,20,<fields>,0,0.417252
2,20,<fields>,1,0.582748
2,20,<qchar>,0,0.215701
2,20,<qchar>,1,0.400977
2,20,<qchar>,2,0.383322
2,20,<qchars>,0,0.348416
2,20,<qchars>,1,0.651584
2,20,<quoted>,0,1.000000
2,20,<row>,0,1.000000
2,20,<rows>,0,0.509991
2,20,<rows>,1,0.490009
2,20,<start>,0,1.000000
2,20,<unquoted>,0,0.429989
2,20,<unquoted>,1,0.570011
2,20,<wchar>,0,0.054755
2,20,<wchar>,1,0.000000
2,20,<wchar>,2,0.321223
2,20,<wchar>,3,0.003839
2,20,<wchar>,4,0.444686
2,20,<wchar>,5,0.175496
2,20,<word>,0,0.451428
2,20,<word>,1,0.548572
2,25,<field>,0,0.242189
2,25,<field>,1,0.757811
2,25,<fields>,0,0.397589
2,25,<fields>,1,0.602411
2,25,<qchar>,0,0.184790
2,25,<qchar>,1,0.341675
2,25,<qchar>,2,0.473535
2,25,<qchars>,0,0.279156
2,25,<qchars>,1,0.720844
2,25,<quoted>,0,1.000000
2,25,<row>,0,1.000000
2,25,<rows>,0,0.525019
2,25,<rows>,1,0.474981
2,25,<start>,0,1.000000
2,25,<unquoted>,0,0.396403
2,25,<unquoted>,1,0.603597
2,25,<wchar>,0,0.010158
2,25,<wchar>,1,0.000000
2,25,<wchar>,2,0.288076
2,25,<wchar>,3,0.000000
2,25,<wchar>,4,0.512539
2,25,<wchar>,5,0.189227
2,25,<word>,0,0.448501
2,25,<word>,1,0.551499
2,30,<field>,0,0.254003
2,30,<field>,1,0.745997
2,30,<fields>,0,0.392604
2,30,<fields>,1,0.607396
2,30,<qchar>,0,0.173622
2,30,<qchar>,1,0.388697
2,30,<qchar>,2,0.437680
2,30,<qchars>,0,0.264457
2,30,<qchars>,1,0.735543
2,30,<quoted>,0,1.000000
2,30,<row>,0,1.000000
2,30,<rows>,0,0.568547
2,30,<rows>,1,0.431453
2,30,<start>,0,1.000000
2,30,<unquoted>,0,0.383963
2,30,<unquoted>,1,0.616037
2,30,<wchar>,0,0.021768
2,30,<wchar>,1,0.070291
2,30,<wchar>,2,0.302080
2,30,<wchar>,3,0.001031
2,30,<wchar>,4,0.412994
2,30,<wchar>,5,0.191837
2,30,<word>,0,0.457415
2,30,<word>,1,0.542585
2,35,<field>,0,0.266287
2,35,<field>,1,0.733713
2,35,<fields>,0,0.420243
2,35,<fields>,1,0.579757
2,35,<qchar>,0,0.123743
2,35,<qchar>,1,0.407478
2,35,<qchar>,2,0.468779
2,35,<qchars>,0,0.240833
2,35,<qchars>,1,0.759167
2,35,<quoted>,0,1.000000
2,35,<row>,0,1.000000
2,35,<rows>,0,0.604036
2,35,<rows>,1,0.395964
2,35,<start>,0,1.000000
2,35,<unquoted>,0,0.375175
2,35,<unquoted>,1,0.624825
2,35,<wchar>,0,0.020086
2,35,<wchar>,1,0.041456
2,35,<wchar>,2,0.338841
2,35,<wchar>,3,0.001147
2,35,<wchar>,4,0.461597
2,35,<wchar>,5,0.136874
2,35,<word>,0,0.453298
2,35,<word>,1,0.546702
2,40,<field>,0,0.240292
2,40,<field>,1,0.759708
2,40,<fields>,0,0.414638
2,40,<fields>,1,0.585362
2,40,<qchar>,0,0.232499
2,40,<qchar>,1,0.221761
2,40,<qchar>,2,0.545741
2,40,<qchars>,0,0.263818
2,40,<qchars>,1,0.736182
2,40,<quoted>,0,1.000000
2,40,<row>,0,1.000000
2,40,<rows>,0,0.523314
2,40,<rows>,1,0.476686
2,40,<start>,0,1.000000
2,40,<unquoted>,0,0.418279
2,40,<unquoted>,1,0.581721
2,40,<wchar>,0,0.006014
2,40,<wchar>,1,0.014334
2,40,<wchar>,2,0.395825
2,40,<wchar>,3,0.000072
2,40,<wchar>,4,0.411456
2,40,<wchar>,5,0.172299
2,40,<word>,0,0.412745
2,40,<word>,1,0.587255
2,45,<field>,0,0.269178
2,45,<field>,1,0.730822
2,45,<fields>,0,0.424687
2,45,<fields>,1,0.575313
2,45,<qchar>,0,0.242694
2,45,<qchar>,1,0.245790
2,45,<qchar>,2,0.511517
2,45,<qchars>,0,0.226373
2,45,<qchars>,1,0.773627
2,45,<quoted>,0,1.000000
2,45,<row>,0,1.000000
2,45,<rows>,0,0.557274
2,45,<rows>,1,0.442726
2,45,<start>,0,1.000000
2,45,<unquoted>,0,0.444033
2,45,<unquoted>,1,0.555967
2,45,<wchar>,0,0.004781
2,45,<wchar>,1,0.010152
2,45,<wchar>,2,0.389958
2,45,<wchar>,3,0.000272
2,45,<wchar>,4,0.402043
2,45,<wchar>,5,0.192793
2,45,<word>,0,0.416218
2,45,<word>,1,0.583782
2,50,<field>,0,0.267977
2,50,<field>,1,0.732023
2,50,<fields>,0,0.392228
2,50,<fields>,1,0.607772
2,50,<qchar>,0,0.216691
2,50,<qchar>,1,0.254550
2,50,<qchar>,2,0.528760
2,50,<qchars>,0,0.255788
2,50,<qchars>,1,0.744212
2,50,<quoted>,0,1.000000
2,50,<row>,0,1.000000
2,50,<rows>,0,0.596778
2,50,<rows>,1,0.403222
2,50,<start>,0,1.000000
2,50,<unquoted>,0,0.406984
2,50,<unquoted>,1,0.593016
2,50,<wchar>,0,0.000921
2,50,<wchar>,1,0.010192
2,50,<wchar>,2,0.381721
2,50,<wchar>,3,0.011690
2,50,<wchar>,4,0.389275
2,50,<wchar>,5,0.206201
2,50,<word>,0,0.413630
2,50,<word>,1,0.586370
2,55,<field>,0,0.254733
2,55,<field>,1,0.745267
2,55,<fields>,0,0.447679
2,55,<fields>,1,0.552321
2,55,<qchar>,0,0.202963
2,55,<qchar>,1,0.243352
2,55,<qchar>,2,0.553685
2,55,<qchars>,0,0.204359
2,55,<qchars>,1,0.795641
2,55,<quoted>,0,1.000000
2,55,<row>,0,1.000000
2,55,<rows>,0,0.589135
2,55,<rows>,1,0.410865
2,55,<start>,0,1.000000
2,55,<unquoted>,0,0.431996
2,55,<unquoted>,1,0.568004
2,55,<wchar>,0,0.002182
2,55,<wchar>,1,0.008978
2,55,<wchar>,2,0.366286
2,55,<wchar>,3,0.003933
2,55,<wchar>,4,0.402256
2,55,<wchar>,5,0.216365
2,55,<word>,0,0.403144
2,55,<word>,1,0.596856
2,59,<field>,0,0.258497
2,59,<field>,1,0.741503
2,59,<fields>,0,0.434455
2,59,<fields>,1,0.565545
2,59,<qchar>,0,0.225268
2,59,<qchar>,1,0.228254
2,59,<qchar>,2,0.546477
2,59,<qchars>,0,0.224989
2,59,<qchars>,1,0.775011
2,59,<quoted>,0,1.000000
2,59,<row>,0,1.000000
2,59,<rows>,0,0.609986
2,59,<rows>,1,0.390014
2,59,<start>,0,1.000000
2,59,<unquoted>,0,0.417859
2,59,<unquoted>,1,0.582141
2,59,<wchar>,0,0.001981
2,59,<wchar>,1,0.004291
2,59,<wchar>,2,0.467814
2,59,<wchar>,3,0.008008
2,59,<wchar>,4,0.402477
2,59,<wchar>,5,0.115428
2,59,<word>,0,0.405758
2,59,<word>,1,0.594242
3,0,<field>,0,0.566933
3,0,<field>,1,0.433067
3,0,<fields>,0,0.521336
3,0,<fields>,1,0.478664
3,0,<qchar>,0,0.300410
3,0,<qchar>,1,0.410547
3,0,<qchar>,2,0.289043
3,0,<qchars>,0,0.629301
3,0,<qchars>,1,0.370699
3,0,<quoted>,0,1.000000
3,0,<row>,0,1.000000
3,0,<rows>,0,0.400731
3,0,<rows>,1,0.599269
3,0,<start>,0,1.000000
3,0,<unquoted>,0,0.575680
3,0,<unquoted>,1,0.424320
3,0,<wchar>,0,0.155349
3,0,<wchar>,1,0.118603
3,0,<wchar>,2,0.216731
3,0,<wchar>,3,0.082260
3,0,<wchar>,4,0.278632
3,0,<wchar>,5,0.148425
3,0,<word>,0,0.444740
3,0,<word>,1,0.555260
3,5,<field>,0,0.417916
3,5,<field>,1,0.582084
3,5,<fields>,0,0.396240
3,5,<fields>,1,0.603760
3,5,<qchar>,0,0.396246
3,5,<qchar>,1,0.300547
3,5,<qchar>,2,0.303207
3,5,<qchars>,0,0.354109
3,5,<qchars>,1,0.645891
3,5,<quoted>,0,1.000000
3,5,<row>,0,1.000000
3,5,<rows>,0,0.478578
3,5,<rows>,1,0.521422
3,5,<start>,0,1.000000
3,5,<unquoted>,0,0.475259
3,5,<unquoted>,1,0.524741
3,5,<wchar>,0,0.049714
3,5,<wchar>,1,0.097663
3,5,<wchar>,2,0.272416
3,5,<wchar>,3,0.111242
3,5,<wchar>,4,0.292424
3,5,<wchar>,5,0.176541
3,5,<word>,0,0.510101
3,5,<word>,1,0.489899
3,10,<field>,0,0.426345
3,10,<field>,1,0.573655
3,10,<fields>,0,0.405375
3,10,<fields>,1,0.594625
3,10,<qchar>,0,0.474972
3,10,<qchar>,1,0.102225
3,10,<qchar>,2,0.422803
3,10,<qchars>,0,0.374628
3,10,<qchars>,1,0.625372
3,10,<quoted>,0,1.000000
3,10,<row>,0,1.000000
3,10,<rows>,0,0.475866
3,10,<rows>,1,0.524134
3,10,<start>,0,1.000000
3,10,<unquoted>,0,0.516575
3,10,<unquoted>,1,0.483425
3,10,<wchar>,0,0.065558
3,10,<wchar>,1,0.094457
3,10,<wchar>,2,0.347891
3,10,<wchar>,3,0.128006
3,10,<wchar>,4,0.186041
3,10,<wchar>,5,0.178048
3,10,<word>,0,0.543804
3,10,<word>,1,0.456196
3,15,<field>,0,0.403995
3,15,<field>,1,0.596005
3,15,<fields>,0,0.387698
3,15,<fields>,1,0.612302
3,15,<qchar>,0,0.337353
3,15,<qchar>,1,0.274877
3,15,<qchar>,2,0.387770
3,15,<qchars>,0,0.339387
3,15,<qchars>,1,0.660613
3,15,<quoted>,0,1.000000
3,15,<row>,0,1.000000
3,15,<rows>,0,0.471808
3,15,<rows>,1,0.528192
3,15,<start>,0,1.000000
3,15,<unquoted>,0,0.537777
3,15,<unquoted>,1,0.462223
3,15,<wchar>,0,0.052872
3,15,<wchar>,1,0.067223
3,15,<wchar>,2,0.319526
3,15,<wchar>,3,0.102540
3,15,<wchar>,4,0.301232
3,15,<wchar>,5,0.156607
3,15,<word>,0,0.579255
3,15,<word>,1,0.420745
3,20,<field>,0,0.378581
3,20,<field>,1,0.621419
3,20,<fields>,0,0.382322
3,20,<fields>,1,0.617678
3,20,<qchar>,0,0.443859
3,20,<qchar>,1,0.106127
3,20,<qchar>,2,0.450014
3,20,<qchars>,0,0.340065
3,20,<qchars>,1,0.659935
3,20,<quoted>,0,1.000000
3,20,<row>,0,1.000000
3,20,<rows>,0,0.431273
3,20,<rows>,1,0.568727
3,20,<start>,0,1.000000
3,20,<unquoted>,0,0.577475
3,20,<unquoted>,1,0.422525
3,20,<wchar>,0,0.058565
3,20,<wchar>,1,0.040703
3,20,<wchar>,2,0.336136
3,20,<wchar>,3,0.087684
3,20,<wchar>,4,0.281456
3,20,<wchar>,5,0.195455
3,20,<word>,0,0.544526
3,20,<word>,1,0.455474
3,25,<field>,0,0.395702
3,25,<field>,1,0.604298
3,25,<fields>,0,0.419629
3,25,<fields>,1,0.580371
3,25,<qchar>,0,0.155808
3,25,<qchar>,1,0.197045
3,25,<qchar>,2,0.647147
3,25,<qchars>,0,0.368437
3,25,<qchars>,1,0.631563
3,25,<quoted>,0,1.000000
3,25,<row>,0,1.000000
3,25,<rows>,0,0.974349
3,25,<rows>,1,0.025651
3,25,<start>,0,1.000000
3,25,<unquoted>,0,0.568197
3,25,<unquoted>,1,0.431803
3,25,<wchar>,0,0.004628
3,25,<wchar>,1,0.018109
3,25,<wchar>,2,0.365037
3,25,<wchar>,3,0.019394
3,25,<wchar>,4,0.389439
3,25,<wchar>,5,0.203394
3,25,<word>,0,0.543796
3,25,<word>,1,0.456204
3,30,<field>,0,0.383561
3,30,<field>,1,0.616439
3,30,<fields>,0,0.375887
3,30,<fields>,1,0.624113
3,30,<qchar>,0,0.296938
3,30,<qchar>,1,0.114019
3,30,<qchar>,2,0.589043
3,30,<qchars>,0,0.282936
3,30,<qchars>,1,0.717064
3,30,<quoted>,0,1.000000
3,30,<row>,0,1.000000
3,30,<rows>,0,0.650311
3,30,<rows>,1,0.349689
3,30,<start>,0,1.000000
3,30,<unquoted>,0,0.422899
3,30,<unquoted>,1,0.577101
3,30,<wchar>,0,0.097920
3,30,<wchar>,1,0.027324
3,30,<wchar>,2,0.293680
3,30,<wchar>,3,0.057182
3,30,<wchar>,4,0.345787
3,30,<wchar>,5,0.178107
3,30,<word>,0,0.567858
3,30,<word>,1,0.432142
3,35,<field>,0,0.378673
3,35,<field>,1,0.621327
3,35,<fields>,0,0.398674
3,35,<fields>,1,0.601326
3,35,<qchar>,0,0.204817
3,35,<qchar>,1,0.171413
3,35,<qchar>,2,0.623770
3,35,<qchars>,0,0.240499
3,35,<qchars>,1,0.759501
3,35,<quoted>,0,1.000000
3,35,<row>,0,1.000000
3,35,<rows>,0,0.596577
3,35,<rows>,1,0.403423
3,35,<start>,0,1.000000
3,35,<unquoted>,0,0.501735
3,35,<unquoted>,1,0.498265
3,35,<wchar>,0,0.012795
3,35,<wchar>,1,0.033584
3,35,<wchar>,2,0.393800
3,35,<wchar>,3,0.021461
3,35,<wchar>,4,0.371826
3,35,<wchar>,5,0.166534
3,35,<word>,0,0.555835
3,35,<word>,1,0.444165
3,40,<field>,0,0.368926
3,40,<field>,1,0.631074
3,40,<fields>,0,0.412981
3,40,<fields>,1,0.587019
3,40,<qchar>,0,0.258486
3,40,<qchar>,1,0.134399
3,40,<qchar>,2,0.607115
3,40,<qchars>,0,0.269558
3,40,<qchars>,1,0.730442
3,40,<quoted>,0,1.000000
3,40,<row>,0,1.000000
3,40,<rows>,0,0.566587
3,40,<rows>,1,0.433413
3,40,<start>,0,1.000000
3,40,<unquoted>,0,0.501128
3,40,<unquoted>,1,0.498872
3,40,<wchar>,0,0.015348
3,40,<wchar>,1,0.043265
3,40,<wchar>,2,0.388774
3,40,<wchar>,3,0.003387
3,40,<wchar>,4,0.347523
3,40,<wchar>,5,0.201703
3,40,<word>,0,0.602447
3,40,<word>,1,0.397553
3,45,<field>,0,0.349376
3,45,<field>,1,0.650624
3,45,<fields>,0,0.407862
3,45,<fields>,1,0.592138
3,45,<qchar>,0,0.209085
3,45,<qchar>,1,0.168797
3,45,<qchar>,2,0.622118
3,45,<qchars>,0,0.304210
3,45,<qchars>,1,0.695790
3,45,<quoted>,0,1.000000
3,45,<row>,0,1.000000
3,45,<rows>,0,0.577674
3,45,<rows>,1,0.422326
3,45,<start>,0,1.000000
3,45,<unquoted>,0,0.510440
3,45,<unquoted>,1,0.489560
3,45,<wchar>,0,0.002388
3,45,<wchar>,1,0.000154
3,45,<wchar>,2,0.307023
3,45,<wchar>,3,0.050297
3,45,<wchar>,4,0.425303
3,45,<wchar>,5,0.214835
3,45,<word>,0,0.582468
3,45,<word>,1,0.417532
3,50,<field>,0,0.364031
3,50,<field>,1,0.635969
3,50,<fields>,0,0.442064
3,50,<fields>,1,0.557936
3,50,<qchar>,0,0.145677
3,50,<qchar>,1,0.203179
3,50,<qchar>,2,0.651144
3,50,<qchars>,0,0.299252
3,50,<qchars>,1,0.700748
3,50,<quoted>,0,1.000000
3,50,<row>,0,1.000000
3,50,<rows>,0,0.572984
3,50,<rows>,1,0.427016
3,50,<start>,0,1.000000
3,50,<unquoted>,0,0.482264
3,50,<unquoted>,1,0.517736
3,50,<wchar>,0,0.015216
3,50,<wchar>,1,0.008265
3,50,<wchar>,2,0.341477
3,50,<wchar>,3,0.004865
3,50,<wchar>,4,0.411142
3,50,<wchar>,5,0.219036
3,50,<word>,0,0.580985
3,50,<word>,1,0.419015
3,55,<field>,0,0.351382
3,55,<field>,1,0.648618
3,55,<fields>,0,0.445738
3,55,<fields>,1,0.554262
3,55,<qchar>,0,0.199891
3,55,<qchar>,1,0.144641
3,55,<qchar>,2,0.655469
3,55,<qchars>,0,0.297839
3,55,<qchars>,1,0.702161
3,55,<quoted>,0,1.000000
3,55,<row>,0,1.000000
3,55,<rows>,0,0.584626
3,55,<rows>,1,0.415374
3,55,<start>,0,1.000000
3,55,<unquoted>,0,0.503107
3,55,<unquoted>,1,0.496893
3,55,<wchar>,0,0.014775
3,55,<wchar>,1,0.010895
3,55,<wchar>,2,0.373538
3,55,<wchar>,3,0.006328
3,55,<wchar>,4,0.378878
3,55,<wchar>,5,0.215586
3,55,<word>,0,0.574460
3,55,<word>,1,0.425540
3,59,<field>,0,0.322006
3,59,<field>,1,0.677994
3,59,<fields>,0,0.450611
3,59,<fields>,1,0.549389
3,59,<qchar>,0,0.205020
3,59,<qchar>,1,0.149983
3,59,<qchar>,2,0.644997
3,59,<qchars>,0,0.296624
3,59,<qchars>,1,0.703376
3,59,<quoted>,0,1.000000
3,59,<row>,0,1.000000
3,59,<rows>,0,0.562983
3,59,<rows>,1,0.437017
3,59,<start>,0,1.000000
3,59,<unquoted>,0,0.497357
3,59,<unquoted>,1,0.502643
3,59,<wchar>,0,0.016574
3,59,<wchar>,1,0.011059
3,59,<wchar>,2,0.428767
3,59,<wchar>,3,0.006019
3,59,<wchar>,4,0.387127
3,59,<wchar>,5,0.150453
3,59,<word>,0,0.569602
3,59,<word>,1,0.430398
4,0,<field>,0,0.721461
4,0,<field>,1,0.278539
4,0,<fields>,0,0.358391
4,0,<fields>,1,0.641609
4,0,<qchar>,0,0.496529
4,0,<qchar>,1,0.232676
4,0,<qchar>,2,0.270795
4,0,<qchars>,0,0.407500
4,0,<qchars>,1,0.592500
4,0,<quoted>,0,1.000000
4,0,<row>,0,1.000000
4,0,<rows>,0,0.628338
4,0,<rows>,1,0.371662
4,0,<start>,0,1.000000
4,0,<unquoted>,0,0.383674
4,0,<unquoted>,1,0.616326
4,0,<wchar>,0,0.110166
4,0,<wchar>,1,0.094245
4,0,<wchar>,2,0.249849
4,0,<wchar>,3,0.078864
4,0,<wchar>,4,0.116857
4,0,<wchar>,5,0.350019
4,0,<word>,0,0.641755
4,0,<word>,1,0.358245
4,5,<field>,0,0.363764
4,5,<field>,1,0.636236
4,5,<fields>,0,0.439611
4,5,<fields>,1,0.560389
4,5,<qchar>,0,0.408777
4,5,<qchar>,1,0.178623
4,5,<qchar>,2,0.412600
4,5,<qchars>,0,0.498734
4,5,<qchars>,1,0.501266
4,5,<quoted>,0,1.000000
4,5,<row>,0,1.000000
4,5,<rows>,0,0.441121
4,5,<rows>,1,0.558879
4,5,<start>,0,1.000000
4,5,<unquoted>,0,0.348177
4,5,<unquoted>,1,0.651823
4,5,<wchar>,0,0.138340
4,5,<wchar>,1,0.125417
4,5,<wchar>,2,0.238000
4,5,<wchar>,3,0.146527
4,5,<wchar>,4,0.210934
4,5,<wchar>,5,0.140781
4,5,<word>,0,0.530882
4,5,<word>,1,0.469118
4,10,<field>,0,0.396638
4,10,<field>,1,0.603362
4,10,<fields>,0,0.442314
4,10,<fields>,1,0.557686
4,10,<qchar>,0,0.296190
4,10,<qchar>,1,0.281536
4,10,<qchar>,2,0.422274
4,10,<qchars>,0,0.515591
4,10,<qchars>,1,0.484409
4,10,<quoted>,0,1.000000
4,10,<row>,0,1.000000
4,10,<rows>,0,0.502359
4,10,<rows>,1,0.497641
4,10,<start>,0,1.000000
4,10,<unquoted>,0,0.433667
4,10,<unquoted>,1,0.566333
4,10,<wchar>,0,0.000000
4,10,<wchar>,1,0.184410
4,10,<wchar>,2,0.334906
4,10,<wchar>,3,0.007587
4,10,<wchar>,4,0.375273
4,10,<wchar>,5,0.097824
4,10,<word>,0,0.513793
4,10,<word>,1,0.486207
4,15,<field>,0,0.385829
4,15,<field>,1,0.614171
4,15,<fields>,0,0.455083
4,15,<fields>,1,0.544917
4,15,<qchar>,0,0.304731
4,15,<qchar>,1,0.317973
4,15,<qchar>,2,0.377296
4,15,<qchars>,0,0.470017
4,15,<qchars>,1,0.529983
4,15,<quoted>,0,1.000000
4,15,<row>,0,1.000000
4,15,<rows>,0,0.519391
4,15,<rows>,1,0.480609
4,15,<start>,0,1.000000
4,15,<unquoted>,0,0.424955
4,15,<unquoted>,1,0.575045
4,15,<wchar>,0,0.011963
4,15,<wchar>,1,0.171739
4,15,<wchar>,2,0.266515
4,15,<wchar>,3,0.035846
4,15,<wchar>,4,0.455242
4,15,<wchar>,5,0.058694
4,15,<word>,0,0.697119
4,15,<word>,1,0.302881
4,20,<field>,0,0.360321
4,20,<field>,1,0.639679
4,20,<fields>,0,0.470899
4,20,<fields>,1,0.529101
4,20,<qchar>,0,0.134295
4,20,<qchar>,1,0.344293
4,20,<qchar>,2,0.521413
4,20,<qchars>,0,0.423447
4,20,<qchars>,1,0.576553
4,20,<quoted>,0,1.000000
4,20,<row>,0,1.000000
4,20,<rows>,0,0.498926
4,20,<rows>,1,0.501074
4,20,<start>,0,1.000000
4,20,<unquoted>,0,0.431605
4,20,<unquoted>,1,0.568395
4,20,<wchar>,0,0.076811
4,20,<wchar>,1,0.137777
4,20,<wchar>,2,0.334511
4,20,<wchar>,3,0.015561
4,20,<wchar>,4,0.297220
4,20,<wchar>,5,0.138120
4,20,<word>,0,0.514096
4,20,<word>,1,0.485904
4,25,<field>,0,0.314605
4,25,<field>,1,0.685395
4,25,<fields>,0,0.473823
4,25,<fields>,1,0.526177
4,25,<qchar>,0,0.187417
4,25,<qchar>,1,0.283388
4,25,<qchar>,2,0.529195
4,25,<qchars>,0,0.407167
4,25,<qchars>,1,0.592833
4,25,<quoted>,0,1.000000
4,25,<row>,0,1.000000
4,25,<rows>,0,0.493583
4,25,<rows>,1,0.506417
4,25,<start>,0,1.000000
4,25,<unquoted>,0,0.467823
4,25,<unquoted>,1,0.532177
4,25,<wchar>,0,0.034470
4,25,<wchar>,1,0.077764
4,25,<wchar>,2,0.387887
4,25,<wchar>,3,0.032192
4,25,<wchar>,4,0.353019
4,25,<wchar>,5,0.114668
4,25,<word>,0,0.502724
4,25,<word>,1,0.497276
4,30,<field>,0,0.293700
4,30,<field>,1,0.706300
4,30,<fields>,0,0.484018
4,30,<fields>,1,0.515982
4,30,<qchar>,0,0.193656
4,30,<qchar>,1,0.339108
4,30,<qchar>,2,0.467236
4,30,<qchars>,0,0.418943
4,30,<qchars>,1,0.581057
4,30,<quoted>,0,1.000000
4,30,<row>,0,1.000000
4,30,<rows>,0,0.466490
4,30,<rows>,1,0.533510
4,30,<start>,0,1.000000
4,30,<unquoted>,0,0.477129
4,30,<unquoted>,1,0.522871
4,30,<wchar>,0,0.032612
4,30,<wchar>,1,0.055034
4,30,<wchar>,2,0.373877
4,30,<wchar>,3,0.015531
4,30,<wchar>,4,0.401678
4,30,<wchar>,5,0.121268
4,30,<word>,0,0.485698
4,30,<word>,1,0.514302
4,35,<field>,0,0.272799
4,35,<field>,1,0.727201
4,35,<fields>,0,0.481317
4,35,<fields>,1,0.518683
4,35,<qchar>,0,0.192678
4,35,<qchar>,1,0.308901
4,35,<qchar>,2,0.498421
4,35,<qchars>,0,0.378778
4,35,<qchars>,1,0.621222
4,35,<quoted>,0,1.000000
4,35,<row>,0,1.000000
4,35,<rows>,0,0.518030
4,35,<rows>,1,0.481970
4,35,<start>,0,1.000000
4,35,<unquoted>,0,0.474179
4,35,<unquoted>,1,0.525821
4,35,<wchar>,0,0.000000
4,35,<wchar>,1,0.049038
4,35,<wchar>,2,0.281205
4,35,<wchar>,3,0.007513
4,35,<wchar>,4,0.472197
4,35,<wchar>,5,0.190047
4,35,<word>,0,0.476518
4,35,<word>,1,0.523482
4,40,<field>,0,0.232494
4,40,<field>,1,0.767506
4,40,<fields>,0,0.443382
4,40,<fields>,1,0.556618
4,40,<qchar>,0,0.214163
4,40,<qchar>,1,0.225680
4,40,<qchar>,2,0.560157
4,40,<qchars>,0,0.391314
4,40,<qchars>,1,0.608686
4,40,<quoted>,0,1.000000
4,40,<row>,0,1.000000
4,40,<rows>,0,0.504222
4,40,<rows>,1,0.495778
4,40,<start>,0,1.000000
4,40,<unquoted>,0,0.464248
4,40,<unquoted>,1,0.535752
4,40,<wchar>,0,0.000000
4,40,<wchar>,1,0.062527
4,40,<wchar>,2,0.344704
4,40,<wchar>,3,0.008835
4,40,<wchar>,4,0.429693
4,40,<wchar>,5,0.154240
4,40,<word>,0,0.472159
4,40,<word>,1,0.527841
4,45,<field>,0,0.265396
4,45,<field>,1,0.734604
4,45,<fields>,0,0.503134
4,45,<fields>,1,0.496866
4,45,<qchar>,0,0.183638
4,45,<qchar>,1,0.304297
4,45,<qchar>,2,0.512065
4,45,<qchars>,0,0.368639
4,45,<qchars>,1,0.631361
4,45,<quoted>,0,1.000000
4,45,<row>,0,1.000000
4,45,<rows>,0,0.640823
4,45,<rows>,1,0.359177
4,45,<start>,0,1.000000
4,45,<unquoted>,0,0.465477
4,45,<unquoted>,1,0.534523
4,45,<wchar>,0,0.023988
4,45,<wchar>,1,0.066136
4,45,<wchar>,2,0.368793
4,45,<wchar>,3,0.035976
4,45,<wchar>,4,0.377498
4,45,<wchar>,5,0.127609
4,45,<word>,0,0.434601
4,45,<word>,1,0.565399
4,50,<field>,0,0.275635
4,50,<field>,1,0.724365
4,50,<fields>,0,0.478872
4,50,<fields>,1,0.521128
4,50,<qchar>,0,0.059737
4,50,<qchar>,1,0.393166
4,50,<qchar>,2,0.547097
4,50,<qchars>,0,0.323002
4,50,<qchars>,1,0.676998
4,50,<quoted>,0,1.000000
4,50,<row>,0,1.000000
4,50,<rows>,0,0.481459
4,50,<rows>,1,0.518541
4,50,<start>,0,1.000000
4,50,<unquoted>,0,0.429002
4,50,<unquoted>,1,0.570998
4,50,<wchar>,0,0.000978
4,50,<wchar>,1,0.083259
4,50,<wchar>,2,0.388278
4,50,<wchar>,3,0.009973
4,50,<wchar>,4,0.429477
4,50,<wchar>,5,0.088034
4,50,<word>,0,0.412109
4,50,<word>,1,0.587891
4,55,<field>,0,0.295634
4,55,<field>,1,0.704366
4,55,<fields>,0,0.519280
4,55,<fields>,1,0.480720
4,55,<qchar>,0,0.000000
4,55,<qchar>,1,0.444489
4,55,<qchar>,2,0.555511
4,55,<qchars>,0,0.358424
4,55,<qchars>,1,0.641576
4,55,<quoted>,0,1.000000
4,55,<row>,0,1.000000
4,55,<rows>,0,0.477971
4,55,<rows>,1,0.522029
4,55,<start>,0,1.000000
4,55,<unquoted>,0,0.439098
4,55,<unquoted>,1,0.560902
4,55,<wchar>,0,0.016604
4,55,<wchar>,1,0.000000
4,55,<wchar>,2,0.375204
4,55,<wchar>,3,0.005736
4,55,<wchar>,4,0.448155
4,55,<wchar>,5,0.154302
4,55,<word>,0,0.461757
4,55,<word>,1,0.538243
4,59,<field>,0,0.262038
4,59,<field>,1,0.737962
4,59,<fields>,0,0.513549
4,59,<fields>,1,0.486451
4,59,<qchar>,0,0.061922
4,59,<qchar>,1,0.402169
4,59,<qchar>,2,0.535908
4,59,<qchars>,0,0.335921
4,59,<qchars>,1,0.664079
4,59,<quoted>,0,1.000000
4,59,<row>,0,1.000000
4,59,<rows>,0,0.607641
4,59,<rows>,1,0.392359
4,59,<start>,0,1.000000
4,59,<unquoted>,0,0.426029
4,59,<unquoted>,1,0.573971
4,59,<wchar>,0,0.006691
4,59,<wchar>,1,0.011546
4,59,<wchar>,2,0.426419
4,59,<wchar>,3,0.005470
4,59,<wchar>,4,0.399137
4,59,<wchar>,5,0.150738
4,59,<word>,0,0.452102
4,59,<word>,1,0.547898
5,0,<field>,0,0.418579
5,0,<field>,1,0.581421
5,0,<fields>,0,0.497553
5,0,<fields>,1,0.502447
5,0,<qchar>,0,0.642559
5,0,<qchar>,1,0.167140
5,0,<qchar>,2,0.190301
5,0,<qchars>,0,0.258448
5,0,<qchars>,1,0.741552
5,0,<quoted>,0,1.000000
5,0,<row>,0,1.000000
5,0,<rows>,0,0.543390
5,0,<rows>,1,0.456610
5,0,<start>,0,1.000000
5,0,<unquoted>,0,0.505933
5,0,<unquoted>,1,0.494067
5,0,<wchar>,0,0.222382
5,0,<wchar>,1,0.082096
5,0,<wchar>,2,0.138953
5,0,<wchar>,3,0.223309
5,0,<wchar>,4,0.183399
5,0,<wchar>,5,0.149861
5,0,<word>,0,0.331005
5,0,<word>,1,0.668995
5,5,<field>,0,0.278054
5,5,<field>,1,0.721946
5,5,<fields>,0,0.429217
5,5,<fields>,1,0.570783
5,5,<qchar>,0,0.313445
5,5,<qchar>,1,0.296857
5,5,<qchar>,2,0.389697
5,5,<qchars>,0,0.417536
5,5,<qchars>,1,0.582464
5,5,<quoted>,0,1.000000
5,5,<row>,0,1.000000
5,5,<rows>,0,0.482569
5,5,<rows>,1,0.517431
5,5,<start>,0,1.000000
5,5,<unquoted>,0,0.507349
5,5,<unquoted>,1,0.492651
5,5,<wchar>,0,0.157420
5,5,<wchar>,1,0.236998
5,5,<wchar>,2,0.197591
5,5,<wchar>,3,0.004280
5,5,<wchar>,4,0.240271
5,5,<wchar>,5,0.163440
5,5,<word>,0,0.569137
5,5,<word>,1,0.430863
5,10,<field>,0,0.204858
5,10,<field>,1,0.795142
5,10,<fields>,0,0.411573
5,10,<fields>,1,0.588427
5,10,<qchar>,0,0.341328
5,10,<qchar>,1,0.120022
5,10,<qchar>,2,0.538650
5,10,<qchars>,0,0.377119
5,10,<qchars>,1,0.622881
5,10,<quoted>,0,1.000000
5,10,<row>,0,1.000000
5,10,<rows>,0,0.451979
5,10,<rows>,1,0.548021
5,10,<start>,0,1.000000
5,10,<unquoted>,0,0.411262
5,10,<unquoted>,1,0.588738
5,10,<wchar>,0,0.141298
5,10,<wchar>,1,0.117222
5,10,<wchar>,2,0.311619
5,10,<wchar>,3,0.035014
5,10,<wchar>,4,0.240133
5,10,<wchar>,5,0.154713
5,10,<word>,0,0.515478
5,10,<word>,1,0.484522
5,15,<field>,0,0.228947
5,15,<field>,1,0.771053
5,15,<fields>,0,0.393438
5,15,<fields>,1,0.606562
5,15,<qchar>,0,0.186439
5,15,<qchar>,1,0.084497
5,15,<qchar>,2,0.729064
5,15,<qchars>,0,0.392731
5,15,<qchars>,1,0.607269
5,15,<quoted>,0,1.000000
5,15,<row>,0,1.000000
5,15,<rows>,0,0.469654
5,15,<rows>,1,0.530346
5,15,<start>,0,1.000000
5,15,<unquoted>,0,0.519408
5,15,<unquoted>,1,0.480592
5,15,<wchar>,0,0.122808
5,15,<wchar>,1,0.100516
5,15,<wchar>,2,0.347416
5,15,<wchar>,3,0.037750
5,15,<wchar>,4,0.240169
5,15,<wchar>,5,0.151341
5,15,<word>,0,0.548986
5,15,<word>,1,0.451014
5,20,<field>,0,0.195478
5,20,<field>,1,0.804522
5,20,<fields>,0,0.413951
5,20,<fields>,1,0.586049
5,20,<qchar>,0,0.289934
5,20,<qchar>,1,0.143018
5,20,<qchar>,2,0.567047
5,20,<qchars>,0,0.351414
5,20,<qchars>,1,0.648586
5,20,<quoted>,0,1.000000
5,20,<row>,0,1.000000
5,20,<rows>,0,0.427950
5,20,<rows>,1,0.572050
5,20,<start>,0,1.000000
5,20,<unquoted>,0,0.409163
5,20,<unquoted>,1,0.590837
5,20,<wchar>,0,0.143266
5,20,<wchar>,1,0.000000
5,20,<wchar>,2,0.312496
5,20,<wchar>,3,0.047812
5,20,<wchar>,4,0.281203
5,20,<wchar>,5,0.215223
5,20,<word>,0,0.576994
5,20,<word>,1,0.423006
5,25,<field>,0,0.235897
5,25,<field>,1,0.764103
5,25,<fields>,0,0.421592
5,25,<fields>,1,0.578408
5,25,<qchar>,0,0.436312
5,25,<qchar>,1,0.000000
5,25,<qchar>,2,0.563688
5,25,<qchars>,0,0.359336
5,25,<qchars>,1,0.640664
5,25,<quoted>,0,1.000000
5,25,<row>,0,1.000000
5,25,<rows>,0,0.430684
5,25,<rows>,1,0.569316
5,25,<start>,0,1.000000
5,25,<unquoted>,0,0.408817
5,25,<unquoted>,1,0.591183
5,25,<wchar>,0,0.071778
5,25,<wchar>,1,0.000000
5,25,<wchar>,2,0.356246
5,25,<wchar>,3,0.025769
5,25,<wchar>,4,0.324437
5,25,<wchar>,5,0.221770
5,25,<word>,0,0.538202
5,25,<word>,1,0.461798
5,30,<field>,0,0.235479
5,30,<field>,1,0.764521
5,30,<fields>,0,0.394465
5,30,<fields>,1,0.605535
5,30,<qchar>,0,0.188392
5,30,<qchar>,1,0.161299
5,30,<qchar>,2,0.650309
5,30,<qchars>,0,0.355255
5,30,<qchars>,1,0.644745
5,30,<quoted>,0,1.000000
5,30,<row>,0,1.000000
5,30,<rows>,0,0.564613
5,30,<rows>,1,0.435387
5,30,<start>,0,1.000000
5,30,<unquoted>,0,0.411861
5,30,<unquoted>,1,0.588139
5,30,<wchar>,0,0.023652
5,30,<wchar>,1,0.000125
5,30,<wchar>,2,0.410583
5,30,<wchar>,3,0.000000
5,30,<wchar>,4,0.324212
5,30,<wchar>,5,0.241429
5,30,<word>,0,0.551699
5,30,<word>,1,0.448301
5,35,<field>,0,0.195829
5,35,<field>,1,0.804171
5,35,<fields>,0,0.415961
5,35,<fields>,1,0.584039
5,35,<qchar>,0,0.092011
5,35,<qchar>,1,0.208664
5,35,<qchar>,2,0.699325
5,35,<qchars>,0,0.336313
5,35,<qchars>,1,0.663687
5,35,<quoted>,0,1.000000
5,35,<row>,0,1.000000
5,35,<rows>,0,0.468954
5,35,<rows>,1,0.531046
5,35,<start>,0,1.000000
5,35,<unquoted>,0,0.415788
5,35,<unquoted>,1,0.584212
5,35,<wchar>,0,0.018728
5,35,<wchar>,1,0.016318
5,35,<wchar>,2,0.391253
5,35,<wchar>,3,0.020659
5,35,<wchar>,4,0.337510
5,35,<wchar>,5,0.215533
5,35,<word>,0,0.521409
5,35,<word>,1,0.478591
5,40,<field>,0,0.229571
5,40,<field>,1,0.770429
5,40,<fields>,0,0.408241
5,40,<fields>,1,0.591759
5,40,<qchar>,0,0.133278
5,40,<qchar>,1,0.090437
5,40,<qchar>,2,0.776285
5,40,<qchars>,0,0.319429
5,40,<qchars>,1,0.680571
5,40,<quoted>,0,1.000000
5,40,<row>,0,1.000000
5,40,<rows>,0,0.460521
5,40,<rows>,1,0.539479
5,40,<start>,0,1.000000
5,40,<unquoted>,0,0.417569
5,40,<unquoted>,1,0.582431
5,40,<wchar>,0,0.000000
5,40,<wchar>,1,0.013532
5,40,<wchar>,2,0.414079
5,40,<wchar>,3,0.038914
5,40,<wchar>,4,0.324139
5,40,<wchar>,5,0.209336
5,40,<word>,0,0.473250
5,40,<word>,1,0.526750
5,45,<field>,0,0.224602
5,45,<field>,1,0.775398
5,45,<fields>,0,0.434660
5,45,<fields>,1,0.565340
5,45,<qchar>,0,0.105998
5,45,<qchar>,1,0.086448
5,45,<qchar>,2,0.807554
5,45,<qchars>,0,0.293164
5,45,<qchars>,1,0.706836
5,45,<quoted>,0,1.000000
5,45,<row>,0,1.000000
5,45,<rows>,0,0.500085
5,45,<rows>,1,0.499915
5,45,<start>,0,1.000000
5,45,<unquoted>,0,0.415599
5,45,<unquoted>,1,0.584401
5,45,<wchar>,0,0.006043
5,45,<wchar>,1,0.000000
5,45,<wchar>,2,0.394709
5,45,<wchar>,3,0.031626
5,45,<wchar>,4,0.346667
5,45,<wchar>,5,0.220955
5,45,<word>,0,0.503364
5,45,<word>,1,0.496636
5,50,<field>,0,0.182684
5,50,<field>,1,0.817316
5,50,<fields>,0,0.427515
5,50,<fields>,1,0.572485
5,50,<qchar>,0,0.028229
5,50,<qchar>,1,0.031660
5,50,<qchar>,2,0.940111
5,50,<qchars>,0,0.302816
5,50,<qchars>,1,0.697184
5,50,<quoted>,0,1.000000
5,50,<row>,0,1.000000
5,50,<rows>,0,0.505845
5,50,<rows>,1,0.494155
5,50,<start>,0,1.000000
5,50,<unquoted>,0,0.405215
5,50,<unquoted>,1,0.594785
5,50,<wchar>,0,0.000000
5,50,<wchar>,1,0.009492
5,50,<wchar>,2,0.357743
5,50,<wchar>,3,0.019338
5,50,<wchar>,4,0.400462
5,50,<wchar>,5,0.212965
5,50,<word>,0,0.474617
5,50,<word>,1,0.525383
5,55,<field>,0,0.236837
5,55,<field>,1,0.763163
5,55,<fields>,0,0.421706
5,55,<fields>,1,0.578294
5,55,<qchar>,0,0.095221
5,55,<qchar>,1,0.085932
5,55,<qchar>,2,0.818848
5,55,<qchars>,0,0.299822
5,55,<qchars>,1,0.700178
5,55,<quoted>,0,1.000000
5,55,<row>,0,1.000000
5,55,<rows>,0,0.493715
5,55,<rows>,1,0.506285
5,55,<start>,0,1.000000
5,55,<unquoted>,0,0.413975
5,55,<unquoted>,1,0.586025
5,55,<wchar>,0,0.008174
5,55,<wchar>,1,0.005412
5,55,<wchar>,2,0.381660
5,55,<wchar>,3,0.010316
5,55,<wchar>,4,0.412598
5,55,<wchar>,5,0.181841
5,55,<word>,0,0.503592
5,55,<word>,1,0.496408
5,59,<field>,0,0.200457
5,59,<field>,1,0.799543
5,59,<fields>,0,0.428899
5,59,<fields>,1,0.571101
5,59,<qchar>,0,0.114341
5,59,<qchar>,1,0.062274
5,59,<qchar>,2,0.823384
5,59,<qchars>,0,0.274396
5,59,<qchars>,1,0.725604
5,59,<quoted>,0,1.000000
5,59,<row>,0,1.000000
5,59,<rows>,0,0.604302
5,59,<rows>,1,0.395698
5,59,<start>,0,1.000000
5,59,<unquoted>,0,0.409508
5,59,<unquoted>,1,0.590492
5,59,<wchar>,0,0.000000
5,59,<wchar>,1,0.000487
5,59,<wchar>,2,0.412694
5,59,<wchar>,3,0.005943
5,59,<wchar>,4,0.420548
5,59,<wchar>,5,0.160328
5,59,<word>,0,0.519199
5,59,<word>,1,0.480801
6,0,<field>,0,0.624558
6,0,<field>,1,0.375442
6,0,<fields>,0,0.528141
6,0,<fields>,1,0.471859
6,0,<qchar>,0,0.334867
6,0,<qchar>,1,0.360863
6,0,<qchar>,2,0.304270
6,0,<qchars>,0,0.289425
6,0,<qchars>,1,0.710575
6,0,<quoted>,0,1.000000
6,0,<row>,0,1.000000
6,0,<rows>,0,0.529893
6,0,<rows>,1,0.470107
6,0,<start>,0,1.000000
6,0,<unquoted>,0,0.615003
6,0,<unquoted>,1,0.384997
6,0,<wchar>,0,0.131182
6,0,<wchar>,1,0.074619
6,0,<wchar>,2,0.366865
6,0,<wchar>,3,0.143696
6,0,<wchar>,4,0.138007
6,0,<wchar>,5,0.145631
6,0,<word>,0,0.675657
6,0,<word>,1,0.324343
6,5,<field>,0,0.384925
6,5,<field>,1,0.615075
6,5,<fields>,0,0.427385
6,5,<fields>,1,0.572615
6,5,<qchar>,0,0.253838
6,5,<qchar>,1,0.246204
6,5,<qchar>,2,0.499958
6,5,<qchars>,0,0.338211
6,5,<qchars>,1,0.661789
6,5,<quoted>,0,1.000000
6,5,<row>,0,1.000000
6,5,<rows>,0,0.492030
6,5,<rows>,1,0.507970
6,5,<start>,0,1.000000
6,5,<unquoted>,0,0.424099
6,5,<unquoted>,1,0.575901
6,5,<wchar>,0,0.150263
6,5,<wchar>,1,0.202465
6,5,<wchar>,2,0.227253
6,5,<wchar>,3,0.067859
6,5,<wchar>,4,0.142280
6,5,<wchar>,5,0.209879
6,5,<word>,0,0.354999
6,5,<word>,1,0.645001
6,10,<field>,0,0.360670
6,10,<field>,1,0.639330
6,10,<fields>,0,0.480935
6,10,<fields>,1,0.519065
6,10,<qchar>,0,0.277541
6,10,<qchar>,1,0.352325
6,10,<qchar>,2,0.370135
6,10,<qchars>,0,0.355056
6,10,<qchars>,1,0.644944
6,10,<quoted>,0,1.000000
6,10,<row>,0,1.000000
6,10,<rows>,0,0.509076
6,10,<rows>,1,0.490924
6,10,<start>,0,1.000000
6,10,<unquoted>,0,0.372950
6,10,<unquoted>,1,0.627050
6,10,<wchar>,0,0.104907
6,10,<wchar>,1,0.166550
6,10,<wchar>,2,0.088007
6,10,<wchar>,3,0.056094
6,10,<wchar>,4,0.443672
6,10,<wchar>,5,0.140770
6,10,<word>,0,0.375648
6,10,<word>,1,0.624352
6,15,<field>,0,0.290630
6,15,<field>,1,0.709370
6,15,<fields>,0,0.446665
6,15,<fields>,1,0.553335
6,15,<qchar>,0,0.248380
6,15,<qchar>,1,0.294073
6,15,<qchar>,2,0.457548
6,15,<qchars>,0,0.264222
6,15,<qchars>,1,0.735778
6,15,<quoted>,0,1.000000
6,15,<row>,0,1.000000
6,15,<rows>,0,0.533646
6,15,<rows>,1,0.466354
6,15,<start>,0,1.000000
6,15,<unquoted>,0,0.432659
6,15,<unquoted>,1,0.567341
6,15,<wchar>,0,0.043579
6,15,<wchar>,1,0.124813
6,15,<wchar>,2,0.293782
6,15,<wchar>,3,0.062968
6,15,<wchar>,4,0.332189
6,15,<wchar>,5,0.142670
6,15,<word>,0,0.403730
6,15,<word>,1,0.596270
6,20,<field>,0,0.317457
6,20,<field>,1,0.682543
6,20,<fields>,0,0.498694
6,20,<fields>,1,0.501306
6,20,<qchar>,0,0.209108
6,20,<qchar>,1,0.310761
6,20,<qchar>,2,0.480131
6,20,<qchars>,0,0.222385
6,20,<qchars>,1,0.777615
6,20,<quoted>,0,1.000000
6,20,<row>,0,1.000000
6,20,<rows>,0,0.508681
6,20,<rows>,1,0.491319
6,20,<start>,0,1.000000
6,20,<unquoted>,0,0.386776
6,20,<unquoted>,1,0.613224
6,20,<wchar>,0,0.000000
6,20,<wchar>,1,0.127639
6,20,<wchar>,2,0.348101
6,20,<wchar>,3,0.000000
6,20,<wchar>,4,0.399674
6,20,<wchar>,5,0.124586
6,20,<word>,0,0.418620
6,20,<word>,1,0.581380
6,25,<field>,0,0.186443
6,25,<field>,1,0.813557
6,25,<fields>,0,0.482375
6,25,<fields>,1,0.517625
6,25,<qchar>,0,0.257306
6,25,<qchar>,1,0.338687
6,25,<qchar>,2,0.404006
6,25,<qchars>,0,0.225590
6,25,<qchars>,1,0.774410
6,25,<quoted>,0,1.000000
6,25,<row>,0,1.000000
6,25,<rows>,0,0.517680
6,25,<rows>,1,0.482320
6,25,<start>,0,1.000000
6,25,<unquoted>,0,0.434056
6,25,<unquoted>,1,0.565944
6,25,<wchar>,0,0.045582
6,25,<wchar>,1,0.048430
6,25,<wchar>,2,0.398791
6,25,<wchar>,3,0.008512
6,25,<wchar>,4,0.323505
6,25,<wchar>,5,0.175180
6,25,<word>,0,0.512168
6,25,<word>,1,0.487832
6,30,<field>,0,0.281806
6,30,<field>,1,0.718194
6,30,<fields>,0,0.499170
6,30,<fields>,1,0.500830
6,30,<qchar>,0,0.200351
6,30,<qchar>,1,0.323341
6,30,<qchar>,2,0.476307
6,30,<qchars>,0,0.211070
6,30,<qchars>,1,0.788930
6,30,<quoted>,0,1.000000
6,30,<row>,0,1.000000
6,30,<rows>,0,0.544025
6,30,<rows>,1,0.455975
6,30,<start>,0,1.000000
6,30,<unquoted>,0,0.414903
6,30,<unquoted>,1,0.585097
6,30,<wchar>,0,0.000000
6,30,<wchar>,1,0.006568
6,30,<wchar>,2,0.372809
6,30,<wchar>,3,0.027265
6,30,<wchar>,4,0.483471
6,30,<wchar>,5,0.109887
6,30,<word>,0,0.409703
6,30,<word>,1,0.590297
6,35,<field>,0,0.167176
6,35,<field>,1,0.832824
6,35,<fields>,0,0.489533
6,35,<fields>,1,0.510467
6,35,<qchar>,0,0.272432
6,35,<qchar>,1,0.318418
6,35,<qchar>,2,0.409150
6,35,<qchars>,0,0.185929
6,35,<qchars>,1,0.814071
6,35,<quoted>,0,1.000000
6,35,<row>,0,1.000000
6,35,<rows>,0,0.623710
6,35,<rows>,1,0.376290
6,35,<start>,0,1.000000
6,35,<unquoted>,0,0.394279
6,35,<unquoted>,1,0.605721
6,35,<wchar>,0,0.000737
6,35,<wchar>,1,0.000000
6,35,<wchar>,2,0.363286
6,35,<wchar>,3,0.026730
6,35,<wchar>,4,0.255809
6,35,<wchar>,5,0.353438
6,35,<word>,0,0.407397
6,35,<word>,1,0.592603
6,40,<field>,0,0.180263
6,40,<field>,1,0.819737
6,40,<fields>,0,0.456466
6,40,<fields>,1,0.543534
6,40,<qchar>,0,0.274772
6,40,<qchar>,1,0.295859
6,40,<qchar>,2,0.429370
6,40,<qchars>,0,0.197110
6,40,<qchars>,1,0.802890
6,40,<quoted>,0,1.000000
6,40,<row>,0,1.000000
6,40,<rows>,0,0.589927
6,40,<rows>,1,0.410073
6,40,<start>,0,1.000000
6,40,<unquoted>,0,0.378392
6,40,<unquoted>,1,0.621608
6,40,<wchar>,0,0.000000
6,40,<wchar>,1,0.007193
6,40,<wchar>,2,0.411668
6,40,<wchar>,3,0.016175
6,40,<wchar>,4,0.284536
6,40,<wchar>,5,0.280428
6,40,<word>,0,0.443971
6,40,<word>,1,0.556029
6,45,<field>,0,0.186063
6,45,<field>,1,0.813937
6,45,<fields>,0,0.437776
6,45,<fields>,1,0.562224
6,45,<qchar>,0,0.201884
6,45,<qchar>,1,0.287536
6,45,<qchar>,2,0.510580
6,45,<qchars>,0,0.202968
6,45,<qchars>,1,0.797032
6,45,<quoted>,0,1.000000
6,45,<row>,0,1.000000
6,45,<rows>,0,0.587985
6,45,<rows>,1,0.412015
6,45,<start>,0,1.000000
6,45,<unquoted>,0,0.355163
6,45,<unquoted>,1,0.644837
6,45,<wchar>,0,0.000000
6,45,<wchar>,1,0.012106
6,45,<wchar>,2,0.438506
6,45,<wchar>,3,0.017216
6,45,<wchar>,4,0.335446
6,45,<wchar>,5,0.196726
6,45,<word>,0,0.442420
6,45,<word>,1,0.557580
6,50,<field>,0,0.196370
6,50,<field>,1,0.803630
6,50,<fields>,0,0.435824
6,50,<fields>,1,0.564176
6,50,<qchar>,0,0.240719
6,50,<qchar>,1,0.282829
6,50,<qchar>,2,0.476452
6,50,<qchars>,0,0.231487
6,50,<qchars>,1,0.768513
6,50,<quoted>,0,1.000000
6,50,<row>,0,1.000000
6,50,<rows>,0,0.573275
6,50,<rows>,1,0.426725
6,50,<start>,0,1.000000
6,50,<unquoted>,0,0.360269
6,50,<unquoted>,1,0.639731
6,50,<wchar>,0,0.003655
6,50,<wchar>,1,0.000000
6,50,<wchar>,2,0.514857
6,50,<wchar>,3,0.009126
6,50,<wchar>,4,0.313331
6,50,<wchar>,5,0.159031
6,50,<word>,0,0.413017
6,50,<word>,1,0.586983
6,55,<field>,0,0.181703
6,55,<field>,1,0.818297
6,55,<fields>,0,0.453124
6,55,<fields>,1,0.546876
6,55,<qchar>,0,0.253098
6,55,<qchar>,1,0.275526
6,55,<qchar>,2,0.471376
6,55,<qchars>,0,0.201463
6,55,<qchars>,1,0.798537
6,55,<quoted>,0,1.000000
6,55,<row>,0,1.000000
6,55,<rows>,0,0.585106
6,55,<rows>,1,0.414894
6,55,<start>,0,1.000000
6,55,<unquoted>,0,0.381730
6,55,<unquoted>,1,0.618270
6,55,<wchar>,0,0.004343
6,55,<wchar>,1,0.006453
6,55,<wchar>,2,0.425919
6,55,<wchar>,3,0.004613
6,55,<wchar>,4,0.322760
6,55,<wchar>,5,0.235911
6,55,<word>,0,0.454162
6,55,<word>,1,0.545838
6,59,<field>,0,0.196358
6,59,<field>,1,0.803642
6,59,<fields>,0,0.463991
6,59,<fields>,1,0.536009
6,59,<qchar>,0,0.247956
6,59,<qchar>,1,0.283590
6,59,<qchar>,2,0.468454
6,59,<qchars>,0,0.181219
6,59,<qchars>,1,0.818781
6,59,<quoted>,0,1.000000
6,59,<row>,0,1.000000
6,59,<rows>,0,0.620899
6,59,<rows>,1,0.379101
6,59,<start>,0,1.000000
6,59,<unquoted>,0,0.382201
6,59,<unquoted>,1,0.617799
6,59,<wchar>,0,0.006717
6,59,<wchar>,1,0.000000
6,59,<wchar>,2,0.463810
6,59,<wchar>,3,0.002058
6,59,<wchar>,4,0.323572
6,59,<wchar>,5,0.203844
6,59,<word>,0,0.454730
6,59,<word>,1,0.545270
7,0,<field>,0,0.565341
7,0,<field>,1,0.434659
7,0,<fields>,0,0.411734
7,0,<fields>,1,0.588266
7,0,<qchar>,0,0.510003
7,0,<qchar>,1,0.146147
7,0,<qchar>,2,0.343849
7,0,<qchars>,0,0.453678
7,0,<qchars>,1,0.546322
7,0,<quoted>,0,1.000000
7,0,<row>,0,1.000000
7,0,<rows>,0,0.521289
7,0,<rows>,1,0.478711
7,0,<start>,0,1.000000
7,0,<unquoted>,0,0.223546
7,0,<unquoted>,1,0.776454
7,0,<wchar>,0,0.088915
7,0,<wchar>,1,0.278055
7,0,<wchar>,2,0.170408
7,0,<wchar>,3,0.218345
7,0,<wchar>,4,0.110971
7,0,<wchar>,5,0.133306
7,0,<word>,0,0.526209
7,0,<word>,1,0.473791
7,5,<field>,0,0.349294
7,5,<field>,1,0.650706
7,5,<fields>,0,0.451836
7,5,<fields>,1,0.548164
7,5,<qchar>,0,0.176795
7,5,<qchar>,1,0.314241
7,5,<qchar>,2,0.508964
7,5,<qchars>,0,0.367392
7,5,<qchars>,1,0.632608
7,5,<quoted>,0,1.000000
7,5,<row>,0,1.000000
7,5,<rows>,0,0.407166
7,5,<rows>,1,0.592834
7,5,<start>,0,1.000000
7,5,<unquoted>,0,0.403890
7,5,<unquoted>,1,0.596110
7,5,<wchar>,0,0.000000
7,5,<wchar>,1,0.180602
7,5,<wchar>,2,0.359053
7,5,<wchar>,3,0.170956
7,5,<wchar>,4,0.198736
7,5,<wchar>,5,0.090652
7,5,<word>,0,0.523567
7,5,<word>,1,0.476433
7,10,<field>,0,0.375617
7,10,<field>,1,0.624383
7,10,<fields>,0,0.469935
7,10,<fields>,1,0.530065
7,10,<qchar>,0,0.212693
7,10,<qchar>,1,0.397597
7,10,<qchar>,2,0.389710
7,10,<qchars>,0,0.431141
7,10,<qchars>,1,0.568859
7,10,<quoted>,0,1.000000
7,10,<row>,0,1.000000
7,10,<rows>,0,0.424902
7,10,<rows>,1,0.575098
7,10,<start>,0,1.000000
7,10,<unquoted>,0,0.413900
7,10,<unquoted>,1,0.586100
7,10,<wchar>,0,0.099477
7,10,<wchar>,1,0.075749
7,10,<wchar>,2,0.294299
7,10,<wchar>,3,0.111883
7,10,<wchar>,4,0.237987
7,10,<wchar>,5,0.180605
7,10,<word>,0,0.501906
7,10,<word>,1,0.498094
7,15,<field>,0,0.350675
7,15,<field>,1,0.649325
7,15,<fields>,0,0.469859
7,15,<fields>,1,0.530141
7,15,<qchar>,0,0.114399
7,15,<qchar>,1,0.348250
7,15,<qchar>,2,0.537350
7,15,<qchars>,0,0.393304
7,15,<qchars>,1,0.606696
7,15,<quoted>,0,1.000000
7,15,<row>,0,1.000000
7,15,<rows>,0,0.417594
7,15,<rows>,1,0.582406
7,15,<start>,0,1.000000
7,15,<unquoted>,0,0.473508
7,15,<unquoted>,1,0.526492
7,15,<wchar>,0,0.079353
7,15,<wchar>,1,0.065701
7,15,<wchar>,2,0.300932
7,15,<wchar>,3,0.136808
7,15,<wchar>,4,0.216547
7,15,<wchar>,5,0.200659
7,15,<word>,0,0.501388
7,15,<word>,1,0.498612
7,20,<field>,0,0.294661
7,20,<field>,1,0.705339
7,20,<fields>,0,0.463764
7,20,<fields>,1,0.536236
7,20,<qchar>,0,0.070681
7,20,<qchar>,1,0.355677
7,20,<qchar>,2,0.573643
7,20,<qchars>,0,0.397497
7,20,<qchars>,1,0.602503
7,20,<quoted>,0,1.000000
7,20,<row>,0,1.000000
7,20,<rows>,0,0.466161
7,20,<rows>,1,0.533839
7,20,<start>,0,1.000000
7,20,<unquoted>,0,0.410801
7,20,<unquoted>,1,0.589199
7,20,<wchar>,0,0.093893
7,20,<wchar>,1,0.052384
7,20,<wchar>,2,0.327905
7,20,<wchar>,3,0.068254
7,20,<wchar>,4,0.222415
7,20,<wchar>,5,0.235149
7,20,<word>,0,0.528523
7,20,<word>,1,0.471477
7,25,<field>,0,0.272259
7,25,<field>,1,0.727741
7,25,<fields>,0,0.434970
7,25,<fields>,1,0.565030
7,25,<qchar>,0,0.025050
7,25,<qchar>,1,0.413335
7,25,<qchar>,2,0.561615
7,25,<qchars>,0,0.303681
7,25,<qchars>,1,0.696319
7,25,<quoted>,0,1.000000
7,25,<row>,0,1.000000
7,25,<rows>,0,0.471825
7,25,<rows>,1,0.528175
7,25,<start>,0,1.000000
7,25,<unquoted>,0,0.435844
7,25,<unquoted>,1,0.564156
7,25,<wchar>,0,0.082930
7,25,<wchar>,1,0.016594
7,25,<wchar>,2,0.277094
7,25,<wchar>,3,0.110549
7,25,<wchar>,4,0.286669
7,25,<wchar>,5,0.226164
7,25,<word>,0,0.526053
7,25,<word>,1,0.473947
7,30,<field>,0,0.257509
7,30,<field>,1,0.742491
7,30,<fields>,0,0.476069
7,30,<fields>,1,0.523931
7,30,<qchar>,0,0.095778
7,30,<qchar>,1,0.365865
7,30,<qchar>,2,0.538357
7,30,<qchars>,0,0.332120
7,30,<qchars>,1,0.667880
7,30,<quoted>,0,1.000000
7,30,<row>,0,1.000000
7,30,<rows>,0,0.447507
7,30,<rows>,1,0.552493
7,30,<start>,0,1.000000
7,30,<unquoted>,0,0.409090
7,30,<unquoted>,1,0.590910
7,30,<wchar>,0,0.006672
7,30,<wchar>,1,0.000000
7,30,<wchar>,2,0.384404
7,30,<wchar>,3,0.051384
7,30,<wchar>,4,0.313234
7,30,<wchar>,5,0.244306
7,30,<word>,0,0.509778
7,30,<word>,1,0.490222
7,35,<field>,0,0.263128
7,35,<field>,1,0.736872
7,35,<fields>,0,0.439481
7,35,<fields>,1,0.560519
7,35,<qchar>,0,0.046510
7,35,<qchar>,1,0.329601
7,35,<qchar>,2,0.623889
7,35,<qchars>,0,0.289143
7,35,<qchars>,1,0.710857
7,35,<quoted>,0,1.000000
7,35,<row>,0,1.000000
7,35,<rows>,0,0.600515
7,35,<rows>,1,0.399485
7,35,<start>,0,1.000000
7,35,<unquoted>,0,0.426760
7,35,<unquoted>,1,0.573240
7,35,<wchar>,0,0.000000
7,35,<wchar>,1,0.035318
7,35,<wchar>,2,0.449991
7,35,<wchar>,3,0.000000
7,35,<wchar>,4,0.272893
7,35,<wchar>,5,0.241798
7,35,<word>,0,0.495470
7,35,<word>,1,0.504530
7,40,<field>,0,0.251343
7,40,<field>,1,0.748657
7,40,<fields>,0,0.439004
7,40,<fields>,1,0.560996
7,40,<qchar>,0,0.044143
7,40,<qchar>,1,0.355281
7,40,<qchar>,2,0.600575
7,40,<qchars>,0,0.287691
7,40,<qchars>,1,0.712309
7,40,<quoted>,0,1.000000
7,40,<row>,0,1.000000
7,40,<rows>,0,0.578448
7,40,<rows>,1,0.421552
7,40,<start>,0,1.000000
7,40,<unquoted>,0,0.446448
7,40,<unquoted>,1,0.553552
7,40,<wchar>,0,0.013152
7,40,<wchar>,1,0.035360
7,40,<wchar>,2,0.438528
7,40,<wchar>,3,0.010997
7,40,<wchar>,4,0.282785
7,40,<wchar>,5,0.219178
7,40,<word>,0,0.531122
7,40,<word>,1,0.468878
7,45,<field>,0,0.255763
7,45,<field>,1,0.744237
7,45,<fields>,0,0.416401
7,45,<fields>,1,0.583599
7,45,<qchar>,0,0.000000
7,45,<qchar>,1,0.383600
7,45,<qchar>,2,0.616400
7,45,<qchars>,0,0.257227
7,45,<qchars>,1,0.742773
7,45,<quoted>,0,1.000000
7,45,<row>,0,1.000000
7,45,<rows>,0,0.630581
7,45,<rows>,1,0.369419
7,45,<start>,0,1.000000
7,45,<unquoted>,0,0.428455
7,45,<unquoted>,1,0.571545
7,45,<wchar>,0,0.000000
7,45,<wchar>,1,0.035256
7,45,<wchar>,2,0.399190
7,45,<wchar>,3,0.036917
7,45,<wchar>,4,0.290780
7,45,<wchar>,5,0.237856
7,45,<word>,0,0.514927
7,45,<word>,1,0.485073
7,50,<field>,0,0.242209
7,50,<field>,1,0.757791
7,50,<fields>,0,0.414803
7,50,<fields>,1,0.585197
7,50,<qchar>,0,0.000000
7,50,<qchar>,1,0.375404
7,50,<qchar>,2,0.624596
7,50,<qchars>,0,0.268401
7,50,<qchars>,1,0.731599
7,50,<quoted>,0,1.000000
7,50,<row>,0,1.000000
7,50,<rows>,0,0.613255
7,50,<rows>,1,0.386745
7,50,<start>,0,1.000000
7,50,<unquoted>,0,0.436975
7,50,<unquoted>,1,0.563025
7,50,<wchar>,0,0.002713
7,50,<wchar>,1,0.040372
7,50,<wchar>,2,0.384770
7,50,<wchar>,3,0.011039
7,50,<wchar>,4,0.334255
7,50,<wchar>,5,0.226851
7,50,<word>,0,0.495848
7,50,<word>,1,0.504152
7,55,<field>,0,0.250752
7,55,<field>,1,0.749248
7,55,<fields>,0,0.406727
7,55,<fields>,1,0.593273
7,55,<qchar>,0,0.033700
7,55,<qchar>,1,0.294990
7,55,<qchar>,2,0.671310
7,55,<qchars>,0,0.237994
7,55,<qchars>,1,0.762006
7,55,<quoted>,0,1.000000
7,55,<row>,0,1.000000
7,55,<rows>,0,0.648753
7,55,<rows>,1,0.351247
7,55,<start>,0,1.000000
7,55,<unquoted>,0,0.436245
7,55,<unquoted>,1,0.563755
7,55,<wchar>,0,0.000000
7,55,<wchar>,1,0.034857
7,55,<wchar>,2,0.399247
7,55,<wchar>,3,0.022358
7,55,<wchar>,4,0.301819
7,55,<wchar>,5,0.241719
7,55,<word>,0,0.505440
7,55,<word>,1,0.494560
7,59,<field>,0,0.222727
7,59,<field>,1,0.777273
7,59,<fields>,0,0.413765
7,59,<fields>,1,0.586235
7,59,<qchar>,0,0.023621
7,59,<qchar>,1,0.299865
7,59,<qchar>,2,0.676515
7,59,<qchars>,0,0.246327
7,59,<qchars>,1,0.753673
7,59,<quoted>,0,1.000000
7,59,<row>,0,1.000000
7,59,<rows>,0,0.700968
7,59,<rows>,1,0.299032
7,59,<start>,0,1.000000
7,59,<unquoted>,0,0.372685
7,59,<unquoted>,1,0.627315
7,59,<wchar>,0,0.003143
7,59,<wchar>,1,0.047765
7,59,<wchar>,2,0.388994
7,59,<wchar>,3,0.017841
7,59,<wchar>,4,0.319172
7,59,<wchar>,5,0.223085
7,59,<word>,0,0.513321
7,59,<word>,1,0.486679
8,0,<field>,0,0.598929
8,0,<field>,1,0.401071
8,0,<fields>,0,0.666121
8,0,<fields>,1,0.333879
8,0,<qchar>,0,0.509078
8,0,<qchar>,1,0.276312
8,0,<qchar>,2,0.214609
8,0,<qchars>,0,0.514316
8,0,<qchars>,1,0.485684
8,0,<quoted>,0,1.000000
8,0,<row>,0,1.000000
8,0,<rows>,0,0.696918
8,0,<rows>,1,0.303082
8,0,<start>,0,1.000000
8,0,<unquoted>,0,0.325843
8,0,<unquoted>,1,0.674157
8,0,<wchar>,0,0.183737
8,0,<wchar>,1,0.193564
8,0,<wchar>,2,0.205628
8,0,<wchar>,3,0.206063
8,0,<wchar>,4,0.133588
8,0,<wchar>,5,0.077421
8,0,<word>,0,0.360410
8,0,<word>,1,0.639590
8,5,<field>,0,0.291058
8,5,<field>,1,0.708942
8,5,<fields>,0,0.548777
8,5,<fields>,1,0.451223
8,5,<qchar>,0,0.358998
8,5,<qchar>,1,0.283892
8,5,<qchar>,2,0.357110
8,5,<qchars>,0,0.414563
8,5,<qchars>,1,0.585437
8,5,<quoted>,0,1.000000
8,5,<row>,0,1.000000
8,5,<rows>,0,0.502533
8,5,<rows>,1,0.497467
8,5,<start>,0,1.000000
8,5,<unquoted>,0,0.416450
8,5,<unquoted>,1,0.583550
8,5,<wchar>,0,0.044668
8,5,<wchar>,1,0.145719
8,5,<wchar>,2,0.312482
8,5,<wchar>,3,0.100511
8,5,<wchar>,4,0.185658
8,5,<wchar>,5,0.210962
8,5,<word>,0,0.461032
8,5,<word>,1,0.538968
8,10,<field>,0,0.270281
8,10,<field>,1,0.729719
8,10,<fields>,0,0.526104
8,10,<fields>,1,0.473896
8,10,<qchar>,0,0.268789
8,10,<qchar>,1,0.311190
8,10,<qchar>,2,0.420021
8,10,<qchars>,0,0.388657
8,10,<qchars>,1,0.611343
8,10,<quoted>,0,1.000000
8,10,<row>,0,1.000000
8,10,<rows>,0,0.476458
8,10,<rows>,1,0.523542
8,10,<start>,0,1.000000
8,10,<unquoted>,0,0.441930
8,10,<unquoted>,1,0.558070
8,10,<wchar>,0,0.064139
8,10,<wchar>,1,0.112411
8,10,<wchar>,2,0.288981
8,10,<wchar>,3,0.105065
8,10,<wchar>,4,0.216043
8,10,<wchar>,5,0.213362
8,10,<word>,0,0.548076
8,10,<word>,1,0.451924
8,15,<field>,0,0.264608
8,15,<field>,1,0.735392
8,15,<fields>,0,0.486523
8,15,<fields>,1,0.513477
8,15,<qchar>,0,0.299681
8,15,<qchar>,1,0.336246
8,15,<qchar>,2,0.364073
8,15,<qchars>,0,0.406098
8,15,<qchars>,1,0.593902
8,15,<quoted>,0,1.000000
8,15,<row>,0,1.000000
8,15,<rows>,0,0.413132
8,15,<rows>,1,0.586868
8,15,<start>,0,1.000000
8,15,<unquoted>,0,0.434562
8,15,<unquoted>,1,0.565438
8,15,<wchar>,0,0.044177
8,15,<wchar>,1,0.083965
8,15,<wchar>,2,0.358404
8,15,<wchar>,3,0.086626
8,15,<wchar>,4,0.195362
8,15,<wchar>,5,0.231465
8,15,<word>,0,0.526245
8,15,<word>,1,0.473755
8,20,<field>,0,0.299057
8,20,<field>,1,0.700943
8,20,<fields>,0,0.463675
8,20,<fields>,1,0.536325
8,20,<qchar>,0,0.322798
8,20,<qchar>,1,0.314299
8,20,<qchar>,2,0.362903
8,20,<qchars>,0,0.388929
8,20,<qchars>,1,0.611071
8,20,<quoted>,0,1.000000
8,20,<row>,0,1.000000
8,20,<rows>,0,0.446819
8,20,<rows>,1,0.553181
8,20,<start>,0,1.000000
8,20,<unquoted>,0,0.468162
8,20,<unquoted>,1,0.531838
8,20,<wchar>,0,0.018037
8,20,<wchar>,1,0.085031
8,20,<wchar>,2,0.351768
8,20,<wchar>,3,0.052902
8,20,<wchar>,4,0.260990
8,20,<wchar>,5,0.231272
8,20,<word>,0,0.471037
8,20,<word>,1,0.528963
8,25,<field>,0,0.281885
8,25,<field>,1,0.718115
8,25,<fields>,0,0.485389
8,25,<fields>,1,0.514611
8,25,<qchar>,0,0.000000
8,25,<qchar>,1,0.484852
8,25,<qchar>,2,0.515148
8,25,<qchars>,0,0.319789
8,25,<qchars>,1,0.680211
8,25,<quoted>,0,1.000000
8,25,<row>,0,1.000000
8,25,<rows>,0,0.464420
8,25,<rows>,1,0.535580
8,25,<start>,0,1.000000
8,25,<unquoted>,0,0.458177
8,25,<unquoted>,1,0.541823
8,25,<wchar>,0,0.030727
8,25,<wchar>,1,0.064726
8,25,<wchar>,2,0.310093
8,25,<wchar>,3,0.027073
8,25,<wchar>,4,0.288457
8,25,<wchar>,5,0.278923
8,25,<word>,0,0.508166
8,25,<word>,1,0.491834
8,30,<field>,0,0.259825
8,30,<field>,1,0.740175
8,30,<fields>,0,0.513794
8,30,<fields>,1,0.486206
8,30,<qchar>,0,0.250078
8,30,<qchar>,1,0.323550
8,30,<qchar>,2,0.426372
8,30,<qchars>,0,0.284348
8,30,<qchars>,1,0.715652
8,30,<quoted>,0,1.000000
8,30,<row>,0,1.000000
8,30,<rows>,0,0.460396
8,30,<rows>,1,0.539604
8,30,<start>,0,1.000000
8,30,<unquoted>,0,0.414933
8,30,<unquoted>,1,0.585067
8,30,<wchar>,0,0.065302
8,30,<wchar>,1,0.018946
8,30,<wchar>,2,0.339966
8,30,<wchar>,3,0.025137
8,30,<wchar>,4,0.262984
8,30,<wchar>,5,0.287664
8,30,<word>,0,0.465128
8,30,<word>,1,0.534872
8,35,<field>,0,0.259287
8,35,<field>,1,0.740713
8,35,<fields>,0,0.479350
8,35,<fields>,1,0.520650
8,35,<qchar>,0,0.279692
8,35,<qchar>,1,0.357311
8,35,<qchar>,2,0.362996
8,35,<qchars>,0,0.321849
8,35,<qchars>,1,0.678151
8,35,<quoted>,0,1.000000
8,35,<row>,0,1.000000
8,35,<rows>,0,0.474851
8,35,<rows>,1,0.525149
8,35,<start>,0,1.000000
8,35,<unquoted>,0,0.474005
8,35,<unquoted>,1,0.525995
8,35,<wchar>,0,0.024246
8,35,<wchar>,1,0.063687
8,35,<wchar>,2,0.340721
8,35,<wchar>,3,0.107808
8,35,<wchar>,4,0.256727
8,35,<wchar>,5,0.206811
8,35,<word>,0,0.483197
8,35,<word>,1,0.516803
8,40,<field>,0,0.251336
8,40,<field>,1,0.748664
8,40,<fields>,0,0.453585
8,40,<fields>,1,0.546415
8,40,<qchar>,0,0.197642
8,40,<qchar>,1,0.325963
8,40,<qchar>,2,0.476396
8,40,<qchars>,0,0.320703
8,40,<qchars>,1,0.679297
8,40,<quoted>,0,1.000000
8,40,<row>,0,1.000000
8,40,<rows>,0,0.500328
8,40,<rows>,1,0.499672
8,40,<start>,0,1.000000
8,40,<unquoted>,0,0.470407
8,40,<unquoted>,1,0.529593
8,40,<wchar>,0,0.013686
8,40,<wchar>,1,0.032293
8,40,<wchar>,2,0.370222
8,40,<wchar>,3,0.071041
8,40,<wchar>,4,0.312813
8,40,<wchar>,5,0.199945
8,40,<word>,0,0.524721
8,40,<word>,1,0.475279
8,45,<field>,0,0.260962
8,45,<field>,1,0.739038
8,45,<fields>,0,0.487409
8,45,<fields>,1,0.512591
8,45,<qchar>,0,0.190282
8,45,<qchar>,1,0.376813
8,45,<qchar>,2,0.432905
8,45,<qchars>,0,0.278663
8,45,<qchars>,1,0.721337
8,45,<quoted>,0,1.000000
8,45,<row>,0,1.000000
8,45,<rows>,0,0.573139
8,45,<rows>,1,0.426861
8,45,<start>,0,1.000000
8,45,<unquoted>,0,0.442559
8,45,<unquoted>,1,0.557441
8,45,<wchar>,0,0.030255
8,45,<wchar>,1,0.036517
8,45,<wchar>,2,0.359653
8,45,<wchar>,3,0.069849
8,45,<wchar>,4,0.256911
8,45,<wchar>,5,0.246815
8,45,<word>,0,0.547680
8,45,<word>,1,0.452320
8,50,<field>,0,0.238311
8,50,<field>,1,0.761689
8,50,<fields>,0,0.484706
8,50,<fields>,1,0.515294
8,50,<qchar>,0,0.216036
8,50,<qchar>,1,0.336897
8,50,<qchar>,2,0.447068
8,50,<qchars>,0,0.230455
8,50,<qchars>,1,0.769545
8,50,<quoted>,0,1.000000
8,50,<row>,0,1.000000
8,50,<rows>,0,0.494835
8,50,<rows>,1,0.505165
8,50,<start>,0,1.000000
8,50,<unquoted>,0,0.445783
8,50,<unquoted>,1,0.554217
8,50,<wchar>,0,0.024190
8,50,<wchar>,1,0.017782
8,50,<wchar>,2,0.350221
8,50,<wchar>,3,0.066170
8,50,<wchar>,4,0.301454
8,50,<wchar>,5,0.240183
8,50,<word>,0,0.511624
8,50,<word>,1,0.488376
8,55,<field>,0,0.198772
8,55,<field>,1,0.801228
8,55,<fields>,0,0.465791
8,55,<fields>,1,0.534209
8,55,<qchar>,0,0.176922
8,55,<qchar>,1,0.371108
8,55,<qchar>,2,0.451970
8,55,<qchars>,0,0.208034
8,55,<qchars>,1,0.791966
8,55,<quoted>,0,1.000000
8,55,<row>,0,1.000000
8,55,<rows>,0,0.521587
8,55,<rows>,1,0.478413
8,55,<start>,0,1.000000
8,55,<unquoted>,0,0.447999
8,55,<unquoted>,1,0.552001
8,55,<wchar>,0,0.008767
8,55,<wchar>,1,0.022981
8,55,<wchar>,2,0.404934
8,55,<wchar>,3,0.050373
8,55,<wchar>,4,0.320114
8,55,<wchar>,5,0.192830
8,55,<word>,0,0.528969
8,55,<word>,1,0.471031
8,59,<field>,0,0.245277
8,59,<field>,1,0.754723
8,59,<fields>,0,0.469827
8,59,<fields>,1,0.530173
8,59,<qchar>,0,0.222743
8,59,<qchar>,1,0.378047
8,59,<qchar>,2,0.399209
8,59,<qchars>,0,0.230330
8,59,<qchars>,1,0.769670
8,59,<quoted>,0,1.000000
8,59,<row>,0,1.000000
8,59,<rows>,0,0.553693
8,59,<rows>,1,0.446307
8,59,<start>,0,1.000000
8,59,<unquoted>,0,0.448223
8,59,<unquoted>,1,0.551777
8,59,<wchar>,0,0.011037
8,59,<wchar>,1,0.015880
8,59,<wchar>,2,0.372740
8,59,<wchar>,3,0.095087
8,59,<wchar>,4,0.293924
8,59,<wchar>,5,0.211332
8,59,<word>,0,0.502795
8,59,<word>,1,0.497205
9,0,<field>,0,0.599622
9,0,<field>,1,0.400378
9,0,<fields>,0,0.326668
9,0,<fields>,1,0.673332
9,0,<qchar>,0,0.360053
9,0,<qchar>,1,0.290958
9,0,<qchar>,2,0.348989
9,0,<qchars>,0,0.388707
9,0,<qchars>,1,0.611293
9,0,<quoted>,0,1.000000
9,0,<row>,0,1.000000
9,0,<rows>,0,0.629515
9,0,<rows>,1,0.370485
9,0,<start>,0,1.000000
9,0,<unquoted>,0,0.485799
9,0,<unquoted>,1,0.514201
9,0,<wchar>,0,0.181204
9,0,<wchar>,1,0.173044
9,0,<wchar>,2,0.155912
9,0,<wchar>,3,0.175266
9,0,<wchar>,4,0.176566
9,0,<wchar>,5,0.138009
9,0,<word>,0,0.719793
9,0,<word>,1,0.280207
9,5,<field>,0,0.282708
9,5,<field>,1,0.717292
9,5,<fields>,0,0.412638
9,5,<fields>,1,0.587362
9,5,<qchar>,0,0.635864
9,5,<qchar>,1,0.088646
9,5,<qchar>,2,0.275491
9,5,<qchars>,0,0.537366
9,5,<qchars>,1,0.462634
9,5,<quoted>,0,1.000000
9,5,<row>,0,1.000000
9,5,<rows>,0,0.473170
9,5,<rows>,1,0.526830
9,5,<start>,0,1.000000
9,5,<unquoted>,0,0.435694
9,5,<unquoted>,1,0.564306
9,5,<wchar>,0,0.185554
9,5,<wchar>,1,0.145744
9,5,<wchar>,2,0.141758
9,5,<wchar>,3,0.156818
9,5,<wchar>,4,0.209992
9,5,<wchar>,5,0.160134
9,5,<word>,0,0.416452
9,5,<word>,1,0.583548
9,10,<field>,0,0.320148
9,10,<field>,1,0.679852
9,10,<fields>,0,0.473153
9,10,<fields>,1,0.526847
9,10,<qchar>,0,0.376185
9,10,<qchar>,1,0.314929
9,10,<qchar>,2,0.308885
9,10,<qchars>,0,0.529520
9,10,<qchars>,1,0.470480
9,10,<quoted>,0,1.000000
9,10,<row>,0,1.000000
9,10,<rows>,0,0.388530
9,10,<rows>,1,0.611470
9,10,<start>,0,1.000000
9,10,<unquoted>,0,0.461278
9,10,<unquoted>,1,0.538722
9,10,<wchar>,0,0.149530
9,10,<wchar>,1,0.092725
9,10,<wchar>,2,0.182458
9,10,<wchar>,3,0.097896
9,10,<wchar>,4,0.277799
9,10,<wchar>,5,0.199591
9,10,<word>,0,0.368809
9,10,<word>,1,0.631191
9,15,<field>,0,0.289025
9,15,<field>,1,0.710975
9,15,<fields>,0,0.544731
9,15,<fields>,1,0.455269
9,15,<qchar>,0,0.500685
9,15,<qchar>,1,0.074426
9,15,<qchar>,2,0.424890
9,15,<qchars>,0,0.520713
9,15,<qchars>,1,0.479287
9,15,<quoted>,0,1.000000
9,15,<row>,0,1.000000
9,15,<rows>,0,0.429832
9,15,<rows>,1,0.570168
9,15,<start>,0,1.000000
9,15,<unquoted>,0,0.392776
9,15,<unquoted>,1,0.607224
9,15,<wchar>,0,0.118327
9,15,<wchar>,1,0.001839
9,15,<wchar>,2,0.299675
9,15,<wchar>,3,0.038027
9,15,<wchar>,4,0.298416
9,15,<wchar>,5,0.243717
9,15,<word>,0,0.446196
9,15,<word>,1,0.553804
9,20,<field>,0,0.213961
9,20,<field>,1,0.786039
9,20,<fields>,0,0.523660
9,20,<fields>,1,0.476340
9,20,<qchar>,0,0.000000
9,20,<qchar>,1,0.166897
9,20,<qchar>,2,0.833103
9,20,<qchars>,0,0.495215
9,20,<qchars>,1,0.504785
9,20,<quoted>,0,1.000000
9,20,<row>,0,1.000000
9,20,<rows>,0,0.393550
9,20,<rows>,1,0.606450
9,20,<start>,0,1.000000
9,20,<unquoted>,0,0.407813
9,20,<unquoted>,1,0.592187
9,20,<wchar>,0,0.026725
9,20,<wchar>,1,0.069934
9,20,<wchar>,2,0.333878
9,20,<wchar>,3,0.116725
9,20,<wchar>,4,0.315927
9,20,<wchar>,5,0.136811
9,20,<word>,0,0.377307
9,20,<word>,1,0.622693
9,25,<field>,0,0.217611
9,25,<field>,1,0.782389
9,25,<fields>,0,0.497204
9,25,<fields>,1,0.502796
9,25,<qchar>,0,0.063907
9,25,<qchar>,1,0.091705
9,25,<qchar>,2,0.844388
9,25,<qchars>,0,0.476138
9,25,<qchars>,1,0.523862
9,25,<quoted>,0,1.000000
9,25,<row>,0,1.000000
9,25,<rows>,0,0.382432
9,25,<rows>,1,0.617568
9,25,<start>,0,1.000000
9,25,<unquoted>,0,0.417315
9,25,<unquoted>,1,0.582685
9,25,<wchar>,0,0.009779
9,25,<wchar>,1,0.005274
9,25,<wchar>,2,0.329898
9,25,<wchar>,3,0.119837
9,25,<wchar>,4,0.338402
9,25,<wchar>,5,0.196811
9,25,<word>,0,0.360650
9,25,<word>,1,0.639350
9,30,<field>,0,0.225408
9,30,<field>,1,0.774592
9,30,<fields>,0,0.484582
9,30,<fields>,1,0.515418
9,30,<qchar>,0,0.191420
9,30,<qchar>,1,0.062576
9,30,<qchar>,2,0.746004
9,30,<qchars>,0,0.473017
9,30,<qchars>,1,0.526983
9,30,<quoted>,0,1.000000
9,30,<row>,0,1.000000
9,30,<rows>,0,0.387226
9,30,<rows>,1,0.612774
9,30,<start>,0,1.000000
9,30,<unquoted>,0,0.435062
9,30,<unquoted>,1,0.564938
9,30,<wchar>,0,0.000743
9,30,<wchar>,1,0.027473
9,30,<wchar>,2,0.380304
9,30,<wchar>,3,0.000000
9,30,<wchar>,4,0.320917
9,30,<wchar>,5,0.270563
9,30,<word>,0,0.407981
9,30,<word>,1,0.592019
9,35,<field>,0,0.210118
9,35,<field>,1,0.789882
9,35,<fields>,0,0.514793
9,35,<fields>,1,0.485207
9,35,<qchar>,0,0.164495
9,35,<qchar>,1,0.008579
9,35,<qchar>,2,0.826926
9,35,<qchars>,0,0.450012
9,35,<qchars>,1,0.549988
9,35,<quoted>,0,1.000000
9,35,<row>,0,1.000000
9,35,<rows>,0,0.400042
9,35,<rows>,1,0.599958
9,35,<start>,0,1.000000
9,35,<unquoted>,0,0.447687
9,35,<unquoted>,1,0.552313
9,35,<wchar>,0,0.000657
9,35,<wchar>,1,0.006583
9,35,<wchar>,2,0.395585
9,35,<wchar>,3,0.043844
9,35,<wchar>,4,0.352670
9,35,<wchar>,5,0.200661
9,35,<word>,0,0.402377
9,35,<word>,1,0.597623
9,40,<field>,0,0.251111
9,40,<field>,1,0.748889
9,40,<fields>,0,0.518170
9,40,<fields>,1,0.481830
9,40,<qchar>,0,0.119348
9,40,<qchar>,1,0.046377
9,40,<qchar>,2,0.834274
9,40,<qchars>,0,0.453762
9,40,<qchars>,1,0.546238
9,40,<quoted>,0,1.000000
9,40,<row>,0,1.000000
9,40,<rows>,0,0.422228
9,40,<rows>,1,0.577772
9,40,<start>,0,1.000000
9,40,<unquoted>,0,0.455980
9,40,<unquoted>,1,0.544020
9,40,<wchar>,0,0.002887
9,40,<wchar>,1,0.028046
9,40,<wchar>,2,0.380982
9,40,<wchar>,3,0.022606
9,40,<wchar>,4,0.356970
9,40,<wchar>,5,0.208509
9,40,<word>,0,0.372523
9,40,<word>,1,0.627477
9,45,<field>,0,0.211656
9,45,<field>,1,0.788344
9,45,<fields>,0,0.502205
9,45,<fields>,1,0.497795
9,45,<qchar>,0,0.134048
9,45,<qchar>,1,0.074929
9,45,<qchar>,2,0.791023
9,45,<qchars>,0,0.462538
9,45,<qchars>,1,0.537462
9,45,<quoted>,0,1.000000
9,45,<row>,0,1.000000
9,45,<rows>,0,0.413775
9,45,<rows>,1,0.586225
9,45,<start>,0,1.000000
9,45,<unquoted>,0,0.441681
9,45,<unquoted>,1,0.558319
9,45,<wchar>,0,0.000000
9,45,<wchar>,1,0.008473
9,45,<wchar>,2,0.383629
9,45,<wchar>,3,0.004467
9,45,<wchar>,4,0.369268
9,45,<wchar>,5,0.234163
9,45,<word>,0,0.360449
9,45,<word>,1,0.639551
9,50,<field>,0,0.203265
9,50,<field>,1,0.796735
9,50,<fields>,0,0.512879
9,50,<fields>,1,0.487121
9,50,<qchar>,0,0.001690
9,50,<qchar>,1,0.037725
9,50,<qchar>,2,0.960585
9,50,<qchars>,0,0.339875
9,50,<qchars>,1,0.660125
9,50,<quoted>,0,1.000000
9,50,<row>,0,1.000000
9,50,<rows>,0,0.420978
9,50,<rows>,1,0.579022
9,50,<start>,0,1.000000
9,50,<unquoted>,0,0.463089
9,50,<unquoted>,1,0.536911
9,50,<wchar>,0,0.001734
9,50,<wchar>,1,0.020063
9,50,<wchar>,2,0.382963
9,50,<wchar>,3,0.003322
9,50,<wchar>,4,0.362919
9,50,<wchar>,5,0.229000
9,50,<word>,0,0.412837
9,50,<word>,1,0.587163
9,55,<field>,0,0.205163
9,55,<field>,1,0.794837
9,55,<fields>,0,0.514140
9,55,<fields>,1,0.485860
9,55,<qchar>,0,0.137338
9,55,<qchar>,1,0.008163
9,55,<qchar>,2,0.854499
9,55,<qchars>,0,0.436997
9,55,<qchars>,1,0.563003
9,55,<quoted>,0,1.000000
9,55,<row>,0,1.000000
9,55,<rows>,0,0.429135
9,55,<rows>,1,0.570865
9,55,<start>,0,1.000000
9,55,<unquoted>,0,0.441634
9,55,<unquoted>,1,0.558366
9,55,<wchar>,0,0.009063
9,55,<wchar>,1,0.008700
9,55,<wchar>,2,0.383231
9,55,<wchar>,3,0.001839
9,55,<wchar>,4,0.403966
9,55,<wchar>,5,0.193201
9,55,<word>,0,0.381167
9,55,<word>,1,0.618833
9,59,<field>,0,0.209410
9,59,<field>,1,0.790590
9,59,<fields>,0,0.512534
9,59,<fields>,1,0.487466
9,59,<qchar>,0,0.129282
9,59,<qchar>,1,0.043957
9,59,<qchar>,2,0.826761
9,59,<qchars>,0,0.406021
9,59,<qchars>,1,0.593979
9,59,<quoted>,0,1.000000
9,59,<row>,0,1.000000
9,59,<rows>,0,0.432466
9,59,<rows>,1,0.567534
9,59,<start>,0,1.000000
9,59,<unquoted>,0,0.435247
9,59,<unquoted>,1,0.564753
9,59,<wchar>,0,0.005543
9,59,<wchar>,1,0.011012
9,59,<wchar>,2,0.395949
9,59,<wchar>,3,0.000000
9,59,<wchar>,4,0.392770
9,59,<wchar>,5,0.194726
9,59,<word>,0,0.393548
9,59,<word>,1,0.606452
10,0,<field>,0,0.481783
10,0,<field>,1,0.518217
10,0,<fields>,0,0.586041
10,0,<fields>,1,0.413959
10,0,<qchar>,0,0.464195
10,0,<qchar>,1,0.372629
10,0,<qchar>,2,0.163176
10,0,<qchars>,0,0.662689
10,0,<qchars>,1,0.337311
10,0,<quoted>,0,1.000000
10,0,<row>,0,1.000000
10,0,<rows>,0,0.675272
10,0,<rows>,1,0.324728
10,0,<start>,0,1.000000
10,0,<unquoted>,0,0.222886
10,0,<unquoted>,1,0.777114
10,0,<wchar>,0,0.163724
10,0,<wchar>,1,0.148139
10,0,<wchar>,2,0.145002
10,0,<wchar>,3,0.198197
10,0,<wchar>,4,0.234833
10,0,<wchar>,5,0.110105
10,0,<word>,0,0.190955
10,0,<word>,1,0.809045
10,5,<field>,0,0.407619
10,5,<field>,1,0.592381
10,5,<fields>,0,0.419025
10,5,<fields>,1,0.580975
10,5,<qchar>,0,0.161312
10,5,<qchar>,1,0.353060
10,5,<qchar>,2,0.485627
10,5,<qchars>,0,0.348226
10,5,<qchars>,1,0.651774
10,5,<quoted>,0,1.000000
10,5,<row>,0,1.000000
10,5,<rows>,0,0.557357
10,5,<rows>,1,0.442643
10,5,<start>,0,1.000000
10,5,<unquoted>,0,0.461061
10,5,<unquoted>,1,0.538939
10,5,<wchar>,0,0.000000
10,5,<wchar>,1,0.275859
10,5,<wchar>,2,0.274851
10,5,<wchar>,3,0.168445
10,5,<wchar>,4,0.158209
10,5,<wchar>,5,0.122636
10,5,<word>,0,0.515038
10,5,<word>,1,0.484962
10,10,<field>,0,0.377582
10,10,<field>,1,0.622418
10,10,<fields>,0,0.481546
10,10,<fields>,1,0.518454
10,10,<qchar>,0,0.264005
10,10,<qchar>,1,0.356469
10,10,<qchar>,2,0.379526
10,10,<qchars>,0,0.348634
10,10,<qchars>,1,0.651366
10,10,<quoted>,0,1.000000
10,10,<row>,0,1.000000
10,10,<rows>,0,0.521559
10,10,<rows>,1,0.478441
10,10,<start>,0,1.000000
10,10,<unquoted>,0,0.462201
10,10,<unquoted>,1,0.537799
10,10,<wchar>,0,0.087612
10,10,<wchar>,1,0.214975
10,10,<wchar>,2,0.242439
10,10,<wchar>,3,0.160362
10,10,<wchar>,4,0.127326
10,10,<wchar>,5,0.167285
10,10,<word>,0,0.515775
10,10,<word>,1,0.484225
10,15,<field>,0,0.371633
10,15,<field>,1,0.628367
10,15,<fields>,0,0.479671
10,15,<fields>,1,0.520329
10,15,<qchar>,0,0.279014
10,15,<qchar>,1,0.381770
10,15,<qchar>,2,0.339216
10,15,<qchars>,0,0.301271
10,15,<qchars>,1,0.698729
10,15,<quoted>,0,1.000000
10,15,<row>,0,1.000000
10,15,<rows>,0,0.513839
10,15,<rows>,1,0.486161
10,15,<start>,0,1.000000
10,15,<unquoted>,0,0.517789
10,15,<unquoted>,1,0.482211
10,15,<wchar>,0,0.121991
10,15,<wchar>,1,0.165116
10,15,<wchar>,2,0.280480
10,15,<wchar>,3,0.000000
10,15,<wchar>,4,0.223795
10,15,<wchar>,5,0.208617
10,15,<word>,0,0.529517
10,15,<word>,1,0.470483
10,20,<field>,0,0.328730
10,20,<field>,1,0.671270
10,20,<fields>,0,0.428451
10,20,<fields>,1,0.571549
10,20,<qchar>,0,0.330862
10,20,<qchar>,1,0.362396
10,20,<qchar>,2,0.306742
10,20,<qchars>,0,0.286383
10,20,<qchars>,1,0.713617
10,20,<quoted>,0,1.000000
10,20,<row>,0,1.000000
10,20,<rows>,0,0.492993
10,20,<rows>,1,0.507007
10,20,<start>,0,1.000000
10,20,<unquoted>,0,0.481446
10,20,<unquoted>,1,0.518554
10,20,<wchar>,0,0.128602
10,20,<wchar>,1,0.150589
10,20,<wchar>,2,0.220824
10,20,<wchar>,3,0.100267
10,20,<wchar>,4,0.252305
10,20,<wchar>,5,0.147413
10,20,<word>,0,0.449900
10,20,<word>,1,0.550100
10,25,<field>,0,0.308010
10,25,<field>,1,0.691990
10,25,<fields>,0,0.445000
10,25,<fields>,1,0.555000
10,25,<qchar>,0,0.285873
10,25,<qchar>,1,0.396288
10,25,<qchar>,2,0.317839
10,25,<qchars>,0,0.266977
10,25,<qchars>,1,0.733023
10,25,<quoted>,0,1.000000
10,25,<row>,0,1.000000
10,25,<rows>,0,0.534872
10,25,<rows>,1,0.465128
10,25,<start>,0,1.000000
10,25,<unquoted>,0,0.476369
10,25,<unquoted>,1,0.523631
10,25,<wchar>,0,0.035252
10,25,<wchar>,1,0.078749
10,25,<wchar>,2,0.268947
10,25,<wchar>,3,0.024216
10,25,<wchar>,4,0.367291
10,25,<wchar>,5,0.225545
10,25,<word>,0,0.446645
10,25,<word>,1,0.553355
10,30,<field>,0,0.313276
10,30,<field>,1,0.686724
10,30,<fields>,0,0.444538
10,30,<fields>,1,0.555462
10,30,<qchar>,0,0.317785
10,30,<qchar>,1,0.399942
10,30,<qchar>,2,0.282273
10,30,<qchars>,0,0.245659
10,30,<qchars>,1,0.754341
10,30,<quoted>,0,1.000000
10,30,<row>,0,1.000000
10,30,<rows>,0,0.494792
10,30,<rows>,1,0.505208
10,30,<start>,0,1.000000
10,30,<unquoted>,0,0.451445
10,30,<unquoted>,1,0.548555
10,30,<wchar>,0,0.004342
10,30,<wchar>,1,0.048880
10,30,<wchar>,2,0.446480
10,30,<wchar>,3,0.000000
10,30,<wchar>,4,0.369888
10,30,<wchar>,5,0.130410
10,30,<word>,0,0.468471
10,30,<word>,1,0.531529
10,35,<field>,0,0.314344
10,35,<field>,1,0.685656
10,35,<fields>,0,0.440912
10,35,<fields>,1,0.559088
10,35,<qchar>,0,0.272997
10,35,<qchar>,1,0.440353
10,35,<qchar>,2,0.286650
10,35,<qchars>,0,0.205727
10,35,<qchars>,1,0.794273
10,35,<quoted>,0,1.000000
10,35,<row>,0,1.000000
10,35,<rows>,0,0.537971
10,35,<rows>,1,0.462029
10,35,<start>,0,1.000000
10,35,<unquoted>,0,0.448561
10,35,<unquoted>,1,0.551439
10,35,<wchar>,0,0.061945
10,35,<wchar>,1,0.000000
10,35,<wchar>,2,0.289854
10,35,<wchar>,3,0.003061
10,35,<wchar>,4,0.454597
10,35,<wchar>,5,0.190543
10,35,<word>,0,0.443728
10,35,<word>,1,0.556272
10,40,<field>,0,0.297196
10,40,<field>,1,0.702804
10,40,<fields>,0,0.444062
10,40,<fields>,1,0.555938
10,40,<qchar>,0,0.228853
10,40,<qchar>,1,0.387679
10,40,<qchar>,2,0.383468
10,40,<qchars>,0,0.202593
10,40,<qchars>,1,0.797407
10,40,<quoted>,0,1.000000
10,40,<row>,0,1.000000
10,40,<rows>,0,0.551994
10,40,<rows>,1,0.448006
10,40,<start>,0,1.000000
10,40,<unquoted>,0,0.476507
10,40,<unquoted>,1,0.523493
10,40,<wchar>,0,0.023665
10,40,<wchar>,1,0.051461
10,40,<wchar>,2,0.324887
10,40,<wchar>,3,0.013923
10,40,<wchar>,4,0.438501
10,40,<wchar>,5,0.147563
10,40,<word>,0,0.426944
10,40,<word>,1,0.573056
10,45,<field>,0,0.196600
10,45,<field>,1,0.803400
10,45,<fields>,0,0.382560
10,45,<fields>,1,0.617440
10,45,<qchar>,0,0.210376
10,45,<qchar>,1,0.386926
10,45,<qchar>,2,0.402698
10,45,<qchars>,0,0.196382
10,45,<qchars>,1,0.803618
10,45,<quoted>,0,1.000000
10,45,<row>,0,1.000000
10,45,<rows>,0,0.618711
10,45,<rows>,1,0.381289
10,45,<start>,0,1.000000
10,45,<unquoted>,0,0.476242
10,45,<unquoted>,1,0.523758
10,45,<wchar>,0,0.005977
10,45,<wchar>,1,0.000000
10,45,<wchar>,2,0.338134
10,45,<wchar>,3,0.025811
10,45,<wchar>,4,0.475419
10,45,<wchar>,5,0.154658
10,45,<word>,0,0.486761
10,45,<word>,1,0.513239
10,50,<field>,0,0.218911
10,50,<field>,1,0.781089
10,50,<fields>,0,0.439644
10,50,<fields>,1,0.560356
10,50,<qchar>,0,0.211817
10,50,<qchar>,1,0.410272
10,50,<qchar>,2,0.377911
10,50,<qchars>,0,0.197143
10,50,<qchars>,1,0.802857
10,50,<quoted>,0,1.000000
10,50,<row>,0,1.000000
10,50,<rows>,0,0.733882
10,50,<rows>,1,0.266118
10,50,<start>,0,1.000000
10,50,<unquoted>,0,0.446296
10,50,<unquoted>,1,0.553704
10,50,<wchar>,0,0.005432
10,50,<wchar>,1,0.041109
10,50,<wchar>,2,0.359130
10,50,<wchar>,3,0.055993
10,50,<wchar>,4,0.371615
10,50,<wchar>,5,0.166721
10,50,<word>,0,0.431093
10,50,<word>,1,0.568907
10,55,<field>,0,0.240786
10,55,<field>,1,0.759214
10,55,<fields>,0,0.440901
10,55,<fields>,1,0.559099
10,55,<qchar>,0,0.201782
10,55,<qchar>,1,0.369930
10,55,<qchar>,2,0.428288
10,55,<qchars>,0,0.195605
10,55,<qchars>,1,0.804395
10,55,<quoted>,0,1.000000
10,55,<row>,0,1.000000
10,55,<rows>,0,0.721346
10,55,<rows>,1,0.278654
10,55,<start>,0,1.000000
10,55,<unquoted>,0,0.468698
10,55,<unquoted>,1,0.531302
10,55,<wchar>,0,0.005151
10,55,<wchar>,1,0.019092
10,55,<wchar>,2,0.348788
10,55,<wchar>,3,0.015257
10,55,<wchar>,4,0.409262
10,55,<wchar>,5,0.202450
10,55,<word>,0,0.418211
10,55,<word>,1,0.581789
10,59,<field>,0,0.210912
10,59,<field>,1,0.789088
10,59,<fields>,0,0.422566
10,59,<fields>,1,0.577434
10,59,<qchar>,0,0.227971
10,59,<qchar>,1,0.374008
10,59,<qchar>,2,0.398021
10,59,<qchars>,0,0.180340
10,59,<qchars>,1,0.819660
10,59,<quoted>,0,1.000000
10,59,<row>,0,1.000000
10,59,<rows>,0,0.730386
10,59,<rows>,1,0.269614
10,59,<start>,0,1.000000
10,59,<unquoted>,0,0.486761
10,59,<unquoted>,1,0.513239
10,59,<wchar>,0,0.012563
10,59,<wchar>,1,0.018409
10,59,<wchar>,2,0.370734
10,59,<wchar>,3,0.024651
10,59,<wchar>,4,0.369779
10,59,<wchar>,5,0.203863
10,59,<word>,0,0.423026
10,59,<word>,1,0.576974
11,0,<field>,0,0.539902
11,0,<field>,1,0.460098
11,0,<fields>,0,0.338577
11,0,<fields>,1,0.661423
11,0,<qchar>,0,0.299113
11,0,<qchar>,1,0.366354
11,0,<qchar>,2,0.334533
11,0,<qchars>,0,0.684248
11,0,<qchars>,1,0.315752
11,0,<quoted>,0,1.000000
11,0,<row>,0,1.000000
11,0,<rows>,0,0.734544
11,0,<rows>,1,0.265456
11,0,<start>,0,1.000000
11,0,<unquoted>,0,0.504905
11,0,<unquoted>,1,0.495095
11,0,<wchar>,0,0.186116
11,0,<wchar>,1,0.146036
11,0,<wchar>,2,0.202650
11,0,<wchar>,3,0.104719
11,0,<wchar>,4,0.157624
11,0,<wchar>,5,0.202854
11,0,<word>,0,0.390921
11,0,<word>,1,0.609079
11,5,<field>,0,0.401427
11,5,<field>,1,0.598573
11,5,<fields>,0,0.462065
11,5,<fields>,1,0.537935
11,5,<qchar>,0,0.384863
11,5,<qchar>,1,0.346787
11,5,<qchar>,2,0.268350
11,5,<qchars>,0,0.281580
11,5,<qchars>,1,0.718420
11,5,<quoted>,0,1.000000
11,5,<row>,0,1.000000
11,5,<rows>,0,0.558595
11,5,<rows>,1,0.441405
11,5,<start>,0,1.000000
11,5,<unquoted>,0,0.507549
11,5,<unquoted>,1,0.492451
11,5,<wchar>,0,0.109846
11,5,<wchar>,1,0.146141
11,5,<wchar>,2,0.273469
11,5,<wchar>,3,0.033038
11,5,<wchar>,4,0.318559
11,5,<wchar>,5,0.118947
11,5,<word>,0,0.542921
11,5,<word>,1,0.457079
11,10,<field>,0,0.380734
11,10,<field>,1,0.619266
11,10,<fields>,0,0.466328
11,10,<fields>,1,0.533672
11,10,<qchar>,0,0.219606
11,10,<qchar>,1,0.467812
11,10,<qchar>,2,0.312582
11,10,<qchars>,0,0.274570
11,10,<qchars>,1,0.725430
11,10,<quoted>,0,1.000000
11,10,<row>,0,1.000000
11,10,<rows>,0,0.660805
11,10,<rows>,1,0.339195
11,10,<start>,0,1.000000
11,10,<unquoted>,0,0.433627
11,10,<unquoted>,1,0.566373
11,10,<wchar>,0,0.103212
11,10,<wchar>,1,0.158527
11,10,<wchar>,2,0.222957
11,10,<wchar>,3,0.062866
11,10,<wchar>,4,0.309088
11,10,<wchar>,5,0.143350
11,10,<word>,0,0.535588
11,10,<word>,1,0.464412
11,15,<field>,0,0.364849
11,15,<field>,1,0.635151
11,15,<fields>,0,0.519337
11,15,<fields>,1,0.480663
11,15,<qchar>,0,0.186102
11,15,<qchar>,1,0.430184
11,15,<qchar>,2,0.383714
11,15,<qchars>,0,0.300645
11,15,<qchars>,1,0.699355
11,15,<quoted>,0,1.000000
11,15,<row>,0,1.000000
11,15,<rows>,0,0.584227
11,15,<rows>,1,0.415773
11,15,<start>,0,1.000000
11,15,<unquoted>,0,0.478923
11,15,<unquoted>,1,0.521077
11,15,<wchar>,0,0.000000
11,15,<wchar>,1,0.211565
11,15,<wchar>,2,0.298163
11,15,<wchar>,3,0.021777
11,15,<wchar>,4,0.329707
11,15,<wchar>,5,0.138787
11,15,<word>,0,0.505486
11,15,<word>,1,0.494514
11,20,<field>,0,0.328693
11,20,<field>,1,0.671307
11,20,<fields>,0,0.484882
11,20,<fields>,1,0.515118
11,20,<qchar>,0,0.063220
11,20,<qchar>,1,0.402750
11,20,<qchar>,2,0.534030
11,20,<qchars>,0,0.352664
11,20,<qchars>,1,0.647336
11,20,<quoted>,0,1.000000
11,20,<row>,0,1.000000
11,20,<rows>,0,0.550853
11,20,<rows>,1,0.449147
11,20,<start>,0,1.000000
11,20,<unquoted>,0,0.489481
11,20,<unquoted>,1,0.510519
11,20,<wchar>,0,0.106186
11,20,<wchar>,1,0.138282
11,20,<wchar>,2,0.279057
11,20,<wchar>,3,0.018283
11,20,<wchar>,4,0.307671
11,20,<wchar>,5,0.150521
11,20,<word>,0,0.596735
11,20,<word>,1,0.403265
11,25,<field>,0,0.335142
11,25,<field>,1,0.664858
11,25,<fields>,0,0.495135
11,25,<fields>,1,0.504865
11,25,<qchar>,0,0.145440
11,25,<qchar>,1,0.391003
11,25,<qchar>,2,0.463557
11,25,<qchars>,0,0.290825
11,25,<qchars>,1,0.709175
11,25,<quoted>,0,1.000000
11,25,<row>,0,1.000000
11,25,<rows>,0,0.552503
11,25,<rows>,1,0.447497
11,25,<start>,0,1.000000
11,25,<unquoted>,0,0.431056
11,25,<unquoted>,1,0.568944
11,25,<wchar>,0,0.030908
11,25,<wchar>,1,0.102133
11,25,<wchar>,2,0.447966
11,25,<wchar>,3,0.014967
11,25,<wchar>,4,0.210686
11,25,<wchar>,5,0.193339
11,25,<word>,0,0.515428
11,25,<word>,1,0.484572
11,30,<field>,0,0.348463
11,30,<field>,1,0.651537
11,30,<fields>,0,0.494350
11,30,<fields>,1,0.505650
11,30,<qchar>,0,0.131144
11,30,<qchar>,1,0.388228
11,30,<qchar>,2,0.480627
11,30,<qchars>,0,0.270620
11,30,<qchars>,1,0.729380
11,30,<quoted>,0,1.000000
11,30,<row>,0,1.000000
11,30,<rows>,0,0.562581
11,30,<rows>,1,0.437419
11,30,<start>,0,1.000000
11,30,<unquoted>,0,0.514510
11,30,<unquoted>,1,0.485490
11,30,<wchar>,0,0.016802
11,30,<wchar>,1,0.003799
11,30,<wchar>,2,0.535463
11,30,<wchar>,3,0.023680
11,30,<wchar>,4,0.245308
11,30,<wchar>,5,0.174948
11,30,<word>,0,0.539996
11,30,<word>,1,0.460004
11,35,<field>,0,0.314458
11,35,<field>,1,0.685542
11,35,<fields>,0,0.440593
11,35,<fields>,1,0.559407
11,35,<qchar>,0,0.099578
11,35,<qchar>,1,0.390051
11,35,<qchar>,2,0.510371
11,35,<qchars>,0,0.267554
11,35,<qchars>,1,0.732446
11,35,<quoted>,0,1.000000
11,35,<row>,0,1.000000
11,35,<rows>,0,0.560095
11,35,<rows>,1,0.439905
11,35,<start>,0,1.000000
11,35,<unquoted>,0,0.506619
11,35,<unquoted>,1,0.493381
11,35,<wchar>,0,0.049156
11,35,<wchar>,1,0.016546
11,35,<wchar>,2,0.527527
11,35,<wchar>,3,0.017722
11,35,<wchar>,4,0.235743
11,35,<wchar>,5,0.153307
11,35,<word>,0,0.550705
11,35,<word>,1,0.449295
11,40,<field>,0,0.315257
11,40,<field>,1,0.684743
11,40,<fields>,0,0.433276
11,40,<fields>,1,0.566724
11,40,<qchar>,0,0.148103
11,40,<qchar>,1,0.356681
11,40,<qchar>,2,0.495216
11,40,<qchars>,0,0.241256
11,40,<qchars>,1,0.758744
11,40,<quoted>,0,1.000000
11,40,<row>,0,1.000000
11,40,<rows>,0,0.657411
11,40,<rows>,1,0.342589
11,40,<start>,0,1.000000
11,40,<unquoted>,0,0.494383
11,40,<unquoted>,1,0.505617
11,40,<wchar>,0,0.009525
11,40,<wchar>,1,0.023345
11,40,<wchar>,2,0.493333
11,40,<wchar>,3,0.000000
11,40,<wchar>,4,0.316755
11,40,<wchar>,5,0.157042
11,40,<word>,0,0.527319
11,40,<word>,1,0.472681
11,45,<field>,0,0.288672
11,45,<field>,1,0.711328
11,45,<fields>,0,0.427597
11,45,<fields>,1,0.572403
11,45,<qchar>,0,0.181250
11,45,<qchar>,1,0.221829
11,45,<qchar>,2,0.596920
11,45,<qchars>,0,0.274058
11,45,<qchars>,1,0.725942
11,45,<quoted>,0,1.000000
11,45,<row>,0,1.000000
11,45,<rows>,0,0.603689
11,45,<rows>,1,0.396311
11,45,<start>,0,1.000000
11,45,<unquoted>,0,0.487773
11,45,<unquoted>,1,0.512227
11,45,<wchar>,0,0.004664
11,45,<wchar>,1,0.000000
11,45,<wchar>,2,0.509846
11,45,<wchar>,3,0.000000
11,45,<wchar>,4,0.324366
11,45,<wchar>,5,0.161124
11,45,<word>,0,0.554109
11,45,<word>,1,0.445891
11,50,<field>,0,0.228932
11,50,<field>,1,0.771068
11,50,<fields>,0,0.459640
11,50,<fields>,1,0.540360
11,50,<qchar>,0,0.221552
11,50,<qchar>,1,0.153118
11,50,<qchar>,2,0.625329
11,50,<qchars>,0,0.199894
11,50,<qchars>,1,0.800106
11,50,<quoted>,0,1.000000
11,50,<row>,0,1.000000
11,50,<rows>,0,0.603499
11,50,<rows>,1,0.396501
11,50,<start>,0,1.000000
11,50,<unquoted>,0,0.513058
11,50,<unquoted>,1,0.486942
11,50,<wchar>,0,0.003841
11,50,<wchar>,1,0.000158
11,50,<wchar>,2,0.536645
11,50,<wchar>,3,0.010002
11,50,<wchar>,4,0.281963
11,50,<wchar>,5,0.167391
11,50,<word>,0,0.564862
11,50,<word>,1,0.435138
11,55,<field>,0,0.226435
11,55,<field>,1,0.773565
11,55,<fields>,0,0.519006
11,55,<fields>,1,0.480994
11,55,<qchar>,0,0.117949
11,55,<qchar>,1,0.239243
11,55,<qchar>,2,0.642809
11,55,<qchars>,0,0.210360
11,55,<qchars>,1,0.789640
11,55,<quoted>,0,1.000000
11,55,<row>,0,1.000000
11,55,<rows>,0,0.612549
11,55,<rows>,1,0.387451
11,55,<start>,0,1.000000
11,55,<unquoted>,0,0.510197
11,55,<unquoted>,1,0.489803
11,55,<wchar>,0,0.037039
11,55,<wchar>,1,0.005494
11,55,<wchar>,2,0.503925
11,55,<wchar>,3,0.008350
11,55,<wchar>,4,0.296968
11,55,<wchar>,5,0.148224
11,55,<word>,0,0.552080
11,55,<word>,1,0.447920
11,59,<field>,0,0.238595
11,59,<field>,1,0.761405
11,59,<fields>,0,0.436876
11,59,<fields>,1,0.563124
11,59,<qchar>,0,0.100221
11,59,<qchar>,1,0.192534
11,59,<qchar>,2,0.707245
11,59,<qchars>,0,0.207216
11,59,<qchars>,1,0.792784
11,59,<quoted>,0,1.000000
11,59,<row>,0,1.000000
11,59,<rows>,0,0.600730
11,59,<rows>,1,0.399270
11,59,<start>,0,1.000000
11,59,<unquoted>,0,0.514365
11,59,<unquoted>,1,0.485635
11,59,<wchar>,0,0.023922
11,59,<wchar>,1,0.005144
11,59,<wchar>,2,0.504681
11,59,<wchar>,3,0.006145
11,59,<wchar>,4,0.247775
11,59,<wchar>,5,0.212333
11,59,<word>,0,0.570241
11,59,<word>,1,0.429759
12,0,<field>,0,0.285399
12,0,<field>,1,0.714601
12,0,<fields>,0,0.757636
12,0,<fields>,1,0.242364
12,0,<qchar>,0,0.635173
12,0,<qchar>,1,0.228488
12,0,<qchar>,2,0.136338
12,0,<qchars>,0,0.586581
12,0,<qchars>,1,0.413419
12,0,<quoted>,0,1.000000
12,0,<row>,0,1.000000
12,0,<rows>,0,0.448028
12,0,<rows>,1,0.551972
12,0,<start>,0,1.000000
12,0,<unquoted>,0,0.395555
12,0,<unquoted>,1,0.604445
12,0,<wchar>,0,0.101936
12,0,<wchar>,1,0.119411
12,0,<wchar>,2,0.114175
12,0,<wchar>,3,0.132041
12,0,<wchar>,4,0.264295
12,0,<wchar>,5,0.268142
12,0,<word>,0,0.704148
12,0,<word>,1,0.295852
12,5,<field>,0,0.357613
12,5,<field>,1,0.642387
12,5,<fields>,0,0.433910
12,5,<fields>,1,0.566090
12,5,<qchar>,0,0.332374
12,5,<qchar>,1,0.373644
12,5,<qchar>,2,0.293982
12,5,<qchars>,0,0.569720
12,5,<qchars>,1,0.430280
12,5,<quoted>,0,1.000000
12,5,<row>,0,1.000000
12,5,<rows>,0,0.501447
12,5,<rows>,1,0.498553
12,5,<start>,0,1.000000
12,5,<unquoted>,0,0.460125
12,5,<unquoted>,1,0.539875
12,5,<wchar>,0,0.068483
12,5,<wchar>,1,0.106369
12,5,<wchar>,2,0.229795
12,5,<wchar>,3,0.166055
12,5,<wchar>,4,0.205061
12,5,<wchar>,5,0.224238
12,5,<word>,0,0.569984
12,5,<word>,1,0.430016
12,10,<field>,0,0.308502
12,10,<field>,1,0.691498
12,10,<fields>,0,0.397019
12,10,<fields>,1,0.602981
12,10,<qchar>,0,0.339274
12,10,<qchar>,1,0.280472
12,10,<qchar>,2,0.380254
12,10,<qchars>,0,0.535233
12,10,<qchars>,1,0.464767
12,10,<quoted>,0,1.000000
12,10,<row>,0,1.000000
12,10,<rows>,0,0.617783
12,10,<rows>,1,0.382217
12,10,<start>,0,1.000000
12,10,<unquoted>,0,0.549951
12,10,<unquoted>,1,0.450049
12,10,<wchar>,0,0.118728
12,10,<wchar>,1,0.067449
12,10,<wchar>,2,0.207073
12,10,<wchar>,3,0.123838
12,10,<wchar>,4,0.229597
12,10,<wchar>,5,0.253315
12,10,<word>,0,0.579138
12,10,<word>,1,0.420862
12,15,<field>,0,0.307310
12,15,<field>,1,0.692690
12,15,<fields>,0,0.440990
12,15,<fields>,1,0.559010
12,15,<qchar>,0,0.249649
12,15,<qchar>,1,0.350252
12,15,<qchar>,2,0.400100
12,15,<qchars>,0,0.538737
12,15,<qchars>,1,0.461263
12,15,<quoted>,0,1.000000
12,15,<row>,0,1.000000
12,15,<rows>,0,0.601700
12,15,<rows>,1,0.398300
12,15,<start>,0,1.000000
12,15,<unquoted>,0,0.516286
12,15,<unquoted>,1,0.483714
12,15,<wchar>,0,0.167458
12,15,<wchar>,1,0.034979
12,15,<wchar>,2,0.289362
12,15,<wchar>,3,0.158284
12,15,<wchar>,4,0.285774
12,15,<wchar>,5,0.064144
12,15,<word>,0,0.530375
12,15,<word>,1,0.469625
12,20,<field>,0,0.312850
12,20,<field>,1,0.687150
12,20,<fields>,0,0.481683
12,20,<fields>,1,0.518317
12,20,<qchar>,0,0.255261
12,20,<qchar>,1,0.366956
12,20,<qchar>,2,0.377782
12,20,<qchars>,0,0.547726
12,20,<qchars>,1,0.452274
12,20,<quoted>,0,1.000000
12,20,<row>,0,1.000000
12,20,<rows>,0,0.866168
12,20,<rows>,1,0.133832
12,20,<start>,0,1.000000
12,20,<unquoted>,0,0.497296
12,20,<unquoted>,1,0.502704
12,20,<wchar>,0,0.015718
12,20,<wchar>,1,0.003920
12,20,<wchar>,2,0.294797
12,20,<wchar>,3,0.141852
12,20,<wchar>,4,0.272247
12,20,<wchar>,5,0.271465
12,20,<word>,0,0.531859
12,20,<word>,1,0.468141
12,25,<field>,0,0.318009
12,25,<field>,1,0.681991
12,25,<fields>,0,0.414261
12,25,<fields>,1,0.585739
12,25,<qchar>,0,0.223831
12,25,<qchar>,1,0.410906
12,25,<qchar>,2,0.365263
12,25,<qchars>,0,0.529534
12,25,<qchars>,1,0.470466
12,25,<quoted>,0,1.000000
12,25,<row>,0,1.000000
12,25,<rows>,0,0.993033
12,25,<rows>,1,0.006967
12,25,<start>,0,1.000000
12,25,<unquoted>,0,0.511200
12,25,<unquoted>,1,0.488800
12,25,<wchar>,0,0.005540
12,25,<wchar>,1,0.038593
12,25,<wchar>,2,0.327079
12,25,<wchar>,3,0.061795
12,25,<wchar>,4,0.340725
12,25,<wchar>,5,0.226269
12,25,<word>,0,0.529943
12,25,<word>,1,0.470057
12,30,<field>,0,0.286394
12,30,<field>,1,0.713606
12,30,<fields>,0,0.450595
12,30,<fields>,1,0.549405
12,30,<qchar>,0,0.487747
12,30,<qchar>,1,0.207401
12,30,<qchar>,2,0.304852
12,30,<qchars>,0,0.510635
12,30,<qchars>,1,0.489365
12,30,<quoted>,0,1.000000
12,30,<row>,0,1.000000
12,30,<rows>,0,0.988011
12,30,<rows>,1,0.011989
12,30,<start>,0,1.000000
12,30,<unquoted>,0,0.505392
12,30,<unquoted>,1,0.494608
12,30,<wchar>,0,0.012044
12,30,<wchar>,1,0.037061
12,30,<wchar>,2,0.302292
12,30,<wchar>,3,0.065010
12,30,<wchar>,4,0.374253
12,30,<wchar>,5,0.209339
12,30,<word>,0,0.479976
12,30,<word>,1,0.520024
12,35,<field>,0,0.289688
12,35,<field>,1,0.710312
12,35,<fields>,0,0.459697
12,35,<fields>,1,0.540303
12,35,<qchar>,0,0.241248
12,35,<qchar>,1,0.374882
12,35,<qchar>,2,0.383870
12,35,<qchars>,0,0.521581
12,35,<qchars>,1,0.478419
12,35,<quoted>,0,1.000000
12,35,<row>,0,1.000000
12,35,<rows>,0,0.988193
12,35,<rows>,1,0.011807
12,35,<start>,0,1.000000
12,35,<unquoted>,0,0.363809
12,35,<unquoted>,1,0.636191
12,35,<wchar>,0,0.008768
12,35,<wchar>,1,0.000000
12,35,<wchar>,2,0.351845
12,35,<wchar>,3,0.058035
12,35,<wchar>,4,0.348485
12,35,<wchar>,5,0.232866
12,35,<word>,0,0.564648
12,35,<word>,1,0.435352
12,40,<field>,0,0.269705
12,40,<field>,1,0.730295
12,40,<fields>,0,0.471259
12,40,<fields>,1,0.528741
12,40,<qchar>,0,0.308328
12,40,<qchar>,1,0.353283
12,40,<qchar>,2,0.338389
12,40,<qchars>,0,0.514852
12,40,<qchars>,1,0.485148
12,40,<quoted>,0,1.000000
12,40,<row>,0,1.000000
12,40,<rows>,0,0.983838
12,40,<rows>,1,0.016162
12,40,<start>,0,1.000000
12,40,<unquoted>,0,0.420638
12,40,<unquoted>,1,0.579362
12,40,<wchar>,0,0.014579
12,40,<wchar>,1,0.022035
12,40,<wchar>,2,0.332853
12,40,<wchar>,3,0.000000
12,40,<wchar>,4,0.429371
12,40,<wchar>,5,0.201162
12,40,<word>,0,0.623235
12,40,<word>,1,0.376765
12,45,<field>,0,0.269135
12,45,<field>,1,0.730865
12,45,<fields>,0,0.461640
12,45,<fields>,1,0.538360
12,45,<qchar>,0,0.119488
12,45,<qchar>,1,0.425789
12,45,<qchar>,2,0.454723
12,45,<qchars>,0,0.506882
12,45,<qchars>,1,0.493118
12,45,<quoted>,0,1.000000
12,45,<row>,0,1.000000
12,45,<rows>,0,0.990512
12,45,<rows>,1,0.009488
12,45,<start>,0,1.000000
12,45,<unquoted>,0,0.396774
12,45,<unquoted>,1,0.603226
12,45,<wchar>,0,0.008285
12,45,<wchar>,1,0.005268
12,45,<wchar>,2,0.329804
12,45,<wchar>,3,0.065001
12,45,<wchar>,4,0.312934
12,45,<wchar>,5,0.278709
12,45,<word>,0,0.570633
12,45,<word>,1,0.429367
12,50,<field>,0,0.266707
12,50,<field>,1,0.733293
12,50,<fields>,0,0.430978
12,50,<fields>,1,0.569022
12,50,<qchar>,0,0.145326
12,50,<qchar>,1,0.351413
12,50,<qchar>,2,0.503261
12,50,<qchars>,0,0.532729
12,50,<qchars>,1,0.467271
12,50,<quoted>,0,1.000000
12,50,<row>,0,1.000000
12,50,<rows>,0,0.998945
12,50,<rows>,1,0.001055
12,50,<start>,0,1.000000
12,50,<unquoted>,0,0.396838
12,50,<unquoted>,1,0.603162
12,50,<wchar>,0,0.024440
12,50,<wchar>,1,0.004307
12,50,<wchar>,2,0.362835
12,50,<wchar>,3,0.015864
12,50,<wchar>,4,0.319922
12,50,<wchar>,5,0.272632
12,50,<word>,0,0.561943
12,50,<word>,1,0.438057
12,55,<field>,0,0.266555
12,55,<field>,1,0.733445
12,55,<fields>,0,0.447982
12,55,<fields>,1,0.552018
12,55,<qchar>,0,0.155774
12,55,<qchar>,1,0.361260
12,55,<qchar>,2,0.482966
12,55,<qchars>,0,0.512904
12,55,<qchars>,1,0.487096
12,55,<quoted>,0,1.000000
12,55,<row>,0,1.000000
12,55,<rows>,0,0.988490
12,55,<rows>,1,0.011510
12,55,<start>,0,1.000000
12,55,<unquoted>,0,0.443281
12,55,<unquoted>,1,0.556719
12,55,<wchar>,0,0.036021
12,55,<wchar>,1,0.008959
12,55,<wchar>,2,0.341121
12,55,<wchar>,3,0.017197
12,55,<wchar>,4,0.335171
12,55,<wchar>,5,0.261530
12,55,<word>,0,0.563205
12,55,<word>,1,0.436795
12,59,<field>,0,0.269670
12,59,<field>,1,0.730330
12,59,<fields>,0,0.448454
12,59,<fields>,1,0.551546
12,59,<qchar>,0,0.154463
12,59,<qchar>,1,0.353083
12,59,<qchar>,2,0.492454
12,59,<qchars>,0,0.515488
12,59,<qchars>,1,0.484512
12,59,<quoted>,0,1.000000
12,59,<row>,0,1.000000
12,59,<rows>,0,0.955446
12,59,<rows>,1,0.044554
12,59,<start>,0,1.000000
12,59,<unquoted>,0,0.380492
12,59,<unquoted>,1,0.619508
12,59,<wchar>,0,0.011642
12,59,<wchar>,1,0.003306
12,59,<wchar>,2,0.390703
12,59,<wchar>,3,0.022093
12,59,<wchar>,4,0.302668
12,59,<wchar>,5,0.269589
12,59,<word>,0,0.561632
12,59,<word>,1,0.438368
13,0,<field>,0,0.556835
13,0,<field>,1,0.443165
13,0,<fields>,0,0.429365
13,0,<fields>,1,0.570635
13,0,<qchar>,0,0.297554
13,0,<qchar>,1,0.290516
13,0,<qchar>,2,0.411930
13,0,<qchars>,0,0.545580
13,0,<qchars>,1,0.454420
13,0,<quoted>,0,1.000000
13,0,<row>,0,1.000000
13,0,<rows>,0,0.349576
13,0,<rows>,1,0.650424
13,0,<start>,0,1.000000
13,0,<unquoted>,0,0.526432
13,0,<unquoted>,1,0.473568
13,0,<wchar>,0,0.172722
13,0,<wchar>,1,0.269346
13,0,<wchar>,2,0.104846
13,0,<wchar>,3,0.207415
13,0,<wchar>,4,0.082315
13,0,<wchar>,5,0.163356
13,0,<word>,0,0.438035
13,0,<word>,1,0.561965
13,5,<field>,0,0.473224
13,5,<field>,1,0.526776
13,5,<fields>,0,0.401084
13,5,<fields>,1,0.598916
13,5,<qchar>,0,0.416914
13,5,<qchar>,1,0.292522
13,5,<qchar>,2,0.290565
13,5,<qchars>,0,0.443361
13,5,<qchars>,1,0.556639
13,5,<quoted>,0,1.000000
13,5,<row>,0,1.000000
13,5,<rows>,0,0.480703
13,5,<rows>,1,0.519297
13,5,<start>,0,1.000000
13,5,<unquoted>,0,0.419448
13,5,<unquoted>,1,0.580552
13,5,<wchar>,0,0.140623
13,5,<wchar>,1,0.037660
13,5,<wchar>,2,0.249038
13,5,<wchar>,3,0.109180
13,5,<wchar>,4,0.199795
13,5,<wchar>,5,0.263704
13,5,<word>,0,0.532522
13,5,<word>,1,0.467478
13,10,<field>,0,0.366478
13,10,<field>,1,0.633522
13,10,<fields>,0,0.450462
13,10,<fields>,1,0.549538
13,10,<qchar>,0,0.327085
13,10,<qchar>,1,0.415050
13,10,<qchar>,2,0.257865
13,10,<qchars>,0,0.532136
13,10,<qchars>,1,0.467864
13,10,<quoted>,0,1.000000
13,10,<row>,0,1.000000
13,10,<rows>,0,0.456926
13,10,<rows>,1,0.543074
13,10,<start>,0,1.000000
13,10,<unquoted>,0,0.477363
13,10,<unquoted>,1,0.522637
13,10,<wchar>,0,0.116622
13,10,<wchar>,1,0.119647
13,10,<wchar>,2,0.282214
13,10,<wchar>,3,0.105727
13,10,<wchar>,4,0.244297
13,10,<wchar>,5,0.131493
13,10,<word>,0,0.531133
13,10,<word>,1,0.468867
13,15,<field>,0,0.296735
13,15,<field>,1,0.703265
13,15,<fields>,0,0.459067
13,15,<fields>,1,0.540933
13,15,<qchar>,0,0.315382
13,15,<qchar>,1,0.349216
13,15,<qchar>,2,0.335403
13,15,<qchars>,0,0.438665
13,15,<qchars>,1,0.561335
13,15,<quoted>,0,1.000000
13,15,<row>,0,1.000000
13,15,<rows>,0,0.420333
13,15,<rows>,1,0.579667
13,15,<start>,0,1.000000
13,15,<unquoted>,0,0.515738
13,15,<unquoted>,1,0.484262
13,15,<wchar>,0,0.092672
13,15,<wchar>,1,0.104087
13,15,<wchar>,2,0.238239
13,15,<wchar>,3,0.023796
13,15,<wchar>,4,0.287749
13,15,<wchar>,5,0.253458
13,15,<word>,0,0.526403
13,15,<word>,1,0.473597
13,20,<field>,0,0.328589
13,20,<field>,1,0.671411
13,20,<fields>,0,0.436642
13,20,<fields>,1,0.563358
13,20,<qchar>,0,0.189774
13,20,<qchar>,1,0.016066
13,20,<qchar>,2,0.794159
13,20,<qchars>,0,0.438004
13,20,<qchars>,1,0.561996
13,20,<quoted>,0,1.000000
13,20,<row>,0,1.000000
13,20,<rows>,0,0.509758
13,20,<rows>,1,0.490242
13,20,<start>,0,1.000000
13,20,<unquoted>,0,0.563560
13,20,<unquoted>,1,0.436440
13,20,<wchar>,0,0.077962
13,20,<wchar>,1,0.000000
13,20,<wchar>,2,0.425713
13,20,<wchar>,3,0.040175
13,20,<wchar>,4,0.271126
13,20,<wchar>,5,0.185023
13,20,<word>,0,0.501209
13,20,<word>,1,0.498791
13,25,<field>,0,0.324166
13,25,<field>,1,0.675834
13,25,<fields>,0,0.480370
13,25,<fields>,1,0.519630
13,25,<qchar>,0,0.182186
13,25,<qchar>,1,0.121311
13,25,<qchar>,2,0.696503
13,25,<qchars>,0,0.415659
13,25,<qchars>,1,0.584341
13,25,<quoted>,0,1.000000
13,25,<row>,0,1.000000
13,25,<rows>,0,0.458139
13,25,<rows>,1,0.541861
13,25,<start>,0,1.000000
13,25,<unquoted>,0,0.526282
13,25,<unquoted>,1,0.473718
13,25,<wchar>,0,0.084121
13,25,<wchar>,1,0.008408
13,25,<wchar>,2,0.414500
13,25,<wchar>,3,0.040967
13,25,<wchar>,4,0.287224
13,25,<wchar>,5,0.164779
13,25,<word>,0,0.506196
13,25,<word>,1,0.493804
13,30,<field>,0,0.299623
13,30,<field>,1,0.700377
13,30,<fields>,0,0.464307
13,30,<fields>,1,0.535693
13,30,<qchar>,0,0.219569
13,30,<qchar>,1,0.000000
13,30,<qchar>,2,0.780431
13,30,<qchars>,0,0.467601
13,30,<qchars>,1,0.532399
13,30,<quoted>,0,1.000000
13,30,<row>,0,1.000000
13,30,<rows>,0,0.495542
13,30,<rows>,1,0.504458
13,30,<start>,0,1.000000
13,30,<unquoted>,0,0.540631
13,30,<unquoted>,1,0.459369
13,30,<wchar>,0,0.000000
13,30,<wchar>,1,0.000000
13,30,<wchar>,2,0.538489
13,30,<wchar>,3,0.002681
13,30,<wchar>,4,0.272958
13,30,<wchar>,5,0.185872
13,30,<word>,0,0.499532
13,30,<word>,1,0.500468
13,35,<field>,0,0.293615
13,35,<field>,1,0.706385
13,35,<fields>,0,0.464402
13,35,<fields>,1,0.535598
13,35,<qchar>,0,0.211505
13,35,<qchar>,1,0.000000
13,35,<qchar>,2,0.788495
13,35,<qchars>,0,0.462466
13,35,<qchars>,1,0.537534
13,35,<quoted>,0,1.000000
13,35,<row>,0,1.000000
13,35,<rows>,0,0.496144
13,35,<rows>,1,0.503856
13,35,<start>,0,1.000000
13,35,<unquoted>,0,0.543046
13,35,<unquoted>,1,0.456954
13,35,<wchar>,0,0.000000
13,35,<wchar>,1,0.004453
13,35,<wchar>,2,0.540014
13,35,<wchar>,3,0.027279
13,35,<wchar>,4,0.189198
13,35,<wchar>,5,0.239056
13,35,<word>,0,0.543480
13,35,<word>,1,0.456520
13,40,<field>,0,0.316350
13,40,<field>,1,0.683650
13,40,<fields>,0,0.466395
13,40,<fields>,1,0.533605
13,40,<qchar>,0,0.222713
13,40,<qchar>,1,0.073222
13,40,<qchar>,2,0.704065
13,40,<qchars>,0,0.394410
13,40,<qchars>,1,0.605590
13,40,<quoted>,0,1.000000
13,40,<row>,0,1.000000
13,40,<rows>,0,0.510365
13,40,<rows>,1,0.489635
13,40,<start>,0,1.000000
13,40,<unquoted>,0,0.495390
13,40,<unquoted>,1,0.504610
13,40,<wchar>,0,0.011517
13,40,<wchar>,1,0.000000
13,40,<wchar>,2,0.475490
13,40,<wchar>,3,0.004895
13,40,<wchar>,4,0.290780
13,40,<wchar>,5,0.217319
13,40,<word>,0,0.499098
13,40,<word>,1,0.500902
13,45,<field>,0,0.250527
13,45,<field>,1,0.749473
13,45,<fields>,0,0.477960
13,45,<fields>,1,0.522040
13,45,<qchar>,0,0.058442
13,45,<qchar>,1,0.092302
13,45,<qchar>,2,0.849256
13,45,<qchars>,0,0.394488
13,45,<qchars>,1,0.605512
13,45,<quoted>,0,1.000000
13,45,<row>,0,1.000000
13,45,<rows>,0,0.559652
13,45,<rows>,1,0.440348
13,45,<start>,0,1.000000
13,45,<unquoted>,0,0.530208
13,45,<unquoted>,1,0.469792
13,45,<wchar>,0,0.050398
13,45,<wchar>,1,0.012666
13,45,<wchar>,2,0.436939
13,45,<wchar>,3,0.017709
13,45,<wchar>,4,0.278968
13,45,<wchar>,5,0.203320
13,45,<word>,0,0.529107
13,45,<word>,1,0.470893
13,50,<field>,0,0.278396
13,50,<field>,1,0.721604
13,50,<fields>,0,0.487668
13,50,<fields>,1,0.512332
13,50,<qchar>,0,0.144465
13,50,<qchar>,1,0.088917
13,50,<qchar>,2,0.766618
13,50,<qchars>,0,0.412620
13,50,<qchars>,1,0.587380
13,50,<quoted>,0,1.000000
13,50,<row>,0,1.000000
13,50,<rows>,0,0.549562
13,50,<rows>,1,0.450438
13,50,<start>,0,1.000000
13,50,<unquoted>,0,0.539551
13,50,<unquoted>,1,0.460449
13,50,<wchar>,0,0.058108
13,50,<wchar>,1,0.025127
13,50,<wchar>,2,0.406840
13,50,<wchar>,3,0.000000
13,50,<wchar>,4,0.279467
13,50,<wchar>,5,0.230457
13,50,<word>,0,0.568051
13,50,<word>,1,0.431949
13,55,<field>,0,0.269663
13,55,<field>,1,0.730337
13,55,<fields>,0,0.498484
13,55,<fields>,1,0.501516
13,55,<qchar>,0,0.026853
13,55,<qchar>,1,0.042900
13,55,<qchar>,2,0.930247
13,55,<qchars>,0,0.367407
13,55,<qchars>,1,0.632593
13,55,<quoted>,0,1.000000
13,55,<row>,0,1.000000
13,55,<rows>,0,0.506150
13,55,<rows>,1,0.493850
13,55,<start>,0,1.000000
13,55,<unquoted>,0,0.528534
13,55,<unquoted>,1,0.471466
13,55,<wchar>,0,0.089122
13,55,<wchar>,1,0.019350
13,55,<wchar>,2,0.417526
13,55,<wchar>,3,0.021657
13,55,<wchar>,4,0.268980
13,55,<wchar>,5,0.183364
13,55,<word>,0,0.535799
13,55,<word>,1,0.464201
13,59,<field>,0,0.259801
13,59,<field>,1,0.740199
13,59,<fields>,0,0.499825
13,59,<fields>,1,0.500175
13,59,<qchar>,0,0.050374
13,59,<qchar>,1,0.056406
13,59,<qchar>,2,0.893220
13,59,<qchars>,0,0.385858
13,59,<qchars>,1,0.614142
13,59,<quoted>,0,1.000000
13,59,<row>,0,1.000000
13,59,<rows>,0,0.520851
13,59,<rows>,1,0.479149
13,59,<start>,0,1.000000
13,59,<unquoted>,0,0.550345
13,59,<unquoted>,1,0.449655
13,59,<wchar>,0,0.019416
13,59,<wchar>,1,0.013824
13,59,<wchar>,2,0.449854
13,59,<wchar>,3,0.021216
13,59,<wchar>,4,0.292877
13,59,<wchar>,5,0.202812
13,59,<word>,0,0.564993
13,59,<word>,1,0.435007
14,0,<field>,0,0.450433
14,0,<field>,1,0.549567
14,0,<fields>,0,0.424122
14,0,<fields>,1,0.575878
14,0,<qchar>,0,0.368055
14,0,<qchar>,1,0.397382
14,0,<qchar>,2,0.234563
14,0,<qchars>,0,0.328470
14,0,<qchars>,1,0.671530
14,0,<quoted>,0,1.000000
14,0,<row>,0,1.000000
14,0,<rows>,0,0.464223
14,0,<rows>,1,0.535777
14,0,<start>,0,1.000000
14,0,<unquoted>,0,0.395614
14,0,<unquoted>,1,0.604386
14,0,<wchar>,0,0.264558
14,0,<wchar>,1,0.097080
14,0,<wchar>,2,0.109456
14,0,<wchar>,3,0.122587
14,0,<wchar>,4,0.324009
14,0,<wchar>,5,0.082310
14,0,<word>,0,0.434060
14,0,<word>,1,0.565940
14,5,<field>,0,0.345872
14,5,<field>,1,0.654128
14,5,<fields>,0,0.579798
14,5,<fields>,1,0.420202
14,5,<qchar>,0,0.321900
14,5,<qchar>,1,0.290092
14,5,<qchar>,2,0.388008
14,5,<qchars>,0,0.393335
14,5,<qchars>,1,0.606665
14,5,<quoted>,0,1.000000
14,5,<row>,0,1.000000
14,5,<rows>,0,0.583444
14,5,<rows>,1,0.416556
14,5,<start>,0,1.000000
14,5,<unquoted>,0,0.465336
14,5,<unquoted>,1,0.534664
14,5,<wchar>,0,0.000000
14,5,<wchar>,1,0.180484
14,5,<wchar>,2,0.317399
14,5,<wchar>,3,0.156891
14,5,<wchar>,4,0.143654
14,5,<wchar>,5,0.201573
14,5,<word>,0,0.389660
14,5,<word>,1,0.610340
14,10,<field>,0,0.292618
14,10,<field>,1,0.707382
14,10,<fields>,0,0.457489
14,10,<fields>,1,0.542511
14,10,<qchar>,0,0.318567
14,10,<qchar>,1,0.278793
14,10,<qchar>,2,0.402640
14,10,<qchars>,0,0.427815
14,10,<qchars>,1,0.572185
14,10,<quoted>,0,1.000000
14,10,<row>,0,1.000000
14,10,<rows>,0,0.567717
14,10,<rows>,1,0.432283
14,10,<start>,0,1.000000
14,10,<unquoted>,0,0.560033
14,10,<unquoted>,1,0.439967
14,10,<wchar>,0,0.007749
14,10,<wchar>,1,0.245901
14,10,<wchar>,2,0.316243
14,10,<wchar>,3,0.107848
14,10,<wchar>,4,0.159205
14,10,<wchar>,5,0.163053
14,10,<word>,0,0.391585
14,10,<word>,1,0.608415
14,15,<field>,0,0.292134
14,15,<field>,1,0.707866
14,15,<fields>,0,0.374448
14,15,<fields>,1,0.625552
14,15,<qchar>,0,0.299755
14,15,<qchar>,1,0.302488
14,15,<qchar>,2,0.397757
14,15,<qchars>,0,0.433511
14,15,<qchars>,1,0.566489
14,15,<quoted>,0,1.000000
14,15,<row>,0,1.000000
14,15,<rows>,0,0.574088
14,15,<rows>,1,0.425912
14,15,<start>,0,1.000000
14,15,<unquoted>,0,0.496015
14,15,<unquoted>,1,0.503985
14,15,<wchar>,0,0.067823
14,15,<wchar>,1,0.267100
14,15,<wchar>,2,0.247792
14,15,<wchar>,3,0.001206
14,15,<wchar>,4,0.228141
14,15,<wchar>,5,0.187938
14,15,<word>,0,0.420225
14,15,<word>,1,0.579775
14,20,<field>,0,0.226831
14,20,<field>,1,0.773169
14,20,<fields>,0,0.414826
14,20,<fields>,1,0.585174
14,20,<qchar>,0,0.326489
14,20,<qchar>,1,0.210945
14,20,<qchar>,2,0.462566
14,20,<qchars>,0,0.412966
14,20,<qchars>,1,0.587034
14,20,<quoted>,0,1.000000
14,20,<row>,0,1.000000
14,20,<rows>,0,0.597827
14,20,<rows>,1,0.402173
14,20,<start>,0,1.000000
14,20,<unquoted>,0,0.534835
14,20,<unquoted>,1,0.465165
14,20,<wchar>,0,0.000000
14,20,<wchar>,1,0.148542
14,20,<wchar>,2,0.476584
14,20,<wchar>,3,0.055466
14,20,<wchar>,4,0.211881
14,20,<wchar>,5,0.107528
14,20,<word>,0,0.410977
14,20,<word>,1,0.589023
14,25,<field>,0,0.305007
14,25,<field>,1,0.694993
14,25,<fields>,0,0.489073
14,25,<fields>,1,0.510927
14,25,<qchar>,0,0.265057
14,25,<qchar>,1,0.366085
14,25,<qchar>,2,0.368857
14,25,<qchars>,0,0.385744
14,25,<qchars>,1,0.614256
14,25,<quoted>,0,1.000000
14,25,<row>,0,1.000000
14,25,<rows>,0,0.559838
14,25,<rows>,1,0.440162
14,25,<start>,0,1.000000
14,25,<unquoted>,0,0.523271
14,25,<unquoted>,1,0.476729
14,25,<wchar>,0,0.065696
14,25,<wchar>,1,0.025345
14,25,<wchar>,2,0.372695
14,25,<wchar>,3,0.020141
14,25,<wchar>,4,0.262351
14,25,<wchar>,5,0.253772
14,25,<word>,0,0.430464
14,25,<word>,1,0.569536
14,30,<field>,0,0.316237
14,30,<field>,1,0.683763
14,30,<fields>,0,0.437208
14,30,<fields>,1,0.562792
14,30,<qchar>,0,0.362833
14,30,<qchar>,1,0.159841
14,30,<qchar>,2,0.477325
14,30,<qchars>,0,0.340393
14,30,<qchars>,1,0.659607
14,30,<quoted>,0,1.000000
14,30,<row>,0,1.000000
14,30,<rows>,0,0.566586
14,30,<rows>,1,0.433414
14,30,<start>,0,1.000000
14,30,<unquoted>,0,0.487276
14,30,<unquoted>,1,0.512724
14,30,<wchar>,0,0.027754
14,30,<wchar>,1,0.030213
14,30,<wchar>,2,0.366059
14,30,<wchar>,3,0.015440
14,30,<wchar>,4,0.273208
14,30,<wchar>,5,0.287325
14,30,<word>,0,0.391271
14,30,<word>,1,0.608729
14,35,<field>,0,0.276615
14,35,<field>,1,0.723385
14,35,<fields>,0,0.377193
14,35,<fields>,1,0.622807
14,35,<qchar>,0,0.244398
14,35,<qchar>,1,0.269188
14,35,<qchar>,2,0.486414
14,35,<qchars>,0,0.295104
14,35,<qchars>,1,0.704896
14,35,<quoted>,0,1.000000
14,35,<row>,0,1.000000
14,35,<rows>,0,0.572607
14,35,<rows>,1,0.427393
14,35,<start>,0,1.000000
14,35,<unquoted>,0,0.494963
14,35,<unquoted>,1,0.505037
14,35,<wchar>,0,0.031974
14,35,<wchar>,1,0.047271
14,35,<wchar>,2,0.374354
14,35,<wchar>,3,0.017866
14,35,<wchar>,4,0.264031
14,35,<wchar>,5,0.264504
14,35,<word>,0,0.417402
14,35,<word>,1,0.582598
14,40,<field>,0,0.287406
14,40,<field>,1,0.712594
14,40,<fields>,0,0.453672
14,40,<fields>,1,0.546328
14,40,<qchar>,0,0.331031
14,40,<qchar>,1,0.176171
14,40,<qchar>,2,0.492797
14,40,<qchars>,0,0.238455
14,40,<qchars>,1,0.761545
14,40,<quoted>,0,1.000000
14,40,<row>,0,1.000000
14,40,<rows>,0,0.570530
14,40,<rows>,1,0.429470
14,40,<start>,0,1.000000
14,40,<unquoted>,0,0.463393
14,40,<unquoted>,1,0.536607
14,40,<wchar>,0,0.053999
14,40,<wchar>,1,0.003104
14,40,<wchar>,2,0.399062
14,40,<wchar>,3,0.005927
14,40,<wchar>,4,0.249962
14,40,<wchar>,5,0.287947
14,40,<word>,0,0.375336
14,40,<word>,1,0.624664
14,45,<field>,0,0.238513
14,45,<field>,1,0.761487
14,45,<fields>,0,0.438169
14,45,<fields>,1,0.561831
14,45,<qchar>,0,0.281262
14,45,<qchar>,1,0.165886
14,45,<qchar>,2,0.552853
14,45,<qchars>,0,0.303958
14,45,<qchars>,1,0.696042
14,45,<quoted>,0,1.000000
14,45,<row>,0,1.000000
14,45,<rows>,0,0.570559
14,45,<rows>,1,0.429441
14,45,<start>,0,1.000000
14,45,<unquoted>,0,0.488426
14,45,<unquoted>,1,0.511574
14,45,<wchar>,0,0.016617
14,45,<wchar>,1,0.038588
14,45,<wchar>,2,0.440499
14,45,<wchar>,3,0.010426
14,45,<wchar>,4,0.232160
14,45,<wchar>,5,0.261709
14,45,<word>,0,0.390657
14,45,<word>,1,0.609343
14,50,<field>,0,0.281570
14,50,<field>,1,0.718430
14,50,<fields>,0,0.449296
14,50,<fields>,1,0.550704
14,50,<qchar>,0,0.248518
14,50,<qchar>,1,0.173721
14,50,<qchar>,2,0.577761
14,50,<qchars>,0,0.213090
14,50,<qchars>,1,0.786910
14,50,<quoted>,0,1.000000
14,50,<row>,0,1.000000
14,50,<rows>,0,0.577942
14,50,<rows>,1,0.422058
14,50,<start>,0,1.000000
14,50,<unquoted>,0,0.489530
14,50,<unquoted>,1,0.510470
14,50,<wchar>,0,0.006695
14,50,<wchar>,1,0.053375
14,50,<wchar>,2,0.385202
14,50,<wchar>,3,0.002825
14,50,<wchar>,4,0.270083
14,50,<wchar>,5,0.281820
14,50,<word>,0,0.397265
14,50,<word>,1,0.602735
14,55,<field>,0,0.272648
14,55,<field>,1,0.727352
14,55,<fields>,0,0.455363
14,55,<fields>,1,0.544637
14,55,<qchar>,0,0.296836
14,55,<qchar>,1,0.198517
14,55,<qchar>,2,0.504647
14,55,<qchars>,0,0.149895
14,55,<qchars>,1,0.850105
14,55,<quoted>,0,1.000000
14,55,<row>,0,1.000000
14,55,<rows>,0,0.582894
14,55,<rows>,1,0.417106
14,55,<start>,0,1.000000
14,55,<unquoted>,0,0.482843
14,55,<unquoted>,1,0.517157
14,55,<wchar>,0,0.003455
14,55,<wchar>,1,0.024008
14,55,<wchar>,2,0.428959
14,55,<wchar>,3,0.010090
14,55,<wchar>,4,0.281758
14,55,<wchar>,5,0.251731
14,55,<word>,0,0.388968
14,55,<word>,1,0.611032
14,59,<field>,0,0.273598
14,59,<field>,1,0.726402
14,59,<fields>,0,0.449838
14,59,<fields>,1,0.550162
14,59,<qchar>,0,0.236512
14,59,<qchar>,1,0.227517
14,59,<qchar>,2,0.535971
14,59,<qchars>,0,0.229721
14,59,<qchars>,1,0.770279
14,59,<quoted>,0,1.000000
14,59,<row>,0,1.000000
14,59,<rows>,0,0.580405
14,59,<rows>,1,0.419595
14,59,<start>,0,1.000000
14,59,<unquoted>,0,0.502770
14,59,<unquoted>,1,0.497230
14,59,<wchar>,0,0.000495
14,59,<wchar>,1,0.041981
14,59,<wchar>,2,0.432528
14,59,<wchar>,3,0.008786
14,59,<wchar>,4,0.259307
14,59,<wchar>,5,0.256903
14,59,<word>,0,0.390371
14,59,<word>,1,0.609629
15,0,<field>,0,0.526204
15,0,<field>,1,0.473796
15,0,<fields>,0,0.426182
15,0,<fields>,1,0.573818
15,0,<qchar>,0,0.336086
15,0,<qchar>,1,0.314839
15,0,<qchar>,2,0.349076
15,0,<qchars>,0,0.542553
15,0,<qchars>,1,0.457447
15,0,<quoted>,0,1.000000
15,0,<row>,0,1.000000
15,0,<rows>,0,0.566150
15,0,<rows>,1,0.433850
15,0,<start>,0,1.000000
15,0,<unquoted>,0,0.274100
15,0,<unquoted>,1,0.725900
15,0,<wchar>,0,0.290636
15,0,<wchar>,1,0.154275
15,0,<wchar>,2,0.074823
15,0,<wchar>,3,0.209289
15,0,<wchar>,4,0.063017
15,0,<wchar>,5,0.207959
15,0,<word>,0,0.512637
15,0,<word>,1,0.487363
15,5,<field>,0,0.360306
15,5,<field>,1,0.639694
15,5,<fields>,0,0.488382
15,5,<fields>,1,0.511618
15,5,<qchar>,0,0.421213
15,5,<qchar>,1,0.297228
15,5,<qchar>,2,0.281559
15,5,<qchars>,0,0.567929
15,5,<qchars>,1,0.432071
15,5,<quoted>,0,1.000000
15,5,<row>,0,1.000000
15,5,<rows>,0,0.608661
15,5,<rows>,1,0.391339
15,5,<start>,0,1.000000
15,5,<unquoted>,0,0.426794
15,5,<unquoted>,1,0.573206
15,5,<wchar>,0,0.141840
15,5,<wchar>,1,0.145946
15,5,<wchar>,2,0.202734
15,5,<wchar>,3,0.163829
15,5,<wchar>,4,0.144001
15,5,<wchar>,5,0.201650
15,5,<word>,0,0.553726
15,5,<word>,1,0.446274
15,10,<field>,0,0.288481
15,10,<field>,1,0.711519
15,10,<fields>,0,0.458100
15,10,<fields>,1,0.541900
15,10,<qchar>,0,0.355896
15,10,<qchar>,1,0.303385
15,10,<qchar>,2,0.340719
15,10,<qchars>,0,0.319952
15,10,<qchars>,1,0.680048
15,10,<quoted>,0,1.000000
15,10,<row>,0,1.000000
15,10,<rows>,0,0.526142
15,10,<rows>,1,0.473858
15,10,<start>,0,1.000000
15,10,<unquoted>,0,0.501628
15,10,<unquoted>,1,0.498372
15,10,<wchar>,0,0.141804
15,10,<wchar>,1,0.114971
15,10,<wchar>,2,0.295105
15,10,<wchar>,3,0.000000
15,10,<wchar>,4,0.378314
15,10,<wchar>,5,0.069806
15,10,<word>,0,0.515746
15,10,<word>,1,0.484254
15,15,<field>,0,0.284741
15,15,<field>,1,0.715259
15,15,<fields>,0,0.403117
15,15,<fields>,1,0.596883
15,15,<qchar>,0,0.367178
15,15,<qchar>,1,0.304116
15,15,<qchar>,2,0.328706
15,15,<qchars>,0,0.454604
15,15,<qchars>,1,0.545396
15,15,<quoted>,0,1.000000
15,15,<row>,0,1.000000
15,15,<rows>,0,0.456058
15,15,<rows>,1,0.543942
15,15,<start>,0,1.000000
15,15,<unquoted>,0,0.474534
15,15,<unquoted>,1,0.525466
15,15,<wchar>,0,0.102320
15,15,<wchar>,1,0.099313
15,15,<wchar>,2,0.186084
15,15,<wchar>,3,0.091277
15,15,<wchar>,4,0.275492
15,15,<wchar>,5,0.245514
15,15,<word>,0,0.535802
15,15,<word>,1,0.464198
15,20,<field>,0,0.247593
15,20,<field>,1,0.752407
15,20,<fields>,0,0.432737
15,20,<fields>,1,0.567263
15,20,<qchar>,0,0.359247
15,20,<qchar>,1,0.318860
15,20,<qchar>,2,0.321893
15,20,<qchars>,0,0.349994
15,20,<qchars>,1,0.650006
15,20,<quoted>,0,1.000000
15,20,<row>,0,1.000000
15,20,<rows>,0,0.467117
15,20,<rows>,1,0.532883
15,20,<start>,0,1.000000
15,20,<unquoted>,0,0.451742
15,20,<unquoted>,1,0.548258
15,20,<wchar>,0,0.110395
15,20,<wchar>,1,0.008176
15,20,<wchar>,2,0.170764
15,20,<wchar>,3,0.036570
15,20,<wchar>,4,0.391810
15,20,<wchar>,5,0.282284
15,20,<word>,0,0.492327
15,20,<word>,1,0.507673
15,25,<field>,0,0.272586
15,25,<field>,1,0.727414
15,25,<fields>,0,0.448138
15,25,<fields>,1,0.551862
15,25,<qchar>,0,0.446948
15,25,<qchar>,1,0.076094
15,25,<qchar>,2,0.476958
15,25,<qchars>,0,0.382922
15,25,<qchars>,1,0.617078
15,25,<quoted>,0,1.000000
15,25,<row>,0,1.000000
15,25,<rows>,0,0.495577
15,25,<rows>,1,0.504423
15,25,<start>,0,1.000000
15,25,<unquoted>,0,0.487318
15,25,<unquoted>,1,0.512682
15,25,<wchar>,0,0.025675
15,25,<wchar>,1,0.079230
15,25,<wchar>,2,0.279285
15,25,<wchar>,3,0.094052
15,25,<wchar>,4,0.366670
15,25,<wchar>,5,0.155088
15,25,<word>,0,0.544160
15,25,<word>,1,0.455840
15,30,<field>,0,0.224917
15,30,<field>,1,0.775083
15,30,<fields>,0,0.452408
15,30,<fields>,1,0.547592
15,30,<qchar>,0,0.360313
15,30,<qchar>,1,0.199921
15,30,<qchar>,2,0.439766
15,30,<qchars>,0,0.235861
15,30,<qchars>,1,0.764139
15,30,<quoted>,0,1.000000
15,30,<row>,0,1.000000
15,30,<rows>,0,0.577345
15,30,<rows>,1,0.422655
15,30,<start>,0,1.000000
15,30,<unquoted>,0,0.408456
15,30,<unquoted>,1,0.591544
15,30,<wchar>,0,0.030570
15,30,<wchar>,1,0.027065
15,30,<wchar>,2,0.262189
15,30,<wchar>,3,0.035417
15,30,<wchar>,4,0.350362
15,30,<wchar>,5,0.294398
15,30,<word>,0,0.507678
15,30,<word>,1,0.492322
15,35,<field>,0,0.229927
15,35,<field>,1,0.770073
15,35,<fields>,0,0.462102
15,35,<fields>,1,0.537898
15,35,<qchar>,0,0.368553
15,35,<qchar>,1,0.206608
15,35,<qchar>,2,0.424839
15,35,<qchars>,0,0.247006
15,35,<qchars>,1,0.752994
15,35,<quoted>,0,1.000000
15,35,<row>,0,1.000000
15,35,<rows>,0,0.571596
15,35,<rows>,1,0.428404
15,35,<start>,0,1.000000
15,35,<unquoted>,0,0.415222
15,35,<unquoted>,1,0.584778
15,35,<wchar>,0,0.046471
15,35,<wchar>,1,0.017688
15,35,<wchar>,2,0.308469
15,35,<wchar>,3,0.029066
15,35,<wchar>,4,0.331362
15,35,<wchar>,5,0.266944
15,35,<word>,0,0.523335
15,35,<word>,1,0.476665
15,40,<field>,0,0.203769
15,40,<field>,1,0.796231
15,40,<fields>,0,0.477550
15,40,<fields>,1,0.522450
15,40,<qchar>,0,0.312100
15,40,<qchar>,1,0.207978
15,40,<qchar>,2,0.479923
15,40,<qchars>,0,0.247184
15,40,<qchars>,1,0.752816
15,40,<quoted>,0,1.000000
15,40,<row>,0,1.000000
15,40,<rows>,0,0.507573
15,40,<rows>,1,0.492427
15,40,<start>,0,1.000000
15,40,<unquoted>,0,0.503063
15,40,<unquoted>,1,0.496937
15,40,<wchar>,0,0.039540
15,40,<wchar>,1,0.000000
15,40,<wchar>,2,0.330485
15,40,<wchar>,3,0.030312
15,40,<wchar>,4,0.480497
15,40,<wchar>,5,0.119165
15,40,<word>,0,0.524218
15,40,<word>,1,0.475782
15,45,<field>,0,0.220384
15,45,<field>,1,0.779616
15,45,<fields>,0,0.468342
15,45,<fields>,1,0.531658
15,45,<qchar>,0,0.353980
15,45,<qchar>,1,0.175444
15,45,<qchar>,2,0.470576
15,45,<qchars>,0,0.221530
15,45,<qchars>,1,0.778470
15,45,<quoted>,0,1.000000
15,45,<row>,0,1.000000
15,45,<rows>,0,0.432836
15,45,<rows>,1,0.567164
15,45,<start>,0,1.000000
15,45,<unquoted>,0,0.449284
15,45,<unquoted>,1,0.550716
15,45,<wchar>,0,0.023905
15,45,<wchar>,1,0.041456
15,45,<wchar>,2,0.390738
15,45,<wchar>,3,0.000000
15,45,<wchar>,4,0.332503
15,45,<wchar>,5,0.211399
15,45,<word>,0,0.499515
15,45,<word>,1,0.500485
15,50,<field>,0,0.200308
15,50,<field>,1,0.799692
15,50,<fields>,0,0.443313
15,50,<fields>,1,0.556687
15,50,<qchar>,0,0.324359
15,50,<qchar>,1,0.170240
15,50,<qchar>,2,0.505401
15,50,<qchars>,0,0.237349
15,50,<qchars>,1,0.762651
15,50,<quoted>,0,1.000000
15,50,<row>,0,1.000000
15,50,<rows>,0,0.552252
15,50,<rows>,1,0.447748
15,50,<start>,0,1.000000
15,50,<unquoted>,0,0.471285
15,50,<unquoted>,1,0.528715
15,50,<wchar>,0,0.004852
15,50,<wchar>,1,0.020287
15,50,<wchar>,2,0.343881
15,50,<wchar>,3,0.015625
15,50,<wchar>,4,0.349368
15,50,<wchar>,5,0.265988
15,50,<word>,0,0.532484
15,50,<word>,1,0.467516
15,55,<field>,0,0.224390
15,55,<field>,1,0.775610
15,55,<fields>,0,0.443131
15,55,<fields>,1,0.556869
15,55,<qchar>,0,0.303266
15,55,<qchar>,1,0.183925
15,55,<qchar>,2,0.512809
15,55,<qchars>,0,0.220806
15,55,<qchars>,1,0.779194
15,55,<quoted>,0,1.000000
15,55,<row>,0,1.000000
15,55,<rows>,0,0.525322
15,55,<rows>,1,0.474678
15,55,<start>,0,1.000000
15,55,<unquoted>,0,0.463534
15,55,<unquoted>,1,0.536466
15,55,<wchar>,0,0.018646
15,55,<wchar>,1,0.031466
15,55,<wchar>,2,0.312755
15,55,<wchar>,3,0.019556
15,55,<wchar>,4,0.382655
15,55,<wchar>,5,0.234922
15,55,<word>,0,0.535651
15,55,<word>,1,0.464349
15,59,<field>,0,0.217340
15,59,<field>,1,0.782660
15,59,<fields>,0,0.445464
15,59,<fields>,1,0.554536
15,59,<qchar>,0,0.280916
15,59,<qchar>,1,0.181311
15,59,<qchar>,2,0.537772
15,59,<qchars>,0,0.224548
15,59,<qchars>,1,0.775452
15,59,<quoted>,0,1.000000
15,59,<row>,0,1.000000
15,59,<rows>,0,0.574663
15,59,<rows>,1,0.425337
15,59,<start>,0,1.000000
15,59,<unquoted>,0,0.467643
15,59,<unquoted>,1,0.532357
15,59,<wchar>,0,0.017316
15,59,<wchar>,1,0.022868
15,59,<wchar>,2,0.319116
15,59,<wchar>,3,0.020276
15,59,<wchar>,4,0.387000
15,59,<wchar>,5,0.233424
15,59,<word>,0,0.513676
15,59,<word>,1,0.486324
16,0,<field>,0,0.474237
16,0,<field>,1,0.525763
16,0,<fields>,0,0.503116
16,0,<fields>,1,0.496884
16,0,<qchar>,0,0.454679
16,0,<qchar>,1,0.218333
16,0,<qchar>,2,0.326988
16,0,<qchars>,0,0.468391
16,0,<qchars>,1,0.531609
16,0,<quoted>,0,1.000000
16,0,<row>,0,1.000000
16,0,<rows>,0,0.683719
16,0,<rows>,1,0.316281
16,0,<start>,0,1.000000
16,0,<unquoted>,0,0.616301
16,0,<unquoted>,1,0.383699
16,0,<wchar>,0,0.132769
16,0,<wchar>,1,0.233933
16,0,<wchar>,2,0.071233
16,0,<wchar>,3,0.158700
16,0,<wchar>,4,0.185930
16,0,<wchar>,5,0.217436
16,0,<word>,0,0.552030
16,0,<word>,1,0.447970
16,5,<field>,0,0.317368
16,5,<field>,1,0.682632
16,5,<fields>,0,0.532358
16,5,<fields>,1,0.467642
16,5,<qchar>,0,0.369372
16,5,<qchar>,1,0.389190
16,5,<qchar>,2,0.241438
16,5,<qchars>,0,0.515501
16,5,<qchars>,1,0.484499
16,5,<quoted>,0,1.000000
16,5,<row>,0,1.000000
16,5,<rows>,0,0.395297
16,5,<rows>,1,0.604703
16,5,<start>,0,1.000000
16,5,<unquoted>,0,0.460177
16,5,<unquoted>,1,0.539823
16,5,<wchar>,0,0.067266
16,5,<wchar>,1,0.112177
16,5,<wchar>,2,0.290804
16,5,<wchar>,3,0.105654
16,5,<wchar>,4,0.202991
16,5,<wchar>,5,0.221108
16,5,<word>,0,0.433796
16,5,<word>,1,0.566204
16,10,<field>,0,0.371079
16,10,<field>,1,0.628921
16,10,<fields>,0,0.542077
16,10,<fields>,1,0.457923
16,10,<qchar>,0,0.309168
16,10,<qchar>,1,0.403389
16,10,<qchar>,2,0.287444
16,10,<qchars>,0,0.494856
16,10,<qchars>,1,0.505144
16,10,<quoted>,0,1.000000
16,10,<row>,0,1.000000
16,10,<rows>,0,0.356155
16,10,<rows>,1,0.643845
16,10,<start>,0,1.000000
16,10,<unquoted>,0,0.555658
16,10,<unquoted>,1,0.444342
16,10,<wchar>,0,0.060359
16,10,<wchar>,1,0.106000
16,10,<wchar>,2,0.262833
16,10,<wchar>,3,0.016155
16,10,<wchar>,4,0.287715
16,10,<wchar>,5,0.266938
16,10,<word>,0,0.475778
16,10,<word>,1,0.524222
16,15,<field>,0,0.386165
16,15,<field>,1,0.613835
16,15,<fields>,0,0.520265
16,15,<fields>,1,0.479735
16,15,<qchar>,0,0.299240
16,15,<qchar>,1,0.305222
16,15,<qchar>,2,0.395538
16,15,<qchars>,0,0.572630
16,15,<qchars>,1,0.427370
16,15,<quoted>,0,1.000000
16,15,<row>,0,1.000000
16,15,<rows>,0,0.351936
16,15,<rows>,1,0.648064
16,15,<start>,0,1.000000
16,15,<unquoted>,0,0.540754
16,15,<unquoted>,1,0.459246
16,15,<wchar>,0,0.070355
16,15,<wchar>,1,0.000000
16,15,<wchar>,2,0.395200
16,15,<wchar>,3,0.000000
16,15,<wchar>,4,0.253151
16,15,<wchar>,5,0.281294
16,15,<word>,0,0.517120
16,15,<word>,1,0.482880
16,20,<field>,0,0.335301
16,20,<field>,1,0.664699
16,20,<fields>,0,0.472060
16,20,<fields>,1,0.527940
16,20,<qchar>,0,0.275044
16,20,<qchar>,1,0.396122
16,20,<qchar>,2,0.328834
16,20,<qchars>,0,0.568198
16,20,<qchars>,1,0.431802
16,20,<quoted>,0,1.000000
16,20,<row>,0,1.000000
16,20,<rows>,0,0.390568
16,20,<rows>,1,0.609432
16,20,<start>,0,1.000000
16,20,<unquoted>,0,0.541340
16,20,<unquoted>,1,0.458660
16,20,<wchar>,0,0.046798
16,20,<wchar>,1,0.096804
16,20,<wchar>,2,0.356423
16,20,<wchar>,3,0.000000
16,20,<wchar>,4,0.253578
16,20,<wchar>,5,0.246397
16,20,<word>,0,0.486009
16,20,<word>,1,0.513991
16,25,<field>,0,0.325694
16,25,<field>,1,0.674306
16,25,<fields>,0,0.437493
16,25,<fields>,1,0.562507
16,25,<qchar>,0,0.262206
16,25,<qchar>,1,0.364190
16,25,<qchar>,2,0.373604
16,25,<qchars>,0,0.547403
16,25,<qchars>,1,0.452597
16,25,<quoted>,0,1.000000
16,25,<row>,0,1.000000
16,25,<rows>,0,0.418503
16,25,<rows>,1,0.581497
16,25,<start>,0,1.000000
16,25,<unquoted>,0,0.541950
16,25,<unquoted>,1,0.458050
16,25,<wchar>,0,0.051013
16,25,<wchar>,1,0.048378
16,25,<wchar>,2,0.394784
16,25,<wchar>,3,0.021645
16,25,<wchar>,4,0.288095
16,25,<wchar>,5,0.196086
16,25,<word>,0,0.509927
16,25,<word>,1,0.490073
16,30,<field>,0,0.300268
16,30,<field>,1,0.699732
16,30,<fields>,0,0.490215
16,30,<fields>,1,0.509785
16,30,<qchar>,0,0.584502
16,30,<qchar>,1,0.191939
16,30,<qchar>,2,0.223559
16,30,<qchars>,0,0.563190
16,30,<qchars>,1,0.436810
16,30,<quoted>,0,1.000000
16,30,<row>,0,1.000000
16,30,<rows>,0,0.411494
16,30,<rows>,1,0.588506
16,30,<start>,0,1.000000
16,30,<unquoted>,0,0.519804
16,30,<unquoted>,1,0.480196
16,30,<wchar>,0,0.007793
16,30,<wchar>,1,0.014224
16,30,<wchar>,2,0.463856
16,30,<wchar>,3,0.001363
16,30,<wchar>,4,0.299104
16,30,<wchar>,5,0.213660
16,30,<word>,0,0.470693
16,30,<word>,1,0.529307
16,35,<field>,0,0.273611
16,35,<field>,1,0.726389
16,35,<fields>,0,0.526205
16,35,<fields>,1,0.473795
16,35,<qchar>,0,0.185670
16,35,<qchar>,1,0.331514
16,35,<qchar>,2,0.482816
16,35,<qchars>,0,0.544430
16,35,<qchars>,1,0.455570
16,35,<quoted>,0,1.000000
16,35,<row>,0,1.000000
16,35,<rows>,0,0.361029
16,35,<rows>,1,0.638971
16,35,<start>,0,1.000000
16,35,<unquoted>,0,0.552414
16,35,<unquoted>,1,0.447586
16,35,<wchar>,0,0.035440
16,35,<wchar>,1,0.005426
16,35,<wchar>,2,0.416531
16,35,<wchar>,3,0.003511
16,35,<wchar>,4,0.343558
16,35,<wchar>,5,0.195534
16,35,<word>,0,0.466960
16,35,<word>,1,0.533040
16,40,<field>,0,0.325093
16,40,<field>,1,0.674907
16,40,<fields>,0,0.490570
16,40,<fields>,1,0.509430
16,40,<qchar>,0,0.104190
16,40,<qchar>,1,0.233556
16,40,<qchar>,2,0.662254
16,40,<qchars>,0,0.341212
16,40,<qchars>,1,0.658788
16,40,<quoted>,0,1.000000
16,40,<row>,0,1.000000
16,40,<rows>,0,0.426587
16,40,<rows>,1,0.573413
16,40,<start>,0,1.000000
16,40,<unquoted>,0,0.519100
16,40,<unquoted>,1,0.480900
16,40,<wchar>,0,0.002147
16,40,<wchar>,1,0.014482
16,40,<wchar>,2,0.436618
16,40,<wchar>,3,0.000000
16,40,<wchar>,4,0.335668
16,40,<wchar>,5,0.211084
16,40,<word>,0,0.511751
16,40,<word>,1,0.488249
16,45,<field>,0,0.313329
16,45,<field>,1,0.686671
16,45,<fields>,0,0.603925
16,45,<fields>,1,0.396075
16,45,<qchar>,0,0.165845
16,45,<qchar>,1,0.286174
16,45,<qchar>,2,0.547982
16,45,<qchars>,0,0.494733
16,45,<qchars>,1,0.505267
16,45,<quoted>,0,1.000000
16,45,<row>,0,1.000000
16,45,<rows>,0,0.422386
16,45,<rows>,1,0.577614
16,45,<start>,0,1.000000
16,45,<unquoted>,0,0.562930
16,45,<unquoted>,1,0.437070
16,45,<wchar>,0,0.009588
16,45,<wchar>,1,0.002407
16,45,<wchar>,2,0.451003
16,45,<wchar>,3,0.000553
16,45,<wchar>,4,0.326958
16,45,<wchar>,5,0.209490
16,45,<word>,0,0.414332
16,45,<word>,1,0.585668
16,50,<field>,0,0.274774
16,50,<field>,1,0.725226
16,50,<fields>,0,0.487378
16,50,<fields>,1,0.512622
16,50,<qchar>,0,0.204990
16,50,<qchar>,1,0.323096
16,50,<qchar>,2,0.471914
16,50,<qchars>,0,0.500841
16,50,<qchars>,1,0.499159
16,50,<quoted>,0,1.000000
16,50,<row>,0,1.000000
16,50,<rows>,0,0.457142
16,50,<rows>,1,0.542858
16,50,<start>,0,1.000000
16,50,<unquoted>,0,0.551745
16,50,<unquoted>,1,0.448255
16,50,<wchar>,0,0.006312
16,50,<wchar>,1,0.023154
16,50,<wchar>,2,0.451313
16,50,<wchar>,3,0.004366
16,50,<wchar>,4,0.314305
16,50,<wchar>,5,0.200550
16,50,<word>,0,0.463672
16,50,<word>,1,0.536328
16,55,<field>,0,0.281086
16,55,<field>,1,0.718914
16,55,<fields>,0,0.483871
16,55,<fields>,1,0.516129
16,55,<qchar>,0,0.195952
16,55,<qchar>,1,0.279388
16,55,<qchar>,2,0.524661
16,55,<qchars>,0,0.501551
16,55,<qchars>,1,0.498449
16,55,<quoted>,0,1.000000
16,55,<row>,0,1.000000
16,55,<rows>,0,0.468370
16,55,<rows>,1,0.531630
16,55,<start>,0,1.000000
16,55,<unquoted>,0,0.532294
16,55,<unquoted>,1,0.467706
16,55,<wchar>,0,0.016049
16,55,<wchar>,1,0.014382
16,55,<wchar>,2,0.456592
16,55,<wchar>,3,0.013479
16,55,<wchar>,4,0.306471
16,55,<wchar>,5,0.193027
16,55,<word>,0,0.471729
16,55,<word>,1,0.528271
16,59,<field>,0,0.300221
16,59,<field>,1,0.699779
16,59,<fields>,0,0.491532
16,59,<fields>,1,0.508468
16,59,<qchar>,0,0.214072
16,59,<qchar>,1,0.259738
16,59,<qchar>,2,0.526190
16,59,<qchars>,0,0.508071
16,59,<qchars>,1,0.491929
16,59,<quoted>,0,1.000000
16,59,<row>,0,1.000000
16,59,<rows>,0,0.436243
16,59,<rows>,1,0.563757
16,59,<start>,0,1.000000
16,59,<unquoted>,0,0.466304
16,59,<unquoted>,1,0.533696
16,59,<wchar>,0,0.000000
16,59,<wchar>,1,0.015902
16,59,<wchar>,2,0.423713
16,59,<wchar>,3,0.014722
16,59,<wchar>,4,0.304421
16,59,<wchar>,5,0.241242
16,59,<word>,0,0.499546
16,59,<word>,1,0.500454
17,0,<field>,0,0.768222
17,0,<field>,1,0.231778
17,0,<fields>,0,0.408047
17,0,<fields>,1,0.591953
17,0,<qchar>,0,0.488459
17,0,<qchar>,1,0.349037
17,0,<qchar>,2,0.162505
17,0,<qchars>,0,0.373123
17,0,<qchars>,1,0.626877
17,0,<quoted>,0,1.000000
17,0,<row>,0,1.000000
17,0,<rows>,0,0.676410
17,0,<rows>,1,0.323590
17,0,<start>,0,1.000000
17,0,<unquoted>,0,0.253382
17,0,<unquoted>,1,0.746618
17,0,<wchar>,0,0.169147
17,0,<wchar>,1,0.060770
17,0,<wchar>,2,0.211882
17,0,<wchar>,3,0.134184
17,0,<wchar>,4,0.243743
17,0,<wchar>,5,0.180274
17,0,<word>,0,0.591700
17,0,<word>,1,0.408300
17,5,<field>,0,0.334256
17,5,<field>,1,0.665744
17,5,<fields>,0,0.472844
17,5,<fields>,1,0.527156
17,5,<qchar>,0,0.283876
17,5,<qchar>,1,0.280801
17,5,<qchar>,2,0.435323
17,5,<qchars>,0,0.500997
17,5,<qchars>,1,0.499003
17,5,<quoted>,0,1.000000
17,5,<row>,0,1.000000
17,5,<rows>,0,0.449657
17,5,<rows>,1,0.550343
17,5,<start>,0,1.000000
17,5,<unquoted>,0,0.484431
17,5,<unquoted>,1,0.515569
17,5,<wchar>,0,0.110809
17,5,<wchar>,1,0.092204
17,5,<wchar>,2,0.242407
17,5,<wchar>,3,0.125108
17,5,<wchar>,4,0.331082
17,5,<wchar>,5,0.098391
17,5,<word>,0,0.370258
17,5,<word>,1,0.629742
17,10,<field>,0,0.326079
17,10,<field>,1,0.673921
17,10,<fields>,0,0.409538
17,10,<fields>,1,0.590462
17,10,<qchar>,0,0.205662
17,10,<qchar>,1,0.372664
17,10,<qchar>,2,0.421674
17,10,<qchars>,0,0.516272
17,10,<qchars>,1,0.483728
17,10,<quoted>,0,1.000000
17,10,<row>,0,1.000000
17,10,<rows>,0,0.657185
17,10,<rows>,1,0.342815
17,10,<start>,0,1.000000
17,10,<unquoted>,0,0.537856
17,10,<unquoted>,1,0.462144
17,10,<wchar>,0,0.000000
17,10,<wchar>,1,0.065369
17,10,<wchar>,2,0.338551
17,10,<wchar>,3,0.144469
17,10,<wchar>,4,0.361765
17,10,<wchar>,5,0.089846
17,10,<word>,0,0.397596
17,10,<word>,1,0.602404
17,15,<field>,0,0.369640
17,15,<field>,1,0.630360
17,15,<fields>,0,0.474078
17,15,<fields>,1,0.525922
17,15,<qchar>,0,0.132536
17,15,<qchar>,1,0.387399
17,15,<qchar>,2,0.480065
17,15,<qchars>,0,0.508770
17,15,<qchars>,1,0.491230
17,15,<quoted>,0,1.000000
17,15,<row>,0,1.000000
17,15,<rows>,0,0.566772
17,15,<rows>,1,0.433228
17,15,<start>,0,1.000000
17,15,<unquoted>,0,0.484071
17,15,<unquoted>,1,0.515929
17,15,<wchar>,0,0.000000
17,15,<wchar>,1,0.131623
17,15,<wchar>,2,0.351912
17,15,<wchar>,3,0.116037
17,15,<wchar>,4,0.299461
17,15,<wchar>,5,0.100966
17,15,<word>,0,0.442145
17,15,<word>,1,0.557855
17,20,<field>,0,0.274565
17,20,<field>,1,0.725435
17,20,<fields>,0,0.362933
17,20,<fields>,1,0.637067
17,20,<qchar>,0,0.204705
17,20,<qchar>,1,0.223042
17,20,<qchar>,2,0.572253
17,20,<qchars>,0,0.497532
17,20,<qchars>,1,0.502468
17,20,<quoted>,0,1.000000
17,20,<row>,0,1.000000
17,20,<rows>,0,0.658306
17,20,<rows>,1,0.341694
17,20,<start>,0,1.000000
17,20,<unquoted>,0,0.468143
17,20,<unquoted>,1,0.531857
17,20,<wchar>,0,0.000000
17,20,<wchar>,1,0.000000
17,20,<wchar>,2,0.242664
17,20,<wchar>,3,0.109155
17,20,<wchar>,4,0.454101
17,20,<wchar>,5,0.194080
17,20,<word>,0,0.421173
17,20,<word>,1,0.578827
17,25,<field>,0,0.274307
17,25,<field>,1,0.725693
17,25,<fields>,0,0.441584
17,25,<fields>,1,0.558416
17,25,<qchar>,0,0.328648
17,25,<qchar>,1,0.036142
17,25,<qchar>,2,0.635210
17,25,<qchars>,0,0.550606
17,25,<qchars>,1,0.449394
17,25,<quoted>,0,1.000000
17,25,<row>,0,1.000000
17,25,<rows>,0,0.596610
17,25,<rows>,1,0.403390
17,25,<start>,0,1.000000
17,25,<unquoted>,0,0.446572
17,25,<unquoted>,1,0.553428
17,25,<wchar>,0,0.041203
17,25,<wchar>,1,0.000000
17,25,<wchar>,2,0.218184
17,25,<wchar>,3,0.113622
17,25,<wchar>,4,0.391186
17,25,<wchar>,5,0.235805
17,25,<word>,0,0.410323
17,25,<word>,1,0.589677
17,30,<field>,0,0.295063
17,30,<field>,1,0.704937
17,30,<fields>,0,0.410358
17,30,<fields>,1,0.589642
17,30,<qchar>,0,0.273715
17,30,<qchar>,1,0.279750
17,30,<qchar>,2,0.446534
17,30,<qchars>,0,0.573130
17,30,<qchars>,1,0.426870
17,30,<quoted>,0,1.000000
17,30,<row>,0,1.000000
17,30,<rows>,0,0.564460
17,30,<rows>,1,0.435540
17,30,<start>,0,1.000000
17,30,<unquoted>,0,0.484957
17,30,<unquoted>,1,0.515043
17,30,<wchar>,0,0.000000
17,30,<wchar>,1,0.007391
17,30,<wchar>,2,0.255708
17,30,<wchar>,3,0.002545
17,30,<wchar>,4,0.395057
17,30,<wchar>,5,0.339300
17,30,<word>,0,0.327504
17,30,<word>,1,0.672496
17,35,<field>,0,0.251407
17,35,<field>,1,0.748593
17,35,<fields>,0,0.498219
17,35,<fields>,1,0.501781
17,35,<qchar>,0,0.292756
17,35,<qchar>,1,0.140226
17,35,<qchar>,2,0.567018
17,35,<qchars>,0,0.539857
17,35,<qchars>,1,0.460143
17,35,<quoted>,0,1.000000
17,35,<row>,0,1.000000
17,35,<rows>,0,0.499813
17,35,<rows>,1,0.500187
17,35,<start>,0,1.000000
17,35,<unquoted>,0,0.512854
17,35,<unquoted>,1,0.487146
17,35,<wchar>,0,0.014614
17,35,<wchar>,1,0.022787
17,35,<wchar>,2,0.348584
17,35,<wchar>,3,0.021763
17,35,<wchar>,4,0.388959
17,35,<wchar>,5,0.203292
17,35,<word>,0,0.288015
17,35,<word>,1,0.711985
17,40,<field>,0,0.265284
17,40,<field>,1,0.734716
17,40,<fields>,0,0.487270
17,40,<fields>,1,0.512730
17,40,<qchar>,0,0.303130
17,40,<qchar>,1,0.122388
17,40,<qchar>,2,0.574482
17,40,<qchars>,0,0.502176
17,40,<qchars>,1,0.497824
17,40,<quoted>,0,1.000000
17,40,<row>,0,1.000000
17,40,<rows>,0,0.544012
17,40,<rows>,1,0.455988
17,40,<start>,0,1.000000
17,40,<unquoted>,0,0.489027
17,40,<unquoted>,1,0.510973
17,40,<wchar>,0,0.031377
17,40,<wchar>,1,0.017301
17,40,<wchar>,2,0.334048
17,40,<wchar>,3,0.044899
17,40,<wchar>,4,0.380454
17,40,<wchar>,5,0.191921
17,40,<word>,0,0.229580
17,40,<word>,1,0.770420
17,45,<field>,0,0.321292
17,45,<field>,1,0.678708
17,45,<fields>,0,0.482077
17,45,<fields>,1,0.517923
17,45,<qchar>,0,0.263738
17,45,<qchar>,1,0.172871
17,45,<qchar>,2,0.563391
17,45,<qchars>,0,0.505952
17,45,<qchars>,1,0.494048
17,45,<quoted>,0,1.000000
17,45,<row>,0,1.000000
17,45,<rows>,0,0.524641
17,45,<rows>,1,0.475359
17,45,<start>,0,1.000000
17,45,<unquoted>,0,0.437191
17,45,<unquoted>,1,0.562809
17,45,<wchar>,0,0.020505
17,45,<wchar>,1,0.000000
17,45,<wchar>,2,0.335750
17,45,<wchar>,3,0.075277
17,45,<wchar>,4,0.413989
17,45,<wchar>,5,0.154478
17,45,<word>,0,0.298259
17,45,<word>,1,0.701741
17,50,<field>,0,0.273559
17,50,<field>,1,0.726441
17,50,<fields>,0,0.465120
17,50,<fields>,1,0.534880
17,50,<qchar>,0,0.352015
17,50,<qchar>,1,0.078613
17,50,<qchar>,2,0.569371
17,50,<qchars>,0,0.559848
17,50,<qchars>,1,0.440152
17,50,<quoted>,0,1.000000
17,50,<row>,0,1.000000
17,50,<rows>,0,0.551822
17,50,<rows>,1,0.448178
17,50,<start>,0,1.000000
17,50,<unquoted>,0,0.497169
17,50,<unquoted>,1,0.502831
17,50,<wchar>,0,0.004224
17,50,<wchar>,1,0.007153
17,50,<wchar>,2,0.354865
17,50,<wchar>,3,0.014467
17,50,<wchar>,4,0.473191
17,50,<wchar>,5,0.146099
17,50,<word>,0,0.275355
17,50,<word>,1,0.724645
17,55,<field>,0,0.277830
17,55,<field>,1,0.722170
17,55,<fields>,0,0.446470
17,55,<fields>,1,0.553530
17,55,<qchar>,0,0.159052
17,55,<qchar>,1,0.154830
17,55,<qchar>,2,0.686118
17,55,<qchars>,0,0.590247
17,55,<qchars>,1,0.409753
17,55,<quoted>,0,1.000000
17,55,<row>,0,1.000000
17,55,<rows>,0,0.530701
17,55,<rows>,1,0.469299
17,55,<start>,0,1.000000
17,55,<unquoted>,0,0.491876
17,55,<unquoted>,1,0.508124
17,55,<wchar>,0,0.002941
17,55,<wchar>,1,0.015689
17,55,<wchar>,2,0.346633
17,55,<wchar>,3,0.007111
17,55,<wchar>,4,0.504290
17,55,<wchar>,5,0.123336
17,55,<word>,0,0.284445
17,55,<word>,1,0.715555
17,59,<field>,0,0.282112
17,59,<field>,1,0.717888
17,59,<fields>,0,0.470912
17,59,<fields>,1,0.529088
17,59,<qchar>,0,0.210205
17,59,<qchar>,1,0.126639
17,59,<qchar>,2,0.663155
17,59,<qchars>,0,0.555045
17,59,<qchars>,1,0.444955
17,59,<quoted>,0,1.000000
17,59,<row>,0,1.000000
17,59,<rows>,0,0.573757
17,59,<rows>,1,0.426243
17,59,<start>,0,1.000000
17,59,<unquoted>,0,0.493459
17,59,<unquoted>,1,0.506541
17,59,<wchar>,0,0.010262
17,59,<wchar>,1,0.014359
17,59,<wchar>,2,0.367396
17,59,<wchar>,3,0.010342
17,59,<wchar>,4,0.474842
17,59,<wchar>,5,0.122800
17,59,<word>,0,0.274036
17,59,<word>,1,0.725964
18,0,<field>,0,0.381527
18,0,<field>,1,0.618473
18,0,<fields>,0,0.665658
18,0,<fields>,1,0.334342
18,0,<qchar>,0,0.309639
18,0,<qchar>,1,0.379882
18,0,<qchar>,2,0.310480
18,0,<qchars>,0,0.530672
18,0,<qchars>,1,0.469328
18,0,<quoted>,0,1.000000
18,0,<row>,0,1.000000
18,0,<rows>,0,0.382889
18,0,<rows>,1,0.617111
18,0,<start>,0,1.000000
18,0,<unquoted>,0,0.403437
18,0,<unquoted>,1,0.596563
18,0,<wchar>,0,0.201756
18,0,<wchar>,1,0.146059
18,0,<wchar>,2,0.150179
18,0,<wchar>,3,0.102108
18,0,<wchar>,4,0.179278
18,0,<wchar>,5,0.220620
18,0,<word>,0,0.363235
18,0,<word>,1,0.636765
18,5,<field>,0,0.214682
18,5,<field>,1,0.785318
18,5,<fields>,0,0.441963
18,5,<fields>,1,0.558037
18,5,<qchar>,0,0.305839
18,5,<qchar>,1,0.345064
18,5,<qchar>,2,0.349098
18,5,<qchars>,0,0.319320
18,5,<qchars>,1,0.680680
18,5,<quoted>,0,1.000000
18,5,<row>,0,1.000000
18,5,<rows>,0,0.430657
18,5,<rows>,1,0.569343
18,5,<start>,0,1.000000
18,5,<unquoted>,0,0.517776
18,5,<unquoted>,1,0.482224
18,5,<wchar>,0,0.014784
18,5,<wchar>,1,0.184515
18,5,<wchar>,2,0.198364
18,5,<wchar>,3,0.149794
18,5,<wchar>,4,0.255129
18,5,<wchar>,5,0.197414
18,5,<word>,0,0.560775
18,5,<word>,1,0.439225
18,10,<field>,0,0.245424
18,10,<field>,1,0.754576
18,10,<fields>,0,0.415611
18,10,<fields>,1,0.584389
18,10,<qchar>,0,0.345765
18,10,<qchar>,1,0.268344
18,10,<qchar>,2,0.385891
18,10,<qchars>,0,0.373546
18,10,<qchars>,1,0.626454
18,10,<quoted>,0,1.000000
18,10,<row>,0,1.000000
18,10,<rows>,0,0.421331
18,10,<rows>,1,0.578669
18,10,<start>,0,1.000000
18,10,<unquoted>,0,0.534508
18,10,<unquoted>,1,0.465492
18,10,<wchar>,0,0.024036
18,10,<wchar>,1,0.189678
18,10,<wchar>,2,0.197380
18,10,<wchar>,3,0.127176
18,10,<wchar>,4,0.267773
18,10,<wchar>,5,0.193958
18,10,<word>,0,0.575106
18,10,<word>,1,0.424894
18,15,<field>,0,0.281519
18,15,<field>,1,0.718481
18,15,<fields>,0,0.455582
18,15,<fields>,1,0.544418
18,15,<qchar>,0,0.330749
18,15,<qchar>,1,0.227627
18,15,<qchar>,2,0.441624
18,15,<qchars>,0,0.334397
18,15,<qchars>,1,0.665603
18,15,<quoted>,0,1.000000
18,15,<row>,0,1.000000
18,15,<rows>,0,0.434449
18,15,<rows>,1,0.565551
18,15,<start>,0,1.000000
18,15,<unquoted>,0,0.541467
18,15,<unquoted>,1,0.458533
18,15,<wchar>,0,0.031981
18,15,<wchar>,1,0.063458
18,15,<wchar>,2,0.213737
18,15,<wchar>,3,0.111289
18,15,<wchar>,4,0.324067
18,15,<wchar>,5,0.255468
18,15,<word>,0,0.675139
18,15,<word>,1,0.324861
18,20,<field>,0,0.273070
18,20,<field>,1,0.726930
18,20,<fields>,0,0.455687
18,20,<fields>,1,0.544313
18,20,<qchar>,0,0.281197
18,20,<qchar>,1,0.282537
18,20,<qchar>,2,0.436266
18,20,<qchars>,0,0.292029
18,20,<qchars>,1,0.707971
18,20,<quoted>,0,1.000000
18,20,<row>,0,1.000000
18,20,<rows>,0,0.468800
18,20,<rows>,1,0.531200
18,20,<start>,0,1.000000
18,20,<unquoted>,0,0.542690
18,20,<unquoted>,1,0.457310
18,20,<wchar>,0,0.027203
18,20,<wchar>,1,0.138030
18,20,<wchar>,2,0.199174
18,20,<wchar>,3,0.105393
18,20,<wchar>,4,0.338942
18,20,<wchar>,5,0.191257
18,20,<word>,0,0.609974
18,20,<word>,1,0.390026
18,25,<field>,0,0.280078
18,25,<field>,1,0.719922
18,25,<fields>,0,0.433465
18,25,<fields>,1,0.566535
18,25,<qchar>,0,0.471703
18,25,<qchar>,1,0.095058
18,25,<qchar>,2,0.433238
18,25,<qchars>,0,0.321116
18,25,<qchars>,1,0.678884
18,25,<quoted>,0,1.000000
18,25,<row>,0,1.000000
18,25,<rows>,0,0.468716
18,25,<rows>,1,0.531284
18,25,<start>,0,1.000000
18,25,<unquoted>,0,0.579446
18,25,<unquoted>,1,0.420554
18,25,<wchar>,0,0.008927
18,25,<wchar>,1,0.128903
18,25,<wchar>,2,0.234099
18,25,<wchar>,3,0.029983
18,25,<wchar>,4,0.343969
18,25,<wchar>,5,0.254119
18,25,<word>,0,0.521871
18,25,<word>,1,0.478129
18,30,<field>,0,0.246237
18,30,<field>,1,0.753763
18,30,<fields>,0,0.442586
18,30,<fields>,1,0.557414
18,30,<qchar>,0,0.431609
18,30,<qchar>,1,0.189580
18,30,<qchar>,2,0.378811
18,30,<qchars>,0,0.281972
18,30,<qchars>,1,0.718028
18,30,<quoted>,0,1.000000
18,30,<row>,0,1.000000
18,30,<rows>,0,0.462234
18,30,<rows>,1,0.537766
18,30,<start>,0,1.000000
18,30,<unquoted>,0,0.527342
18,30,<unquoted>,1,0.472658
18,30,<wchar>,0,0.016994
18,30,<wchar>,1,0.015617
18,30,<wchar>,2,0.432520
18,30,<wchar>,3,0.000000
18,30,<wchar>,4,0.295457
18,30,<wchar>,5,0.239413
18,30,<word>,0,0.595077
18,30,<word>,1,0.404923
18,35,<field>,0,0.237390
18,35,<field>,1,0.762610
18,35,<fields>,0,0.443787
18,35,<fields>,1,0.556213
18,35,<qchar>,0,0.431420
18,35,<qchar>,1,0.190040
18,35,<qchar>,2,0.378540
18,35,<qchars>,0,0.305388
18,35,<qchars>,1,0.694612
18,35,<quoted>,0,1.000000
18,35,<row>,0,1.000000
18,35,<rows>,0,0.460961
18,35,<rows>,1,0.539039
18,35,<start>,0,1.000000
18,35,<unquoted>,0,0.570674
18,35,<unquoted>,1,0.429326
18,35,<wchar>,0,0.019261
18,35,<wchar>,1,0.016469
18,35,<wchar>,2,0.386821
18,35,<wchar>,3,0.000000
18,35,<wchar>,4,0.289322
18,35,<wchar>,5,0.288127
18,35,<word>,0,0.595476
18,35,<word>,1,0.404524
18,40,<field>,0,0.242191
18,40,<field>,1,0.757809
18,40,<fields>,0,0.454923
18,40,<fields>,1,0.545077
18,40,<qchar>,0,0.472304
18,40,<qchar>,1,0.130698
18,40,<qchar>,2,0.396997
18,40,<qchars>,0,0.273723
18,40,<qchars>,1,0.726277
18,40,<quoted>,0,1.000000
18,40,<row>,0,1.000000
18,40,<rows>,0,0.449683
18,40,<rows>,1,0.550317
18,40,<start>,0,1.000000
18,40,<unquoted>,0,0.448409
18,40,<unquoted>,1,0.551591
18,40,<wchar>,0,0.012274
18,40,<wchar>,1,0.021538
18,40,<wchar>,2,0.344476
18,40,<wchar>,3,0.041573
18,40,<wchar>,4,0.329566
18,40,<wchar>,5,0.250575
18,40,<word>,0,0.601735
18,40,<word>,1,0.398265
18,45,<field>,0,0.247908
18,45,<field>,1,0.752092
18,45,<fields>,0,0.454406
18,45,<fields>,1,0.545594
18,45,<qchar>,0,0.421317
18,45,<qchar>,1,0.154816
18,45,<qchar>,2,0.423868
18,45,<qchars>,0,0.261634
18,45,<qchars>,1,0.738366
18,45,<quoted>,0,1.000000
18,45,<row>,0,1.000000
18,45,<rows>,0,0.447377
18,45,<rows>,1,0.552623
18,45,<start>,0,1.000000
18,45,<unquoted>,0,0.493251
18,45,<unquoted>,1,0.506749
18,45,<wchar>,0,0.004259
18,45,<wchar>,1,0.005898
18,45,<wchar>,2,0.404184
18,45,<wchar>,3,0.000278
18,45,<wchar>,4,0.302094
18,45,<wchar>,5,0.283288
18,45,<word>,0,0.707830
18,45,<word>,1,0.292170
18,50,<field>,0,0.257989
18,50,<field>,1,0.742011
18,50,<fields>,0,0.450548
18,50,<fields>,1,0.549452
18,50,<qchar>,0,0.412090
18,50,<qchar>,1,0.018359
18,50,<qchar>,2,0.569551
18,50,<qchars>,0,0.250757
18,50,<qchars>,1,0.749243
18,50,<quoted>,0,1.000000
18,50,<row>,0,1.000000
18,50,<rows>,0,0.460164
18,50,<rows>,1,0.539836
18,50,<start>,0,1.000000
18,50,<unquoted>,0,0.509150
18,50,<unquoted>,1,0.490850
18,50,<wchar>,0,0.015371
18,50,<wchar>,1,0.007186
18,50,<wchar>,2,0.392484
18,50,<wchar>,3,0.003690
18,50,<wchar>,4,0.322508
18,50,<wchar>,5,0.258761
18,50,<word>,0,0.615475
18,50,<word>,1,0.384525
18,55,<field>,0,0.258156
18,55,<field>,1,0.741844
18,55,<fields>,0,0.477901
18,55,<fields>,1,0.522099
18,55,<qchar>,0,0.438299
18,55,<qchar>,1,0.063491
18,55,<qchar>,2,0.498210
18,55,<qchars>,0,0.227076
18,55,<qchars>,1,0.772924
18,55,<quoted>,0,1.000000
18,55,<row>,0,1.000000
18,55,<rows>,0,0.471793
18,55,<rows>,1,0.528207
18,55,<start>,0,1.000000
18,55,<unquoted>,0,0.496060
18,55,<unquoted>,1,0.503940
18,55,<wchar>,0,0.018160
18,55,<wchar>,1,0.010812
18,55,<wchar>,2,0.393803
18,55,<wchar>,3,0.022046
18,55,<wchar>,4,0.318449
18,55,<wchar>,5,0.236730
18,55,<word>,0,0.674098
18,55,<word>,1,0.325902
18,59,<field>,0,0.255985
18,59,<field>,1,0.744015
18,59,<fields>,0,0.465471
18,59,<fields>,1,0.534529
18,59,<qchar>,0,0.409817
18,59,<qchar>,1,0.068235
18,59,<qchar>,2,0.521949
18,59,<qchars>,0,0.259125
18,59,<qchars>,1,0.740875
18,59,<quoted>,0,1.000000
18,59,<row>,0,1.000000
18,59,<rows>,0,0.455767
18,59,<rows>,1,0.544233
18,59,<start>,0,1.000000
18,59,<unquoted>,0,0.498495
18,59,<unquoted>,1,0.501505
18,59,<wchar>,0,0.013729
18,59,<wchar>,1,0.020184
18,59,<wchar>,2,0.379526
18,59,<wchar>,3,0.007101
18,59,<wchar>,4,0.338669
18,59,<wchar>,5,0.240791
18,59,<word>,0,0.655562
18,59,<word>,1,0.344438
19,0,<field>,0,0.412922
19,0,<field>,1,0.587078
19,0,<fields>,0,0.488212
19,0,<fields>,1,0.511788
19,0,<qchar>,0,0.379332
19,0,<qchar>,1,0.280540
19,0,<qchar>,2,0.340127
19,0,<qchars>,0,0.364663
19,0,<qchars>,1,0.635337
19,0,<quoted>,0,1.000000
19,0,<row>,0,1.000000
19,0,<rows>,0,0.721410
19,0,<rows>,1,0.278590
19,0,<start>,0,1.000000
19,0,<unquoted>,0,0.646294
19,0,<unquoted>,1,0.353706
19,0,<wchar>,0,0.175335
19,0,<wchar>,1,0.147560
19,0,<wchar>,2,0.076693
19,0,<wchar>,3,0.198390
19,0,<wchar>,4,0.214407
19,0,<wchar>,5,0.187614
19,0,<word>,0,0.353886
19,0,<word>,1,0.646114
19,5,<field>,0,0.263735
19,5,<field>,1,0.736265
19,5,<fields>,0,0.445423
19,5,<fields>,1,0.554577
19,5,<qchar>,0,0.392601
19,5,<qchar>,1,0.415115
19,5,<qchar>,2,0.192284
19,5,<qchars>,0,0.393174
19,5,<qchars>,1,0.606826
19,5,<quoted>,0,1.000000
19,5,<row>,0,1.000000
19,5,<rows>,0,0.511937
19,5,<rows>,1,0.488063
19,5,<start>,0,1.000000
19,5,<unquoted>,0,0.516986
19,5,<unquoted>,1,0.483014
19,5,<wchar>,0,0.080900
19,5,<wchar>,1,0.070991
19,5,<wchar>,2,0.483026
19,5,<wchar>,3,0.111914
19,5,<wchar>,4,0.194087
19,5,<wchar>,5,0.059082
19,5,<word>,0,0.461825
19,5,<word>,1,0.538175
19,10,<field>,0,0.273457
19,10,<field>,1,0.726543
19,10,<fields>,0,0.430541
19,10,<fields>,1,0.569459
19,10,<qchar>,0,0.283085
19,10,<qchar>,1,0.249995
19,10,<qchar>,2,0.466920
19,10,<qchars>,0,0.290663
19,10,<qchars>,1,0.709337
19,10,<quoted>,0,1.000000
19,10,<row>,0,1.000000
19,10,<rows>,0,0.475798
19,10,<rows>,1,0.524202
19,10,<start>,0,1.000000
19,10,<unquoted>,0,0.466342
19,10,<unquoted>,1,0.533658
19,10,<wchar>,0,0.059934
19,10,<wchar>,1,0.000000
19,10,<wchar>,2,0.229808
19,10,<wchar>,3,0.142786
19,10,<wchar>,4,0.259435
19,10,<wchar>,5,0.308036
19,10,<word>,0,0.664461
19,10,<word>,1,0.335539
19,15,<field>,0,0.226226
19,15,<field>,1,0.773774
19,15,<fields>,0,0.441662
19,15,<fields>,1,0.558338
19,15,<qchar>,0,0.293988
19,15,<qchar>,1,0.276987
19,15,<qchar>,2,0.429024
19,15,<qchars>,0,0.291351
19,15,<qchars>,1,0.708649
19,15,<quoted>,0,1.000000
19,15,<row>,0,1.000000
19,15,<rows>,0,0.669592
19,15,<rows>,1,0.330408
19,15,<start>,0,1.000000
19,15,<unquoted>,0,0.465016
19,15,<unquoted>,1,0.534984
19,15,<wchar>,0,0.010265
19,15,<wchar>,1,0.105513
19,15,<wchar>,2,0.280742
19,15,<wchar>,3,0.098235
19,15,<wchar>,4,0.299825
19,15,<wchar>,5,0.205419
19,15,<word>,0,0.563538
19,15,<word>,1,0.436462
19,20,<field>,0,0.232256
19,20,<field>,1,0.767744
19,20,<fields>,0,0.409839
19,20,<fields>,1,0.590161
19,20,<qchar>,0,0.150033
19,20,<qchar>,1,0.335341
19,20,<qchar>,2,0.514627
19,20,<qchars>,0,0.274185
19,20,<qchars>,1,0.725815
19,20,<quoted>,0,1.000000
19,20,<row>,0,1.000000
19,20,<rows>,0,0.544892
19,20,<rows>,1,0.455108
19,20,<start>,0,1.000000
19,20,<unquoted>,0,0.463299
19,20,<unquoted>,1,0.536701
19,20,<wchar>,0,0.002496
19,20,<wchar>,1,0.071663
19,20,<wchar>,2,0.292843
19,20,<wchar>,3,0.000000
19,20,<wchar>,4,0.331567
19,20,<wchar>,5,0.301430
19,20,<word>,0,0.513511
19,20,<word>,1,0.486489
19,25,<field>,0,0.221482
19,25,<field>,1,0.778518
19,25,<fields>,0,0.362716
19,25,<fields>,1,0.637284
19,25,<qchar>,0,0.182418
19,25,<qchar>,1,0.269300
19,25,<qchar>,2,0.548282
19,25,<qchars>,0,0.285736
19,25,<qchars>,1,0.714264
19,25,<quoted>,0,1.000000
19,25,<row>,0,1.000000
19,25,<rows>,0,0.537465
19,25,<rows>,1,0.462535
19,25,<start>,0,1.000000
19,25,<unquoted>,0,0.413861
19,25,<unquoted>,1,0.586139
19,25,<wchar>,0,0.011379
19,25,<wchar>,1,0.050649
19,25,<wchar>,2,0.307922
19,25,<wchar>,3,0.042012
19,25,<wchar>,4,0.320628
19,25,<wchar>,5,0.267410
19,25,<word>,0,0.653956
19,25,<word>,1,0.346044
19,30,<field>,0,0.222351
19,30,<field>,1,0.777649
19,30,<fields>,0,0.429816
19,30,<fields>,1,0.570184
19,30,<qchar>,0,0.205780
19,30,<qchar>,1,0.338295
19,30,<qchar>,2,0.455926
19,30,<qchars>,0,0.254029
19,30,<qchars>,1,0.745971
19,30,<quoted>,0,1.000000
19,30,<row>,0,1.000000
19,30,<rows>,0,0.536160
19,30,<rows>,1,0.463840
19,30,<start>,0,1.000000
19,30,<unquoted>,0,0.443177
19,30,<unquoted>,1,0.556823
19,30,<wchar>,0,0.018739
19,30,<wchar>,1,0.054586
19,30,<wchar>,2,0.305801
19,30,<wchar>,3,0.018784
19,30,<wchar>,4,0.301920
19,30,<wchar>,5,0.300170
19,30,<word>,0,0.709514
19,30,<word>,1,0.290486
19,35,<field>,0,0.254724
19,35,<field>,1,0.745276
19,35,<fields>,0,0.422632
19,35,<fields>,1,0.577368
19,35,<qchar>,0,0.168429
19,35,<qchar>,1,0.371958
19,35,<qchar>,2,0.459613
19,35,<qchars>,0,0.307167
19,35,<qchars>,1,0.692833
19,35,<quoted>,0,1.000000
19,35,<row>,0,1.000000
19,35,<rows>,0,0.621978
19,35,<rows>,1,0.378022
19,35,<start>,0,1.000000
19,35,<unquoted>,0,0.442010
19,35,<unquoted>,1,0.557990
19,35,<wchar>,0,0.000000
19,35,<wchar>,1,0.059257
19,35,<wchar>,2,0.325630
19,35,<wchar>,3,0.013973
19,35,<wchar>,4,0.340835
19,35,<wchar>,5,0.260305
19,35,<word>,0,0.578634
19,35,<word>,1,0.421366
19,40,<field>,0,0.260936
19,40,<field>,1,0.739064
19,40,<fields>,0,0.415879
19,40,<fields>,1,0.584121
19,40,<qchar>,0,0.149096
19,40,<qchar>,1,0.326273
19,40,<qchar>,2,0.524630
19,40,<qchars>,0,0.254720
19,40,<qchars>,1,0.745280
19,40,<quoted>,0,1.000000
19,40,<row>,0,1.000000
19,40,<rows>,0,0.554439
19,40,<rows>,1,0.445561
19,40,<start>,0,1.000000
19,40,<unquoted>,0,0.429292
19,40,<unquoted>,1,0.570708
19,40,<wchar>,0,0.018183
19,40,<wchar>,1,0.056368
19,40,<wchar>,2,0.343905
19,40,<wchar>,3,0.009151
19,40,<wchar>,4,0.296641
19,40,<wchar>,5,0.275753
19,40,<word>,0,0.642739
19,40,<word>,1,0.357261
19,45,<field>,0,0.253765
19,45,<field>,1,0.746235
19,45,<fields>,0,0.418598
19,45,<fields>,1,0.581402
19,45,<qchar>,0,0.160819
19,45,<qchar>,1,0.327582
19,45,<qchar>,2,0.511599
19,45,<qchars>,0,0.246131
19,45,<qchars>,1,0.753869
19,45,<quoted>,0,1.000000
19,45,<row>,0,1.000000
19,45,<rows>,0,0.579980
19,45,<rows>,1,0.420020
19,45,<start>,0,1.000000
19,45,<unquoted>,0,0.447580
19,45,<unquoted>,1,0.552420
19,45,<wchar>,0,0.015778
19,45,<wchar>,1,0.056961
19,45,<wchar>,2,0.356367
19,45,<wchar>,3,0.012005
19,45,<wchar>,4,0.331135
19,45,<wchar>,5,0.227754
19,45,<word>,0,0.620961
19,45,<word>,1,0.379039
19,50,<field>,0,0.195874
19,50,<field>,1,0.804126
19,50,<fields>,0,0.427995
19,50,<fields>,1,0.572005
19,50,<qchar>,0,0.164719
19,50,<qchar>,1,0.338121
19,50,<qchar>,2,0.497160
19,50,<qchars>,0,0.279975
19,50,<qchars>,1,0.720025
19,50,<quoted>,0,1.000000
19,50,<row>,0,1.000000
19,50,<rows>,0,0.572692
19,50,<rows>,1,0.427308
19,50,<start>,0,1.000000
19,50,<unquoted>,0,0.460734
19,50,<unquoted>,1,0.539266
19,50,<wchar>,0,0.023430
19,50,<wchar>,1,0.000000
19,50,<wchar>,2,0.354054
19,50,<wchar>,3,0.000916
19,50,<wchar>,4,0.385541
19,50,<wchar>,5,0.236059
19,50,<word>,0,0.647181
19,50,<word>,1,0.352819
19,55,<field>,0,0.226604
19,55,<field>,1,0.773396
19,55,<fields>,0,0.423634
19,55,<fields>,1,0.576366
19,55,<qchar>,0,0.185959
19,55,<qchar>,1,0.288900
19,55,<qchar>,2,0.525141
19,55,<qchars>,0,0.241999
19,55,<qchars>,1,0.758001
19,55,<quoted>,0,1.000000
19,55,<row>,0,1.000000
19,55,<rows>,0,0.568998
19,55,<rows>,1,0.431002
19,55,<start>,0,1.000000
19,55,<unquoted>,0,0.453146
19,55,<unquoted>,1,0.546854
19,55,<wchar>,0,0.009644
19,55,<wchar>,1,0.057829
19,55,<wchar>,2,0.362822
19,55,<wchar>,3,0.014892
19,55,<wchar>,4,0.342466
19,55,<wchar>,5,0.212348
19,55,<word>,0,0.497672
19,55,<word>,1,0.502328
19,59,<field>,0,0.222123
19,59,<field>,1,0.777877
19,59,<fields>,0,0.431543
19,59,<fields>,1,0.568457
19,59,<qchar>,0,0.152820
19,59,<qchar>,1,0.199813
19,59,<qchar>,2,0.647367
19,59,<qchars>,0,0.213445
19,59,<qchars>,1,0.786555
19,59,<quoted>,0,1.000000
19,59,<row>,0,1.000000
19,59,<rows>,0,0.573201
19,59,<rows>,1,0.426799
19,59,<start>,0,1.000000
19,59,<unquoted>,0,0.444481
19,59,<unquoted>,1,0.555519
19,59,<wchar>,0,0.022497
19,59,<wchar>,1,0.025413
19,59,<wchar>,2,0.355510
19,59,<wchar>,3,0.008181
19,59,<wchar>,4,0.322596
19,59,<wchar>,5,0.265804
19,59,<word>,0,0.640102
19,59,<word>,1,0.359898
