run_id,generation,nonterminal,rule_index,probability
0,0,<array>,0,0.467062
0,0,<array>,1,0.532938
0,0,<char>,0,0.233535
0,0,<char>,1,0.256963
0,0,<char>,2,0.097214
0,0,<char>,3,0.254007
0,0,<char>,4,0.158282
0,0,<chars>,0,0.437281
0,0,<chars>,1,0.562719
0,0,<digit>,0,0.126618
0,0,<digit>,1,0.130778
0,0,<digit>,2,0.096998
0,0,<digit>,3,0.101939
0,0,<digit>,4,0.098174
0,0,<digit>,5,0.107691
0,0,<digit>,6,0.035902
0,0,<digit>,7,0.082949
0,0,<digit>,8,0.110020
0,0,<digit>,9,0.108933
0,0,<digits>,0,0.555058
0,0,<digits>,1,0.444942
0,0,<elements>,0,0.434796
0,0,<elements>,1,0.565204
0,0,<escape>,0,0.175267
0,0,<escape>,1,0.299198
0,0,<escape>,2,0.069948
0,0,<escape>,3,0.226403
0,0,<escape>,4,0.229185
0,0,<int>,0,0.418047
0,0,<int>,1,0.187002
0,0,<int>,2,0.394951
0,0,<members>,0,0.570404
0,0,<members>,1,0.429596
0,0,<number>,0,0.209779
0,0,<number>,1,0.490697
0,0,<number>,2,0.299525
0,0,<object>,0,0.421495
0,0,<object>,1,0.578505
0,0,<pair>,0,1.000000
0,0,<start>,0,1.000000
0,0,<string>,0,1.000000
0,0,<value>,0,0.205974
0,0,<value>,1,0.145365
0,0,<value>,2,0.177985
0,0,<value>,3,0.154743
0,0,<value>,4,0.074481
0,0,<value>,5,0.160376
0,0,<value>,6,0.081077
0,5,<array>,0,0.386854
0,5,<array>,1,0.613146
0,5,<char>,0,0.254717
0,5,<char>,1,0.100097
0,5,<char>,2,0.297216
0,5,<char>,3,0.230272
0,5,<char>,4,0.117698
0,5,<chars>,0,0.222417
0,5,<chars>,1,0.777583
0,5,<digit>,0,0.119995
0,5,<digit>,1,0.052255
0,5,<digit>,2,0.073969
0,5,<digit>,3,0.101249
0,5,<digit>,4,0.088901
0,5,<digit>,5,0.144248
0,5,<digit>,6,0.057042
0,5,<digit>,7,0.145737
0,5,<digit>,8,0.130846
0,5,<digit>,9,0.085759
0,5,<digits>,0,0.418115
0,5,<digits>,1,0.581885
0,5,<elements>,0,0.332652
0,5,<elements>,1,0.667348
0,5,<escape>,0,0.212545
0,5,<escape>,1,0.387662
0,5,<escape>,2,0.189182
0,5,<escape>,3,0.021587
0,5,<escape>,4,0.189024
0,5,<int>,0,0.256372
0,5,<int>,1,0.605924
0,5,<int>,2,0.137704
0,5,<members>,0,0.000000
0,5,<members>,1,1.000000
0,5,<number>,0,0.318471
0,5,<number>,1,0.420362
0,5,<number>,2,0.261167
0,5,<object>,0,0.463986
0,5,<object>,1,0.536014
0,5,<pair>,0,1.000000
0,5,<start>,0,1.000000
0,5,<string>,0,1.000000
0,5,<value>,0,0.187904
0,5,<value>,1,0.118417
0,5,<value>,2,0.164478
0,5,<value>,3,0.167545
0,5,<value>,4,0.131810
0,5,<value>,5,0.119079
0,5,<value>,6,0.110768
0,10,<array>,0,0.242320
0,10,<array>,1,0.757680
0,10,<char>,0,0.317709
0,10,<char>,1,0.080156
0,10,<char>,2,0.218080
0,10,<char>,3,0.222462
0,10,<char>,4,0.161593
0,10,<chars>,0,0.233880
0,10,<chars>,1,0.766120
0,10,<digit>,0,0.195444
0,10,<digit>,1,0.051973
0,10,<digit>,2,0.000000
0,10,<digit>,3,0.124256
0,10,<digit>,4,0.111698
0,10,<digit>,5,0.127873
0,10,<digit>,6,0.069608
0,10,<digit>,7,0.105724
0,10,<digit>,8,0.137734
0,10,<digit>,9,0.075690
0,10,<digits>,0,0.513195
0,10,<digits>,1,0.486805
0,10,<elements>,0,0.034970
0,10,<elements>,1,0.965030
0,10,<escape>,0,0.288531
0,10,<escape>,1,0.367984
0,10,<escape>,2,0.174603
0,10,<escape>,3,0.008611
0,10,<escape>,4,0.160271
0,10,<int>,0,0.292676
0,10,<int>,1,0.491353
0,10,<int>,2,0.215971
0,10,<members>,0,0.000000
0,10,<members>,1,1.000000
0,10,<number>,0,0.319563
0,10,<number>,1,0.408136
0,10,<number>,2,0.272301
0,10,<object>,0,0.463746
0,10,<object>,1,0.536254
0,10,<pair>,0,1.000000
0,10,<start>,0,1.000000
0,10,<string>,0,1.000000
0,10,<value>,0,0.190224
0,10,<value>,1,0.110023
0,10,<value>,2,0.154878
0,10,<value>,3,0.158364
0,10,<value>,4,0.123520
0,10,<value>,5,0.181935
0,10,<value>,6,0.081055
0,15,<array>,0,0.233086
0,15,<array>,1,0.766914
0,15,<char>,0,0.322414
0,15,<char>,1,0.076010
0,15,<char>,2,0.260635
0,15,<char>,3,0.257914
0,15,<char>,4,0.083028
0,15,<chars>,0,0.169752
0,15,<chars>,1,0.830248
0,15,<digit>,0,0.216172
0,15,<digit>,1,0.000000
0,15,<digit>,2,0.138121
0,15,<digit>,3,0.106572
0,15,<digit>,4,0.101253
0,15,<digit>,5,0.102851
0,15,<digit>,6,0.051292
0,15,<digit>,7,0.129045
0,15,<digit>,8,0.144418
0,15,<digit>,9,0.010276
0,15,<digits>,0,0.397382
0,15,<digits>,1,0.602618
0,15,<elements>,0,0.018070
0,15,<elements>,1,0.981930
0,15,<escape>,0,0.301768
0,15,<escape>,1,0.288004
0,15,<escape>,2,0.280210
0,15,<escape>,3,0.010360
0,15,<escape>,4,0.119657
0,15,<int>,0,0.352508
0,15,<int>,1,0.455027
0,15,<int>,2,0.192465
0,15,<members>,0,0.000000
0,15,<members>,1,1.000000
0,15,<number>,0,0.190667
0,15,<number>,1,0.465926
0,15,<number>,2,0.343408
0,15,<object>,0,0.447580
0,15,<object>,1,0.552420
0,15,<pair>,0,1.000000
0,15,<start>,0,1.000000
0,15,<string>,0,1.000000
0,15,<value>,0,0.198010
0,15,<value>,1,0.233602
0,15,<value>,2,0.132037
0,15,<value>,3,0.165679
0,15,<value>,4,0.103553
0,15,<value>,5,0.062213
0,15,<value>,6,0.104906
0,20,<array>,0,0.229188
0,20,<array>,1,0.770812
0,20,<char>,0,0.195842
0,20,<char>,1,0.085911
0,20,<char>,2,0.381478
0,20,<char>,3,0.247318
0,20,<char>,4,0.089451
0,20,<chars>,0,0.200089
0,20,<chars>,1,0.799911
0,20,<digit>,0,0.270107
0,20,<digit>,1,0.000000
0,20,<digit>,2,0.120132
0,20,<digit>,3,0.073095
0,20,<digit>,4,0.136466
0,20,<digit>,5,0.099901
0,20,<digit>,6,0.012400
0,20,<digit>,7,0.120154
0,20,<digit>,8,0.112073
0,20,<digit>,9,0.055671
0,20,<digits>,0,0.432925
0,20,<digits>,1,0.567075
0,20,<elements>,0,0.020755
0,20,<elements>,1,0.979245
0,20,<escape>,0,0.282482
0,20,<escape>,1,0.363824
0,20,<escape>,2,0.180815
0,20,<escape>,3,0.012915
0,20,<escape>,4,0.159964
0,20,<int>,0,0.303793
0,20,<int>,1,0.394376
0,20,<int>,2,0.301831
0,20,<members>,0,0.000018
0,20,<members>,1,0.999982
0,20,<number>,0,0.246666
0,20,<number>,1,0.422809
0,20,<number>,2,0.330525
0,20,<object>,0,0.444198
0,20,<object>,1,0.555802
0,20,<pair>,0,1.000000
0,20,<start>,0,1.000000
0,20,<string>,0,1.000000
0,20,<value>,0,0.302153
0,20,<value>,1,0.211983
0,20,<value>,2,0.077683
0,20,<value>,3,0.145334
0,20,<value>,4,0.089862
0,20,<value>,5,0.073433
0,20,<value>,6,0.099553
0,25,<array>,0,0.162042
0,25,<array>,1,0.837958
0,25,<char>,0,0.224993
0,25,<char>,1,0.100152
0,25,<char>,2,0.404872
0,25,<char>,3,0.131062
0,25,<char>,4,0.138921
0,25,<chars>,0,0.204693
0,25,<chars>,1,0.795307
0,25,<digit>,0,0.267105
0,25,<digit>,1,0.000212
0,25,<digit>,2,0.141638
0,25,<digit>,3,0.107982
0,25,<digit>,4,0.104882
0,25,<digit>,5,0.099791
0,25,<digit>,6,0.068151
0,25,<digit>,7,0.091456
0,25,<digit>,8,0.111500
0,25,<digit>,9,0.007282
0,25,<digits>,0,0.442617
0,25,<digits>,1,0.557383
0,25,<elements>,0,0.055787
0,25,<elements>,1,0.944213
0,25,<escape>,0,0.370597
0,25,<escape>,1,0.325209
0,25,<escape>,2,0.224455
0,25,<escape>,3,0.001213
0,25,<escape>,4,0.078527
0,25,<int>,0,0.263137
0,25,<int>,1,0.442640
0,25,<int>,2,0.294223
0,25,<members>,0,0.000000
0,25,<members>,1,1.000000
0,25,<number>,0,0.284382
0,25,<number>,1,0.375827
0,25,<number>,2,0.339791
0,25,<object>,0,0.271876
0,25,<object>,1,0.728124
0,25,<pair>,0,1.000000
0,25,<start>,0,1.000000
0,25,<string>,0,1.000000
0,25,<value>,0,0.306651
0,25,<value>,1,0.301871
0,25,<value>,2,0.057138
0,25,<value>,3,0.137254
0,25,<value>,4,0.107783
0,25,<value>,5,0.013933
0,25,<value>,6,0.075370
0,30,<array>,0,0.161552
0,30,<array>,1,0.838448
0,30,<char>,0,0.271437
0,30,<char>,1,0.000000
0,30,<char>,2,0.503417
0,30,<char>,3,0.084929
0,30,<char>,4,0.140217
0,30,<chars>,0,0.157799
0,30,<chars>,1,0.842201
0,30,<digit>,0,0.249305
0,30,<digit>,1,0.000485
0,30,<digit>,2,0.048182
0,30,<digit>,3,0.132290
0,30,<digit>,4,0.114416
0,30,<digit>,5,0.000000
0,30,<digit>,6,0.070722
0,30,<digit>,7,0.194315
0,30,<digit>,8,0.157069
0,30,<digit>,9,0.033215
0,30,<digits>,0,0.445127
0,30,<digits>,1,0.554873
0,30,<elements>,0,0.108153
0,30,<elements>,1,0.891847
0,30,<escape>,0,0.338506
0,30,<escape>,1,0.324022
0,30,<escape>,2,0.206883
0,30,<escape>,3,0.007275
0,30,<escape>,4,0.123314
0,30,<int>,0,0.255806
0,30,<int>,1,0.429006
0,30,<int>,2,0.315187
0,30,<members>,0,0.009054
0,30,<members>,1,0.990946
0,30,<number>,0,0.301952
0,30,<number>,1,0.361648
0,30,<number>,2,0.336400
0,30,<object>,0,0.314187
0,30,<object>,1,0.685813
0,30,<pair>,0,1.000000
0,30,<start>,0,1.000000
0,30,<string>,0,1.000000
0,30,<value>,0,0.340621
0,30,<value>,1,0.265284
0,30,<value>,2,0.063025
0,30,<value>,3,0.161064
0,30,<value>,4,0.069775
0,30,<value>,5,0.076861
0,30,<value>,6,0.023371
0,35,<array>,0,0.062379
0,35,<array>,1,0.937621
0,35,<char>,0,0.305668
0,35,<char>,1,0.084112
0,35,<char>,2,0.370131
0,35,<char>,3,0.132805
0,35,<char>,4,0.107283
0,35,<chars>,0,0.118961
0,35,<chars>,1,0.881039
0,35,<digit>,0,0.245125
0,35,<digit>,1,0.001235
0,35,<digit>,2,0.103205
0,35,<digit>,3,0.086073
0,35,<digit>,4,0.034936
0,35,<digit>,5,0.005970
0,35,<digit>,6,0.124967
0,35,<digit>,7,0.305901
0,35,<digit>,8,0.069690
0,35,<digit>,9,0.022898
0,35,<digits>,0,0.425610
0,35,<digits>,1,0.574390
0,35,<elements>,0,0.056324
0,35,<elements>,1,0.943676
0,35,<escape>,0,0.278859
0,35,<escape>,1,0.409826
0,35,<escape>,2,0.255304
0,35,<escape>,3,0.005455
0,35,<escape>,4,0.050556
0,35,<int>,0,0.224592
0,35,<int>,1,0.453719
0,35,<int>,2,0.321689
0,35,<members>,0,0.050556
0,35,<members>,1,0.949444
0,35,<number>,0,0.321911
0,35,<number>,1,0.364496
0,35,<number>,2,0.313593
0,35,<object>,0,0.353966
0,35,<object>,1,0.646034
0,35,<pair>,0,1.000000
0,35,<start>,0,1.000000
0,35,<string>,0,1.000000
0,35,<value>,0,0.332633
0,35,<value>,1,0.293342
0,35,<value>,2,0.056511
0,35,<value>,3,0.158931
0,35,<value>,4,0.064069
0,35,<value>,5,0.044588
0,35,<value>,6,0.049926
0,40,<array>,0,0.174158
0,40,<array>,1,0.825842
0,40,<char>,0,0.244498
0,40,<char>,1,0.080304
0,40,<char>,2,0.412944
0,40,<char>,3,0.083526
0,40,<char>,4,0.178728
0,40,<chars>,0,0.185853
0,40,<chars>,1,0.814147
0,40,<digit>,0,0.260464
0,40,<digit>,1,0.003679
0,40,<digit>,2,0.094057
0,40,<digit>,3,0.085833
0,40,<digit>,4,0.081966
0,40,<digit>,5,0.036296
0,40,<digit>,6,0.084381
0,40,<digit>,7,0.190549
0,40,<digit>,8,0.116945
0,40,<digit>,9,0.045830
0,40,<digits>,0,0.462498
0,40,<digits>,1,0.537502
0,40,<elements>,0,0.000000
0,40,<elements>,1,1.000000
0,40,<escape>,0,0.326563
0,40,<escape>,1,0.354036
0,40,<escape>,2,0.219907
0,40,<escape>,3,0.011890
0,40,<escape>,4,0.087604
0,40,<int>,0,0.272078
0,40,<int>,1,0.411126
0,40,<int>,2,0.316796
0,40,<members>,0,0.023162
0,40,<members>,1,0.976838
0,40,<number>,0,0.320806
0,40,<number>,1,0.332861
0,40,<number>,2,0.346333
0,40,<object>,0,0.288194
0,40,<object>,1,0.711806
0,40,<pair>,0,1.000000
0,40,<start>,0,1.000000
0,40,<string>,0,1.000000
0,40,<value>,0,0.267480
0,40,<value>,1,0.281740
0,40,<value>,2,0.044324
0,40,<value>,3,0.213109
0,40,<value>,4,0.050549
0,40,<value>,5,0.050974
0,40,<value>,6,0.091823
0,45,<array>,0,0.139158
0,45,<array>,1,0.860842
0,45,<char>,0,0.249624
0,45,<char>,1,0.001609
0,45,<char>,2,0.444653
0,45,<char>,3,0.095075
0,45,<char>,4,0.209039
0,45,<chars>,0,0.116737
0,45,<chars>,1,0.883263
0,45,<digit>,0,0.262425
0,45,<digit>,1,0.016325
0,45,<digit>,2,0.052032
0,45,<digit>,3,0.159597
0,45,<digit>,4,0.047516
0,45,<digit>,5,0.013794
0,45,<digit>,6,0.126325
0,45,<digit>,7,0.103368
0,45,<digit>,8,0.172388
0,45,<digit>,9,0.046230
0,45,<digits>,0,0.019742
0,45,<digits>,1,0.980258
0,45,<elements>,0,0.083043
0,45,<elements>,1,0.916957
0,45,<escape>,0,0.288656
0,45,<escape>,1,0.387275
0,45,<escape>,2,0.267369
0,45,<escape>,3,0.005181
0,45,<escape>,4,0.051519
0,45,<int>,0,0.210250
0,45,<int>,1,0.444553
0,45,<int>,2,0.345197
0,45,<members>,0,0.018802
0,45,<members>,1,0.981198
0,45,<number>,0,0.330938
0,45,<number>,1,0.290843
0,45,<number>,2,0.378219
0,45,<object>,0,0.293981
0,45,<object>,1,0.706019
0,45,<pair>,0,1.000000
0,45,<start>,0,1.000000
0,45,<string>,0,1.000000
0,45,<value>,0,0.335005
0,45,<value>,1,0.243323
0,45,<value>,2,0.126337
0,45,<value>,3,0.223318
0,45,<value>,4,0.035486
0,45,<value>,5,0.023605
0,45,<value>,6,0.012926
0,50,<array>,0,0.134050
0,50,<array>,1,0.865950
0,50,<char>,0,0.200899
0,50,<char>,1,0.066318
0,50,<char>,2,0.371443
0,50,<char>,3,0.110432
0,50,<char>,4,0.250907
0,50,<chars>,0,0.123241
0,50,<chars>,1,0.876759
0,50,<digit>,0,0.306569
0,50,<digit>,1,0.081027
0,50,<digit>,2,0.092006
0,50,<digit>,3,0.135595
0,50,<digit>,4,0.034188
0,50,<digit>,5,0.001639
0,50,<digit>,6,0.129543
0,50,<digit>,7,0.071429
0,50,<digit>,8,0.099137
0,50,<digit>,9,0.048867
0,50,<digits>,0,0.077118
0,50,<digits>,1,0.922882
0,50,<elements>,0,0.049663
0,50,<elements>,1,0.950337
0,50,<escape>,0,0.360598
0,50,<escape>,1,0.363439
0,50,<escape>,2,0.222148
0,50,<escape>,3,0.015185
0,50,<escape>,4,0.038629
0,50,<int>,0,0.245800
0,50,<int>,1,0.333016
0,50,<int>,2,0.421184
0,50,<members>,0,0.046829
0,50,<members>,1,0.953171
0,50,<number>,0,0.308764
0,50,<number>,1,0.346569
0,50,<number>,2,0.344666
0,50,<object>,0,0.237449
0,50,<object>,1,0.762551
0,50,<pair>,0,1.000000
0,50,<start>,0,1.000000
0,50,<string>,0,1.000000
0,50,<value>,0,0.404717
0,50,<value>,1,0.272712
0,50,<value>,2,0.019292
0,50,<value>,3,0.221902
0,50,<value>,4,0.035375
0,50,<value>,5,0.022413
0,50,<value>,6,0.023589
0,55,<array>,0,0.118400
0,55,<array>,1,0.881600
0,55,<char>,0,0.056460
0,55,<char>,1,0.143315
0,55,<char>,2,0.464978
0,55,<char>,3,0.101890
0,55,<char>,4,0.233357
0,55,<chars>,0,0.110546
0,55,<chars>,1,0.889454
0,55,<digit>,0,0.270165
0,55,<digit>,1,0.100289
0,55,<digit>,2,0.084082
0,55,<digit>,3,0.103301
0,55,<digit>,4,0.045343
0,55,<digit>,5,0.025511
0,55,<digit>,6,0.147927
0,55,<digit>,7,0.049435
0,55,<digit>,8,0.076814
0,55,<digit>,9,0.097133
0,55,<digits>,0,0.071649
0,55,<digits>,1,0.928351
0,55,<elements>,0,0.055835
0,55,<elements>,1,0.944165
0,55,<escape>,0,0.330194
0,55,<escape>,1,0.419265
0,55,<escape>,2,0.209219
0,55,<escape>,3,0.013572
0,55,<escape>,4,0.027750
0,55,<int>,0,0.243678
0,55,<int>,1,0.311835
0,55,<int>,2,0.444487
0,55,<members>,0,0.048415
0,55,<members>,1,0.951585
0,55,<number>,0,0.316439
0,55,<number>,1,0.348329
0,55,<number>,2,0.335232
0,55,<object>,0,0.215324
0,55,<object>,1,0.784676
0,55,<pair>,0,1.000000
0,55,<start>,0,1.000000
0,55,<string>,0,1.000000
0,55,<value>,0,0.396968
0,55,<value>,1,0.270331
0,55,<value>,2,0.039073
0,55,<value>,3,0.211953
0,55,<value>,4,0.045506
0,55,<value>,5,0.005793
0,55,<value>,6,0.030376
0,59,<array>,0,0.096449
0,59,<array>,1,0.903551
0,59,<char>,0,0.047567
0,59,<char>,1,0.045947
0,59,<char>,2,0.281275
0,59,<char>,3,0.426621
0,59,<char>,4,0.198590
0,59,<chars>,0,0.057134
0,59,<chars>,1,0.942866
0,59,<digit>,0,0.291803
0,59,<digit>,1,0.109554
0,59,<digit>,2,0.090556
0,59,<digit>,3,0.047857
0,59,<digit>,4,0.027334
0,59,<digit>,5,0.017660
0,59,<digit>,6,0.152094
0,59,<digit>,7,0.131133
0,59,<digit>,8,0.079067
0,59,<digit>,9,0.052943
0,59,<digits>,0,0.066413
0,59,<digits>,1,0.933587
0,59,<elements>,0,0.059995
0,59,<elements>,1,0.940005
0,59,<escape>,0,0.310160
0,59,<escape>,1,0.430774
0,59,<escape>,2,0.212381
0,59,<escape>,3,0.015128
0,59,<escape>,4,0.031558
0,59,<int>,0,0.255883
0,59,<int>,1,0.335091
0,59,<int>,2,0.409026
0,59,<members>,0,0.027865
0,59,<members>,1,0.972135
0,59,<number>,0,0.299131
0,59,<number>,1,0.370218
0,59,<number>,2,0.330651
0,59,<object>,0,0.232537
0,59,<object>,1,0.767463
0,59,<pair>,0,1.000000
0,59,<start>,0,1.000000
0,59,<string>,0,1.000000
0,59,<value>,0,0.398478
0,59,<value>,1,0.283102
0,59,<value>,2,0.039855
0,59,<value>,3,0.194277
0,59,<value>,4,0.034726
0,59,<value>,5,0.022895
0,59,<value>,6,0.026667
1,0,<array>,0,0.602202
1,0,<array>,1,0.397798
1,0,<char>,0,0.134297
1,0,<char>,1,0.354985
1,0,<char>,2,0.098579
1,0,<char>,3,0.263033
1,0,<char>,4,0.149106
1,0,<chars>,0,0.446922
1,0,<chars>,1,0.553078
1,0,<digit>,0,0.118898
1,0,<digit>,1,0.058839
1,0,<digit>,2,0.074003
1,0,<digit>,3,0.068665
1,0,<digit>,4,0.125951
1,0,<digit>,5,0.072131
1,0,<digit>,6,0.158040
1,0,<digit>,7,0.062049
1,0,<digit>,8,0.119395
1,0,<digit>,9,0.142028
1,0,<digits>,0,0.707798
1,0,<digits>,1,0.292202
1,0,<elements>,0,0.417784
1,0,<elements>,1,0.582216
1,0,<escape>,0,0.201885
1,0,<escape>,1,0.174494
1,0,<escape>,2,0.170401
1,0,<escape>,3,0.325144
1,0,<escape>,4,0.128075
1,0,<int>,0,0.355671
1,0,<int>,1,0.128094
1,0,<int>,2,0.516235
1,0,<members>,0,0.546293
1,0,<members>,1,0.453707
1,0,<number>,0,0.607067
1,0,<number>,1,0.190552
1,0,<number>,2,0.202382
1,0,<object>,0,0.498436
1,0,<object>,1,0.501564
1,0,<pair>,0,1.000000
1,0,<start>,0,1.000000
1,0,<string>,0,1.000000
1,0,<value>,0,0.180196
1,0,<value>,1,0.171321
1,0,<value>,2,0.103901
1,0,<value>,3,0.177685
1,0,<value>,4,0.099823
1,0,<value>,5,0.188983
1,0,<value>,6,0.078091
1,5,<array>,0,0.330330
1,5,<array>,1,0.669670
1,5,<char>,0,0.121758
1,5,<char>,1,0.186732
1,5,<char>,2,0.203527
1,5,<char>,3,0.304149
1,5,<char>,4,0.183834
1,5,<chars>,0,0.362610
1,5,<chars>,1,0.637390
1,5,<digit>,0,0.101929
1,5,<digit>,1,0.137117
1,5,<digit>,2,0.087371
1,5,<digit>,3,0.121358
1,5,<digit>,4,0.127178
1,5,<digit>,5,0.097586
1,5,<digit>,6,0.058372
1,5,<digit>,7,0.092389
1,5,<digit>,8,0.125443
1,5,<digit>,9,0.051258
1,5,<digits>,0,0.305491
1,5,<digits>,1,0.694509
1,5,<elements>,0,0.427126
1,5,<elements>,1,0.572874
1,5,<escape>,0,0.233821
1,5,<escape>,1,0.211415
1,5,<escape>,2,0.170991
1,5,<escape>,3,0.258128
1,5,<escape>,4,0.125645
1,5,<int>,0,0.328644
1,5,<int>,1,0.334620
1,5,<int>,2,0.336736
1,5,<members>,0,0.516904
1,5,<members>,1,0.483096
1,5,<number>,0,0.323807
1,5,<number>,1,0.399786
1,5,<number>,2,0.276407
1,5,<object>,0,0.366299
1,5,<object>,1,0.633701
1,5,<pair>,0,1.000000
1,5,<start>,0,1.000000
1,5,<string>,0,1.000000
1,5,<value>,0,0.199656
1,5,<value>,1,0.182259
1,5,<value>,2,0.021994
1,5,<value>,3,0.103630
1,5,<value>,4,0.172812
1,5,<value>,5,0.131364
1,5,<value>,6,0.188286
1,10,<array>,0,0.266859
1,10,<array>,1,0.733141
1,10,<char>,0,0.110597
1,10,<char>,1,0.123796
1,10,<char>,2,0.334865
1,10,<char>,3,0.293466
1,10,<char>,4,0.137276
1,10,<chars>,0,0.370572
1,10,<chars>,1,0.629428
1,10,<digit>,0,0.158595
1,10,<digit>,1,0.120040
1,10,<digit>,2,0.172778
1,10,<digit>,3,0.113200
1,10,<digit>,4,0.069304
1,10,<digit>,5,0.072279
1,10,<digit>,6,0.004332
1,10,<digit>,7,0.111590
1,10,<digit>,8,0.082544
1,10,<digit>,9,0.095337
1,10,<digits>,0,0.357566
1,10,<digits>,1,0.642434
1,10,<elements>,0,0.336500
1,10,<elements>,1,0.663500
1,10,<escape>,0,0.164848
1,10,<escape>,1,0.189989
1,10,<escape>,2,0.190281
1,10,<escape>,3,0.259149
1,10,<escape>,4,0.195734
1,10,<int>,0,0.317379
1,10,<int>,1,0.315159
1,10,<int>,2,0.367461
1,10,<members>,0,0.519194
1,10,<members>,1,0.480806
1,10,<number>,0,0.299822
1,10,<number>,1,0.394592
1,10,<number>,2,0.305586
1,10,<object>,0,0.354770
1,10,<object>,1,0.645230
1,10,<pair>,0,1.000000
1,10,<start>,0,1.000000
1,10,<string>,0,1.000000
1,10,<value>,0,0.201567
1,10,<value>,1,0.364443
1,10,<value>,2,0.069271
1,10,<value>,3,0.121310
1,10,<value>,4,0.084625
1,10,<value>,5,0.108726
1,10,<value>,6,0.050058
1,15,<array>,0,0.129912
1,15,<array>,1,0.870088
1,15,<char>,0,0.112421
1,15,<char>,1,0.119219
1,15,<char>,2,0.316609
1,15,<char>,3,0.325267
1,15,<char>,4,0.126484
1,15,<chars>,0,0.361513
1,15,<chars>,1,0.638487
1,15,<digit>,0,0.262813
1,15,<digit>,1,0.119896
1,15,<digit>,2,0.047004
1,15,<digit>,3,0.074877
1,15,<digit>,4,0.074673
1,15,<digit>,5,0.107516
1,15,<digit>,6,0.068091
1,15,<digit>,7,0.111603
1,15,<digit>,8,0.023185
1,15,<digit>,9,0.110342
1,15,<digits>,0,0.372375
1,15,<digits>,1,0.627625
1,15,<elements>,0,0.308889
1,15,<elements>,1,0.691111
1,15,<escape>,0,0.148903
1,15,<escape>,1,0.254885
1,15,<escape>,2,0.182027
1,15,<escape>,3,0.246495
1,15,<escape>,4,0.167691
1,15,<int>,0,0.288244
1,15,<int>,1,0.359441
1,15,<int>,2,0.352315
1,15,<members>,0,0.489615
1,15,<members>,1,0.510385
1,15,<number>,0,0.328129
1,15,<number>,1,0.379331
1,15,<number>,2,0.292540
1,15,<object>,0,0.329257
1,15,<object>,1,0.670743
1,15,<pair>,0,1.000000
1,15,<start>,0,1.000000
1,15,<string>,0,1.000000
1,15,<value>,0,0.230539
1,15,<value>,1,0.479140
1,15,<value>,2,0.050950
1,15,<value>,3,0.096071
1,15,<value>,4,0.073163
1,15,<value>,5,0.019341
1,15,<value>,6,0.050797
1,20,<array>,0,0.124530
1,20,<array>,1,0.875470
1,20,<char>,0,0.121610
1,20,<char>,1,0.146221
1,20,<char>,2,0.311482
1,20,<char>,3,0.328191
1,20,<char>,4,0.092497
1,20,<chars>,0,0.327505
1,20,<chars>,1,0.672495
1,20,<digit>,0,0.212131
1,20,<digit>,1,0.090954
1,20,<digit>,2,0.021480
1,20,<digit>,3,0.071701
1,20,<digit>,4,0.051005
1,20,<digit>,5,0.141307
1,20,<digit>,6,0.060165
1,20,<digit>,7,0.093110
1,20,<digit>,8,0.040030
1,20,<digit>,9,0.218117
1,20,<digits>,0,0.406114
1,20,<digits>,1,0.593886
1,20,<elements>,0,0.319656
1,20,<elements>,1,0.680344
1,20,<escape>,0,0.102808
1,20,<escape>,1,0.273076
1,20,<escape>,2,0.188744
1,20,<escape>,3,0.257847
1,20,<escape>,4,0.177525
1,20,<int>,0,0.344521
1,20,<int>,1,0.331198
1,20,<int>,2,0.324281
1,20,<members>,0,0.489751
1,20,<members>,1,0.510249
1,20,<number>,0,0.339966
1,20,<number>,1,0.364909
1,20,<number>,2,0.295125
1,20,<object>,0,0.296405
1,20,<object>,1,0.703595
1,20,<pair>,0,1.000000
1,20,<start>,0,1.000000
1,20,<string>,0,1.000000
1,20,<value>,0,0.140738
1,20,<value>,1,0.656821
1,20,<value>,2,0.000000
1,20,<value>,3,0.066831
1,20,<value>,4,0.055596
1,20,<value>,5,0.044767
1,20,<value>,6,0.035247
1,25,<array>,0,0.003662
1,25,<array>,1,0.996338
1,25,<char>,0,0.105195
1,25,<char>,1,0.091506
1,25,<char>,2,0.253675
1,25,<char>,3,0.450646
1,25,<char>,4,0.098978
1,25,<chars>,0,0.077131
1,25,<chars>,1,0.922869
1,25,<digit>,0,0.427235
1,25,<digit>,1,0.083473
1,25,<digit>,2,0.040335
1,25,<digit>,3,0.050182
1,25,<digit>,4,0.010562
1,25,<digit>,5,0.098089
1,25,<digit>,6,0.057095
1,25,<digit>,7,0.106135
1,25,<digit>,8,0.024749
1,25,<digit>,9,0.102143
1,25,<digits>,0,0.392555
1,25,<digits>,1,0.607445
1,25,<elements>,0,0.000000
1,25,<elements>,1,1.000000
1,25,<escape>,0,0.189641
1,25,<escape>,1,0.162308
1,25,<escape>,2,0.176151
1,25,<escape>,3,0.269298
1,25,<escape>,4,0.202602
1,25,<int>,0,0.314425
1,25,<int>,1,0.343849
1,25,<int>,2,0.341726
1,25,<members>,0,0.483247
1,25,<members>,1,0.516753
1,25,<number>,0,0.351417
1,25,<number>,1,0.394738
1,25,<number>,2,0.253845
1,25,<object>,0,0.000000
1,25,<object>,1,1.000000
1,25,<pair>,0,1.000000
1,25,<start>,0,1.000000
1,25,<string>,0,1.000000
1,25,<value>,0,0.247903
1,25,<value>,1,0.471137
1,25,<value>,2,0.045860
1,25,<value>,3,0.098922
1,25,<value>,4,0.035407
1,25,<value>,5,0.085043
1,25,<value>,6,0.015729
1,30,<array>,0,0.000000
1,30,<array>,1,1.000000
1,30,<char>,0,0.065270
1,30,<char>,1,0.250384
1,30,<char>,2,0.213173
1,30,<char>,3,0.302419
1,30,<char>,4,0.168754
1,30,<chars>,0,0.163995
1,30,<chars>,1,0.836005
1,30,<digit>,0,0.213742
1,30,<digit>,1,0.066296
1,30,<digit>,2,0.039114
1,30,<digit>,3,0.231050
1,30,<digit>,4,0.006674
1,30,<digit>,5,0.065467
1,30,<digit>,6,0.085371
1,30,<digit>,7,0.059357
1,30,<digit>,8,0.016369
1,30,<digit>,9,0.216561
1,30,<digits>,0,0.440633
1,30,<digits>,1,0.559367
1,30,<elements>,0,0.029379
1,30,<elements>,1,0.970621
1,30,<escape>,0,0.178040
1,30,<escape>,1,0.156796
1,30,<escape>,2,0.271011
1,30,<escape>,3,0.317792
1,30,<escape>,4,0.076360
1,30,<int>,0,0.291954
1,30,<int>,1,0.311118
1,30,<int>,2,0.396928
1,30,<members>,0,0.476582
1,30,<members>,1,0.523418
1,30,<number>,0,0.410935
1,30,<number>,1,0.355385
1,30,<number>,2,0.233680
1,30,<object>,0,0.000000
1,30,<object>,1,1.000000
1,30,<pair>,0,1.000000
1,30,<start>,0,1.000000
1,30,<string>,0,1.000000
1,30,<value>,0,0.213020
1,30,<value>,1,0.481502
1,30,<value>,2,0.034756
1,30,<value>,3,0.125251
1,30,<value>,4,0.041112
1,30,<value>,5,0.095031
1,30,<value>,6,0.009328
1,35,<array>,0,0.018109
1,35,<array>,1,0.981891
1,35,<char>,0,0.006592
1,35,<char>,1,0.185920
1,35,<char>,2,0.389621
1,35,<char>,3,0.338144
1,35,<char>,4,0.079723
1,35,<chars>,0,0.000000
1,35,<chars>,1,1.000000
1,35,<digit>,0,0.193570
1,35,<digit>,1,0.045114
1,35,<digit>,2,0.087322
1,35,<digit>,3,0.229308
1,35,<digit>,4,0.016585
1,35,<digit>,5,0.051106
1,35,<digit>,6,0.031712
1,35,<digit>,7,0.124708
1,35,<digit>,8,0.045837
1,35,<digit>,9,0.174738
1,35,<digits>,0,0.397247
1,35,<digits>,1,0.602753
1,35,<elements>,0,0.000000
1,35,<elements>,1,1.000000
1,35,<escape>,0,0.219072
1,35,<escape>,1,0.128284
1,35,<escape>,2,0.188758
1,35,<escape>,3,0.246762
1,35,<escape>,4,0.217124
1,35,<int>,0,0.420765
1,35,<int>,1,0.035456
1,35,<int>,2,0.543779
1,35,<members>,0,0.417298
1,35,<members>,1,0.582702
1,35,<number>,0,0.260441
1,35,<number>,1,0.580710
1,35,<number>,2,0.158849
1,35,<object>,0,0.231902
1,35,<object>,1,0.768098
1,35,<pair>,0,1.000000
1,35,<start>,0,1.000000
1,35,<string>,0,1.000000
1,35,<value>,0,0.218652
1,35,<value>,1,0.424710
1,35,<value>,2,0.068546
1,35,<value>,3,0.135708
1,35,<value>,4,0.027632
1,35,<value>,5,0.094993
1,35,<value>,6,0.029758
1,40,<array>,0,0.000000
1,40,<array>,1,1.000000
1,40,<char>,0,0.022398
1,40,<char>,1,0.167543
1,40,<char>,2,0.348680
1,40,<char>,3,0.312342
1,40,<char>,4,0.149037
1,40,<chars>,0,0.060929
1,40,<chars>,1,0.939071
1,40,<digit>,0,0.241658
1,40,<digit>,1,0.058007
1,40,<digit>,2,0.041361
1,40,<digit>,3,0.246545
1,40,<digit>,4,0.020480
1,40,<digit>,5,0.082119
1,40,<digit>,6,0.026339
1,40,<digit>,7,0.157739
1,40,<digit>,8,0.023049
1,40,<digit>,9,0.102702
1,40,<digits>,0,0.118947
1,40,<digits>,1,0.881053
1,40,<elements>,0,0.021124
1,40,<elements>,1,0.978876
1,40,<escape>,0,0.215943
1,40,<escape>,1,0.299213
1,40,<escape>,2,0.167744
1,40,<escape>,3,0.188972
1,40,<escape>,4,0.128129
1,40,<int>,0,0.392013
1,40,<int>,1,0.005865
1,40,<int>,2,0.602122
1,40,<members>,0,0.441115
1,40,<members>,1,0.558885
1,40,<number>,0,0.302462
1,40,<number>,1,0.457566
1,40,<number>,2,0.239972
1,40,<object>,0,0.216573
1,40,<object>,1,0.783427
1,40,<pair>,0,1.000000
1,40,<start>,0,1.000000
1,40,<string>,0,1.000000
1,40,<value>,0,0.282578
1,40,<value>,1,0.472730
1,40,<value>,2,0.000000
1,40,<value>,3,0.137619
1,40,<value>,4,0.024281
1,40,<value>,5,0.055435
1,40,<value>,6,0.027356
1,45,<array>,0,0.008108
1,45,<array>,1,0.991892
1,45,<char>,0,0.023789
1,45,<char>,1,0.191130
1,45,<char>,2,0.307432
1,45,<char>,3,0.356623
1,45,<char>,4,0.121025
1,45,<chars>,0,0.051908
1,45,<chars>,1,0.948092
1,45,<digit>,0,0.250312
1,45,<digit>,1,0.035970
1,45,<digit>,2,0.049051
1,45,<digit>,3,0.215946
1,45,<digit>,4,0.015746
1,45,<digit>,5,0.072137
1,45,<digit>,6,0.049506
1,45,<digit>,7,0.149436
1,45,<digit>,8,0.075893
1,45,<digit>,9,0.086002
1,45,<digits>,0,0.222476
1,45,<digits>,1,0.777524
1,45,<elements>,0,0.013502
1,45,<elements>,1,0.986498
1,45,<escape>,0,0.255366
1,45,<escape>,1,0.215851
1,45,<escape>,2,0.311966
1,45,<escape>,3,0.211867
1,45,<escape>,4,0.004950
1,45,<int>,0,0.392968
1,45,<int>,1,0.031167
1,45,<int>,2,0.575864
1,45,<members>,0,0.443717
1,45,<members>,1,0.556283
1,45,<number>,0,0.243454
1,45,<number>,1,0.483974
1,45,<number>,2,0.272572
1,45,<object>,0,0.218357
1,45,<object>,1,0.781643
1,45,<pair>,0,1.000000
1,45,<start>,0,1.000000
1,45,<string>,0,1.000000
1,45,<value>,0,0.292453
1,45,<value>,1,0.420756
1,45,<value>,2,0.000067
1,45,<value>,3,0.147531
1,45,<value>,4,0.020877
1,45,<value>,5,0.106244
1,45,<value>,6,0.012072
1,50,<array>,0,0.004763
1,50,<array>,1,0.995237
1,50,<char>,0,0.040235
1,50,<char>,1,0.194551
1,50,<char>,2,0.314908
1,50,<char>,3,0.305898
1,50,<char>,4,0.144408
1,50,<chars>,0,0.024134
1,50,<chars>,1,0.975866
1,50,<digit>,0,0.135544
1,50,<digit>,1,0.018007
1,50,<digit>,2,0.078325
1,50,<digit>,3,0.106579
1,50,<digit>,4,0.317159
1,50,<digit>,5,0.086453
1,50,<digit>,6,0.020710
1,50,<digit>,7,0.119253
1,50,<digit>,8,0.010927
1,50,<digit>,9,0.107042
1,50,<digits>,0,0.203585
1,50,<digits>,1,0.796415
1,50,<elements>,0,0.018591
1,50,<elements>,1,0.981409
1,50,<escape>,0,0.244559
1,50,<escape>,1,0.401164
1,50,<escape>,2,0.216140
1,50,<escape>,3,0.126281
1,50,<escape>,4,0.011855
1,50,<int>,0,0.369957
1,50,<int>,1,0.080142
1,50,<int>,2,0.549901
1,50,<members>,0,0.441975
1,50,<members>,1,0.558025
1,50,<number>,0,0.380873
1,50,<number>,1,0.402811
1,50,<number>,2,0.216316
1,50,<object>,0,0.163568
1,50,<object>,1,0.836432
1,50,<pair>,0,1.000000
1,50,<start>,0,1.000000
1,50,<string>,0,1.000000
1,50,<value>,0,0.264019
1,50,<value>,1,0.373367
1,50,<value>,2,0.025078
1,50,<value>,3,0.233728
1,50,<value>,4,0.009017
1,50,<value>,5,0.063061
1,50,<value>,6,0.031729
1,55,<array>,0,0.005233
1,55,<array>,1,0.994767
1,55,<char>,0,0.026675
1,55,<char>,1,0.184886
1,55,<char>,2,0.324684
1,55,<char>,3,0.314798
1,55,<char>,4,0.148957
1,55,<chars>,0,0.009026
1,55,<chars>,1,0.990974
1,55,<digit>,0,0.273292
1,55,<digit>,1,0.011382
1,55,<digit>,2,0.067571
1,55,<digit>,3,0.117242
1,55,<digit>,4,0.098001
1,55,<digit>,5,0.080887
1,55,<digit>,6,0.000000
1,55,<digit>,7,0.228525
1,55,<digit>,8,0.015114
1,55,<digit>,9,0.107986
1,55,<digits>,0,0.181674
1,55,<digits>,1,0.818326
1,55,<elements>,0,0.018381
1,55,<elements>,1,0.981619
1,55,<escape>,0,0.264042
1,55,<escape>,1,0.342012
1,55,<escape>,2,0.240911
1,55,<escape>,3,0.137377
1,55,<escape>,4,0.015658
1,55,<int>,0,0.385624
1,55,<int>,1,0.090513
1,55,<int>,2,0.523863
1,55,<members>,0,0.380872
1,55,<members>,1,0.619128
1,55,<number>,0,0.359720
1,55,<number>,1,0.432740
1,55,<number>,2,0.207540
1,55,<object>,0,0.115804
1,55,<object>,1,0.884196
1,55,<pair>,0,1.000000
1,55,<start>,0,1.000000
1,55,<string>,0,1.000000
1,55,<value>,0,0.294968
1,55,<value>,1,0.394844
1,55,<value>,2,0.027605
1,55,<value>,3,0.181449
1,55,<value>,4,0.018435
1,55,<value>,5,0.052989
1,55,<value>,6,0.029710
1,59,<array>,0,0.109733
1,59,<array>,1,0.890267
1,59,<char>,0,0.074699
1,59,<char>,1,0.176584
1,59,<char>,2,0.319293
1,59,<char>,3,0.304106
1,59,<char>,4,0.125317
1,59,<chars>,0,0.008182
1,59,<chars>,1,0.991818
1,59,<digit>,0,0.281826
1,59,<digit>,1,0.011222
1,59,<digit>,2,0.067804
1,59,<digit>,3,0.132331
1,59,<digit>,4,0.087110
1,59,<digit>,5,0.084079
1,59,<digit>,6,0.018749
1,59,<digit>,7,0.190700
1,59,<digit>,8,0.014664
1,59,<digit>,9,0.111517
1,59,<digits>,0,0.186419
1,59,<digits>,1,0.813581
1,59,<elements>,0,0.015406
1,59,<elements>,1,0.984594
1,59,<escape>,0,0.266103
1,59,<escape>,1,0.341062
1,59,<escape>,2,0.269668
1,59,<escape>,3,0.107959
1,59,<escape>,4,0.015209
1,59,<int>,0,0.387036
1,59,<int>,1,0.092822
1,59,<int>,2,0.520142
1,59,<members>,0,0.394290
1,59,<members>,1,0.605710
1,59,<number>,0,0.343541
1,59,<number>,1,0.456693
1,59,<number>,2,0.199766
1,59,<object>,0,0.115474
1,59,<object>,1,0.884526
1,59,<pair>,0,1.000000
1,59,<start>,0,1.000000
1,59,<string>,0,1.000000
1,59,<value>,0,0.288607
1,59,<value>,1,0.386035
1,59,<value>,2,0.030514
1,59,<value>,3,0.185926
1,59,<value>,4,0.017760
1,59,<value>,5,0.053100
1,59,<value>,6,0.038058
2,0,<array>,0,0.744703
2,0,<array>,1,0.255297
2,0,<char>,0,0.161249
2,0,<char>,1,0.174597
2,0,<char>,2,0.209219
2,0,<char>,3,0.169499
2,0,<char>,4,0.285435
2,0,<chars>,0,0.372545
2,0,<chars>,1,0.627455
2,0,<digit>,0,0.165439
2,0,<digit>,1,0.064475
2,0,<digit>,2,0.175692
2,0,<digit>,3,0.137304
2,0,<digit>,4,0.047838
2,0,<digit>,5,0.091279
2,0,<digit>,6,0.042525
2,0,<digit>,7,0.067949
2,0,<digit>,8,0.061287
2,0,<digit>,9,0.146212
2,0,<digits>,0,0.352256
2,0,<digits>,1,0.647744
2,0,<elements>,0,0.713048
2,0,<elements>,1,0.286952
2,0,<escape>,0,0.184097
2,0,<escape>,1,0.264519
2,0,<escape>,2,0.080427
2,0,<escape>,3,0.231917
2,0,<escape>,4,0.239040
2,0,<int>,0,0.370919
2,0,<int>,1,0.391456
2,0,<int>,2,0.237626
2,0,<members>,0,0.556990
2,0,<members>,1,0.443010
2,0,<number>,0,0.174456
2,0,<number>,1,0.497801
2,0,<number>,2,0.327743
2,0,<object>,0,0.211524
2,0,<object>,1,0.788476
2,0,<pair>,0,1.000000
2,0,<start>,0,1.000000
2,0,<string>,0,1.000000
2,0,<value>,0,0.136754
2,0,<value>,1,0.231866
2,0,<value>,2,0.213109
2,0,<value>,3,0.067064
2,0,<value>,4,0.082912
2,0,<value>,5,0.131253
2,0,<value>,6,0.137043
2,5,<array>,0,0.111432
2,5,<array>,1,0.888568
2,5,<char>,0,0.279481
2,5,<char>,1,0.207905
2,5,<char>,2,0.181821
2,5,<char>,3,0.143055
2,5,<char>,4,0.187738
2,5,<chars>,0,0.661698
2,5,<chars>,1,0.338302
2,5,<digit>,0,0.159821
2,5,<digit>,1,0.061276
2,5,<digit>,2,0.138557
2,5,<digit>,3,0.223609
2,5,<digit>,4,0.045245
2,5,<digit>,5,0.052799
2,5,<digit>,6,0.108290
2,5,<digit>,7,0.047702
2,5,<digit>,8,0.082150
2,5,<digit>,9,0.080552
2,5,<digits>,0,0.631244
2,5,<digits>,1,0.368756
2,5,<elements>,0,0.259776
2,5,<elements>,1,0.740224
2,5,<escape>,0,0.212595
2,5,<escape>,1,0.153173
2,5,<escape>,2,0.181045
2,5,<escape>,3,0.210935
2,5,<escape>,4,0.242251
2,5,<int>,0,0.316093
2,5,<int>,1,0.371696
2,5,<int>,2,0.312211
2,5,<members>,0,0.319479
2,5,<members>,1,0.680521
2,5,<number>,0,0.491180
2,5,<number>,1,0.213916
2,5,<number>,2,0.294903
2,5,<object>,0,0.320007
2,5,<object>,1,0.679993
2,5,<pair>,0,1.000000
2,5,<start>,0,1.000000
2,5,<string>,0,1.000000
2,5,<value>,0,0.099246
2,5,<value>,1,0.319446
2,5,<value>,2,0.093990
2,5,<value>,3,0.119766
2,5,<value>,4,0.034376
2,5,<value>,5,0.149125
2,5,<value>,6,0.184051
2,10,<array>,0,0.099322
2,10,<array>,1,0.900678
2,10,<char>,0,0.281183
2,10,<char>,1,0.265122
2,10,<char>,2,0.183017
2,10,<char>,3,0.065559
2,10,<char>,4,0.205118
2,10,<chars>,0,0.567829
2,10,<chars>,1,0.432171
2,10,<digit>,0,0.322243
2,10,<digit>,1,0.051956
2,10,<digit>,2,0.138402
2,10,<digit>,3,0.087815
2,10,<digit>,4,0.000000
2,10,<digit>,5,0.085577
2,10,<digit>,6,0.102603
2,10,<digit>,7,0.047430
2,10,<digit>,8,0.080139
2,10,<digit>,9,0.083835
2,10,<digits>,0,0.641002
2,10,<digits>,1,0.358998
2,10,<elements>,0,0.274411
2,10,<elements>,1,0.725589
2,10,<escape>,0,0.149157
2,10,<escape>,1,0.152512
2,10,<escape>,2,0.238249
2,10,<escape>,3,0.225784
2,10,<escape>,4,0.234298
2,10,<int>,0,0.324254
2,10,<int>,1,0.357637
2,10,<int>,2,0.318110
2,10,<members>,0,0.384670
2,10,<members>,1,0.615330
2,10,<number>,0,0.447606
2,10,<number>,1,0.254311
2,10,<number>,2,0.298084
2,10,<object>,0,0.344193
2,10,<object>,1,0.655807
2,10,<pair>,0,1.000000
2,10,<start>,0,1.000000
2,10,<string>,0,1.000000
2,10,<value>,0,0.124355
2,10,<value>,1,0.458010
2,10,<value>,2,0.084659
2,10,<value>,3,0.083906
2,10,<value>,4,0.007600
2,10,<value>,5,0.137143
2,10,<value>,6,0.104328
2,15,<array>,0,0.149597
2,15,<array>,1,0.850403
2,15,<char>,0,0.397281
2,15,<char>,1,0.195000
2,15,<char>,2,0.152877
2,15,<char>,3,0.037266
2,15,<char>,4,0.217575
2,15,<chars>,0,0.554750
2,15,<chars>,1,0.445250
2,15,<digit>,0,0.237237
2,15,<digit>,1,0.027589
2,15,<digit>,2,0.164982
2,15,<digit>,3,0.104355
2,15,<digit>,4,0.051728
2,15,<digit>,5,0.082067
2,15,<digit>,6,0.019503
2,15,<digit>,7,0.074499
2,15,<digit>,8,0.124591
2,15,<digit>,9,0.113448
2,15,<digits>,0,0.571478
2,15,<digits>,1,0.428522
2,15,<elements>,0,0.248999
2,15,<elements>,1,0.751001
2,15,<escape>,0,0.195206
2,15,<escape>,1,0.103188
2,15,<escape>,2,0.168339
2,15,<escape>,3,0.223149
2,15,<escape>,4,0.310118
2,15,<int>,0,0.315050
2,15,<int>,1,0.365567
2,15,<int>,2,0.319382
2,15,<members>,0,0.344938
2,15,<members>,1,0.655062
2,15,<number>,0,0.413354
2,15,<number>,1,0.190148
2,15,<number>,2,0.396499
2,15,<object>,0,0.352998
2,15,<object>,1,0.647002
2,15,<pair>,0,1.000000
2,15,<start>,0,1.000000
2,15,<string>,0,1.000000
2,15,<value>,0,0.294709
2,15,<value>,1,0.381435
2,15,<value>,2,0.047788
2,15,<value>,3,0.119867
2,15,<value>,4,0.023114
2,15,<value>,5,0.035312
2,15,<value>,6,0.097776
2,20,<array>,0,0.088258
2,20,<array>,1,0.911742
2,20,<char>,0,0.278114
2,20,<char>,1,0.268915
2,20,<char>,2,0.185310
2,20,<char>,3,0.080435
2,20,<char>,4,0.187226
2,20,<chars>,0,0.570703
2,20,<chars>,1,0.429297
2,20,<digit>,0,0.406077
2,20,<digit>,1,0.014889
2,20,<digit>,2,0.040015
2,20,<digit>,3,0.049607
2,20,<digit>,4,0.065665
2,20,<digit>,5,0.040818
2,20,<digit>,6,0.076938
2,20,<digit>,7,0.005379
2,20,<digit>,8,0.085240
2,20,<digit>,9,0.215372
2,20,<digits>,0,0.665349
2,20,<digits>,1,0.334651
2,20,<elements>,0,0.245307
2,20,<elements>,1,0.754693
2,20,<escape>,0,0.149601
2,20,<escape>,1,0.123914
2,20,<escape>,2,0.218195
2,20,<escape>,3,0.147041
2,20,<escape>,4,0.361249
2,20,<int>,0,0.288550
2,20,<int>,1,0.389113
2,20,<int>,2,0.322337
2,20,<members>,0,0.356140
2,20,<members>,1,0.643860
2,20,<number>,0,0.452228
2,20,<number>,1,0.232337
2,20,<number>,2,0.315436
2,20,<object>,0,0.317515
2,20,<object>,1,0.682485
2,20,<pair>,0,1.000000
2,20,<start>,0,1.000000
2,20,<string>,0,1.000000
2,20,<value>,0,0.388580
2,20,<value>,1,0.421703
2,20,<value>,2,0.001016
2,20,<value>,3,0.092480
2,20,<value>,4,0.009532
2,20,<value>,5,0.013495
2,20,<value>,6,0.073194
2,25,<array>,0,0.121591
2,25,<array>,1,0.878409
2,25,<char>,0,0.222901
2,25,<char>,1,0.253388
2,25,<char>,2,0.222115
2,25,<char>,3,0.098891
2,25,<char>,4,0.202705
2,25,<chars>,0,0.557792
2,25,<chars>,1,0.442208
2,25,<digit>,0,0.331680
2,25,<digit>,1,0.029568
2,25,<digit>,2,0.067642
2,25,<digit>,3,0.041214
2,25,<digit>,4,0.007475
2,25,<digit>,5,0.054318
2,25,<digit>,6,0.054022
2,25,<digit>,7,0.067351
2,25,<digit>,8,0.159794
2,25,<digit>,9,0.186937
2,25,<digits>,0,0.636943
2,25,<digits>,1,0.363057
2,25,<elements>,0,0.145427
2,25,<elements>,1,0.854573
2,25,<escape>,0,0.136791
2,25,<escape>,1,0.205787
2,25,<escape>,2,0.249962
2,25,<escape>,3,0.175353
2,25,<escape>,4,0.232107
2,25,<int>,0,0.345152
2,25,<int>,1,0.314038
2,25,<int>,2,0.340811
2,25,<members>,0,0.185288
2,25,<members>,1,0.814712
2,25,<number>,0,0.425151
2,25,<number>,1,0.300056
2,25,<number>,2,0.274793
2,25,<object>,0,0.349460
2,25,<object>,1,0.650540
2,25,<pair>,0,1.000000
2,25,<start>,0,1.000000
2,25,<string>,0,1.000000
2,25,<value>,0,0.252583
2,25,<value>,1,0.408040
2,25,<value>,2,0.084321
2,25,<value>,3,0.116780
2,25,<value>,4,0.016832
2,25,<value>,5,0.010427
2,25,<value>,6,0.111016
2,30,<array>,0,0.110942
2,30,<array>,1,0.889058
2,30,<char>,0,0.243359
2,30,<char>,1,0.273453
2,30,<char>,2,0.180401
2,30,<char>,3,0.056975
2,30,<char>,4,0.245812
2,30,<chars>,0,0.567581
2,30,<chars>,1,0.432419
2,30,<digit>,0,0.304809
2,30,<digit>,1,0.054530
2,30,<digit>,2,0.199958
2,30,<digit>,3,0.064405
2,30,<digit>,4,0.083409
2,30,<digit>,5,0.086758
2,30,<digit>,6,0.029444
2,30,<digit>,7,0.039726
2,30,<digit>,8,0.021259
2,30,<digit>,9,0.115701
2,30,<digits>,0,0.615480
2,30,<digits>,1,0.384520
2,30,<elements>,0,0.051996
2,30,<elements>,1,0.948004
2,30,<escape>,0,0.177685
2,30,<escape>,1,0.118681
2,30,<escape>,2,0.231032
2,30,<escape>,3,0.210057
2,30,<escape>,4,0.262546
2,30,<int>,0,0.353924
2,30,<int>,1,0.327245
2,30,<int>,2,0.318830
2,30,<members>,0,0.209292
2,30,<members>,1,0.790708
2,30,<number>,0,0.319620
2,30,<number>,1,0.312060
2,30,<number>,2,0.368319
2,30,<object>,0,0.280805
2,30,<object>,1,0.719195
2,30,<pair>,0,1.000000
2,30,<start>,0,1.000000
2,30,<string>,0,1.000000
2,30,<value>,0,0.266082
2,30,<value>,1,0.409204
2,30,<value>,2,0.000000
2,30,<value>,3,0.130004
2,30,<value>,4,0.021720
2,30,<value>,5,0.007912
2,30,<value>,6,0.165078
2,35,<array>,0,0.126064
2,35,<array>,1,0.873936
2,35,<char>,0,0.198581
2,35,<char>,1,0.251016
2,35,<char>,2,0.257260
2,35,<char>,3,0.141666
2,35,<char>,4,0.151477
2,35,<chars>,0,0.614145
2,35,<chars>,1,0.385855
2,35,<digit>,0,0.292880
2,35,<digit>,1,0.040180
2,35,<digit>,2,0.129434
2,35,<digit>,3,0.124615
2,35,<digit>,4,0.088178
2,35,<digit>,5,0.068340
2,35,<digit>,6,0.019148
2,35,<digit>,7,0.025534
2,35,<digit>,8,0.041763
2,35,<digit>,9,0.169929
2,35,<digits>,0,0.618370
2,35,<digits>,1,0.381630
2,35,<elements>,0,0.126658
2,35,<elements>,1,0.873342
2,35,<escape>,0,0.185232
2,35,<escape>,1,0.167183
2,35,<escape>,2,0.304377
2,35,<escape>,3,0.117348
2,35,<escape>,4,0.225861
2,35,<int>,0,0.307485
2,35,<int>,1,0.344463
2,35,<int>,2,0.348052
2,35,<members>,0,0.164902
2,35,<members>,1,0.835098
2,35,<number>,0,0.349365
2,35,<number>,1,0.354025
2,35,<number>,2,0.296610
2,35,<object>,0,0.160159
2,35,<object>,1,0.839841
2,35,<pair>,0,1.000000
2,35,<start>,0,1.000000
2,35,<string>,0,1.000000
2,35,<value>,0,0.274820
2,35,<value>,1,0.370681
2,35,<value>,2,0.072098
2,35,<value>,3,0.164986
2,35,<value>,4,0.025372
2,35,<value>,5,0.019908
2,35,<value>,6,0.072135
2,40,<array>,0,0.095966
2,40,<array>,1,0.904034
2,40,<char>,0,0.250828
2,40,<char>,1,0.263346
2,40,<char>,2,0.183236
2,40,<char>,3,0.072749
2,40,<char>,4,0.229841
2,40,<chars>,0,0.582550
2,40,<chars>,1,0.417450
2,40,<digit>,0,0.365016
2,40,<digit>,1,0.010929
2,40,<digit>,2,0.180556
2,40,<digit>,3,0.115063
2,40,<digit>,4,0.082144
2,40,<digit>,5,0.119951
2,40,<digit>,6,0.000000
2,40,<digit>,7,0.044842
2,40,<digit>,8,0.054037
2,40,<digit>,9,0.027463
2,40,<digits>,0,0.441538
2,40,<digits>,1,0.558462
2,40,<elements>,0,0.088418
2,40,<elements>,1,0.911582
2,40,<escape>,0,0.200723
2,40,<escape>,1,0.224860
2,40,<escape>,2,0.277956
2,40,<escape>,3,0.108813
2,40,<escape>,4,0.187649
2,40,<int>,0,0.312970
2,40,<int>,1,0.407161
2,40,<int>,2,0.279869
2,40,<members>,0,0.168657
2,40,<members>,1,0.831343
2,40,<number>,0,0.341707
2,40,<number>,1,0.283796
2,40,<number>,2,0.374497
2,40,<object>,0,0.036218
2,40,<object>,1,0.963782
2,40,<pair>,0,1.000000
2,40,<start>,0,1.000000
2,40,<string>,0,1.000000
2,40,<value>,0,0.334461
2,40,<value>,1,0.400466
2,40,<value>,2,0.006675
2,40,<value>,3,0.146902
2,40,<value>,4,0.009103
2,40,<value>,5,0.038355
2,40,<value>,6,0.064037
2,45,<array>,0,0.128189
2,45,<array>,1,0.871811
2,45,<char>,0,0.261324
2,45,<char>,1,0.171077
2,45,<char>,2,0.204728
2,45,<char>,3,0.056051
2,45,<char>,4,0.306820
2,45,<chars>,0,0.568612
2,45,<chars>,1,0.431388
2,45,<digit>,0,0.321932
2,45,<digit>,1,0.023221
2,45,<digit>,2,0.157714
2,45,<digit>,3,0.134093
2,45,<digit>,4,0.032219
2,45,<digit>,5,0.115772
2,45,<digit>,6,0.015901
2,45,<digit>,7,0.000000
2,45,<digit>,8,0.090366
2,45,<digit>,9,0.108782
2,45,<digits>,0,0.451472
2,45,<digits>,1,0.548528
2,45,<elements>,0,0.102925
2,45,<elements>,1,0.897075
2,45,<escape>,0,0.355413
2,45,<escape>,1,0.190832
2,45,<escape>,2,0.209985
2,45,<escape>,3,0.144707
2,45,<escape>,4,0.099063
2,45,<int>,0,0.292507
2,45,<int>,1,0.406114
2,45,<int>,2,0.301380
2,45,<members>,0,0.198740
2,45,<members>,1,0.801260
2,45,<number>,0,0.260886
2,45,<number>,1,0.324788
2,45,<number>,2,0.414326
2,45,<object>,0,0.000000
2,45,<object>,1,1.000000
2,45,<pair>,0,1.000000
2,45,<start>,0,1.000000
2,45,<string>,0,1.000000
2,45,<value>,0,0.314595
2,45,<value>,1,0.390531
2,45,<value>,2,0.029252
2,45,<value>,3,0.158769
2,45,<value>,4,0.021610
2,45,<value>,5,0.012454
2,45,<value>,6,0.072788
2,50,<array>,0,0.126953
2,50,<array>,1,0.873047
2,50,<char>,0,0.219201
2,50,<char>,1,0.223400
2,50,<char>,2,0.190932
2,50,<char>,3,0.066418
2,50,<char>,4,0.300048
2,50,<chars>,0,0.538815
2,50,<chars>,1,0.461185
2,50,<digit>,0,0.289837
2,50,<digit>,1,0.011998
2,50,<digit>,2,0.129554
2,50,<digit>,3,0.124864
2,50,<digit>,4,0.045769
2,50,<digit>,5,0.112183
2,50,<digit>,6,0.044841
2,50,<digit>,7,0.012003
2,50,<digit>,8,0.085490
2,50,<digit>,9,0.143461
2,50,<digits>,0,0.406880
2,50,<digits>,1,0.593120
2,50,<elements>,0,0.054668
2,50,<elements>,1,0.945332
2,50,<escape>,0,0.251447
2,50,<escape>,1,0.244062
2,50,<escape>,2,0.270271
2,50,<escape>,3,0.171348
2,50,<escape>,4,0.062873
2,50,<int>,0,0.293539
2,50,<int>,1,0.402777
2,50,<int>,2,0.303684
2,50,<members>,0,0.212438
2,50,<members>,1,0.787562
2,50,<number>,0,0.293912
2,50,<number>,1,0.366206
2,50,<number>,2,0.339882
2,50,<object>,0,0.016333
2,50,<object>,1,0.983667
2,50,<pair>,0,1.000000
2,50,<start>,0,1.000000
2,50,<string>,0,1.000000
2,50,<value>,0,0.374884
2,50,<value>,1,0.342482
2,50,<value>,2,0.038524
2,50,<value>,3,0.178981
2,50,<value>,4,0.022208
2,50,<value>,5,0.010377
2,50,<value>,6,0.032544
2,55,<array>,0,0.079403
2,55,<array>,1,0.920597
2,55,<char>,0,0.185672
2,55,<char>,1,0.185227
2,55,<char>,2,0.184269
2,55,<char>,3,0.049243
2,55,<char>,4,0.395590
2,55,<chars>,0,0.537943
2,55,<chars>,1,0.462057
2,55,<digit>,0,0.202225
2,55,<digit>,1,0.058860
2,55,<digit>,2,0.078823
2,55,<digit>,3,0.118558
2,55,<digit>,4,0.029049
2,55,<digit>,5,0.054307
2,55,<digit>,6,0.022136
2,55,<digit>,7,0.010533
2,55,<digit>,8,0.347063
2,55,<digit>,9,0.078445
2,55,<digits>,0,0.402791
2,55,<digits>,1,0.597209
2,55,<elements>,0,0.009027
2,55,<elements>,1,0.990973
2,55,<escape>,0,0.325998
2,55,<escape>,1,0.252513
2,55,<escape>,2,0.316241
2,55,<escape>,3,0.082914
2,55,<escape>,4,0.022335
2,55,<int>,0,0.305644
2,55,<int>,1,0.407359
2,55,<int>,2,0.286997
2,55,<members>,0,0.202264
2,55,<members>,1,0.797736
2,55,<number>,0,0.290959
2,55,<number>,1,0.312222
2,55,<number>,2,0.396819
2,55,<object>,0,0.013445
2,55,<object>,1,0.986555
2,55,<pair>,0,1.000000
2,55,<start>,0,1.000000
2,55,<string>,0,1.000000
2,55,<value>,0,0.418038
2,55,<value>,1,0.247867
2,55,<value>,2,0.018181
2,55,<value>,3,0.223645
2,55,<value>,4,0.022572
2,55,<value>,5,0.010731
2,55,<value>,6,0.058967
2,59,<array>,0,0.093268
2,59,<array>,1,0.906732
2,59,<char>,0,0.161147
2,59,<char>,1,0.220627
2,59,<char>,2,0.133627
2,59,<char>,3,0.048725
2,59,<char>,4,0.435874
2,59,<chars>,0,0.525195
2,59,<chars>,1,0.474805
2,59,<digit>,0,0.235884
2,59,<digit>,1,0.081169
2,59,<digit>,2,0.045944
2,59,<digit>,3,0.169725
2,59,<digit>,4,0.000000
2,59,<digit>,5,0.068402
2,59,<digit>,6,0.048296
2,59,<digit>,7,0.034081
2,59,<digit>,8,0.220233
2,59,<digit>,9,0.096266
2,59,<digits>,0,0.403411
2,59,<digits>,1,0.596589
2,59,<elements>,0,0.048797
2,59,<elements>,1,0.951203
2,59,<escape>,0,0.254786
2,59,<escape>,1,0.235561
2,59,<escape>,2,0.428697
2,59,<escape>,3,0.078507
2,59,<escape>,4,0.002449
2,59,<int>,0,0.297233
2,59,<int>,1,0.355863
2,59,<int>,2,0.346905
2,59,<members>,0,0.202404
2,59,<members>,1,0.797596
2,59,<number>,0,0.297484
2,59,<number>,1,0.308416
2,59,<number>,2,0.394100
2,59,<object>,0,0.014212
2,59,<object>,1,0.985788
2,59,<pair>,0,1.000000
2,59,<start>,0,1.000000
2,59,<string>,0,1.000000
2,59,<value>,0,0.406344
2,59,<value>,1,0.307314
2,59,<value>,2,0.015771
2,59,<value>,3,0.178245
2,59,<value>,4,0.019756
2,59,<value>,5,0.005657
2,59,<value>,6,0.066914
3,0,<array>,0,0.484073
3,0,<array>,1,0.515927
3,0,<char>,0,0.245038
3,0,<char>,1,0.166978
3,0,<char>,2,0.185393
3,0,<char>,3,0.075880
3,0,<char>,4,0.326711
3,0,<chars>,0,0.720488
3,0,<chars>,1,0.279512
3,0,<digit>,0,0.109739
3,0,<digit>,1,0.041651
3,0,<digit>,2,0.141081
3,0,<digit>,3,0.075153
3,0,<digit>,4,0.084831
3,0,<digit>,5,0.115933
3,0,<digit>,6,0.081621
3,0,<digit>,7,0.104801
3,0,<digit>,8,0.130844
3,0,<digit>,9,0.114346
3,0,<digits>,0,0.567066
3,0,<digits>,1,0.432934
3,0,<elements>,0,0.529442
3,0,<elements>,1,0.470558
3,0,<escape>,0,0.293225
3,0,<escape>,1,0.107318
3,0,<escape>,2,0.109013
3,0,<escape>,3,0.362211
3,0,<escape>,4,0.128233
3,0,<int>,0,0.345883
3,0,<int>,1,0.450924
3,0,<int>,2,0.203193
3,0,<members>,0,0.384380
3,0,<members>,1,0.615620
3,0,<number>,0,0.249963
3,0,<number>,1,0.317582
3,0,<number>,2,0.432455
3,0,<object>,0,0.575680
3,0,<object>,1,0.424320
3,0,<pair>,0,1.000000
3,0,<start>,0,1.000000
3,0,<string>,0,1.000000
3,0,<value>,0,0.053946
3,0,<value>,1,0.248024
3,0,<value>,2,0.118959
3,0,<value>,3,0.194416
3,0,<value>,4,0.241261
3,0,<value>,5,0.063398
3,0,<value>,6,0.079996
3,5,<array>,0,0.412394
3,5,<array>,1,0.587606
3,5,<char>,0,0.104813
3,5,<char>,1,0.223321
3,5,<char>,2,0.108322
3,5,<char>,3,0.238801
3,5,<char>,4,0.324743
3,5,<chars>,0,0.253268
3,5,<chars>,1,0.746732
3,5,<digit>,0,0.093886
3,5,<digit>,1,0.186250
3,5,<digit>,2,0.097186
3,5,<digit>,3,0.088105
3,5,<digit>,4,0.123230
3,5,<digit>,5,0.004453
3,5,<digit>,6,0.067875
3,5,<digit>,7,0.106341
3,5,<digit>,8,0.083871
3,5,<digit>,9,0.148803
3,5,<digits>,0,0.385837
3,5,<digits>,1,0.614163
3,5,<elements>,0,0.405734
3,5,<elements>,1,0.594266
3,5,<escape>,0,0.143579
3,5,<escape>,1,0.279755
3,5,<escape>,2,0.262292
3,5,<escape>,3,0.118853
3,5,<escape>,4,0.195521
3,5,<int>,0,0.426117
3,5,<int>,1,0.345203
3,5,<int>,2,0.228681
3,5,<members>,0,0.301081
3,5,<members>,1,0.698919
3,5,<number>,0,0.186569
3,5,<number>,1,0.514727
3,5,<number>,2,0.298704
3,5,<object>,0,0.459000
3,5,<object>,1,0.541000
3,5,<pair>,0,1.000000
3,5,<start>,0,1.000000
3,5,<string>,0,1.000000
3,5,<value>,0,0.282984
3,5,<value>,1,0.224258
3,5,<value>,2,0.091302
3,5,<value>,3,0.147850
3,5,<value>,4,0.032816
3,5,<value>,5,0.093568
3,5,<value>,6,0.127222
3,10,<array>,0,0.422906
3,10,<array>,1,0.577094
3,10,<char>,0,0.183869
3,10,<char>,1,0.215011
3,10,<char>,2,0.132675
3,10,<char>,3,0.275137
3,10,<char>,4,0.193308
3,10,<chars>,0,0.404499
3,10,<chars>,1,0.595501
3,10,<digit>,0,0.101500
3,10,<digit>,1,0.082527
3,10,<digit>,2,0.141490
3,10,<digit>,3,0.035481
3,10,<digit>,4,0.127077
3,10,<digit>,5,0.094863
3,10,<digit>,6,0.117081
3,10,<digit>,7,0.113500
3,10,<digit>,8,0.119788
3,10,<digit>,9,0.066692
3,10,<digits>,0,0.374780
3,10,<digits>,1,0.625220
3,10,<elements>,0,0.000000
3,10,<elements>,1,1.000000
3,10,<escape>,0,0.161969
3,10,<escape>,1,0.211634
3,10,<escape>,2,0.251394
3,10,<escape>,3,0.123122
3,10,<escape>,4,0.251881
3,10,<int>,0,0.408194
3,10,<int>,1,0.343269
3,10,<int>,2,0.248537
3,10,<members>,0,0.339306
3,10,<members>,1,0.660694
3,10,<number>,0,0.257065
3,10,<number>,1,0.341073
3,10,<number>,2,0.401862
3,10,<object>,0,0.455202
3,10,<object>,1,0.544798
3,10,<pair>,0,1.000000
3,10,<start>,0,1.000000
3,10,<string>,0,1.000000
3,10,<value>,0,0.371117
3,10,<value>,1,0.215544
3,10,<value>,2,0.031712
3,10,<value>,3,0.123645
3,10,<value>,4,0.037957
3,10,<value>,5,0.094342
3,10,<value>,6,0.125684
3,15,<array>,0,0.298192
3,15,<array>,1,0.701808
3,15,<char>,0,0.141325
3,15,<char>,1,0.250305
3,15,<char>,2,0.194667
3,15,<char>,3,0.248453
3,15,<char>,4,0.165250
3,15,<chars>,0,0.369973
3,15,<chars>,1,0.630027
3,15,<digit>,0,0.212179
3,15,<digit>,1,0.190818
3,15,<digit>,2,0.114226
3,15,<digit>,3,0.034273
3,15,<digit>,4,0.048592
3,15,<digit>,5,0.105891
3,15,<digit>,6,0.136059
3,15,<digit>,7,0.004496
3,15,<digit>,8,0.005079
3,15,<digit>,9,0.148388
3,15,<digits>,0,0.427504
3,15,<digits>,1,0.572496
3,15,<elements>,0,0.084485
3,15,<elements>,1,0.915515
3,15,<escape>,0,0.198917
3,15,<escape>,1,0.213589
3,15,<escape>,2,0.239560
3,15,<escape>,3,0.118799
3,15,<escape>,4,0.229135
3,15,<int>,0,0.319728
3,15,<int>,1,0.445635
3,15,<int>,2,0.234637
3,15,<members>,0,0.100001
3,15,<members>,1,0.899999
3,15,<number>,0,0.374589
3,15,<number>,1,0.363222
3,15,<number>,2,0.262189
3,15,<object>,0,0.312508
3,15,<object>,1,0.687492
3,15,<pair>,0,1.000000
3,15,<start>,0,1.000000
3,15,<string>,0,1.000000
3,15,<value>,0,0.402440
3,15,<value>,1,0.221268
3,15,<value>,2,0.087082
3,15,<value>,3,0.118487
3,15,<value>,4,0.028461
3,15,<value>,5,0.058955
3,15,<value>,6,0.083305
3,20,<array>,0,0.000000
3,20,<array>,1,1.000000
3,20,<char>,0,0.129392
3,20,<char>,1,0.250190
3,20,<char>,2,0.213840
3,20,<char>,3,0.259912
3,20,<char>,4,0.146666
3,20,<chars>,0,0.199867
3,20,<chars>,1,0.800133
3,20,<digit>,0,0.110681
3,20,<digit>,1,0.203370
3,20,<digit>,2,0.089042
3,20,<digit>,3,0.037577
3,20,<digit>,4,0.047014
3,20,<digit>,5,0.102616
3,20,<digit>,6,0.136659
3,20,<digit>,7,0.133401
3,20,<digit>,8,0.000000
3,20,<digit>,9,0.139640
3,20,<digits>,0,0.373654
3,20,<digits>,1,0.626346
3,20,<elements>,0,0.089114
3,20,<elements>,1,0.910886
3,20,<escape>,0,0.238931
3,20,<escape>,1,0.244356
3,20,<escape>,2,0.311466
3,20,<escape>,3,0.084615
3,20,<escape>,4,0.120632
3,20,<int>,0,0.277372
3,20,<int>,1,0.414066
3,20,<int>,2,0.308562
3,20,<members>,0,0.120261
3,20,<members>,1,0.879739
3,20,<number>,0,0.544677
3,20,<number>,1,0.325717
3,20,<number>,2,0.129606
3,20,<object>,0,0.354061
3,20,<object>,1,0.645939
3,20,<pair>,0,1.000000
3,20,<start>,0,1.000000
3,20,<string>,0,1.000000
3,20,<value>,0,0.382041
3,20,<value>,1,0.295602
3,20,<value>,2,0.000331
3,20,<value>,3,0.117409
3,20,<value>,4,0.021737
3,20,<value>,5,0.063716
3,20,<value>,6,0.119164
3,25,<array>,0,0.299339
3,25,<array>,1,0.700661
3,25,<char>,0,0.103794
3,25,<char>,1,0.225723
3,25,<char>,2,0.215910
3,25,<char>,3,0.294114
3,25,<char>,4,0.160458
3,25,<chars>,0,0.228323
3,25,<chars>,1,0.771677
3,25,<digit>,0,0.310530
3,25,<digit>,1,0.092589
3,25,<digit>,2,0.022001
3,25,<digit>,3,0.003742
3,25,<digit>,4,0.103143
3,25,<digit>,5,0.131697
3,25,<digit>,6,0.125512
3,25,<digit>,7,0.029611
3,25,<digit>,8,0.071206
3,25,<digit>,9,0.109970
3,25,<digits>,0,0.296874
3,25,<digits>,1,0.703126
3,25,<elements>,0,0.089809
3,25,<elements>,1,0.910191
3,25,<escape>,0,0.332133
3,25,<escape>,1,0.227944
3,25,<escape>,2,0.359121
3,25,<escape>,3,0.078399
3,25,<escape>,4,0.002403
3,25,<int>,0,0.307867
3,25,<int>,1,0.407855
3,25,<int>,2,0.284277
3,25,<members>,0,0.084593
3,25,<members>,1,0.915407
3,25,<number>,0,0.486434
3,25,<number>,1,0.368812
3,25,<number>,2,0.144754
3,25,<object>,0,0.367260
3,25,<object>,1,0.632740
3,25,<pair>,0,1.000000
3,25,<start>,0,1.000000
3,25,<string>,0,1.000000
3,25,<value>,0,0.375049
3,25,<value>,1,0.296918
3,25,<value>,2,0.000000
3,25,<value>,3,0.126989
3,25,<value>,4,0.090221
3,25,<value>,5,0.072149
3,25,<value>,6,0.038674
3,30,<array>,0,0.291726
3,30,<array>,1,0.708274
3,30,<char>,0,0.076675
3,30,<char>,1,0.202846
3,30,<char>,2,0.245709
3,30,<char>,3,0.320150
3,30,<char>,4,0.154620
3,30,<chars>,0,0.225162
3,30,<chars>,1,0.774838
3,30,<digit>,0,0.352998
3,30,<digit>,1,0.142870
3,30,<digit>,2,0.077245
3,30,<digit>,3,0.019455
3,30,<digit>,4,0.046137
3,30,<digit>,5,0.086854
3,30,<digit>,6,0.050342
3,30,<digit>,7,0.104318
3,30,<digit>,8,0.047438
3,30,<digit>,9,0.072341
3,30,<digits>,0,0.324621
3,30,<digits>,1,0.675379
3,30,<elements>,0,0.095389
3,30,<elements>,1,0.904611
3,30,<escape>,0,0.334092
3,30,<escape>,1,0.222532
3,30,<escape>,2,0.319003
3,30,<escape>,3,0.098414
3,30,<escape>,4,0.025959
3,30,<int>,0,0.320188
3,30,<int>,1,0.352676
3,30,<int>,2,0.327136
3,30,<members>,0,0.091691
3,30,<members>,1,0.908309
3,30,<number>,0,0.487036
3,30,<number>,1,0.334035
3,30,<number>,2,0.178929
3,30,<object>,0,0.365805
3,30,<object>,1,0.634195
3,30,<pair>,0,1.000000
3,30,<start>,0,1.000000
3,30,<string>,0,1.000000
3,30,<value>,0,0.408612
3,30,<value>,1,0.316235
3,30,<value>,2,0.000000
3,30,<value>,3,0.156037
3,30,<value>,4,0.029539
3,30,<value>,5,0.053690
3,30,<value>,6,0.035888
3,35,<array>,0,0.281060
3,35,<array>,1,0.718940
3,35,<char>,0,0.088004
3,35,<char>,1,0.175386
3,35,<char>,2,0.282123
3,35,<char>,3,0.277435
3,35,<char>,4,0.177052
3,35,<chars>,0,0.209589
3,35,<chars>,1,0.790411
3,35,<digit>,0,0.361998
3,35,<digit>,1,0.181009
3,35,<digit>,2,0.087662
3,35,<digit>,3,0.010506
3,35,<digit>,4,0.019746
3,35,<digit>,5,0.125640
3,35,<digit>,6,0.076769
3,35,<digit>,7,0.043205
3,35,<digit>,8,0.036126
3,35,<digit>,9,0.057339
3,35,<digits>,0,0.330364
3,35,<digits>,1,0.669636
3,35,<elements>,0,0.052916
3,35,<elements>,1,0.947084
3,35,<escape>,0,0.386404
3,35,<escape>,1,0.205010
3,35,<escape>,2,0.349770
3,35,<escape>,3,0.055594
3,35,<escape>,4,0.003222
3,35,<int>,0,0.302914
3,35,<int>,1,0.435398
3,35,<int>,2,0.261687
3,35,<members>,0,0.118266
3,35,<members>,1,0.881734
3,35,<number>,0,0.445143
3,35,<number>,1,0.325983
3,35,<number>,2,0.228875
3,35,<object>,0,0.386784
3,35,<object>,1,0.613216
3,35,<pair>,0,1.000000
3,35,<start>,0,1.000000
3,35,<string>,0,1.000000
3,35,<value>,0,0.415873
3,35,<value>,1,0.277911
3,35,<value>,2,0.000000
3,35,<value>,3,0.160577
3,35,<value>,4,0.064643
3,35,<value>,5,0.031951
3,35,<value>,6,0.049045
3,40,<array>,0,0.223545
3,40,<array>,1,0.776455
3,40,<char>,0,0.133055
3,40,<char>,1,0.211861
3,40,<char>,2,0.212969
3,40,<char>,3,0.280750
3,40,<char>,4,0.161366
3,40,<chars>,0,0.079983
3,40,<chars>,1,0.920017
3,40,<digit>,0,0.274871
3,40,<digit>,1,0.113583
3,40,<digit>,2,0.034359
3,40,<digit>,3,0.068107
3,40,<digit>,4,0.069347
3,40,<digit>,5,0.168215
3,40,<digit>,6,0.055240
3,40,<digit>,7,0.031557
3,40,<digit>,8,0.052026
3,40,<digit>,9,0.132695
3,40,<digits>,0,0.306497
3,40,<digits>,1,0.693503
3,40,<elements>,0,0.027617
3,40,<elements>,1,0.972383
3,40,<escape>,0,0.373236
3,40,<escape>,1,0.262010
3,40,<escape>,2,0.294223
3,40,<escape>,3,0.067778
3,40,<escape>,4,0.002753
3,40,<int>,0,0.250135
3,40,<int>,1,0.388427
3,40,<int>,2,0.361438
3,40,<members>,0,0.049200
3,40,<members>,1,0.950800
3,40,<number>,0,0.457574
3,40,<number>,1,0.371912
3,40,<number>,2,0.170514
3,40,<object>,0,0.383513
3,40,<object>,1,0.616487
3,40,<pair>,0,1.000000
3,40,<start>,0,1.000000
3,40,<string>,0,1.000000
3,40,<value>,0,0.391375
3,40,<value>,1,0.327955
3,40,<value>,2,0.000406
3,40,<value>,3,0.163478
3,40,<value>,4,0.035999
3,40,<value>,5,0.035374
3,40,<value>,6,0.045414
3,45,<array>,0,0.230082
3,45,<array>,1,0.769918
3,45,<char>,0,0.127132
3,45,<char>,1,0.202904
3,45,<char>,2,0.214998
3,45,<char>,3,0.291563
3,45,<char>,4,0.163402
3,45,<chars>,0,0.026590
3,45,<chars>,1,0.973410
3,45,<digit>,0,0.278157
3,45,<digit>,1,0.124147
3,45,<digit>,2,0.054512
3,45,<digit>,3,0.000000
3,45,<digit>,4,0.062564
3,45,<digit>,5,0.146279
3,45,<digit>,6,0.158883
3,45,<digit>,7,0.019496
3,45,<digit>,8,0.052619
3,45,<digit>,9,0.103343
3,45,<digits>,0,0.271929
3,45,<digits>,1,0.728071
3,45,<elements>,0,0.016087
3,45,<elements>,1,0.983913
3,45,<escape>,0,0.380489
3,45,<escape>,1,0.274489
3,45,<escape>,2,0.279599
3,45,<escape>,3,0.051681
3,45,<escape>,4,0.013742
3,45,<int>,0,0.255139
3,45,<int>,1,0.398082
3,45,<int>,2,0.346779
3,45,<members>,0,0.014172
3,45,<members>,1,0.985828
3,45,<number>,0,0.466330
3,45,<number>,1,0.359865
3,45,<number>,2,0.173805
3,45,<object>,0,0.331462
3,45,<object>,1,0.668538
3,45,<pair>,0,1.000000
3,45,<start>,0,1.000000
3,45,<string>,0,1.000000
3,45,<value>,0,0.385751
3,45,<value>,1,0.312379
3,45,<value>,2,0.001197
3,45,<value>,3,0.158202
3,45,<value>,4,0.066551
3,45,<value>,5,0.030075
3,45,<value>,6,0.045844
3,50,<array>,0,0.207677
3,50,<array>,1,0.792323
3,50,<char>,0,0.123706
3,50,<char>,1,0.203749
3,50,<char>,2,0.207575
3,50,<char>,3,0.299172
3,50,<char>,4,0.165797
3,50,<chars>,0,0.052942
3,50,<chars>,1,0.947058
3,50,<digit>,0,0.402315
3,50,<digit>,1,0.000000
3,50,<digit>,2,0.017602
3,50,<digit>,3,0.076520
3,50,<digit>,4,0.000000
3,50,<digit>,5,0.158115
3,50,<digit>,6,0.102210
3,50,<digit>,7,0.049137
3,50,<digit>,8,0.066315
3,50,<digit>,9,0.127784
3,50,<digits>,0,0.280698
3,50,<digits>,1,0.719302
3,50,<elements>,0,0.038209
3,50,<elements>,1,0.961791
3,50,<escape>,0,0.355746
3,50,<escape>,1,0.247156
3,50,<escape>,2,0.365340
3,50,<escape>,3,0.031757
3,50,<escape>,4,0.000000
3,50,<int>,0,0.276011
3,50,<int>,1,0.364502
3,50,<int>,2,0.359487
3,50,<members>,0,0.044499
3,50,<members>,1,0.955501
3,50,<number>,0,0.447004
3,50,<number>,1,0.369144
3,50,<number>,2,0.183852
3,50,<object>,0,0.376443
3,50,<object>,1,0.623557
3,50,<pair>,0,1.000000
3,50,<start>,0,1.000000
3,50,<string>,0,1.000000
3,50,<value>,0,0.405996
3,50,<value>,1,0.267636
3,50,<value>,2,0.009890
3,50,<value>,3,0.198272
3,50,<value>,4,0.040829
3,50,<value>,5,0.043536
3,50,<value>,6,0.033840
3,55,<array>,0,0.212668
3,55,<array>,1,0.787332
3,55,<char>,0,0.152329
3,55,<char>,1,0.292524
3,55,<char>,2,0.074252
3,55,<char>,3,0.299106
3,55,<char>,4,0.181789
3,55,<chars>,0,0.050188
3,55,<chars>,1,0.949812
3,55,<digit>,0,0.232741
3,55,<digit>,1,0.134102
3,55,<digit>,2,0.051301
3,55,<digit>,3,0.044158
3,55,<digit>,4,0.051652
3,55,<digit>,5,0.153758
3,55,<digit>,6,0.100700
3,55,<digit>,7,0.081891
3,55,<digit>,8,0.065044
3,55,<digit>,9,0.084653
3,55,<digits>,0,0.261615
3,55,<digits>,1,0.738385
3,55,<elements>,0,0.017433
3,55,<elements>,1,0.982567
3,55,<escape>,0,0.375841
3,55,<escape>,1,0.303523
3,55,<escape>,2,0.294174
3,55,<escape>,3,0.018487
3,55,<escape>,4,0.007975
3,55,<int>,0,0.272180
3,55,<int>,1,0.367846
3,55,<int>,2,0.359974
3,55,<members>,0,0.005930
3,55,<members>,1,0.994070
3,55,<number>,0,0.263772
3,55,<number>,1,0.432012
3,55,<number>,2,0.304216
3,55,<object>,0,0.368729
3,55,<object>,1,0.631271
3,55,<pair>,0,1.000000
3,55,<start>,0,1.000000
3,55,<string>,0,1.000000
3,55,<value>,0,0.361252
3,55,<value>,1,0.295114
3,55,<value>,2,0.011194
3,55,<value>,3,0.194485
3,55,<value>,4,0.064500
3,55,<value>,5,0.034797
3,55,<value>,6,0.038658
3,59,<array>,0,0.210948
3,59,<array>,1,0.789052
3,59,<char>,0,0.122023
3,59,<char>,1,0.264917
3,59,<char>,2,0.166971
3,59,<char>,3,0.249047
3,59,<char>,4,0.197043
3,59,<chars>,0,0.063781
3,59,<chars>,1,0.936219
3,59,<digit>,0,0.283607
3,59,<digit>,1,0.087957
3,59,<digit>,2,0.048019
3,59,<digit>,3,0.066999
3,59,<digit>,4,0.027369
3,59,<digit>,5,0.168150
3,59,<digit>,6,0.089676
3,59,<digit>,7,0.015127
3,59,<digit>,8,0.086119
3,59,<digit>,9,0.126977
3,59,<digits>,0,0.183515
3,59,<digits>,1,0.816485
3,59,<elements>,0,0.037248
3,59,<elements>,1,0.962752
3,59,<escape>,0,0.343612
3,59,<escape>,1,0.319930
3,59,<escape>,2,0.289482
3,59,<escape>,3,0.039932
3,59,<escape>,4,0.007044
3,59,<int>,0,0.165357
3,59,<int>,1,0.228641
3,59,<int>,2,0.606001
3,59,<members>,0,0.026550
3,59,<members>,1,0.973450
3,59,<number>,0,0.424214
3,59,<number>,1,0.364757
3,59,<number>,2,0.211029
3,59,<object>,0,0.320958
3,59,<object>,1,0.679042
3,59,<pair>,0,1.000000
3,59,<start>,0,1.000000
3,59,<string>,0,1.000000
3,59,<value>,0,0.375174
3,59,<value>,1,0.311419
3,59,<value>,2,0.007172
3,59,<value>,3,0.186332
3,59,<value>,4,0.063722
3,59,<value>,5,0.019282
3,59,<value>,6,0.036898
4,0,<array>,0,0.449115
4,0,<array>,1,0.550885
4,0,<char>,0,0.288410
4,0,<char>,1,0.122149
4,0,<char>,2,0.208692
4,0,<char>,3,0.073429
4,0,<char>,4,0.307320
4,0,<chars>,0,0.356599
4,0,<chars>,1,0.643401
4,0,<digit>,0,0.083218
4,0,<digit>,1,0.056178
4,0,<digit>,2,0.124953
4,0,<digit>,3,0.129928
4,0,<digit>,4,0.133157
4,0,<digit>,5,0.082913
4,0,<digit>,6,0.133624
4,0,<digit>,7,0.064509
4,0,<digit>,8,0.119589
4,0,<digit>,9,0.071934
4,0,<digits>,0,0.330889
4,0,<digits>,1,0.669111
4,0,<elements>,0,0.232459
4,0,<elements>,1,0.767541
4,0,<escape>,0,0.145930
4,0,<escape>,1,0.119397
4,0,<escape>,2,0.293932
4,0,<escape>,3,0.226101
4,0,<escape>,4,0.214640
4,0,<int>,0,0.501694
4,0,<int>,1,0.231486
4,0,<int>,2,0.266820
4,0,<members>,0,0.649810
4,0,<members>,1,0.350190
4,0,<number>,0,0.167925
4,0,<number>,1,0.284511
4,0,<number>,2,0.547565
4,0,<object>,0,0.261135
4,0,<object>,1,0.738865
4,0,<pair>,0,1.000000
4,0,<start>,0,1.000000
4,0,<string>,0,1.000000
4,0,<value>,0,0.148309
4,0,<value>,1,0.146497
4,0,<value>,2,0.063454
4,0,<value>,3,0.167556
4,0,<value>,4,0.169082
4,0,<value>,5,0.116581
4,0,<value>,6,0.188522
4,5,<array>,0,0.472475
4,5,<array>,1,0.527525
4,5,<char>,0,0.145170
4,5,<char>,1,0.315689
4,5,<char>,2,0.139169
4,5,<char>,3,0.168508
4,5,<char>,4,0.231465
4,5,<chars>,0,0.459549
4,5,<chars>,1,0.540451
4,5,<digit>,0,0.152912
4,5,<digit>,1,0.032644
4,5,<digit>,2,0.115250
4,5,<digit>,3,0.142012
4,5,<digit>,4,0.042118
4,5,<digit>,5,0.065269
4,5,<digit>,6,0.113171
4,5,<digit>,7,0.104787
4,5,<digit>,8,0.127830
4,5,<digit>,9,0.104006
4,5,<digits>,0,0.451682
4,5,<digits>,1,0.548318
4,5,<elements>,0,0.365032
4,5,<elements>,1,0.634968
4,5,<escape>,0,0.289355
4,5,<escape>,1,0.165448
4,5,<escape>,2,0.255376
4,5,<escape>,3,0.085498
4,5,<escape>,4,0.204322
4,5,<int>,0,0.248000
4,5,<int>,1,0.381731
4,5,<int>,2,0.370269
4,5,<members>,0,0.453137
4,5,<members>,1,0.546863
4,5,<number>,0,0.348462
4,5,<number>,1,0.383819
4,5,<number>,2,0.267719
4,5,<object>,0,0.401499
4,5,<object>,1,0.598501
4,5,<pair>,0,1.000000
4,5,<start>,0,1.000000
4,5,<string>,0,1.000000
4,5,<value>,0,0.219128
4,5,<value>,1,0.227851
4,5,<value>,2,0.105996
4,5,<value>,3,0.097560
4,5,<value>,4,0.048103
4,5,<value>,5,0.147284
4,5,<value>,6,0.154077
4,10,<array>,0,0.494988
4,10,<array>,1,0.505012
4,10,<char>,0,0.185699
4,10,<char>,1,0.289677
4,10,<char>,2,0.139968
4,10,<char>,3,0.221585
4,10,<char>,4,0.163071
4,10,<chars>,0,0.514672
4,10,<chars>,1,0.485328
4,10,<digit>,0,0.113195
4,10,<digit>,1,0.098953
4,10,<digit>,2,0.165624
4,10,<digit>,3,0.106108
4,10,<digit>,4,0.034130
4,10,<digit>,5,0.072365
4,10,<digit>,6,0.169868
4,10,<digit>,7,0.101948
4,10,<digit>,8,0.047052
4,10,<digit>,9,0.090756
4,10,<digits>,0,0.462167
4,10,<digits>,1,0.537833
4,10,<elements>,0,0.351159
4,10,<elements>,1,0.648841
4,10,<escape>,0,0.230969
4,10,<escape>,1,0.210346
4,10,<escape>,2,0.139478
4,10,<escape>,3,0.184522
4,10,<escape>,4,0.234686
4,10,<int>,0,0.323632
4,10,<int>,1,0.324672
4,10,<int>,2,0.351696
4,10,<members>,0,0.342347
4,10,<members>,1,0.657653
4,10,<number>,0,0.305302
4,10,<number>,1,0.392379
4,10,<number>,2,0.302319
4,10,<object>,0,0.426933
4,10,<object>,1,0.573067
4,10,<pair>,0,1.000000
4,10,<start>,0,1.000000
4,10,<string>,0,1.000000
4,10,<value>,0,0.222746
4,10,<value>,1,0.289980
4,10,<value>,2,0.077954
4,10,<value>,3,0.160512
4,10,<value>,4,0.020258
4,10,<value>,5,0.086699
4,10,<value>,6,0.141852
4,15,<array>,0,0.000000
4,15,<array>,1,1.000000
4,15,<char>,0,0.144420
4,15,<char>,1,0.278770
4,15,<char>,2,0.067841
4,15,<char>,3,0.182925
4,15,<char>,4,0.326044
4,15,<chars>,0,0.478471
4,15,<chars>,1,0.521529
4,15,<digit>,0,0.070788
4,15,<digit>,1,0.075688
4,15,<digit>,2,0.513517
4,15,<digit>,3,0.080344
4,15,<digit>,4,0.034369
4,15,<digit>,5,0.051604
4,15,<digit>,6,0.122926
4,15,<digit>,7,0.000000
4,15,<digit>,8,0.032128
4,15,<digit>,9,0.018637
4,15,<digits>,0,0.401970
4,15,<digits>,1,0.598030
4,15,<elements>,0,0.346844
4,15,<elements>,1,0.653156
4,15,<escape>,0,0.261727
4,15,<escape>,1,0.198502
4,15,<escape>,2,0.146915
4,15,<escape>,3,0.205860
4,15,<escape>,4,0.186996
4,15,<int>,0,0.368643
4,15,<int>,1,0.290733
4,15,<int>,2,0.340624
4,15,<members>,0,0.420313
4,15,<members>,1,0.579687
4,15,<number>,0,0.253890
4,15,<number>,1,0.392340
4,15,<number>,2,0.353769
4,15,<object>,0,0.445556
4,15,<object>,1,0.554444
4,15,<pair>,0,1.000000
4,15,<start>,0,1.000000
4,15,<string>,0,1.000000
4,15,<value>,0,0.219993
4,15,<value>,1,0.302229
4,15,<value>,2,0.082076
4,15,<value>,3,0.213495
4,15,<value>,4,0.014347
4,15,<value>,5,0.075487
4,15,<value>,6,0.092372
4,20,<array>,0,0.000000
4,20,<array>,1,1.000000
4,20,<char>,0,0.244367
4,20,<char>,1,0.341219
4,20,<char>,2,0.093009
4,20,<char>,3,0.223752
4,20,<char>,4,0.097652
4,20,<chars>,0,0.385416
4,20,<chars>,1,0.614584
4,20,<digit>,0,0.227061
4,20,<digit>,1,0.080061
4,20,<digit>,2,0.236139
4,20,<digit>,3,0.083630
4,20,<digit>,4,0.033733
4,20,<digit>,5,0.074160
4,20,<digit>,6,0.154313
4,20,<digit>,7,0.053079
4,20,<digit>,8,0.026530
4,20,<digit>,9,0.031294
4,20,<digits>,0,0.425154
4,20,<digits>,1,0.574846
4,20,<elements>,0,0.176389
4,20,<elements>,1,0.823611
4,20,<escape>,0,0.250326
4,20,<escape>,1,0.144861
4,20,<escape>,2,0.211871
4,20,<escape>,3,0.172682
4,20,<escape>,4,0.220260
4,20,<int>,0,0.330308
4,20,<int>,1,0.325423
4,20,<int>,2,0.344269
4,20,<members>,0,0.364729
4,20,<members>,1,0.635271
4,20,<number>,0,0.300105
4,20,<number>,1,0.400677
4,20,<number>,2,0.299218
4,20,<object>,0,0.423581
4,20,<object>,1,0.576419
4,20,<pair>,0,1.000000
4,20,<start>,0,1.000000
4,20,<string>,0,1.000000
4,20,<value>,0,0.292051
4,20,<value>,1,0.288305
4,20,<value>,2,0.024860
4,20,<value>,3,0.196854
4,20,<value>,4,0.030598
4,20,<value>,5,0.070538
4,20,<value>,6,0.096795
4,25,<array>,0,0.015167
4,25,<array>,1,0.984833
4,25,<char>,0,0.159375
4,25,<char>,1,0.326493
4,25,<char>,2,0.058761
4,25,<char>,3,0.208365
4,25,<char>,4,0.247006
4,25,<chars>,0,0.439245
4,25,<chars>,1,0.560755
4,25,<digit>,0,0.110975
4,25,<digit>,1,0.137351
4,25,<digit>,2,0.202941
4,25,<digit>,3,0.099757
4,25,<digit>,4,0.150428
4,25,<digit>,5,0.000028
4,25,<digit>,6,0.133338
4,25,<digit>,7,0.058751
4,25,<digit>,8,0.016394
4,25,<digit>,9,0.090038
4,25,<digits>,0,0.399350
4,25,<digits>,1,0.600650
4,25,<elements>,0,0.026896
4,25,<elements>,1,0.973104
4,25,<escape>,0,0.249104
4,25,<escape>,1,0.284818
4,25,<escape>,2,0.177603
4,25,<escape>,3,0.137721
4,25,<escape>,4,0.150754
4,25,<int>,0,0.330904
4,25,<int>,1,0.299866
4,25,<int>,2,0.369230
4,25,<members>,0,0.342721
4,25,<members>,1,0.657279
4,25,<number>,0,0.294702
4,25,<number>,1,0.379785
4,25,<number>,2,0.325513
4,25,<object>,0,0.427989
4,25,<object>,1,0.572011
4,25,<pair>,0,1.000000
4,25,<start>,0,1.000000
4,25,<string>,0,1.000000
4,25,<value>,0,0.312267
4,25,<value>,1,0.329262
4,25,<value>,2,0.006901
4,25,<value>,3,0.146640
4,25,<value>,4,0.041190
4,25,<value>,5,0.051051
4,25,<value>,6,0.112689
4,30,<array>,0,0.000000
4,30,<array>,1,1.000000
4,30,<char>,0,0.185945
4,30,<char>,1,0.284508
4,30,<char>,2,0.170550
4,30,<char>,3,0.155242
4,30,<char>,4,0.203756
4,30,<chars>,0,0.438586
4,30,<chars>,1,0.561414
4,30,<digit>,0,0.157932
4,30,<digit>,1,0.075372
4,30,<digit>,2,0.229517
4,30,<digit>,3,0.073638
4,30,<digit>,4,0.052259
4,30,<digit>,5,0.053973
4,30,<digit>,6,0.173332
4,30,<digit>,7,0.087696
4,30,<digit>,8,0.058910
4,30,<digit>,9,0.037369
4,30,<digits>,0,0.356523
4,30,<digits>,1,0.643477
4,30,<elements>,0,0.029169
4,30,<elements>,1,0.970831
4,30,<escape>,0,0.187027
4,30,<escape>,1,0.261154
4,30,<escape>,2,0.260221
4,30,<escape>,3,0.138541
4,30,<escape>,4,0.153057
4,30,<int>,0,0.306210
4,30,<int>,1,0.339821
4,30,<int>,2,0.353969
4,30,<members>,0,0.333950
4,30,<members>,1,0.666050
4,30,<number>,0,0.209506
4,30,<number>,1,0.419117
4,30,<number>,2,0.371377
4,30,<object>,0,0.378454
4,30,<object>,1,0.621546
4,30,<pair>,0,1.000000
4,30,<start>,0,1.000000
4,30,<string>,0,1.000000
4,30,<value>,0,0.280604
4,30,<value>,1,0.363451
4,30,<value>,2,0.077033
4,30,<value>,3,0.146107
4,30,<value>,4,0.025432
4,30,<value>,5,0.043561
4,30,<value>,6,0.063813
4,35,<array>,0,0.000000
4,35,<array>,1,1.000000
4,35,<char>,0,0.201557
4,35,<char>,1,0.299197
4,35,<char>,2,0.037752
4,35,<char>,3,0.215010
4,35,<char>,4,0.246484
4,35,<chars>,0,0.382414
4,35,<chars>,1,0.617586
4,35,<digit>,0,0.197113
4,35,<digit>,1,0.059508
4,35,<digit>,2,0.281709
4,35,<digit>,3,0.029146
4,35,<digit>,4,0.090686
4,35,<digit>,5,0.091990
4,35,<digit>,6,0.151046
4,35,<digit>,7,0.000000
4,35,<digit>,8,0.082216
4,35,<digit>,9,0.016588
4,35,<digits>,0,0.335557
4,35,<digits>,1,0.664443
4,35,<elements>,0,0.012930
4,35,<elements>,1,0.987070
4,35,<escape>,0,0.238101
4,35,<escape>,1,0.248187
4,35,<escape>,2,0.187880
4,35,<escape>,3,0.203073
4,35,<escape>,4,0.122760
4,35,<int>,0,0.232060
4,35,<int>,1,0.274830
4,35,<int>,2,0.493110
4,35,<members>,0,0.315872
4,35,<members>,1,0.684128
4,35,<number>,0,0.270027
4,35,<number>,1,0.401852
4,35,<number>,2,0.328121
4,35,<object>,0,0.069621
4,35,<object>,1,0.930379
4,35,<pair>,0,1.000000
4,35,<start>,0,1.000000
4,35,<string>,0,1.000000
4,35,<value>,0,0.286238
4,35,<value>,1,0.382970
4,35,<value>,2,0.037477
4,35,<value>,3,0.132961
4,35,<value>,4,0.076262
4,35,<value>,5,0.016961
4,35,<value>,6,0.067130
4,40,<array>,0,0.002527
4,40,<array>,1,0.997473
4,40,<char>,0,0.184533
4,40,<char>,1,0.305237
4,40,<char>,2,0.084310
4,40,<char>,3,0.191847
4,40,<char>,4,0.234074
4,40,<chars>,0,0.278590
4,40,<chars>,1,0.721410
4,40,<digit>,0,0.195690
4,40,<digit>,1,0.000000
4,40,<digit>,2,0.323531
4,40,<digit>,3,0.094072
4,40,<digit>,4,0.098845
4,40,<digit>,5,0.085610
4,40,<digit>,6,0.035771
4,40,<digit>,7,0.008454
4,40,<digit>,8,0.118718
4,40,<digit>,9,0.039309
4,40,<digits>,0,0.342211
4,40,<digits>,1,0.657789
4,40,<elements>,0,0.021098
4,40,<elements>,1,0.978902
4,40,<escape>,0,0.299645
4,40,<escape>,1,0.287983
4,40,<escape>,2,0.233677
4,40,<escape>,3,0.074583
4,40,<escape>,4,0.104113
4,40,<int>,0,0.310851
4,40,<int>,1,0.239772
4,40,<int>,2,0.449377
4,40,<members>,0,0.001582
4,40,<members>,1,0.998418
4,40,<number>,0,0.263185
4,40,<number>,1,0.407020
4,40,<number>,2,0.329795
4,40,<object>,0,0.163205
4,40,<object>,1,0.836795
4,40,<pair>,0,1.000000
4,40,<start>,0,1.000000
4,40,<string>,0,1.000000
4,40,<value>,0,0.326388
4,40,<value>,1,0.413399
4,40,<value>,2,0.024339
4,40,<value>,3,0.162558
4,40,<value>,4,0.029307
4,40,<value>,5,0.037673
4,40,<value>,6,0.006336
4,45,<array>,0,0.000298
4,45,<array>,1,0.999702
4,45,<char>,0,0.187708
4,45,<char>,1,0.276826
4,45,<char>,2,0.045368
4,45,<char>,3,0.245321
4,45,<char>,4,0.244778
4,45,<chars>,0,0.323514
4,45,<chars>,1,0.676486
4,45,<digit>,0,0.164278
4,45,<digit>,1,0.000000
4,45,<digit>,2,0.316296
4,45,<digit>,3,0.079084
4,45,<digit>,4,0.138444
4,45,<digit>,5,0.033355
4,45,<digit>,6,0.073223
4,45,<digit>,7,0.001404
4,45,<digit>,8,0.125730
4,45,<digit>,9,0.068185
4,45,<digits>,0,0.312795
4,45,<digits>,1,0.687205
4,45,<elements>,0,0.018773
4,45,<elements>,1,0.981227
4,45,<escape>,0,0.304145
4,45,<escape>,1,0.272172
4,45,<escape>,2,0.203226
4,45,<escape>,3,0.128087
4,45,<escape>,4,0.092369
4,45,<int>,0,0.121552
4,45,<int>,1,0.295430
4,45,<int>,2,0.583018
4,45,<members>,0,0.050949
4,45,<members>,1,0.949051
4,45,<number>,0,0.289175
4,45,<number>,1,0.405664
4,45,<number>,2,0.305161
4,45,<object>,0,0.155730
4,45,<object>,1,0.844270
4,45,<pair>,0,1.000000
4,45,<start>,0,1.000000
4,45,<string>,0,1.000000
4,45,<value>,0,0.286029
4,45,<value>,1,0.312185
4,45,<value>,2,0.017070
4,45,<value>,3,0.185894
4,45,<value>,4,0.025880
4,45,<value>,5,0.030742
4,45,<value>,6,0.142200
4,50,<array>,0,0.006442
4,50,<array>,1,0.993558
4,50,<char>,0,0.222076
4,50,<char>,1,0.297719
4,50,<char>,2,0.072827
4,50,<char>,3,0.146699
4,50,<char>,4,0.260678
4,50,<chars>,0,0.270165
4,50,<chars>,1,0.729835
4,50,<digit>,0,0.301630
4,50,<digit>,1,0.058917
4,50,<digit>,2,0.351106
4,50,<digit>,3,0.008982
4,50,<digit>,4,0.080216
4,50,<digit>,5,0.026529
4,50,<digit>,6,0.109375
4,50,<digit>,7,0.030229
4,50,<digit>,8,0.017672
4,50,<digit>,9,0.015344
4,50,<digits>,0,0.331773
4,50,<digits>,1,0.668227
4,50,<elements>,0,0.034920
4,50,<elements>,1,0.965080
4,50,<escape>,0,0.287329
4,50,<escape>,1,0.329786
4,50,<escape>,2,0.256719
4,50,<escape>,3,0.006544
4,50,<escape>,4,0.119621
4,50,<int>,0,0.345119
4,50,<int>,1,0.266970
4,50,<int>,2,0.387911
4,50,<members>,0,0.082016
4,50,<members>,1,0.917984
4,50,<number>,0,0.292893
4,50,<number>,1,0.378381
4,50,<number>,2,0.328726
4,50,<object>,0,0.000000
4,50,<object>,1,1.000000
4,50,<pair>,0,1.000000
4,50,<start>,0,1.000000
4,50,<string>,0,1.000000
4,50,<value>,0,0.283481
4,50,<value>,1,0.310192
4,50,<value>,2,0.007264
4,50,<value>,3,0.206111
4,50,<value>,4,0.072274
4,50,<value>,5,0.033924
4,50,<value>,6,0.086754
4,55,<array>,0,0.030440
4,55,<array>,1,0.969560
4,55,<char>,0,0.080076
4,55,<char>,1,0.260399
4,55,<char>,2,0.106093
4,55,<char>,3,0.209317
4,55,<char>,4,0.344114
4,55,<chars>,0,0.267244
4,55,<chars>,1,0.732756
4,55,<digit>,0,0.214531
4,55,<digit>,1,0.042629
4,55,<digit>,2,0.293990
4,55,<digit>,3,0.033094
4,55,<digit>,4,0.068445
4,55,<digit>,5,0.000000
4,55,<digit>,6,0.127179
4,55,<digit>,7,0.067081
4,55,<digit>,8,0.134625
4,55,<digit>,9,0.018426
4,55,<digits>,0,0.316361
4,55,<digits>,1,0.683639
4,55,<elements>,0,0.017781
4,55,<elements>,1,0.982219
4,55,<escape>,0,0.319929
4,55,<escape>,1,0.357436
4,55,<escape>,2,0.266894
4,55,<escape>,3,0.030070
4,55,<escape>,4,0.025671
4,55,<int>,0,0.337825
4,55,<int>,1,0.276196
4,55,<int>,2,0.385979
4,55,<members>,0,0.098534
4,55,<members>,1,0.901466
4,55,<number>,0,0.325866
4,55,<number>,1,0.326093
4,55,<number>,2,0.348041
4,55,<object>,0,0.064487
4,55,<object>,1,0.935513
4,55,<pair>,0,1.000000
4,55,<start>,0,1.000000
4,55,<string>,0,1.000000
4,55,<value>,0,0.338180
4,55,<value>,1,0.278043
4,55,<value>,2,0.022542
4,55,<value>,3,0.232293
4,55,<value>,4,0.010165
4,55,<value>,5,0.023547
4,55,<value>,6,0.095231
4,59,<array>,0,0.032856
4,59,<array>,1,0.967144
4,59,<char>,0,0.101613
4,59,<char>,1,0.206444
4,59,<char>,2,0.128866
4,59,<char>,3,0.199337
4,59,<char>,4,0.363741
4,59,<chars>,0,0.264218
4,59,<chars>,1,0.735782
4,59,<digit>,0,0.257330
4,59,<digit>,1,0.098693
4,59,<digit>,2,0.250613
4,59,<digit>,3,0.030904
4,59,<digit>,4,0.056418
4,59,<digit>,5,0.052899
4,59,<digit>,6,0.092861
4,59,<digit>,7,0.036890
4,59,<digit>,8,0.101994
4,59,<digit>,9,0.021396
4,59,<digits>,0,0.314909
4,59,<digits>,1,0.685091
4,59,<elements>,0,0.018351
4,59,<elements>,1,0.981649
4,59,<escape>,0,0.314948
4,59,<escape>,1,0.331407
4,59,<escape>,2,0.285773
4,59,<escape>,3,0.048348
4,59,<escape>,4,0.019524
4,59,<int>,0,0.297909
4,59,<int>,1,0.312678
4,59,<int>,2,0.389414
4,59,<members>,0,0.107884
4,59,<members>,1,0.892116
4,59,<number>,0,0.287723
4,59,<number>,1,0.395588
4,59,<number>,2,0.316689
4,59,<object>,0,0.104808
4,59,<object>,1,0.895192
4,59,<pair>,0,1.000000
4,59,<start>,0,1.000000
4,59,<string>,0,1.000000
4,59,<value>,0,0.344661
4,59,<value>,1,0.306356
4,59,<value>,2,0.000000
4,59,<value>,3,0.208981
4,59,<value>,4,0.024471
4,59,<value>,5,0.029945
4,59,<value>,6,0.085586
5,0,<array>,0,0.568510
5,0,<array>,1,0.431490
5,0,<char>,0,0.164437
5,0,<char>,1,0.214555
5,0,<char>,2,0.191514
5,0,<char>,3,0.277681
5,0,<char>,4,0.151813
5,0,<chars>,0,0.549053
5,0,<chars>,1,0.450947
5,0,<digit>,0,0.098950
5,0,<digit>,1,0.159021
5,0,<digit>,2,0.130601
5,0,<digit>,3,0.106718
5,0,<digit>,4,0.160213
5,0,<digit>,5,0.041674
5,0,<digit>,6,0.047449
5,0,<digit>,7,0.068956
5,0,<digit>,8,0.139367
5,0,<digit>,9,0.047051
5,0,<digits>,0,0.730372
5,0,<digits>,1,0.269628
5,0,<elements>,0,0.480122
5,0,<elements>,1,0.519878
5,0,<escape>,0,0.198861
5,0,<escape>,1,0.158211
5,0,<escape>,2,0.237305
5,0,<escape>,3,0.172049
5,0,<escape>,4,0.233575
5,0,<int>,0,0.253557
5,0,<int>,1,0.398655
5,0,<int>,2,0.347788
5,0,<members>,0,0.499119
5,0,<members>,1,0.500881
5,0,<number>,0,0.336022
5,0,<number>,1,0.223082
5,0,<number>,2,0.440897
5,0,<object>,0,0.505933
5,0,<object>,1,0.494067
5,0,<pair>,0,1.000000
5,0,<start>,0,1.000000
5,0,<string>,0,1.000000
5,0,<value>,0,0.171286
5,0,<value>,1,0.096804
5,0,<value>,2,0.135111
5,0,<value>,3,0.151982
5,0,<value>,4,0.116275
5,0,<value>,5,0.161212
5,0,<value>,6,0.167330
5,5,<array>,0,0.366478
5,5,<array>,1,0.633522
5,5,<char>,0,0.186828
5,5,<char>,1,0.256722
5,5,<char>,2,0.187284
5,5,<char>,3,0.000000
5,5,<char>,4,0.369166
5,5,<chars>,0,0.511919
5,5,<chars>,1,0.488081
5,5,<digit>,0,0.130396
5,5,<digit>,1,0.091841
5,5,<digit>,2,0.260874
5,5,<digit>,3,0.051760
5,5,<digit>,4,0.080610
5,5,<digit>,5,0.078116
5,5,<digit>,6,0.085123
5,5,<digit>,7,0.072603
5,5,<digit>,8,0.118362
5,5,<digit>,9,0.030316
5,5,<digits>,0,0.504320
5,5,<digits>,1,0.495680
5,5,<elements>,0,0.433860
5,5,<elements>,1,0.566140
5,5,<escape>,0,0.174225
5,5,<escape>,1,0.170551
5,5,<escape>,2,0.223916
5,5,<escape>,3,0.112193
5,5,<escape>,4,0.319114
5,5,<int>,0,0.435847
5,5,<int>,1,0.291511
5,5,<int>,2,0.272642
5,5,<members>,0,0.000000
5,5,<members>,1,1.000000
5,5,<number>,0,0.254141
5,5,<number>,1,0.367708
5,5,<number>,2,0.378150
5,5,<object>,0,0.284957
5,5,<object>,1,0.715043
5,5,<pair>,0,1.000000
5,5,<start>,0,1.000000
5,5,<string>,0,1.000000
5,5,<value>,0,0.204887
5,5,<value>,1,0.272554
5,5,<value>,2,0.136451
5,5,<value>,3,0.111283
5,5,<value>,4,0.077864
5,5,<value>,5,0.100829
5,5,<value>,6,0.096133
5,10,<array>,0,0.368639
5,10,<array>,1,0.631361
5,10,<char>,0,0.194967
5,10,<char>,1,0.171047
5,10,<char>,2,0.294313
5,10,<char>,3,0.029348
5,10,<char>,4,0.310326
5,10,<chars>,0,0.524360
5,10,<chars>,1,0.475640
5,10,<digit>,0,0.181264
5,10,<digit>,1,0.055684
5,10,<digit>,2,0.163784
5,10,<digit>,3,0.064683
5,10,<digit>,4,0.102670
5,10,<digit>,5,0.103362
5,10,<digit>,6,0.089146
5,10,<digit>,7,0.048670
5,10,<digit>,8,0.124238
5,10,<digit>,9,0.066499
5,10,<digits>,0,0.466271
5,10,<digits>,1,0.533729
5,10,<elements>,0,0.401276
5,10,<elements>,1,0.598724
5,10,<escape>,0,0.210967
5,10,<escape>,1,0.129252
5,10,<escape>,2,0.313870
5,10,<escape>,3,0.095819
5,10,<escape>,4,0.250092
5,10,<int>,0,0.497527
5,10,<int>,1,0.263503
5,10,<int>,2,0.238969
5,10,<members>,0,0.000000
5,10,<members>,1,1.000000
5,10,<number>,0,0.293971
5,10,<number>,1,0.328721
5,10,<number>,2,0.377308
5,10,<object>,0,0.301810
5,10,<object>,1,0.698190
5,10,<pair>,0,1.000000
5,10,<start>,0,1.000000
5,10,<string>,0,1.000000
5,10,<value>,0,0.256530
5,10,<value>,1,0.281031
5,10,<value>,2,0.101407
5,10,<value>,3,0.106508
5,10,<value>,4,0.085099
5,10,<value>,5,0.077584
5,10,<value>,6,0.091841
5,15,<array>,0,0.307441
5,15,<array>,1,0.692559
5,15,<char>,0,0.163143
5,15,<char>,1,0.276503
5,15,<char>,2,0.254993
5,15,<char>,3,0.034621
5,15,<char>,4,0.270739
5,15,<chars>,0,0.505648
5,15,<chars>,1,0.494352
5,15,<digit>,0,0.093213
5,15,<digit>,1,0.064397
5,15,<digit>,2,0.224831
5,15,<digit>,3,0.055012
5,15,<digit>,4,0.053442
5,15,<digit>,5,0.091931
5,15,<digit>,6,0.075039
5,15,<digit>,7,0.111496
5,15,<digit>,8,0.083184
5,15,<digit>,9,0.147454
5,15,<digits>,0,0.439637
5,15,<digits>,1,0.560363
5,15,<elements>,0,0.353154
5,15,<elements>,1,0.646846
5,15,<escape>,0,0.245905
5,15,<escape>,1,0.348286
5,15,<escape>,2,0.246825
5,15,<escape>,3,0.079531
5,15,<escape>,4,0.079453
5,15,<int>,0,0.367819
5,15,<int>,1,0.240844
5,15,<int>,2,0.391337
5,15,<members>,0,0.026601
5,15,<members>,1,0.973399
5,15,<number>,0,0.237515
5,15,<number>,1,0.403412
5,15,<number>,2,0.359073
5,15,<object>,0,0.268746
5,15,<object>,1,0.731254
5,15,<pair>,0,1.000000
5,15,<start>,0,1.000000
5,15,<string>,0,1.000000
5,15,<value>,0,0.331202
5,15,<value>,1,0.296902
5,15,<value>,2,0.000000
5,15,<value>,3,0.197671
5,15,<value>,4,0.034400
5,15,<value>,5,0.101002
5,15,<value>,6,0.038823
5,20,<array>,0,0.225958
5,20,<array>,1,0.774042
5,20,<char>,0,0.248758
5,20,<char>,1,0.221489
5,20,<char>,2,0.235232
5,20,<char>,3,0.026294
5,20,<char>,4,0.268227
5,20,<chars>,0,0.502598
5,20,<chars>,1,0.497402
5,20,<digit>,0,0.140540
5,20,<digit>,1,0.052636
5,20,<digit>,2,0.269380
5,20,<digit>,3,0.134851
5,20,<digit>,4,0.005845
5,20,<digit>,5,0.053968
5,20,<digit>,6,0.093940
5,20,<digit>,7,0.003911
5,20,<digit>,8,0.112681
5,20,<digit>,9,0.132249
5,20,<digits>,0,0.553182
5,20,<digits>,1,0.446818
5,20,<elements>,0,0.366289
5,20,<elements>,1,0.633711
5,20,<escape>,0,0.261326
5,20,<escape>,1,0.319944
5,20,<escape>,2,0.356249
5,20,<escape>,3,0.002091
5,20,<escape>,4,0.060390
5,20,<int>,0,0.323364
5,20,<int>,1,0.244907
5,20,<int>,2,0.431729
5,20,<members>,0,0.017537
5,20,<members>,1,0.982463
5,20,<number>,0,0.220250
5,20,<number>,1,0.399241
5,20,<number>,2,0.380509
5,20,<object>,0,0.295651
5,20,<object>,1,0.704349
5,20,<pair>,0,1.000000
5,20,<start>,0,1.000000
5,20,<string>,0,1.000000
5,20,<value>,0,0.324634
5,20,<value>,1,0.316762
5,20,<value>,2,0.029114
5,20,<value>,3,0.162587
5,20,<value>,4,0.034909
5,20,<value>,5,0.075050
5,20,<value>,6,0.056945
5,25,<array>,0,0.204958
5,25,<array>,1,0.795042
5,25,<char>,0,0.186495
5,25,<char>,1,0.216634
5,25,<char>,2,0.227234
5,25,<char>,3,0.125465
5,25,<char>,4,0.244172
5,25,<chars>,0,0.526310
5,25,<chars>,1,0.473690
5,25,<digit>,0,0.172351
5,25,<digit>,1,0.136303
5,25,<digit>,2,0.301132
5,25,<digit>,3,0.034294
5,25,<digit>,4,0.011083
5,25,<digit>,5,0.053827
5,25,<digit>,6,0.085995
5,25,<digit>,7,0.074249
5,25,<digit>,8,0.000000
5,25,<digit>,9,0.130764
5,25,<digits>,0,0.469284
5,25,<digits>,1,0.530716
5,25,<elements>,0,0.258075
5,25,<elements>,1,0.741925
5,25,<escape>,0,0.189759
5,25,<escape>,1,0.436357
5,25,<escape>,2,0.265972
5,25,<escape>,3,0.000000
5,25,<escape>,4,0.107911
5,25,<int>,0,0.320475
5,25,<int>,1,0.203428
5,25,<int>,2,0.476097
5,25,<members>,0,0.029375
5,25,<members>,1,0.970625
5,25,<number>,0,0.207360
5,25,<number>,1,0.396754
5,25,<number>,2,0.395886
5,25,<object>,0,0.279634
5,25,<object>,1,0.720366
5,25,<pair>,0,1.000000
5,25,<start>,0,1.000000
5,25,<string>,0,1.000000
5,25,<value>,0,0.298409
5,25,<value>,1,0.302709
5,25,<value>,2,0.039044
5,25,<value>,3,0.221805
5,25,<value>,4,0.040616
5,25,<value>,5,0.038102
5,25,<value>,6,0.059315
5,30,<array>,0,0.174744
5,30,<array>,1,0.825256
5,30,<char>,0,0.195587
5,30,<char>,1,0.146946
5,30,<char>,2,0.300562
5,30,<char>,3,0.043333
5,30,<char>,4,0.313572
5,30,<chars>,0,0.000000
5,30,<chars>,1,1.000000
5,30,<digit>,0,0.161719
5,30,<digit>,1,0.005082
5,30,<digit>,2,0.188088
5,30,<digit>,3,0.098212
5,30,<digit>,4,0.079232
5,30,<digit>,5,0.030612
5,30,<digit>,6,0.133254
5,30,<digit>,7,0.000000
5,30,<digit>,8,0.065522
5,30,<digit>,9,0.238279
5,30,<digits>,0,0.546980
5,30,<digits>,1,0.453020
5,30,<elements>,0,0.344998
5,30,<elements>,1,0.655002
5,30,<escape>,0,0.395251
5,30,<escape>,1,0.246443
5,30,<escape>,2,0.309643
5,30,<escape>,3,0.003401
5,30,<escape>,4,0.045263
5,30,<int>,0,0.371521
5,30,<int>,1,0.268785
5,30,<int>,2,0.359694
5,30,<members>,0,0.016618
5,30,<members>,1,0.983382
5,30,<number>,0,0.312720
5,30,<number>,1,0.355651
5,30,<number>,2,0.331630
5,30,<object>,0,0.233996
5,30,<object>,1,0.766004
5,30,<pair>,0,1.000000
5,30,<start>,0,1.000000
5,30,<string>,0,1.000000
5,30,<value>,0,0.316187
5,30,<value>,1,0.305405
5,30,<value>,2,0.010183
5,30,<value>,3,0.213745
5,30,<value>,4,0.055532
5,30,<value>,5,0.034148
5,30,<value>,6,0.064799
5,35,<array>,0,0.101798
5,35,<array>,1,0.898202
5,35,<char>,0,0.239294
5,35,<char>,1,0.149634
5,35,<char>,2,0.293958
5,35,<char>,3,0.035989
5,35,<char>,4,0.281125
5,35,<chars>,0,0.082627
5,35,<chars>,1,0.917373
5,35,<digit>,0,0.326077
5,35,<digit>,1,0.028606
5,35,<digit>,2,0.187523
5,35,<digit>,3,0.085734
5,35,<digit>,4,0.038266
5,35,<digit>,5,0.049421
5,35,<digit>,6,0.084701
5,35,<digit>,7,0.000000
5,35,<digit>,8,0.023352
5,35,<digit>,9,0.176320
5,35,<digits>,0,0.503666
5,35,<digits>,1,0.496334
5,35,<elements>,0,0.342884
5,35,<elements>,1,0.657116
5,35,<escape>,0,0.341481
5,35,<escape>,1,0.318286
5,35,<escape>,2,0.294029
5,35,<escape>,3,0.001603
5,35,<escape>,4,0.044600
5,35,<int>,0,0.430071
5,35,<int>,1,0.115716
5,35,<int>,2,0.454214
5,35,<members>,0,0.000000
5,35,<members>,1,1.000000
5,35,<number>,0,0.258456
5,35,<number>,1,0.355424
5,35,<number>,2,0.386119
5,35,<object>,0,0.199557
5,35,<object>,1,0.800443
5,35,<pair>,0,1.000000
5,35,<start>,0,1.000000
5,35,<string>,0,1.000000
5,35,<value>,0,0.281615
5,35,<value>,1,0.365746
5,35,<value>,2,0.026232
5,35,<value>,3,0.206049
5,35,<value>,4,0.032703
5,35,<value>,5,0.024622
5,35,<value>,6,0.063033
5,40,<array>,0,0.100957
5,40,<array>,1,0.899043
5,40,<char>,0,0.245394
5,40,<char>,1,0.190459
5,40,<char>,2,0.298009
5,40,<char>,3,0.038251
5,40,<char>,4,0.227886
5,40,<chars>,0,0.078478
5,40,<chars>,1,0.921522
5,40,<digit>,0,0.304325
5,40,<digit>,1,0.007182
5,40,<digit>,2,0.202286
5,40,<digit>,3,0.016789
5,40,<digit>,4,0.040329
5,40,<digit>,5,0.050927
5,40,<digit>,6,0.094248
5,40,<digit>,7,0.000000
5,40,<digit>,8,0.051208
5,40,<digit>,9,0.232705
5,40,<digits>,0,0.477653
5,40,<digits>,1,0.522347
5,40,<elements>,0,0.344366
5,40,<elements>,1,0.655634
5,40,<escape>,0,0.315945
5,40,<escape>,1,0.314894
5,40,<escape>,2,0.319178
5,40,<escape>,3,0.002391
5,40,<escape>,4,0.047593
5,40,<int>,0,0.487789
5,40,<int>,1,0.127963
5,40,<int>,2,0.384249
5,40,<members>,0,0.002011
5,40,<members>,1,0.997989
5,40,<number>,0,0.223543
5,40,<number>,1,0.390534
5,40,<number>,2,0.385923
5,40,<object>,0,0.249168
5,40,<object>,1,0.750832
5,40,<pair>,0,1.000000
5,40,<start>,0,1.000000
5,40,<string>,0,1.000000
5,40,<value>,0,0.284057
5,40,<value>,1,0.364419
5,40,<value>,2,0.020198
5,40,<value>,3,0.207211
5,40,<value>,4,0.032337
5,40,<value>,5,0.028401
5,40,<value>,6,0.063378
5,45,<array>,0,0.056126
5,45,<array>,1,0.943874
5,45,<char>,0,0.225703
5,45,<char>,1,0.129707
5,45,<char>,2,0.294725
5,45,<char>,3,0.050266
5,45,<char>,4,0.299599
5,45,<chars>,0,0.079889
5,45,<chars>,1,0.920111
5,45,<digit>,0,0.364209
5,45,<digit>,1,0.020663
5,45,<digit>,2,0.175423
5,45,<digit>,3,0.176620
5,45,<digit>,4,0.087366
5,45,<digit>,5,0.044221
5,45,<digit>,6,0.075756
5,45,<digit>,7,0.016866
5,45,<digit>,8,0.038877
5,45,<digit>,9,0.000000
5,45,<digits>,0,0.454944
5,45,<digits>,1,0.545056
5,45,<elements>,0,0.299486
5,45,<elements>,1,0.700514
5,45,<escape>,0,0.357478
5,45,<escape>,1,0.303167
5,45,<escape>,2,0.300597
5,45,<escape>,3,0.004239
5,45,<escape>,4,0.034518
5,45,<int>,0,0.458282
5,45,<int>,1,0.173074
5,45,<int>,2,0.368644
5,45,<members>,0,0.015793
5,45,<members>,1,0.984207
5,45,<number>,0,0.257694
5,45,<number>,1,0.356984
5,45,<number>,2,0.385322
5,45,<object>,0,0.209415
5,45,<object>,1,0.790585
5,45,<pair>,0,1.000000
5,45,<start>,0,1.000000
5,45,<string>,0,1.000000
5,45,<value>,0,0.284032
5,45,<value>,1,0.402353
5,45,<value>,2,0.015740
5,45,<value>,3,0.190217
5,45,<value>,4,0.029863
5,45,<value>,5,0.023764
5,45,<value>,6,0.054030
5,50,<array>,0,0.072780
5,50,<array>,1,0.927220
5,50,<char>,0,0.191624
5,50,<char>,1,0.145185
5,50,<char>,2,0.331132
5,50,<char>,3,0.032192
5,50,<char>,4,0.299867
5,50,<chars>,0,0.086314
5,50,<chars>,1,0.913686
5,50,<digit>,0,0.303248
5,50,<digit>,1,0.013900
5,50,<digit>,2,0.078757
5,50,<digit>,3,0.102224
5,50,<digit>,4,0.082617
5,50,<digit>,5,0.000000
5,50,<digit>,6,0.093644
5,50,<digit>,7,0.034264
5,50,<digit>,8,0.041873
5,50,<digit>,9,0.249473
5,50,<digits>,0,0.452211
5,50,<digits>,1,0.547789
5,50,<elements>,0,0.291765
5,50,<elements>,1,0.708235
5,50,<escape>,0,0.350873
5,50,<escape>,1,0.331644
5,50,<escape>,2,0.282198
5,50,<escape>,3,0.000100
5,50,<escape>,4,0.035185
5,50,<int>,0,0.456626
5,50,<int>,1,0.150703
5,50,<int>,2,0.392671
5,50,<members>,0,0.021145
5,50,<members>,1,0.978855
5,50,<number>,0,0.304495
5,50,<number>,1,0.351604
5,50,<number>,2,0.343901
5,50,<object>,0,0.051508
5,50,<object>,1,0.948492
5,50,<pair>,0,1.000000
5,50,<start>,0,1.000000
5,50,<string>,0,1.000000
5,50,<value>,0,0.280124
5,50,<value>,1,0.350642
5,50,<value>,2,0.008622
5,50,<value>,3,0.212501
5,50,<value>,4,0.042005
5,50,<value>,5,0.029799
5,50,<value>,6,0.076307
5,55,<array>,0,0.056754
5,55,<array>,1,0.943246
5,55,<char>,0,0.208473
5,55,<char>,1,0.150156
5,55,<char>,2,0.282512
5,55,<char>,3,0.061396
5,55,<char>,4,0.297463
5,55,<chars>,0,0.076274
5,55,<chars>,1,0.923726
5,55,<digit>,0,0.338868
5,55,<digit>,1,0.014526
5,55,<digit>,2,0.137659
5,55,<digit>,3,0.107617
5,55,<digit>,4,0.041889
5,55,<digit>,5,0.050347
5,55,<digit>,6,0.092819
5,55,<digit>,7,0.000000
5,55,<digit>,8,0.040030
5,55,<digit>,9,0.176244
5,55,<digits>,0,0.433528
5,55,<digits>,1,0.566472
5,55,<elements>,0,0.312971
5,55,<elements>,1,0.687029
5,55,<escape>,0,0.341716
5,55,<escape>,1,0.346767
5,55,<escape>,2,0.282633
5,55,<escape>,3,0.000000
5,55,<escape>,4,0.028884
5,55,<int>,0,0.411040
5,55,<int>,1,0.165126
5,55,<int>,2,0.423834
5,55,<members>,0,0.009209
5,55,<members>,1,0.990791
5,55,<number>,0,0.300202
5,55,<number>,1,0.319592
5,55,<number>,2,0.380207
5,55,<object>,0,0.107281
5,55,<object>,1,0.892719
5,55,<pair>,0,1.000000
5,55,<start>,0,1.000000
5,55,<string>,0,1.000000
5,55,<value>,0,0.290768
5,55,<value>,1,0.343807
5,55,<value>,2,0.026322
5,55,<value>,3,0.212974
5,55,<value>,4,0.030904
5,55,<value>,5,0.025666
5,55,<value>,6,0.069559
5,59,<array>,0,0.041945
5,59,<array>,1,0.958055
5,59,<char>,0,0.233852
5,59,<char>,1,0.086001
5,59,<char>,2,0.336174
5,59,<char>,3,0.035844
5,59,<char>,4,0.308130
5,59,<chars>,0,0.081021
5,59,<chars>,1,0.918979
5,59,<digit>,0,0.354005
5,59,<digit>,1,0.000000
5,59,<digit>,2,0.147270
5,59,<digit>,3,0.056295
5,59,<digit>,4,0.067209
5,59,<digit>,5,0.018697
5,59,<digit>,6,0.088003
5,59,<digit>,7,0.035783
5,59,<digit>,8,0.042455
5,59,<digit>,9,0.190282
5,59,<digits>,0,0.440428
5,59,<digits>,1,0.559572
5,59,<elements>,0,0.314446
5,59,<elements>,1,0.685554
5,59,<escape>,0,0.344570
5,59,<escape>,1,0.344560
5,59,<escape>,2,0.276085
5,59,<escape>,3,0.000526
5,59,<escape>,4,0.034259
5,59,<int>,0,0.411938
5,59,<int>,1,0.115840
5,59,<int>,2,0.472222
5,59,<members>,0,0.015555
5,59,<members>,1,0.984445
5,59,<number>,0,0.279379
5,59,<number>,1,0.332927
5,59,<number>,2,0.387694
5,59,<object>,0,0.108128
5,59,<object>,1,0.891872
5,59,<pair>,0,1.000000
5,59,<start>,0,1.000000
5,59,<string>,0,1.000000
5,59,<value>,0,0.293025
5,59,<value>,1,0.345958
5,59,<value>,2,0.016990
5,59,<value>,3,0.201176
5,59,<value>,4,0.045286
5,59,<value>,5,0.036135
5,59,<value>,6,0.061430
6,0,<array>,0,0.417347
6,0,<array>,1,0.582653
6,0,<char>,0,0.253550
6,0,<char>,1,0.227002
6,0,<char>,2,0.144713
6,0,<char>,3,0.279525
6,0,<char>,4,0.095211
6,0,<chars>,0,0.505449
6,0,<chars>,1,0.494551
6,0,<digit>,0,0.080887
6,0,<digit>,1,0.164952
6,0,<digit>,2,0.086721
6,0,<digit>,3,0.124630
6,0,<digit>,4,0.104317
6,0,<digit>,5,0.061740
6,0,<digit>,6,0.039011
6,0,<digit>,7,0.120907
6,0,<digit>,8,0.131388
6,0,<digit>,9,0.085448
6,0,<digits>,0,0.363520
6,0,<digits>,1,0.636480
6,0,<elements>,0,0.428436
6,0,<elements>,1,0.571564
6,0,<escape>,0,0.146208
6,0,<escape>,1,0.210821
6,0,<escape>,2,0.220337
6,0,<escape>,3,0.248593
6,0,<escape>,4,0.174042
6,0,<int>,0,0.361569
6,0,<int>,1,0.367385
6,0,<int>,2,0.271047
6,0,<members>,0,0.415518
6,0,<members>,1,0.584482
6,0,<number>,0,0.458559
6,0,<number>,1,0.423565
6,0,<number>,2,0.117876
6,0,<object>,0,0.258780
6,0,<object>,1,0.741220
6,0,<pair>,0,1.000000
6,0,<start>,0,1.000000
6,0,<string>,0,1.000000
6,0,<value>,0,0.158999
6,0,<value>,1,0.235038
6,0,<value>,2,0.061595
6,0,<value>,3,0.173476
6,0,<value>,4,0.065472
6,0,<value>,5,0.199440
6,0,<value>,6,0.105980
6,5,<array>,0,0.336889
6,5,<array>,1,0.663111
6,5,<char>,0,0.271175
6,5,<char>,1,0.178414
6,5,<char>,2,0.183647
6,5,<char>,3,0.137488
6,5,<char>,4,0.229277
6,5,<chars>,0,0.472884
6,5,<chars>,1,0.527116
6,5,<digit>,0,0.164960
6,5,<digit>,1,0.123844
6,5,<digit>,2,0.123838
6,5,<digit>,3,0.096532
6,5,<digit>,4,0.091872
6,5,<digit>,5,0.059207
6,5,<digit>,6,0.088097
6,5,<digit>,7,0.119474
6,5,<digit>,8,0.067597
6,5,<digit>,9,0.064579
6,5,<digits>,0,0.572311
6,5,<digits>,1,0.427689
6,5,<elements>,0,0.318057
6,5,<elements>,1,0.681943
6,5,<escape>,0,0.232974
6,5,<escape>,1,0.207400
6,5,<escape>,2,0.193005
6,5,<escape>,3,0.135197
6,5,<escape>,4,0.231424
6,5,<int>,0,0.451715
6,5,<int>,1,0.275833
6,5,<int>,2,0.272452
6,5,<members>,0,0.000000
6,5,<members>,1,1.000000
6,5,<number>,0,0.344704
6,5,<number>,1,0.342566
6,5,<number>,2,0.312730
6,5,<object>,0,0.489778
6,5,<object>,1,0.510222
6,5,<pair>,0,1.000000
6,5,<start>,0,1.000000
6,5,<string>,0,1.000000
6,5,<value>,0,0.308097
6,5,<value>,1,0.136063
6,5,<value>,2,0.140203
6,5,<value>,3,0.020581
6,5,<value>,4,0.151408
6,5,<value>,5,0.158351
6,5,<value>,6,0.085296
6,10,<array>,0,0.361285
6,10,<array>,1,0.638715
6,10,<char>,0,0.163858
6,10,<char>,1,0.236183
6,10,<char>,2,0.192963
6,10,<char>,3,0.172158
6,10,<char>,4,0.234838
6,10,<chars>,0,0.514891
6,10,<chars>,1,0.485109
6,10,<digit>,0,0.108699
6,10,<digit>,1,0.085562
6,10,<digit>,2,0.097170
6,10,<digit>,3,0.049519
6,10,<digit>,4,0.143976
6,10,<digit>,5,0.100618
6,10,<digit>,6,0.091712
6,10,<digit>,7,0.128698
6,10,<digit>,8,0.093978
6,10,<digit>,9,0.100068
6,10,<digits>,0,0.457781
6,10,<digits>,1,0.542219
6,10,<elements>,0,0.000000
6,10,<elements>,1,1.000000
6,10,<escape>,0,0.148153
6,10,<escape>,1,0.194724
6,10,<escape>,2,0.197596
6,10,<escape>,3,0.196437
6,10,<escape>,4,0.263089
6,10,<int>,0,0.359419
6,10,<int>,1,0.324670
6,10,<int>,2,0.315911
6,10,<members>,0,0.001375
6,10,<members>,1,0.998625
6,10,<number>,0,0.344656
6,10,<number>,1,0.361511
6,10,<number>,2,0.293833
6,10,<object>,0,0.357220
6,10,<object>,1,0.642780
6,10,<pair>,0,1.000000
6,10,<start>,0,1.000000
6,10,<string>,0,1.000000
6,10,<value>,0,0.286143
6,10,<value>,1,0.260481
6,10,<value>,2,0.086293
6,10,<value>,3,0.152423
6,10,<value>,4,0.089220
6,10,<value>,5,0.018778
6,10,<value>,6,0.106662
6,15,<array>,0,0.355882
6,15,<array>,1,0.644118
6,15,<char>,0,0.130565
6,15,<char>,1,0.106215
6,15,<char>,2,0.291055
6,15,<char>,3,0.218395
6,15,<char>,4,0.253770
6,15,<chars>,0,0.420586
6,15,<chars>,1,0.579414
6,15,<digit>,0,0.119473
6,15,<digit>,1,0.100370
6,15,<digit>,2,0.119914
6,15,<digit>,3,0.123165
6,15,<digit>,4,0.120928
6,15,<digit>,5,0.068725
6,15,<digit>,6,0.068408
6,15,<digit>,7,0.121944
6,15,<digit>,8,0.048080
6,15,<digit>,9,0.108994
6,15,<digits>,0,0.522642
6,15,<digits>,1,0.477358
6,15,<elements>,0,0.000000
6,15,<elements>,1,1.000000
6,15,<escape>,0,0.081040
6,15,<escape>,1,0.230509
6,15,<escape>,2,0.431402
6,15,<escape>,3,0.101377
6,15,<escape>,4,0.155672
6,15,<int>,0,0.354352
6,15,<int>,1,0.334425
6,15,<int>,2,0.311223
6,15,<members>,0,0.031054
6,15,<members>,1,0.968946
6,15,<number>,0,0.413945
6,15,<number>,1,0.346154
6,15,<number>,2,0.239901
6,15,<object>,0,0.323576
6,15,<object>,1,0.676424
6,15,<pair>,0,1.000000
6,15,<start>,0,1.000000
6,15,<string>,0,1.000000
6,15,<value>,0,0.286804
6,15,<value>,1,0.289758
6,15,<value>,2,0.000000
6,15,<value>,3,0.185772
6,15,<value>,4,0.108694
6,15,<value>,5,0.064223
6,15,<value>,6,0.064750
6,20,<array>,0,0.307699
6,20,<array>,1,0.692301
6,20,<char>,0,0.191040
6,20,<char>,1,0.105978
6,20,<char>,2,0.237776
6,20,<char>,3,0.228081
6,20,<char>,4,0.237124
6,20,<chars>,0,0.473648
6,20,<chars>,1,0.526352
6,20,<digit>,0,0.139727
6,20,<digit>,1,0.090323
6,20,<digit>,2,0.147331
6,20,<digit>,3,0.059654
6,20,<digit>,4,0.000000
6,20,<digit>,5,0.082994
6,20,<digit>,6,0.070457
6,20,<digit>,7,0.136060
6,20,<digit>,8,0.138047
6,20,<digit>,9,0.135407
6,20,<digits>,0,0.557025
6,20,<digits>,1,0.442975
6,20,<elements>,0,0.021478
6,20,<elements>,1,0.978522
6,20,<escape>,0,0.243492
6,20,<escape>,1,0.191284
6,20,<escape>,2,0.349074
6,20,<escape>,3,0.133578
6,20,<escape>,4,0.082572
6,20,<int>,0,0.315239
6,20,<int>,1,0.344683
6,20,<int>,2,0.340077
6,20,<members>,0,0.000000
6,20,<members>,1,1.000000
6,20,<number>,0,0.363017
6,20,<number>,1,0.374696
6,20,<number>,2,0.262287
6,20,<object>,0,0.343548
6,20,<object>,1,0.656452
6,20,<pair>,0,1.000000
6,20,<start>,0,1.000000
6,20,<string>,0,1.000000
6,20,<value>,0,0.331297
6,20,<value>,1,0.289902
6,20,<value>,2,0.077682
6,20,<value>,3,0.156917
6,20,<value>,4,0.063926
6,20,<value>,5,0.029211
6,20,<value>,6,0.051066
6,25,<array>,0,0.318678
6,25,<array>,1,0.681322
6,25,<char>,0,0.276599
6,25,<char>,1,0.014585
6,25,<char>,2,0.251830
6,25,<char>,3,0.093705
6,25,<char>,4,0.363282
6,25,<chars>,0,0.346311
6,25,<chars>,1,0.653689
6,25,<digit>,0,0.135369
6,25,<digit>,1,0.090595
6,25,<digit>,2,0.208023
6,25,<digit>,3,0.005406
6,25,<digit>,4,0.122688
6,25,<digit>,5,0.125839
6,25,<digit>,6,0.125482
6,25,<digit>,7,0.000603
6,25,<digit>,8,0.115672
6,25,<digit>,9,0.070323
6,25,<digits>,0,0.491765
6,25,<digits>,1,0.508235
6,25,<elements>,0,0.000000
6,25,<elements>,1,1.000000
6,25,<escape>,0,0.456962
6,25,<escape>,1,0.251899
6,25,<escape>,2,0.164683
6,25,<escape>,3,0.040479
6,25,<escape>,4,0.085977
6,25,<int>,0,0.082926
6,25,<int>,1,0.268653
6,25,<int>,2,0.648421
6,25,<members>,0,0.028636
6,25,<members>,1,0.971364
6,25,<number>,0,0.433153
6,25,<number>,1,0.318416
6,25,<number>,2,0.248431
6,25,<object>,0,0.341740
6,25,<object>,1,0.658260
6,25,<pair>,0,1.000000
6,25,<start>,0,1.000000
6,25,<string>,0,1.000000
6,25,<value>,0,0.325515
6,25,<value>,1,0.344784
6,25,<value>,2,0.015573
6,25,<value>,3,0.119972
6,25,<value>,4,0.091752
6,25,<value>,5,0.051116
6,25,<value>,6,0.051288
6,30,<array>,0,0.327821
6,30,<array>,1,0.672179
6,30,<char>,0,0.252484
6,30,<char>,1,0.069860
6,30,<char>,2,0.263358
6,30,<char>,3,0.099162
6,30,<char>,4,0.315135
6,30,<chars>,0,0.369367
6,30,<chars>,1,0.630633
6,30,<digit>,0,0.168638
6,30,<digit>,1,0.071516
6,30,<digit>,2,0.128147
6,30,<digit>,3,0.012631
6,30,<digit>,4,0.050666
6,30,<digit>,5,0.124761
6,30,<digit>,6,0.115873
6,30,<digit>,7,0.135534
6,30,<digit>,8,0.125178
6,30,<digit>,9,0.067056
6,30,<digits>,0,0.466857
6,30,<digits>,1,0.533143
6,30,<elements>,0,0.132932
6,30,<elements>,1,0.867068
6,30,<escape>,0,0.400844
6,30,<escape>,1,0.223510
6,30,<escape>,2,0.268122
6,30,<escape>,3,0.032779
6,30,<escape>,4,0.074746
6,30,<int>,0,0.171356
6,30,<int>,1,0.289076
6,30,<int>,2,0.539568
6,30,<members>,0,0.028158
6,30,<members>,1,0.971842
6,30,<number>,0,0.370047
6,30,<number>,1,0.355556
6,30,<number>,2,0.274397
6,30,<object>,0,0.364213
6,30,<object>,1,0.635787
6,30,<pair>,0,1.000000
6,30,<start>,0,1.000000
6,30,<string>,0,1.000000
6,30,<value>,0,0.384930
6,30,<value>,1,0.284694
6,30,<value>,2,0.012849
6,30,<value>,3,0.140953
6,30,<value>,4,0.073175
6,30,<value>,5,0.041086
6,30,<value>,6,0.062313
6,35,<array>,0,0.351459
6,35,<array>,1,0.648541
6,35,<char>,0,0.279362
6,35,<char>,1,0.062622
6,35,<char>,2,0.209368
6,35,<char>,3,0.155625
6,35,<char>,4,0.293023
6,35,<chars>,0,0.298954
6,35,<chars>,1,0.701046
6,35,<digit>,0,0.248304
6,35,<digit>,1,0.076255
6,35,<digit>,2,0.158848
6,35,<digit>,3,0.000000
6,35,<digit>,4,0.094441
6,35,<digit>,5,0.089315
6,35,<digit>,6,0.156183
6,35,<digit>,7,0.042296
6,35,<digit>,8,0.077586
6,35,<digit>,9,0.056772
6,35,<digits>,0,0.421220
6,35,<digits>,1,0.578780
6,35,<elements>,0,0.100841
6,35,<elements>,1,0.899159
6,35,<escape>,0,0.368565
6,35,<escape>,1,0.244332
6,35,<escape>,2,0.301339
6,35,<escape>,3,0.033573
6,35,<escape>,4,0.052190
6,35,<int>,0,0.177952
6,35,<int>,1,0.373734
6,35,<int>,2,0.448314
6,35,<members>,0,0.026771
6,35,<members>,1,0.973229
6,35,<number>,0,0.306161
6,35,<number>,1,0.344433
6,35,<number>,2,0.349406
6,35,<object>,0,0.359363
6,35,<object>,1,0.640637
6,35,<pair>,0,1.000000
6,35,<start>,0,1.000000
6,35,<string>,0,1.000000
6,35,<value>,0,0.312845
6,35,<value>,1,0.311336
6,35,<value>,2,0.053043
6,35,<value>,3,0.172266
6,35,<value>,4,0.052946
6,35,<value>,5,0.018275
6,35,<value>,6,0.079289
6,40,<array>,0,0.367910
6,40,<array>,1,0.632090
6,40,<char>,0,0.260497
6,40,<char>,1,0.094887
6,40,<char>,2,0.150322
6,40,<char>,3,0.203732
6,40,<char>,4,0.290562
6,40,<chars>,0,0.327436
6,40,<chars>,1,0.672564
6,40,<digit>,0,0.258766
6,40,<digit>,1,0.015968
6,40,<digit>,2,0.082218
6,40,<digit>,3,0.000521
6,40,<digit>,4,0.116069
6,40,<digit>,5,0.104498
6,40,<digit>,6,0.125895
6,40,<digit>,7,0.041595
6,40,<digit>,8,0.115341
6,40,<digit>,9,0.139129
6,40,<digits>,0,0.478400
6,40,<digits>,1,0.521600
6,40,<elements>,0,0.063902
6,40,<elements>,1,0.936098
6,40,<escape>,0,0.358631
6,40,<escape>,1,0.208675
6,40,<escape>,2,0.357696
6,40,<escape>,3,0.028890
6,40,<escape>,4,0.046108
6,40,<int>,0,0.063325
6,40,<int>,1,0.294012
6,40,<int>,2,0.642663
6,40,<members>,0,0.024737
6,40,<members>,1,0.975263
6,40,<number>,0,0.375660
6,40,<number>,1,0.324273
6,40,<number>,2,0.300068
6,40,<object>,0,0.289715
6,40,<object>,1,0.710285
6,40,<pair>,0,1.000000
6,40,<start>,0,1.000000
6,40,<string>,0,1.000000
6,40,<value>,0,0.367142
6,40,<value>,1,0.285722
6,40,<value>,2,0.017761
6,40,<value>,3,0.187587
6,40,<value>,4,0.032130
6,40,<value>,5,0.029834
6,40,<value>,6,0.079823
6,45,<array>,0,0.337964
6,45,<array>,1,0.662036
6,45,<char>,0,0.172168
6,45,<char>,1,0.054708
6,45,<char>,2,0.262726
6,45,<char>,3,0.149336
6,45,<char>,4,0.361062
6,45,<chars>,0,0.252814
6,45,<chars>,1,0.747186
6,45,<digit>,0,0.271393
6,45,<digit>,1,0.011271
6,45,<digit>,2,0.101452
6,45,<digit>,3,0.000000
6,45,<digit>,4,0.089807
6,45,<digit>,5,0.203545
6,45,<digit>,6,0.014608
6,45,<digit>,7,0.007323
6,45,<digit>,8,0.136165
6,45,<digit>,9,0.164435
6,45,<digits>,0,0.478055
6,45,<digits>,1,0.521945
6,45,<elements>,0,0.053828
6,45,<elements>,1,0.946172
6,45,<escape>,0,0.333638
6,45,<escape>,1,0.204108
6,45,<escape>,2,0.404996
6,45,<escape>,3,0.013000
6,45,<escape>,4,0.044258
6,45,<int>,0,0.030475
6,45,<int>,1,0.285314
6,45,<int>,2,0.684211
6,45,<members>,0,0.028957
6,45,<members>,1,0.971043
6,45,<number>,0,0.370793
6,45,<number>,1,0.364171
6,45,<number>,2,0.265036
6,45,<object>,0,0.322422
6,45,<object>,1,0.677578
6,45,<pair>,0,1.000000
6,45,<start>,0,1.000000
6,45,<string>,0,1.000000
6,45,<value>,0,0.420837
6,45,<value>,1,0.275059
6,45,<value>,2,0.005935
6,45,<value>,3,0.166562
6,45,<value>,4,0.044835
6,45,<value>,5,0.034927
6,45,<value>,6,0.051845
6,50,<array>,0,0.336703
6,50,<array>,1,0.663297
6,50,<char>,0,0.176160
6,50,<char>,1,0.051804
6,50,<char>,2,0.201896
6,50,<char>,3,0.230952
6,50,<char>,4,0.339187
6,50,<chars>,0,0.270976
6,50,<chars>,1,0.729024
6,50,<digit>,0,0.288809
6,50,<digit>,1,0.000561
6,50,<digit>,2,0.081061
6,50,<digit>,3,0.000000
6,50,<digit>,4,0.123803
6,50,<digit>,5,0.075008
6,50,<digit>,6,0.121502
6,50,<digit>,7,0.064599
6,50,<digit>,8,0.137153
6,50,<digit>,9,0.107503
6,50,<digits>,0,0.457902
6,50,<digits>,1,0.542098
6,50,<elements>,0,0.075658
6,50,<elements>,1,0.924342
6,50,<escape>,0,0.390729
6,50,<escape>,1,0.221793
6,50,<escape>,2,0.344091
6,50,<escape>,3,0.014038
6,50,<escape>,4,0.029350
6,50,<int>,0,0.040518
6,50,<int>,1,0.302982
6,50,<int>,2,0.656500
6,50,<members>,0,0.017024
6,50,<members>,1,0.982976
6,50,<number>,0,0.374381
6,50,<number>,1,0.355562
6,50,<number>,2,0.270057
6,50,<object>,0,0.280519
6,50,<object>,1,0.719481
6,50,<pair>,0,1.000000
6,50,<start>,0,1.000000
6,50,<string>,0,1.000000
6,50,<value>,0,0.352423
6,50,<value>,1,0.397507
6,50,<value>,2,0.017350
6,50,<value>,3,0.145374
6,50,<value>,4,0.044802
6,50,<value>,5,0.009893
6,50,<value>,6,0.032652
6,55,<array>,0,0.325652
6,55,<array>,1,0.674348
6,55,<char>,0,0.261892
6,55,<char>,1,0.000190
6,55,<char>,2,0.153036
6,55,<char>,3,0.181408
6,55,<char>,4,0.403474
6,55,<chars>,0,0.281458
6,55,<chars>,1,0.718542
6,55,<digit>,0,0.310062
6,55,<digit>,1,0.011691
6,55,<digit>,2,0.094241
6,55,<digit>,3,0.131916
6,55,<digit>,4,0.050345
6,55,<digit>,5,0.062411
6,55,<digit>,6,0.045583
6,55,<digit>,7,0.000000
6,55,<digit>,8,0.132254
6,55,<digit>,9,0.161496
6,55,<digits>,0,0.451261
6,55,<digits>,1,0.548739
6,55,<elements>,0,0.056127
6,55,<elements>,1,0.943873
6,55,<escape>,0,0.378951
6,55,<escape>,1,0.259472
6,55,<escape>,2,0.320278
6,55,<escape>,3,0.000000
6,55,<escape>,4,0.041299
6,55,<int>,0,0.062549
6,55,<int>,1,0.287617
6,55,<int>,2,0.649834
6,55,<members>,0,0.027507
6,55,<members>,1,0.972493
6,55,<number>,0,0.394639
6,55,<number>,1,0.337736
6,55,<number>,2,0.267625
6,55,<object>,0,0.289315
6,55,<object>,1,0.710685
6,55,<pair>,0,1.000000
6,55,<start>,0,1.000000
6,55,<string>,0,1.000000
6,55,<value>,0,0.343577
6,55,<value>,1,0.316430
6,55,<value>,2,0.051975
6,55,<value>,3,0.187899
6,55,<value>,4,0.047094
6,55,<value>,5,0.026551
6,55,<value>,6,0.026474
6,59,<array>,0,0.260292
6,59,<array>,1,0.739708
6,59,<char>,0,0.179149
6,59,<char>,1,0.027641
6,59,<char>,2,0.133282
6,59,<char>,3,0.045450
6,59,<char>,4,0.614478
6,59,<chars>,0,0.285776
6,59,<chars>,1,0.714224
6,59,<digit>,0,0.280100
6,59,<digit>,1,0.015496
6,59,<digit>,2,0.101444
6,59,<digit>,3,0.009789
6,59,<digit>,4,0.048895
6,59,<digit>,5,0.108628
6,59,<digit>,6,0.077527
6,59,<digit>,7,0.036682
6,59,<digit>,8,0.151064
6,59,<digit>,9,0.170373
6,59,<digits>,0,0.465649
6,59,<digits>,1,0.534351
6,59,<elements>,0,0.069527
6,59,<elements>,1,0.930473
6,59,<escape>,0,0.389403
6,59,<escape>,1,0.254950
6,59,<escape>,2,0.320787
6,59,<escape>,3,0.002887
6,59,<escape>,4,0.031973
6,59,<int>,0,0.019005
6,59,<int>,1,0.287934
6,59,<int>,2,0.693062
6,59,<members>,0,0.016555
6,59,<members>,1,0.983445
6,59,<number>,0,0.403364
6,59,<number>,1,0.325497
6,59,<number>,2,0.271139
6,59,<object>,0,0.253958
6,59,<object>,1,0.746042
6,59,<pair>,0,1.000000
6,59,<start>,0,1.000000
6,59,<string>,0,1.000000
6,59,<value>,0,0.350400
6,59,<value>,1,0.333237
6,59,<value>,2,0.045996
6,59,<value>,3,0.175403
6,59,<value>,4,0.043072
6,59,<value>,5,0.025256
6,59,<value>,6,0.026636
7,0,<array>,0,0.483145
7,0,<array>,1,0.516855
7,0,<char>,0,0.289288
7,0,<char>,1,0.142117
7,0,<char>,2,0.322785
7,0,<char>,3,0.124080
7,0,<char>,4,0.121731
7,0,<chars>,0,0.360288
7,0,<chars>,1,0.639712
7,0,<digit>,0,0.093424
7,0,<digit>,1,0.119705
7,0,<digit>,2,0.060838
7,0,<digit>,3,0.073083
7,0,<digit>,4,0.170234
7,0,<digit>,5,0.048782
7,0,<digit>,6,0.114773
7,0,<digit>,7,0.149347
7,0,<digit>,8,0.134469
7,0,<digit>,9,0.035344
7,0,<digits>,0,0.242296
7,0,<digits>,1,0.757704
7,0,<elements>,0,0.474186
7,0,<elements>,1,0.525814
7,0,<escape>,0,0.214415
7,0,<escape>,1,0.125501
7,0,<escape>,2,0.248223
7,0,<escape>,3,0.250309
7,0,<escape>,4,0.161552
7,0,<int>,0,0.403398
7,0,<int>,1,0.177800
7,0,<int>,2,0.418803
7,0,<members>,0,0.528632
7,0,<members>,1,0.471368
7,0,<number>,0,0.219259
7,0,<number>,1,0.572507
7,0,<number>,2,0.208234
7,0,<object>,0,0.223546
7,0,<object>,1,0.776454
7,0,<pair>,0,1.000000
7,0,<start>,0,1.000000
7,0,<string>,0,1.000000
7,0,<value>,0,0.109282
7,0,<value>,1,0.119655
7,0,<value>,2,0.206387
7,0,<value>,3,0.113438
7,0,<value>,4,0.122230
7,0,<value>,5,0.119354
7,0,<value>,6,0.209654
7,5,<array>,0,0.411991
7,5,<array>,1,0.588009
7,5,<char>,0,0.231506
7,5,<char>,1,0.184448
7,5,<char>,2,0.193524
7,5,<char>,3,0.213117
7,5,<char>,4,0.177404
7,5,<chars>,0,0.435017
7,5,<chars>,1,0.564983
7,5,<digit>,0,0.101706
7,5,<digit>,1,0.083389
7,5,<digit>,2,0.104892
7,5,<digit>,3,0.060361
7,5,<digit>,4,0.140112
7,5,<digit>,5,0.088839
7,5,<digit>,6,0.102057
7,5,<digit>,7,0.073266
7,5,<digit>,8,0.165740
7,5,<digit>,9,0.079638
7,5,<digits>,0,0.318732
7,5,<digits>,1,0.681268
7,5,<elements>,0,0.029185
7,5,<elements>,1,0.970815
7,5,<escape>,0,0.185943
7,5,<escape>,1,0.092569
7,5,<escape>,2,0.260610
7,5,<escape>,3,0.261719
7,5,<escape>,4,0.199158
7,5,<int>,0,0.351105
7,5,<int>,1,0.075273
7,5,<int>,2,0.573622
7,5,<members>,0,0.458478
7,5,<members>,1,0.541522
7,5,<number>,0,0.214249
7,5,<number>,1,0.567429
7,5,<number>,2,0.218322
7,5,<object>,0,0.192837
7,5,<object>,1,0.807163
7,5,<pair>,0,1.000000
7,5,<start>,0,1.000000
7,5,<string>,0,1.000000
7,5,<value>,0,0.143935
7,5,<value>,1,0.176394
7,5,<value>,2,0.153047
7,5,<value>,3,0.148361
7,5,<value>,4,0.108933
7,5,<value>,5,0.145614
7,5,<value>,6,0.123716
7,10,<array>,0,0.401153
7,10,<array>,1,0.598847
7,10,<char>,0,0.248813
7,10,<char>,1,0.239477
7,10,<char>,2,0.244850
7,10,<char>,3,0.155043
7,10,<char>,4,0.111817
7,10,<chars>,0,0.383136
7,10,<chars>,1,0.616864
7,10,<digit>,0,0.143120
7,10,<digit>,1,0.089910
7,10,<digit>,2,0.093948
7,10,<digit>,3,0.078867
7,10,<digit>,4,0.150911
7,10,<digit>,5,0.047467
7,10,<digit>,6,0.073835
7,10,<digit>,7,0.156235
7,10,<digit>,8,0.118651
7,10,<digit>,9,0.047056
7,10,<digits>,0,0.338266
7,10,<digits>,1,0.661734
7,10,<elements>,0,0.110995
7,10,<elements>,1,0.889005
7,10,<escape>,0,0.118127
7,10,<escape>,1,0.160404
7,10,<escape>,2,0.239211
7,10,<escape>,3,0.315799
7,10,<escape>,4,0.166458
7,10,<int>,0,0.331072
7,10,<int>,1,0.209876
7,10,<int>,2,0.459051
7,10,<members>,0,0.117509
7,10,<members>,1,0.882491
7,10,<number>,0,0.300615
7,10,<number>,1,0.582931
7,10,<number>,2,0.116454
7,10,<object>,0,0.225439
7,10,<object>,1,0.774561
7,10,<pair>,0,1.000000
7,10,<start>,0,1.000000
7,10,<string>,0,1.000000
7,10,<value>,0,0.473127
7,10,<value>,1,0.076613
7,10,<value>,2,0.114203
7,10,<value>,3,0.058011
7,10,<value>,4,0.070268
7,10,<value>,5,0.141447
7,10,<value>,6,0.066331
7,15,<array>,0,0.360066
7,15,<array>,1,0.639934
7,15,<char>,0,0.219532
7,15,<char>,1,0.225603
7,15,<char>,2,0.288254
7,15,<char>,3,0.169433
7,15,<char>,4,0.097178
7,15,<chars>,0,0.425906
7,15,<chars>,1,0.574094
7,15,<digit>,0,0.222142
7,15,<digit>,1,0.091115
7,15,<digit>,2,0.079411
7,15,<digit>,3,0.075882
7,15,<digit>,4,0.153452
7,15,<digit>,5,0.061784
7,15,<digit>,6,0.035309
7,15,<digit>,7,0.089368
7,15,<digit>,8,0.191537
7,15,<digit>,9,0.000000
7,15,<digits>,0,0.171643
7,15,<digits>,1,0.828357
7,15,<elements>,0,0.055254
7,15,<elements>,1,0.944746
7,15,<escape>,0,0.273063
7,15,<escape>,1,0.270898
7,15,<escape>,2,0.159802
7,15,<escape>,3,0.258461
7,15,<escape>,4,0.037777
7,15,<int>,0,0.361122
7,15,<int>,1,0.231430
7,15,<int>,2,0.407448
7,15,<members>,0,0.255867
7,15,<members>,1,0.744133
7,15,<number>,0,0.268818
7,15,<number>,1,0.490650
7,15,<number>,2,0.240532
7,15,<object>,0,0.184230
7,15,<object>,1,0.815770
7,15,<pair>,0,1.000000
7,15,<start>,0,1.000000
7,15,<string>,0,1.000000
7,15,<value>,0,0.302744
7,15,<value>,1,0.300290
7,15,<value>,2,0.125918
7,15,<value>,3,0.084950
7,15,<value>,4,0.013272
7,15,<value>,5,0.107679
7,15,<value>,6,0.065147
7,20,<array>,0,0.369335
7,20,<array>,1,0.630665
7,20,<char>,0,0.132430
7,20,<char>,1,0.311307
7,20,<char>,2,0.252199
7,20,<char>,3,0.135355
7,20,<char>,4,0.168708
7,20,<chars>,0,0.428703
7,20,<chars>,1,0.571297
7,20,<digit>,0,0.170378
7,20,<digit>,1,0.044377
7,20,<digit>,2,0.060202
7,20,<digit>,3,0.082602
7,20,<digit>,4,0.124623
7,20,<digit>,5,0.120503
7,20,<digit>,6,0.081666
7,20,<digit>,7,0.114779
7,20,<digit>,8,0.133887
7,20,<digit>,9,0.066984
7,20,<digits>,0,0.187093
7,20,<digits>,1,0.812907
7,20,<elements>,0,0.000655
7,20,<elements>,1,0.999345
7,20,<escape>,0,0.242207
7,20,<escape>,1,0.309639
7,20,<escape>,2,0.297479
7,20,<escape>,3,0.097292
7,20,<escape>,4,0.053384
7,20,<int>,0,0.000000
7,20,<int>,1,0.324820
7,20,<int>,2,0.675180
7,20,<members>,0,0.146967
7,20,<members>,1,0.853033
7,20,<number>,0,0.250866
7,20,<number>,1,0.516634
7,20,<number>,2,0.232500
7,20,<object>,0,0.222260
7,20,<object>,1,0.777740
7,20,<pair>,0,1.000000
7,20,<start>,0,1.000000
7,20,<string>,0,1.000000
7,20,<value>,0,0.338798
7,20,<value>,1,0.317279
7,20,<value>,2,0.046466
7,20,<value>,3,0.146851
7,20,<value>,4,0.031792
7,20,<value>,5,0.092429
7,20,<value>,6,0.026384
7,25,<array>,0,0.219081
7,25,<array>,1,0.780919
7,25,<char>,0,0.066944
7,25,<char>,1,0.278946
7,25,<char>,2,0.260904
7,25,<char>,3,0.171535
7,25,<char>,4,0.221672
7,25,<chars>,0,0.399118
7,25,<chars>,1,0.600882
7,25,<digit>,0,0.151682
7,25,<digit>,1,0.033590
7,25,<digit>,2,0.131078
7,25,<digit>,3,0.155681
7,25,<digit>,4,0.192466
7,25,<digit>,5,0.102076
7,25,<digit>,6,0.031853
7,25,<digit>,7,0.014515
7,25,<digit>,8,0.133981
7,25,<digit>,9,0.053079
7,25,<digits>,0,0.217814
7,25,<digits>,1,0.782186
7,25,<elements>,0,0.094474
7,25,<elements>,1,0.905526
7,25,<escape>,0,0.293980
7,25,<escape>,1,0.320147
7,25,<escape>,2,0.259775
7,25,<escape>,3,0.090917
7,25,<escape>,4,0.035181
7,25,<int>,0,0.175729
7,25,<int>,1,0.282503
7,25,<int>,2,0.541769
7,25,<members>,0,0.142960
7,25,<members>,1,0.857040
7,25,<number>,0,0.256083
7,25,<number>,1,0.518570
7,25,<number>,2,0.225347
7,25,<object>,0,0.226519
7,25,<object>,1,0.773481
7,25,<pair>,0,1.000000
7,25,<start>,0,1.000000
7,25,<string>,0,1.000000
7,25,<value>,0,0.299069
7,25,<value>,1,0.306033
7,25,<value>,2,0.051617
7,25,<value>,3,0.144629
7,25,<value>,4,0.036907
7,25,<value>,5,0.064186
7,25,<value>,6,0.097559
7,30,<array>,0,0.175747
7,30,<array>,1,0.824253
7,30,<char>,0,0.084648
7,30,<char>,1,0.305785
7,30,<char>,2,0.242467
7,30,<char>,3,0.170397
7,30,<char>,4,0.196702
7,30,<chars>,0,0.351859
7,30,<chars>,1,0.648141
7,30,<digit>,0,0.169534
7,30,<digit>,1,0.069390
7,30,<digit>,2,0.124929
7,30,<digit>,3,0.132198
7,30,<digit>,4,0.134744
7,30,<digit>,5,0.087543
7,30,<digit>,6,0.088238
7,30,<digit>,7,0.062853
7,30,<digit>,8,0.066215
7,30,<digit>,9,0.064356
7,30,<digits>,0,0.220206
7,30,<digits>,1,0.779794
7,30,<elements>,0,0.046059
7,30,<elements>,1,0.953941
7,30,<escape>,0,0.241477
7,30,<escape>,1,0.234678
7,30,<escape>,2,0.343208
7,30,<escape>,3,0.164328
7,30,<escape>,4,0.016310
7,30,<int>,0,0.162256
7,30,<int>,1,0.254144
7,30,<int>,2,0.583600
7,30,<members>,0,0.140465
7,30,<members>,1,0.859535
7,30,<number>,0,0.179170
7,30,<number>,1,0.572719
7,30,<number>,2,0.248111
7,30,<object>,0,0.091498
7,30,<object>,1,0.908502
7,30,<pair>,0,1.000000
7,30,<start>,0,1.000000
7,30,<string>,0,1.000000
7,30,<value>,0,0.350841
7,30,<value>,1,0.300523
7,30,<value>,2,0.041309
7,30,<value>,3,0.140611
7,30,<value>,4,0.041016
7,30,<value>,5,0.072082
7,30,<value>,6,0.053616
7,35,<array>,0,0.165191
7,35,<array>,1,0.834809
7,35,<char>,0,0.104095
7,35,<char>,1,0.306826
7,35,<char>,2,0.235970
7,35,<char>,3,0.168879
7,35,<char>,4,0.184232
7,35,<chars>,0,0.183951
7,35,<chars>,1,0.816049
7,35,<digit>,0,0.188384
7,35,<digit>,1,0.046434
7,35,<digit>,2,0.137124
7,35,<digit>,3,0.151824
7,35,<digit>,4,0.178984
7,35,<digit>,5,0.094293
7,35,<digit>,6,0.026391
7,35,<digit>,7,0.029540
7,35,<digit>,8,0.086805
7,35,<digit>,9,0.060222
7,35,<digits>,0,0.363613
7,35,<digits>,1,0.636387
7,35,<elements>,0,0.109753
7,35,<elements>,1,0.890247
7,35,<escape>,0,0.280446
7,35,<escape>,1,0.307731
7,35,<escape>,2,0.271460
7,35,<escape>,3,0.103346
7,35,<escape>,4,0.037018
7,35,<int>,0,0.186404
7,35,<int>,1,0.205913
7,35,<int>,2,0.607684
7,35,<members>,0,0.152000
7,35,<members>,1,0.848000
7,35,<number>,0,0.241693
7,35,<number>,1,0.523022
7,35,<number>,2,0.235286
7,35,<object>,0,0.133410
7,35,<object>,1,0.866590
7,35,<pair>,0,1.000000
7,35,<start>,0,1.000000
7,35,<string>,0,1.000000
7,35,<value>,0,0.287162
7,35,<value>,1,0.304641
7,35,<value>,2,0.104746
7,35,<value>,3,0.156308
7,35,<value>,4,0.050414
7,35,<value>,5,0.053436
7,35,<value>,6,0.043293
7,40,<array>,0,0.171859
7,40,<array>,1,0.828141
7,40,<char>,0,0.114860
7,40,<char>,1,0.251822
7,40,<char>,2,0.244197
7,40,<char>,3,0.200656
7,40,<char>,4,0.188465
7,40,<chars>,0,0.153159
7,40,<chars>,1,0.846841
7,40,<digit>,0,0.169298
7,40,<digit>,1,0.098324
7,40,<digit>,2,0.135198
7,40,<digit>,3,0.107775
7,40,<digit>,4,0.154945
7,40,<digit>,5,0.097249
7,40,<digit>,6,0.129044
7,40,<digit>,7,0.015745
7,40,<digit>,8,0.000000
7,40,<digit>,9,0.092421
7,40,<digits>,0,0.240744
7,40,<digits>,1,0.759256
7,40,<elements>,0,0.013470
7,40,<elements>,1,0.986530
7,40,<escape>,0,0.291206
7,40,<escape>,1,0.301270
7,40,<escape>,2,0.271481
7,40,<escape>,3,0.130117
7,40,<escape>,4,0.005926
7,40,<int>,0,0.168550
7,40,<int>,1,0.258408
7,40,<int>,2,0.573042
7,40,<members>,0,0.141421
7,40,<members>,1,0.858579
7,40,<number>,0,0.227361
7,40,<number>,1,0.480758
7,40,<number>,2,0.291881
7,40,<object>,0,0.169829
7,40,<object>,1,0.830171
7,40,<pair>,0,1.000000
7,40,<start>,0,1.000000
7,40,<string>,0,1.000000
7,40,<value>,0,0.311569
7,40,<value>,1,0.306742
7,40,<value>,2,0.043300
7,40,<value>,3,0.158975
7,40,<value>,4,0.029404
7,40,<value>,5,0.046029
7,40,<value>,6,0.103981
7,45,<array>,0,0.195699
7,45,<array>,1,0.804301
7,45,<char>,0,0.093927
7,45,<char>,1,0.242107
7,45,<char>,2,0.243872
7,45,<char>,3,0.209473
7,45,<char>,4,0.210622
7,45,<chars>,0,0.173700
7,45,<chars>,1,0.826300
7,45,<digit>,0,0.227466
7,45,<digit>,1,0.002289
7,45,<digit>,2,0.134909
7,45,<digit>,3,0.113174
7,45,<digit>,4,0.056629
7,45,<digit>,5,0.089644
7,45,<digit>,6,0.192293
7,45,<digit>,7,0.000000
7,45,<digit>,8,0.046296
7,45,<digit>,9,0.137300
7,45,<digits>,0,0.355505
7,45,<digits>,1,0.644495
7,45,<elements>,0,0.017730
7,45,<elements>,1,0.982270
7,45,<escape>,0,0.263326
7,45,<escape>,1,0.321510
7,45,<escape>,2,0.355436
7,45,<escape>,3,0.039542
7,45,<escape>,4,0.020187
7,45,<int>,0,0.173655
7,45,<int>,1,0.224638
7,45,<int>,2,0.601707
7,45,<members>,0,0.143736
7,45,<members>,1,0.856264
7,45,<number>,0,0.229813
7,45,<number>,1,0.487542
7,45,<number>,2,0.282645
7,45,<object>,0,0.174895
7,45,<object>,1,0.825105
7,45,<pair>,0,1.000000
7,45,<start>,0,1.000000
7,45,<string>,0,1.000000
7,45,<value>,0,0.317476
7,45,<value>,1,0.318581
7,45,<value>,2,0.089312
7,45,<value>,3,0.153201
7,45,<value>,4,0.024240
7,45,<value>,5,0.048079
7,45,<value>,6,0.049111
7,50,<array>,0,0.188491
7,50,<array>,1,0.811509
7,50,<char>,0,0.055033
7,50,<char>,1,0.232473
7,50,<char>,2,0.244295
7,50,<char>,3,0.210456
7,50,<char>,4,0.257743
7,50,<chars>,0,0.196817
7,50,<chars>,1,0.803183
7,50,<digit>,0,0.220536
7,50,<digit>,1,0.066097
7,50,<digit>,2,0.087608
7,50,<digit>,3,0.106972
7,50,<digit>,4,0.142961
7,50,<digit>,5,0.062994
7,50,<digit>,6,0.066511
7,50,<digit>,7,0.119484
7,50,<digit>,8,0.038332
7,50,<digit>,9,0.088506
7,50,<digits>,0,0.008637
7,50,<digits>,1,0.991363
7,50,<elements>,0,0.029235
7,50,<elements>,1,0.970765
7,50,<escape>,0,0.294394
7,50,<escape>,1,0.380307
7,50,<escape>,2,0.273365
7,50,<escape>,3,0.044339
7,50,<escape>,4,0.007595
7,50,<int>,0,0.174977
7,50,<int>,1,0.240065
7,50,<int>,2,0.584957
7,50,<members>,0,0.121732
7,50,<members>,1,0.878268
7,50,<number>,0,0.223103
7,50,<number>,1,0.506783
7,50,<number>,2,0.270114
7,50,<object>,0,0.147297
7,50,<object>,1,0.852703
7,50,<pair>,0,1.000000
7,50,<start>,0,1.000000
7,50,<string>,0,1.000000
7,50,<value>,0,0.348308
7,50,<value>,1,0.310618
7,50,<value>,2,0.046579
7,50,<value>,3,0.157133
7,50,<value>,4,0.043769
7,50,<value>,5,0.047995
7,50,<value>,6,0.045599
7,55,<array>,0,0.185847
7,55,<array>,1,0.814153
7,55,<char>,0,0.103467
7,55,<char>,1,0.236268
7,55,<char>,2,0.203203
7,55,<char>,3,0.250478
7,55,<char>,4,0.206584
7,55,<chars>,0,0.108451
7,55,<chars>,1,0.891549
7,55,<digit>,0,0.325542
7,55,<digit>,1,0.054874
7,55,<digit>,2,0.051749
7,55,<digit>,3,0.132765
7,55,<digit>,4,0.092604
7,55,<digit>,5,0.054188
7,55,<digit>,6,0.108986
7,55,<digit>,7,0.054416
7,55,<digit>,8,0.025753
7,55,<digit>,9,0.099124
7,55,<digits>,0,0.124967
7,55,<digits>,1,0.875033
7,55,<elements>,0,0.018629
7,55,<elements>,1,0.981371
7,55,<escape>,0,0.271359
7,55,<escape>,1,0.377221
7,55,<escape>,2,0.297701
7,55,<escape>,3,0.050204
7,55,<escape>,4,0.003516
7,55,<int>,0,0.169786
7,55,<int>,1,0.225257
7,55,<int>,2,0.604957
7,55,<members>,0,0.143773
7,55,<members>,1,0.856227
7,55,<number>,0,0.207137
7,55,<number>,1,0.474281
7,55,<number>,2,0.318582
7,55,<object>,0,0.167402
7,55,<object>,1,0.832598
7,55,<pair>,0,1.000000
7,55,<start>,0,1.000000
7,55,<string>,0,1.000000
7,55,<value>,0,0.380329
7,55,<value>,1,0.334018
7,55,<value>,2,0.019381
7,55,<value>,3,0.168365
7,55,<value>,4,0.033562
7,55,<value>,5,0.029590
7,55,<value>,6,0.034756
7,59,<array>,0,0.185552
7,59,<array>,1,0.814448
7,59,<char>,0,0.097018
7,59,<char>,1,0.200094
7,59,<char>,2,0.224520
7,59,<char>,3,0.256597
7,59,<char>,4,0.221772
7,59,<chars>,0,0.107064
7,59,<chars>,1,0.892936
7,59,<digit>,0,0.298601
7,59,<digit>,1,0.092270
7,59,<digit>,2,0.051920
7,59,<digit>,3,0.092710
7,59,<digit>,4,0.079409
7,59,<digit>,5,0.115894
7,59,<digit>,6,0.121354
7,59,<digit>,7,0.052479
7,59,<digit>,8,0.002917
7,59,<digit>,9,0.092445
7,59,<digits>,0,0.088512
7,59,<digits>,1,0.911488
7,59,<elements>,0,0.018379
7,59,<elements>,1,0.981621
7,59,<escape>,0,0.276293
7,59,<escape>,1,0.381189
7,59,<escape>,2,0.284807
7,59,<escape>,3,0.050692
7,59,<escape>,4,0.007019
7,59,<int>,0,0.046035
7,59,<int>,1,0.259725
7,59,<int>,2,0.694240
7,59,<members>,0,0.143609
7,59,<members>,1,0.856391
7,59,<number>,0,0.187696
7,59,<number>,1,0.448817
7,59,<number>,2,0.363487
7,59,<object>,0,0.164300
7,59,<object>,1,0.835700
7,59,<pair>,0,1.000000
7,59,<start>,0,1.000000
7,59,<string>,0,1.000000
7,59,<value>,0,0.379743
7,59,<value>,1,0.343103
7,59,<value>,2,0.020255
7,59,<value>,3,0.168473
7,59,<value>,4,0.020316
7,59,<value>,5,0.033549
7,59,<value>,6,0.034561
8,0,<array>,0,0.221204
8,0,<array>,1,0.778796
8,0,<char>,0,0.122045
8,0,<char>,1,0.267573
8,0,<char>,2,0.121203
8,0,<char>,3,0.240610
8,0,<char>,4,0.248568
8,0,<chars>,0,0.352703
8,0,<chars>,1,0.647297
8,0,<digit>,0,0.111066
8,0,<digit>,1,0.074282
8,0,<digit>,2,0.132569
8,0,<digit>,3,0.136243
8,0,<digit>,4,0.126820
8,0,<digit>,5,0.042096
8,0,<digit>,6,0.132740
8,0,<digit>,7,0.112050
8,0,<digit>,8,0.044754
8,0,<digit>,9,0.087381
8,0,<digits>,0,0.494237
8,0,<digits>,1,0.505763
8,0,<elements>,0,0.680300
8,0,<elements>,1,0.319700
8,0,<escape>,0,0.208370
8,0,<escape>,1,0.244127
8,0,<escape>,2,0.212855
8,0,<escape>,3,0.179312
8,0,<escape>,4,0.155336
8,0,<int>,0,0.267959
8,0,<int>,1,0.350130
8,0,<int>,2,0.381911
8,0,<members>,0,0.460723
8,0,<members>,1,0.539277
8,0,<number>,0,0.229999
8,0,<number>,1,0.448771
8,0,<number>,2,0.321230
8,0,<object>,0,0.448336
8,0,<object>,1,0.551664
8,0,<pair>,0,1.000000
8,0,<start>,0,1.000000
8,0,<string>,0,1.000000
8,0,<value>,0,0.171996
8,0,<value>,1,0.181660
8,0,<value>,2,0.158734
8,0,<value>,3,0.165230
8,0,<value>,4,0.096698
8,0,<value>,5,0.103137
8,0,<value>,6,0.122545
8,5,<array>,0,0.313486
8,5,<array>,1,0.686514
8,5,<char>,0,0.242848
8,5,<char>,1,0.123178
8,5,<char>,2,0.517357
8,5,<char>,3,0.000000
8,5,<char>,4,0.116618
8,5,<chars>,0,0.313953
8,5,<chars>,1,0.686047
8,5,<digit>,0,0.121789
8,5,<digit>,1,0.057630
8,5,<digit>,2,0.151290
8,5,<digit>,3,0.138936
8,5,<digit>,4,0.133814
8,5,<digit>,5,0.113421
8,5,<digit>,6,0.142923
8,5,<digit>,7,0.000000
8,5,<digit>,8,0.052175
8,5,<digit>,9,0.088023
8,5,<digits>,0,0.339948
8,5,<digits>,1,0.660052
8,5,<elements>,0,0.661400
8,5,<elements>,1,0.338600
8,5,<escape>,0,0.183196
8,5,<escape>,1,0.300585
8,5,<escape>,2,0.251503
8,5,<escape>,3,0.123876
8,5,<escape>,4,0.140840
8,5,<int>,0,0.262094
8,5,<int>,1,0.336590
8,5,<int>,2,0.401316
8,5,<members>,0,0.515041
8,5,<members>,1,0.484959
8,5,<number>,0,0.166144
8,5,<number>,1,0.442550
8,5,<number>,2,0.391306
8,5,<object>,0,0.399963
8,5,<object>,1,0.600037
8,5,<pair>,0,1.000000
8,5,<start>,0,1.000000
8,5,<string>,0,1.000000
8,5,<value>,0,0.170801
8,5,<value>,1,0.183581
8,5,<value>,2,0.164808
8,5,<value>,3,0.188047
8,5,<value>,4,0.087669
8,5,<value>,5,0.118329
8,5,<value>,6,0.086766
8,10,<array>,0,0.366098
8,10,<array>,1,0.633902
8,10,<char>,0,0.296984
8,10,<char>,1,0.231604
8,10,<char>,2,0.226901
8,10,<char>,3,0.083781
8,10,<char>,4,0.160730
8,10,<chars>,0,0.313589
8,10,<chars>,1,0.686411
8,10,<digit>,0,0.149792
8,10,<digit>,1,0.000000
8,10,<digit>,2,0.096110
8,10,<digit>,3,0.032894
8,10,<digit>,4,0.066116
8,10,<digit>,5,0.118826
8,10,<digit>,6,0.120039
8,10,<digit>,7,0.127310
8,10,<digit>,8,0.154964
8,10,<digit>,9,0.133948
8,10,<digits>,0,0.393570
8,10,<digits>,1,0.606430
8,10,<elements>,0,0.539359
8,10,<elements>,1,0.460641
8,10,<escape>,0,0.199285
8,10,<escape>,1,0.382637
8,10,<escape>,2,0.213848
8,10,<escape>,3,0.102522
8,10,<escape>,4,0.101708
8,10,<int>,0,0.060390
8,10,<int>,1,0.452149
8,10,<int>,2,0.487461
8,10,<members>,0,0.440767
8,10,<members>,1,0.559233
8,10,<number>,0,0.265177
8,10,<number>,1,0.472412
8,10,<number>,2,0.262412
8,10,<object>,0,0.221801
8,10,<object>,1,0.778199
8,10,<pair>,0,1.000000
8,10,<start>,0,1.000000
8,10,<string>,0,1.000000
8,10,<value>,0,0.189945
8,10,<value>,1,0.245275
8,10,<value>,2,0.089061
8,10,<value>,3,0.198771
8,10,<value>,4,0.104883
8,10,<value>,5,0.089632
8,10,<value>,6,0.082433
8,15,<array>,0,0.339565
8,15,<array>,1,0.660435
8,15,<char>,0,0.170168
8,15,<char>,1,0.000773
8,15,<char>,2,0.442530
8,15,<char>,3,0.155368
8,15,<char>,4,0.231161
8,15,<chars>,0,0.258568
8,15,<chars>,1,0.741432
8,15,<digit>,0,0.255279
8,15,<digit>,1,0.042203
8,15,<digit>,2,0.000000
8,15,<digit>,3,0.081729
8,15,<digit>,4,0.038902
8,15,<digit>,5,0.098143
8,15,<digit>,6,0.142650
8,15,<digit>,7,0.083244
8,15,<digit>,8,0.179578
8,15,<digit>,9,0.078273
8,15,<digits>,0,0.329687
8,15,<digits>,1,0.670313
8,15,<elements>,0,0.597856
8,15,<elements>,1,0.402144
8,15,<escape>,0,0.159832
8,15,<escape>,1,0.425428
8,15,<escape>,2,0.167519
8,15,<escape>,3,0.173198
8,15,<escape>,4,0.074023
8,15,<int>,0,0.083037
8,15,<int>,1,0.287728
8,15,<int>,2,0.629236
8,15,<members>,0,0.492305
8,15,<members>,1,0.507695
8,15,<number>,0,0.304257
8,15,<number>,1,0.340711
8,15,<number>,2,0.355032
8,15,<object>,0,0.268353
8,15,<object>,1,0.731647
8,15,<pair>,0,1.000000
8,15,<start>,0,1.000000
8,15,<string>,0,1.000000
8,15,<value>,0,0.182906
8,15,<value>,1,0.314244
8,15,<value>,2,0.062762
8,15,<value>,3,0.220570
8,15,<value>,4,0.070160
8,15,<value>,5,0.111044
8,15,<value>,6,0.038314
8,20,<array>,0,0.335898
8,20,<array>,1,0.664102
8,20,<char>,0,0.251335
8,20,<char>,1,0.200619
8,20,<char>,2,0.301982
8,20,<char>,3,0.035191
8,20,<char>,4,0.210874
8,20,<chars>,0,0.284987
8,20,<chars>,1,0.715013
8,20,<digit>,0,0.153688
8,20,<digit>,1,0.011211
8,20,<digit>,2,0.044643
8,20,<digit>,3,0.193748
8,20,<digit>,4,0.049665
8,20,<digit>,5,0.077044
8,20,<digit>,6,0.122125
8,20,<digit>,7,0.123398
8,20,<digit>,8,0.136769
8,20,<digit>,9,0.087709
8,20,<digits>,0,0.330545
8,20,<digits>,1,0.669455
8,20,<elements>,0,0.596746
8,20,<elements>,1,0.403254
8,20,<escape>,0,0.125253
8,20,<escape>,1,0.416993
8,20,<escape>,2,0.287911
8,20,<escape>,3,0.169842
8,20,<escape>,4,0.000000
8,20,<int>,0,0.092521
8,20,<int>,1,0.448667
8,20,<int>,2,0.458812
8,20,<members>,0,0.000000
8,20,<members>,1,1.000000
8,20,<number>,0,0.108307
8,20,<number>,1,0.342143
8,20,<number>,2,0.549549
8,20,<object>,0,0.257303
8,20,<object>,1,0.742697
8,20,<pair>,0,1.000000
8,20,<start>,0,1.000000
8,20,<string>,0,1.000000
8,20,<value>,0,0.262090
8,20,<value>,1,0.292111
8,20,<value>,2,0.025186
8,20,<value>,3,0.157742
8,20,<value>,4,0.070434
8,20,<value>,5,0.099172
8,20,<value>,6,0.093266
8,25,<array>,0,0.341738
8,25,<array>,1,0.658262
8,25,<char>,0,0.303491
8,25,<char>,1,0.124798
8,25,<char>,2,0.323536
8,25,<char>,3,0.137773
8,25,<char>,4,0.110403
8,25,<chars>,0,0.307110
8,25,<chars>,1,0.692890
8,25,<digit>,0,0.147226
8,25,<digit>,1,0.028449
8,25,<digit>,2,0.044165
8,25,<digit>,3,0.118975
8,25,<digit>,4,0.076057
8,25,<digit>,5,0.084893
8,25,<digit>,6,0.085872
8,25,<digit>,7,0.098926
8,25,<digit>,8,0.170828
8,25,<digit>,9,0.144608
8,25,<digits>,0,0.335708
8,25,<digits>,1,0.664292
8,25,<elements>,0,0.595573
8,25,<elements>,1,0.404427
8,25,<escape>,0,0.111724
8,25,<escape>,1,0.396050
8,25,<escape>,2,0.290504
8,25,<escape>,3,0.162237
8,25,<escape>,4,0.039486
8,25,<int>,0,0.106710
8,25,<int>,1,0.468217
8,25,<int>,2,0.425073
8,25,<members>,0,0.000000
8,25,<members>,1,1.000000
8,25,<number>,0,0.165846
8,25,<number>,1,0.357274
8,25,<number>,2,0.476880
8,25,<object>,0,0.212365
8,25,<object>,1,0.787635
8,25,<pair>,0,1.000000
8,25,<start>,0,1.000000
8,25,<string>,0,1.000000
8,25,<value>,0,0.320751
8,25,<value>,1,0.291856
8,25,<value>,2,0.011576
8,25,<value>,3,0.187706
8,25,<value>,4,0.069654
8,25,<value>,5,0.049041
8,25,<value>,6,0.069417
8,30,<array>,0,0.291044
8,30,<array>,1,0.708956
8,30,<char>,0,0.317881
8,30,<char>,1,0.084212
8,30,<char>,2,0.289242
8,30,<char>,3,0.197996
8,30,<char>,4,0.110668
8,30,<chars>,0,0.278224
8,30,<chars>,1,0.721776
8,30,<digit>,0,0.161447
8,30,<digit>,1,0.027067
8,30,<digit>,2,0.066405
8,30,<digit>,3,0.104618
8,30,<digit>,4,0.059979
8,30,<digit>,5,0.060180
8,30,<digit>,6,0.091864
8,30,<digit>,7,0.126089
8,30,<digit>,8,0.149556
8,30,<digit>,9,0.152796
8,30,<digits>,0,0.338822
8,30,<digits>,1,0.661178
8,30,<elements>,0,0.643812
8,30,<elements>,1,0.356188
8,30,<escape>,0,0.110997
8,30,<escape>,1,0.399936
8,30,<escape>,2,0.338686
8,30,<escape>,3,0.150382
8,30,<escape>,4,0.000000
8,30,<int>,0,0.113190
8,30,<int>,1,0.472682
8,30,<int>,2,0.414128
8,30,<members>,0,0.003090
8,30,<members>,1,0.996910
8,30,<number>,0,0.240418
8,30,<number>,1,0.443983
8,30,<number>,2,0.315598
8,30,<object>,0,0.204661
8,30,<object>,1,0.795339
8,30,<pair>,0,1.000000
8,30,<start>,0,1.000000
8,30,<string>,0,1.000000
8,30,<value>,0,0.255744
8,30,<value>,1,0.325711
8,30,<value>,2,0.000000
8,30,<value>,3,0.184348
8,30,<value>,4,0.060552
8,30,<value>,5,0.054450
8,30,<value>,6,0.119194
8,35,<array>,0,0.314124
8,35,<array>,1,0.685876
8,35,<char>,0,0.314931
8,35,<char>,1,0.121189
8,35,<char>,2,0.331391
8,35,<char>,3,0.127421
8,35,<char>,4,0.105068
8,35,<chars>,0,0.132084
8,35,<chars>,1,0.867916
8,35,<digit>,0,0.274156
8,35,<digit>,1,0.022642
8,35,<digit>,2,0.032123
8,35,<digit>,3,0.131057
8,35,<digit>,4,0.036906
8,35,<digit>,5,0.023329
8,35,<digit>,6,0.065372
8,35,<digit>,7,0.119439
8,35,<digit>,8,0.140342
8,35,<digit>,9,0.154635
8,35,<digits>,0,0.329024
8,35,<digits>,1,0.670976
8,35,<elements>,0,0.533382
8,35,<elements>,1,0.466618
8,35,<escape>,0,0.106241
8,35,<escape>,1,0.454290
8,35,<escape>,2,0.363004
8,35,<escape>,3,0.066924
8,35,<escape>,4,0.009541
8,35,<int>,0,0.048906
8,35,<int>,1,0.493576
8,35,<int>,2,0.457518
8,35,<members>,0,0.003394
8,35,<members>,1,0.996606
8,35,<number>,0,0.157516
8,35,<number>,1,0.462589
8,35,<number>,2,0.379895
8,35,<object>,0,0.243974
8,35,<object>,1,0.756026
8,35,<pair>,0,1.000000
8,35,<start>,0,1.000000
8,35,<string>,0,1.000000
8,35,<value>,0,0.393668
8,35,<value>,1,0.324240
8,35,<value>,2,0.012784
8,35,<value>,3,0.165455
8,35,<value>,4,0.052429
8,35,<value>,5,0.021769
8,35,<value>,6,0.029655
8,40,<array>,0,0.243270
8,40,<array>,1,0.756730
8,40,<char>,0,0.226944
8,40,<char>,1,0.206714
8,40,<char>,2,0.343325
8,40,<char>,3,0.072705
8,40,<char>,4,0.150312
8,40,<chars>,0,0.161927
8,40,<chars>,1,0.838073
8,40,<digit>,0,0.250320
8,40,<digit>,1,0.033593
8,40,<digit>,2,0.029372
8,40,<digit>,3,0.152168
8,40,<digit>,4,0.109470
8,40,<digit>,5,0.038098
8,40,<digit>,6,0.082027
8,40,<digit>,7,0.144907
8,40,<digit>,8,0.110159
8,40,<digit>,9,0.049886
8,40,<digits>,0,0.296410
8,40,<digits>,1,0.703590
8,40,<elements>,0,0.548411
8,40,<elements>,1,0.451589
8,40,<escape>,0,0.157194
8,40,<escape>,1,0.431850
8,40,<escape>,2,0.369263
8,40,<escape>,3,0.021622
8,40,<escape>,4,0.020071
8,40,<int>,0,0.036444
8,40,<int>,1,0.453985
8,40,<int>,2,0.509571
8,40,<members>,0,0.002517
8,40,<members>,1,0.997483
8,40,<number>,0,0.293540
8,40,<number>,1,0.383766
8,40,<number>,2,0.322694
8,40,<object>,0,0.230584
8,40,<object>,1,0.769416
8,40,<pair>,0,1.000000
8,40,<start>,0,1.000000
8,40,<string>,0,1.000000
8,40,<value>,0,0.349530
8,40,<value>,1,0.300317
8,40,<value>,2,0.000000
8,40,<value>,3,0.173228
8,40,<value>,4,0.059662
8,40,<value>,5,0.050728
8,40,<value>,6,0.066535
8,45,<array>,0,0.242981
8,45,<array>,1,0.757019
8,45,<char>,0,0.234026
8,45,<char>,1,0.202279
8,45,<char>,2,0.313185
8,45,<char>,3,0.062736
8,45,<char>,4,0.187774
8,45,<chars>,0,0.083140
8,45,<chars>,1,0.916860
8,45,<digit>,0,0.241417
8,45,<digit>,1,0.024809
8,45,<digit>,2,0.043413
8,45,<digit>,3,0.176546
8,45,<digit>,4,0.063098
8,45,<digit>,5,0.040418
8,45,<digit>,6,0.066513
8,45,<digit>,7,0.182676
8,45,<digit>,8,0.118179
8,45,<digit>,9,0.042931
8,45,<digits>,0,0.315223
8,45,<digits>,1,0.684777
8,45,<elements>,0,0.553611
8,45,<elements>,1,0.446389
8,45,<escape>,0,0.180995
8,45,<escape>,1,0.471910
8,45,<escape>,2,0.303836
8,45,<escape>,3,0.018779
8,45,<escape>,4,0.024480
8,45,<int>,0,0.144211
8,45,<int>,1,0.416122
8,45,<int>,2,0.439667
8,45,<members>,0,0.002348
8,45,<members>,1,0.997652
8,45,<number>,0,0.184782
8,45,<number>,1,0.473794
8,45,<number>,2,0.341424
8,45,<object>,0,0.000000
8,45,<object>,1,1.000000
8,45,<pair>,0,1.000000
8,45,<start>,0,1.000000
8,45,<string>,0,1.000000
8,45,<value>,0,0.369262
8,45,<value>,1,0.309911
8,45,<value>,2,0.000000
8,45,<value>,3,0.178732
8,45,<value>,4,0.051537
8,45,<value>,5,0.024707
8,45,<value>,6,0.065851
8,50,<array>,0,0.246951
8,50,<array>,1,0.753049
8,50,<char>,0,0.290970
8,50,<char>,1,0.173830
8,50,<char>,2,0.296581
8,50,<char>,3,0.057091
8,50,<char>,4,0.181528
8,50,<chars>,0,0.102462
8,50,<chars>,1,0.897538
8,50,<digit>,0,0.228839
8,50,<digit>,1,0.025343
8,50,<digit>,2,0.037043
8,50,<digit>,3,0.185493
8,50,<digit>,4,0.069467
8,50,<digit>,5,0.040870
8,50,<digit>,6,0.071972
8,50,<digit>,7,0.154221
8,50,<digit>,8,0.138542
8,50,<digit>,9,0.048210
8,50,<digits>,0,0.320014
8,50,<digits>,1,0.679986
8,50,<elements>,0,0.554279
8,50,<elements>,1,0.445721
8,50,<escape>,0,0.174075
8,50,<escape>,1,0.475715
8,50,<escape>,2,0.323737
8,50,<escape>,3,0.000000
8,50,<escape>,4,0.026472
8,50,<int>,0,0.147600
8,50,<int>,1,0.436505
8,50,<int>,2,0.415894
8,50,<members>,0,0.002307
8,50,<members>,1,0.997693
8,50,<number>,0,0.189617
8,50,<number>,1,0.430929
8,50,<number>,2,0.379453
8,50,<object>,0,0.000000
8,50,<object>,1,1.000000
8,50,<pair>,0,1.000000
8,50,<start>,0,1.000000
8,50,<string>,0,1.000000
8,50,<value>,0,0.355469
8,50,<value>,1,0.321374
8,50,<value>,2,0.006422
8,50,<value>,3,0.175358
8,50,<value>,4,0.047878
8,50,<value>,5,0.029094
8,50,<value>,6,0.064404
8,55,<array>,0,0.235877
8,55,<array>,1,0.764123
8,55,<char>,0,0.284937
8,55,<char>,1,0.117965
8,55,<char>,2,0.325770
8,55,<char>,3,0.067309
8,55,<char>,4,0.204019
8,55,<chars>,0,0.075339
8,55,<chars>,1,0.924661
8,55,<digit>,0,0.289536
8,55,<digit>,1,0.000000
8,55,<digit>,2,0.005073
8,55,<digit>,3,0.164657
8,55,<digit>,4,0.092765
8,55,<digit>,5,0.047665
8,55,<digit>,6,0.051876
8,55,<digit>,7,0.216314
8,55,<digit>,8,0.120423
8,55,<digit>,9,0.011692
8,55,<digits>,0,0.214232
8,55,<digits>,1,0.785768
8,55,<elements>,0,0.542854
8,55,<elements>,1,0.457146
8,55,<escape>,0,0.173271
8,55,<escape>,1,0.446404
8,55,<escape>,2,0.344849
8,55,<escape>,3,0.014167
8,55,<escape>,4,0.021308
8,55,<int>,0,0.130954
8,55,<int>,1,0.455602
8,55,<int>,2,0.413444
8,55,<members>,0,0.002245
8,55,<members>,1,0.997755
8,55,<number>,0,0.172710
8,55,<number>,1,0.464750
8,55,<number>,2,0.362540
8,55,<object>,0,0.000000
8,55,<object>,1,1.000000
8,55,<pair>,0,1.000000
8,55,<start>,0,1.000000
8,55,<string>,0,1.000000
8,55,<value>,0,0.348597
8,55,<value>,1,0.322260
8,55,<value>,2,0.001400
8,55,<value>,3,0.189027
8,55,<value>,4,0.044021
8,55,<value>,5,0.028547
8,55,<value>,6,0.066149
8,59,<array>,0,0.243463
8,59,<array>,1,0.756537
8,59,<char>,0,0.260273
8,59,<char>,1,0.164532
8,59,<char>,2,0.403641
8,59,<char>,3,0.022040
8,59,<char>,4,0.149513
8,59,<chars>,0,0.092071
8,59,<chars>,1,0.907929
8,59,<digit>,0,0.319696
8,59,<digit>,1,0.000000
8,59,<digit>,2,0.015565
8,59,<digit>,3,0.165021
8,59,<digit>,4,0.070366
8,59,<digit>,5,0.056103
8,59,<digit>,6,0.051967
8,59,<digit>,7,0.166605
8,59,<digit>,8,0.127624
8,59,<digit>,9,0.027054
8,59,<digits>,0,0.218959
8,59,<digits>,1,0.781041
8,59,<elements>,0,0.530649
8,59,<elements>,1,0.469351
8,59,<escape>,0,0.155151
8,59,<escape>,1,0.460161
8,59,<escape>,2,0.340605
8,59,<escape>,3,0.014105
8,59,<escape>,4,0.029978
8,59,<int>,0,0.091769
8,59,<int>,1,0.447218
8,59,<int>,2,0.461013
8,59,<members>,0,0.001457
8,59,<members>,1,0.998543
8,59,<number>,0,0.173982
8,59,<number>,1,0.469080
8,59,<number>,2,0.356938
8,59,<object>,0,0.024050
8,59,<object>,1,0.975950
8,59,<pair>,0,1.000000
8,59,<start>,0,1.000000
8,59,<string>,0,1.000000
8,59,<value>,0,0.360676
8,59,<value>,1,0.326347
8,59,<value>,2,0.002355
8,59,<value>,3,0.185876
8,59,<value>,4,0.035033
8,59,<value>,5,0.026891
8,59,<value>,6,0.062823
9,0,<array>,0,0.726059
9,0,<array>,1,0.273941
9,0,<char>,0,0.166788
9,0,<char>,1,0.252601
9,0,<char>,2,0.192148
9,0,<char>,3,0.168813
9,0,<char>,4,0.219650
9,0,<chars>,0,0.600512
9,0,<chars>,1,0.399488
9,0,<digit>,0,0.095243
9,0,<digit>,1,0.107065
9,0,<digit>,2,0.107860
9,0,<digit>,3,0.084306
9,0,<digit>,4,0.127586
9,0,<digit>,5,0.103102
9,0,<digit>,6,0.123665
9,0,<digit>,7,0.120231
9,0,<digit>,8,0.046805
9,0,<digit>,9,0.084138
9,0,<digits>,0,0.511517
9,0,<digits>,1,0.488483
9,0,<elements>,0,0.339581
9,0,<elements>,1,0.660419
9,0,<escape>,0,0.211689
9,0,<escape>,1,0.144477
9,0,<escape>,2,0.155826
9,0,<escape>,3,0.257220
9,0,<escape>,4,0.230788
9,0,<int>,0,0.458347
9,0,<int>,1,0.287816
9,0,<int>,2,0.253837
9,0,<members>,0,0.549007
9,0,<members>,1,0.450993
9,0,<number>,0,0.243252
9,0,<number>,1,0.454306
9,0,<number>,2,0.302442
9,0,<object>,0,0.485799
9,0,<object>,1,0.514201
9,0,<pair>,0,1.000000
9,0,<start>,0,1.000000
9,0,<string>,0,1.000000
9,0,<value>,0,0.070844
9,0,<value>,1,0.276283
9,0,<value>,2,0.112229
9,0,<value>,3,0.226840
9,0,<value>,4,0.141486
9,0,<value>,5,0.067488
9,0,<value>,6,0.104831
9,5,<array>,0,0.409744
9,5,<array>,1,0.590256
9,5,<char>,0,0.216318
9,5,<char>,1,0.307713
9,5,<char>,2,0.239531
9,5,<char>,3,0.141705
9,5,<char>,4,0.094732
9,5,<chars>,0,0.504921
9,5,<chars>,1,0.495079
9,5,<digit>,0,0.170968
9,5,<digit>,1,0.097698
9,5,<digit>,2,0.131066
9,5,<digit>,3,0.000000
9,5,<digit>,4,0.000000
9,5,<digit>,5,0.150340
9,5,<digit>,6,0.008129
9,5,<digit>,7,0.120655
9,5,<digit>,8,0.086495
9,5,<digit>,9,0.234648
9,5,<digits>,0,0.455699
9,5,<digits>,1,0.544301
9,5,<elements>,0,0.587064
9,5,<elements>,1,0.412936
9,5,<escape>,0,0.175182
9,5,<escape>,1,0.091931
9,5,<escape>,2,0.212801
9,5,<escape>,3,0.339704
9,5,<escape>,4,0.180384
9,5,<int>,0,0.452626
9,5,<int>,1,0.209099
9,5,<int>,2,0.338275
9,5,<members>,0,0.391721
9,5,<members>,1,0.608279
9,5,<number>,0,0.244896
9,5,<number>,1,0.387949
9,5,<number>,2,0.367154
9,5,<object>,0,0.337598
9,5,<object>,1,0.662402
9,5,<pair>,0,1.000000
9,5,<start>,0,1.000000
9,5,<string>,0,1.000000
9,5,<value>,0,0.248410
9,5,<value>,1,0.127977
9,5,<value>,2,0.024176
9,5,<value>,3,0.195929
9,5,<value>,4,0.143424
9,5,<value>,5,0.054856
9,5,<value>,6,0.205229
9,10,<array>,0,0.490044
9,10,<array>,1,0.509956
9,10,<char>,0,0.229758
9,10,<char>,1,0.306598
9,10,<char>,2,0.240918
9,10,<char>,3,0.090920
9,10,<char>,4,0.131807
9,10,<chars>,0,0.523344
9,10,<chars>,1,0.476656
9,10,<digit>,0,0.141019
9,10,<digit>,1,0.062624
9,10,<digit>,2,0.094527
9,10,<digit>,3,0.060095
9,10,<digit>,4,0.100699
9,10,<digit>,5,0.104785
9,10,<digit>,6,0.061804
9,10,<digit>,7,0.120950
9,10,<digit>,8,0.091960
9,10,<digit>,9,0.161536
9,10,<digits>,0,0.482898
9,10,<digits>,1,0.517102
9,10,<elements>,0,0.417006
9,10,<elements>,1,0.582994
9,10,<escape>,0,0.163509
9,10,<escape>,1,0.117252
9,10,<escape>,2,0.250006
9,10,<escape>,3,0.270699
9,10,<escape>,4,0.198533
9,10,<int>,0,0.335989
9,10,<int>,1,0.248446
9,10,<int>,2,0.415566
9,10,<members>,0,0.000000
9,10,<members>,1,1.000000
9,10,<number>,0,0.172643
9,10,<number>,1,0.371344
9,10,<number>,2,0.456013
9,10,<object>,0,0.340001
9,10,<object>,1,0.659999
9,10,<pair>,0,1.000000
9,10,<start>,0,1.000000
9,10,<string>,0,1.000000
9,10,<value>,0,0.232403
9,10,<value>,1,0.158169
9,10,<value>,2,0.089826
9,10,<value>,3,0.187073
9,10,<value>,4,0.094961
9,10,<value>,5,0.059737
9,10,<value>,6,0.177831
9,15,<array>,0,0.545038
9,15,<array>,1,0.454962
9,15,<char>,0,0.219839
9,15,<char>,1,0.407457
9,15,<char>,2,0.202599
9,15,<char>,3,0.126435
9,15,<char>,4,0.043670
9,15,<chars>,0,0.463534
9,15,<chars>,1,0.536466
9,15,<digit>,0,0.217676
9,15,<digit>,1,0.016627
9,15,<digit>,2,0.024988
9,15,<digit>,3,0.207914
9,15,<digit>,4,0.147327
9,15,<digit>,5,0.061445
9,15,<digit>,6,0.078800
9,15,<digit>,7,0.060010
9,15,<digit>,8,0.087099
9,15,<digit>,9,0.098112
9,15,<digits>,0,0.397631
9,15,<digits>,1,0.602369
9,15,<elements>,0,0.415098
9,15,<elements>,1,0.584902
9,15,<escape>,0,0.225675
9,15,<escape>,1,0.205556
9,15,<escape>,2,0.299259
9,15,<escape>,3,0.034559
9,15,<escape>,4,0.234951
9,15,<int>,0,0.459551
9,15,<int>,1,0.129668
9,15,<int>,2,0.410781
9,15,<members>,0,0.000000
9,15,<members>,1,1.000000
9,15,<number>,0,0.250485
9,15,<number>,1,0.348959
9,15,<number>,2,0.400556
9,15,<object>,0,0.318167
9,15,<object>,1,0.681833
9,15,<pair>,0,1.000000
9,15,<start>,0,1.000000
9,15,<string>,0,1.000000
9,15,<value>,0,0.243888
9,15,<value>,1,0.218367
9,15,<value>,2,0.074562
9,15,<value>,3,0.196440
9,15,<value>,4,0.103649
9,15,<value>,5,0.060261
9,15,<value>,6,0.102832
9,20,<array>,0,0.521173
9,20,<array>,1,0.478827
9,20,<char>,0,0.172255
9,20,<char>,1,0.362109
9,20,<char>,2,0.219955
9,20,<char>,3,0.189852
9,20,<char>,4,0.055828
9,20,<chars>,0,0.403592
9,20,<chars>,1,0.596408
9,20,<digit>,0,0.176562
9,20,<digit>,1,0.060043
9,20,<digit>,2,0.018295
9,20,<digit>,3,0.098656
9,20,<digit>,4,0.111053
9,20,<digit>,5,0.099739
9,20,<digit>,6,0.159183
9,20,<digit>,7,0.013421
9,20,<digit>,8,0.127128
9,20,<digit>,9,0.135920
9,20,<digits>,0,0.417369
9,20,<digits>,1,0.582631
9,20,<elements>,0,0.407926
9,20,<elements>,1,0.592074
9,20,<escape>,0,0.174933
9,20,<escape>,1,0.198241
9,20,<escape>,2,0.253834
9,20,<escape>,3,0.191797
9,20,<escape>,4,0.181194
9,20,<int>,0,0.423890
9,20,<int>,1,0.255745
9,20,<int>,2,0.320366
9,20,<members>,0,0.006116
9,20,<members>,1,0.993884
9,20,<number>,0,0.176882
9,20,<number>,1,0.368056
9,20,<number>,2,0.455063
9,20,<object>,0,0.295941
9,20,<object>,1,0.704059
9,20,<pair>,0,1.000000
9,20,<start>,0,1.000000
9,20,<string>,0,1.000000
9,20,<value>,0,0.259450
9,20,<value>,1,0.233153
9,20,<value>,2,0.044149
9,20,<value>,3,0.169297
9,20,<value>,4,0.087025
9,20,<value>,5,0.125010
9,20,<value>,6,0.081917
9,25,<array>,0,0.566090
9,25,<array>,1,0.433910
9,25,<char>,0,0.239279
9,25,<char>,1,0.384741
9,25,<char>,2,0.178669
9,25,<char>,3,0.085492
9,25,<char>,4,0.111819
9,25,<chars>,0,0.449516
9,25,<chars>,1,0.550484
9,25,<digit>,0,0.266948
9,25,<digit>,1,0.027881
9,25,<digit>,2,0.016783
9,25,<digit>,3,0.088938
9,25,<digit>,4,0.000000
9,25,<digit>,5,0.062631
9,25,<digit>,6,0.047383
9,25,<digit>,7,0.094782
9,25,<digit>,8,0.155203
9,25,<digit>,9,0.239451
9,25,<digits>,0,0.425666
9,25,<digits>,1,0.574334
9,25,<elements>,0,0.383271
9,25,<elements>,1,0.616729
9,25,<escape>,0,0.291376
9,25,<escape>,1,0.236723
9,25,<escape>,2,0.302933
9,25,<escape>,3,0.051490
9,25,<escape>,4,0.117478
9,25,<int>,0,0.374561
9,25,<int>,1,0.233463
9,25,<int>,2,0.391977
9,25,<members>,0,0.066933
9,25,<members>,1,0.933067
9,25,<number>,0,0.171044
9,25,<number>,1,0.649584
9,25,<number>,2,0.179371
9,25,<object>,0,0.221151
9,25,<object>,1,0.778849
9,25,<pair>,0,1.000000
9,25,<start>,0,1.000000
9,25,<string>,0,1.000000
9,25,<value>,0,0.428492
9,25,<value>,1,0.177102
9,25,<value>,2,0.083699
9,25,<value>,3,0.109629
9,25,<value>,4,0.036252
9,25,<value>,5,0.105292
9,25,<value>,6,0.059534
9,30,<array>,0,0.348627
9,30,<array>,1,0.651373
9,30,<char>,0,0.243887
9,30,<char>,1,0.364783
9,30,<char>,2,0.105330
9,30,<char>,3,0.134676
9,30,<char>,4,0.151325
9,30,<chars>,0,0.539410
9,30,<chars>,1,0.460590
9,30,<digit>,0,0.257066
9,30,<digit>,1,0.165809
9,30,<digit>,2,0.043094
9,30,<digit>,3,0.024673
9,30,<digit>,4,0.000000
9,30,<digit>,5,0.038947
9,30,<digit>,6,0.122256
9,30,<digit>,7,0.047839
9,30,<digit>,8,0.184150
9,30,<digit>,9,0.116167
9,30,<digits>,0,0.344264
9,30,<digits>,1,0.655736
9,30,<elements>,0,0.410880
9,30,<elements>,1,0.589120
9,30,<escape>,0,0.310729
9,30,<escape>,1,0.269177
9,30,<escape>,2,0.295992
9,30,<escape>,3,0.101528
9,30,<escape>,4,0.022574
9,30,<int>,0,0.377239
9,30,<int>,1,0.254795
9,30,<int>,2,0.367966
9,30,<members>,0,0.003081
9,30,<members>,1,0.996919
9,30,<number>,0,0.192181
9,30,<number>,1,0.441577
9,30,<number>,2,0.366242
9,30,<object>,0,0.205707
9,30,<object>,1,0.794293
9,30,<pair>,0,1.000000
9,30,<start>,0,1.000000
9,30,<string>,0,1.000000
9,30,<value>,0,0.371071
9,30,<value>,1,0.230522
9,30,<value>,2,0.047539
9,30,<value>,3,0.147092
9,30,<value>,4,0.083652
9,30,<value>,5,0.047936
9,30,<value>,6,0.072189
9,35,<array>,0,0.124359
9,35,<array>,1,0.875641
9,35,<char>,0,0.180050
9,35,<char>,1,0.405871
9,35,<char>,2,0.138512
9,35,<char>,3,0.111690
9,35,<char>,4,0.163877
9,35,<chars>,0,0.477267
9,35,<chars>,1,0.522733
9,35,<digit>,0,0.136686
9,35,<digit>,1,0.136267
9,35,<digit>,2,0.027860
9,35,<digit>,3,0.023507
9,35,<digit>,4,0.111133
9,35,<digit>,5,0.049250
9,35,<digit>,6,0.129428
9,35,<digit>,7,0.043753
9,35,<digit>,8,0.159230
9,35,<digit>,9,0.182886
9,35,<digits>,0,0.390329
9,35,<digits>,1,0.609671
9,35,<elements>,0,0.338382
9,35,<elements>,1,0.661618
9,35,<escape>,0,0.295706
9,35,<escape>,1,0.217887
9,35,<escape>,2,0.354024
9,35,<escape>,3,0.123461
9,35,<escape>,4,0.008921
9,35,<int>,0,0.334524
9,35,<int>,1,0.277757
9,35,<int>,2,0.387719
9,35,<members>,0,0.009476
9,35,<members>,1,0.990524
9,35,<number>,0,0.191195
9,35,<number>,1,0.478166
9,35,<number>,2,0.330640
9,35,<object>,0,0.224571
9,35,<object>,1,0.775429
9,35,<pair>,0,1.000000
9,35,<start>,0,1.000000
9,35,<string>,0,1.000000
9,35,<value>,0,0.351877
9,35,<value>,1,0.290318
9,35,<value>,2,0.000000
9,35,<value>,3,0.221878
9,35,<value>,4,0.059374
9,35,<value>,5,0.014365
9,35,<value>,6,0.062187
9,40,<array>,0,0.124779
9,40,<array>,1,0.875221
9,40,<char>,0,0.115043
9,40,<char>,1,0.257872
9,40,<char>,2,0.145664
9,40,<char>,3,0.117565
9,40,<char>,4,0.363857
9,40,<chars>,0,0.471367
9,40,<chars>,1,0.528633
9,40,<digit>,0,0.200651
9,40,<digit>,1,0.151587
9,40,<digit>,2,0.087532
9,40,<digit>,3,0.036128
9,40,<digit>,4,0.080898
9,40,<digit>,5,0.062777
9,40,<digit>,6,0.063016
9,40,<digit>,7,0.052692
9,40,<digit>,8,0.161309
9,40,<digit>,9,0.103410
9,40,<digits>,0,0.382929
9,40,<digits>,1,0.617071
9,40,<elements>,0,0.343672
9,40,<elements>,1,0.656328
9,40,<escape>,0,0.251098
9,40,<escape>,1,0.239446
9,40,<escape>,2,0.367264
9,40,<escape>,3,0.112459
9,40,<escape>,4,0.029732
9,40,<int>,0,0.358596
9,40,<int>,1,0.253931
9,40,<int>,2,0.387473
9,40,<members>,0,0.004135
9,40,<members>,1,0.995865
9,40,<number>,0,0.210815
9,40,<number>,1,0.484342
9,40,<number>,2,0.304843
9,40,<object>,0,0.216830
9,40,<object>,1,0.783170
9,40,<pair>,0,1.000000
9,40,<start>,0,1.000000
9,40,<string>,0,1.000000
9,40,<value>,0,0.323371
9,40,<value>,1,0.272627
9,40,<value>,2,0.038474
9,40,<value>,3,0.166290
9,40,<value>,4,0.068888
9,40,<value>,5,0.058732
9,40,<value>,6,0.071618
9,45,<array>,0,0.125967
9,45,<array>,1,0.874033
9,45,<char>,0,0.093831
9,45,<char>,1,0.283848
9,45,<char>,2,0.115515
9,45,<char>,3,0.158708
9,45,<char>,4,0.348098
9,45,<chars>,0,0.513303
9,45,<chars>,1,0.486697
9,45,<digit>,0,0.250424
9,45,<digit>,1,0.014683
9,45,<digit>,2,0.081467
9,45,<digit>,3,0.089105
9,45,<digit>,4,0.053438
9,45,<digit>,5,0.074243
9,45,<digit>,6,0.167129
9,45,<digit>,7,0.070538
9,45,<digit>,8,0.198974
9,45,<digit>,9,0.000000
9,45,<digits>,0,0.393659
9,45,<digits>,1,0.606341
9,45,<elements>,0,0.321821
9,45,<elements>,1,0.678179
9,45,<escape>,0,0.407052
9,45,<escape>,1,0.261432
9,45,<escape>,2,0.272400
9,45,<escape>,3,0.057931
9,45,<escape>,4,0.001185
9,45,<int>,0,0.321126
9,45,<int>,1,0.265558
9,45,<int>,2,0.413317
9,45,<members>,0,0.014046
9,45,<members>,1,0.985954
9,45,<number>,0,0.185325
9,45,<number>,1,0.425273
9,45,<number>,2,0.389402
9,45,<object>,0,0.237395
9,45,<object>,1,0.762605
9,45,<pair>,0,1.000000
9,45,<start>,0,1.000000
9,45,<string>,0,1.000000
9,45,<value>,0,0.380504
9,45,<value>,1,0.345770
9,45,<value>,2,0.025371
9,45,<value>,3,0.164030
9,45,<value>,4,0.008464
9,45,<value>,5,0.028238
9,45,<value>,6,0.047622
9,50,<array>,0,0.104487
9,50,<array>,1,0.895513
9,50,<char>,0,0.116659
9,50,<char>,1,0.254611
9,50,<char>,2,0.109628
9,50,<char>,3,0.152339
9,50,<char>,4,0.366763
9,50,<chars>,0,0.482102
9,50,<chars>,1,0.517898
9,50,<digit>,0,0.273571
9,50,<digit>,1,0.072377
9,50,<digit>,2,0.078485
9,50,<digit>,3,0.051092
9,50,<digit>,4,0.034009
9,50,<digit>,5,0.009397
9,50,<digit>,6,0.137840
9,50,<digit>,7,0.091408
9,50,<digit>,8,0.142469
9,50,<digit>,9,0.109351
9,50,<digits>,0,0.415703
9,50,<digits>,1,0.584297
9,50,<elements>,0,0.331681
9,50,<elements>,1,0.668319
9,50,<escape>,0,0.301354
9,50,<escape>,1,0.215875
9,50,<escape>,2,0.365765
9,50,<escape>,3,0.115591
9,50,<escape>,4,0.001415
9,50,<int>,0,0.436036
9,50,<int>,1,0.034429
9,50,<int>,2,0.529535
9,50,<members>,0,0.012658
9,50,<members>,1,0.987342
9,50,<number>,0,0.185400
9,50,<number>,1,0.426143
9,50,<number>,2,0.388457
9,50,<object>,0,0.237836
9,50,<object>,1,0.762164
9,50,<pair>,0,1.000000
9,50,<start>,0,1.000000
9,50,<string>,0,1.000000
9,50,<value>,0,0.422836
9,50,<value>,1,0.284379
9,50,<value>,2,0.016229
9,50,<value>,3,0.173225
9,50,<value>,4,0.012206
9,50,<value>,5,0.035683
9,50,<value>,6,0.055442
9,55,<array>,0,0.095791
9,55,<array>,1,0.904209
9,55,<char>,0,0.106074
9,55,<char>,1,0.227786
9,55,<char>,2,0.069349
9,55,<char>,3,0.120928
9,55,<char>,4,0.475863
9,55,<chars>,0,0.499829
9,55,<chars>,1,0.500171
9,55,<digit>,0,0.302035
9,55,<digit>,1,0.045819
9,55,<digit>,2,0.063309
9,55,<digit>,3,0.042051
9,55,<digit>,4,0.082064
9,55,<digit>,5,0.000000
9,55,<digit>,6,0.161800
9,55,<digit>,7,0.064737
9,55,<digit>,8,0.132631
9,55,<digit>,9,0.105554
9,55,<digits>,0,0.415959
9,55,<digits>,1,0.584041
9,55,<elements>,0,0.334346
9,55,<elements>,1,0.665654
9,55,<escape>,0,0.385279
9,55,<escape>,1,0.237790
9,55,<escape>,2,0.296792
9,55,<escape>,3,0.076020
9,55,<escape>,4,0.004118
9,55,<int>,0,0.370787
9,55,<int>,1,0.165186
9,55,<int>,2,0.464027
9,55,<members>,0,0.004972
9,55,<members>,1,0.995028
9,55,<number>,0,0.190579
9,55,<number>,1,0.441113
9,55,<number>,2,0.368307
9,55,<object>,0,0.234932
9,55,<object>,1,0.765068
9,55,<pair>,0,1.000000
9,55,<start>,0,1.000000
9,55,<string>,0,1.000000
9,55,<value>,0,0.329831
9,55,<value>,1,0.327294
9,55,<value>,2,0.016233
9,55,<value>,3,0.188435
9,55,<value>,4,0.069799
9,55,<value>,5,0.010789
9,55,<value>,6,0.057617
9,59,<array>,0,0.117605
9,59,<array>,1,0.882395
9,59,<char>,0,0.120305
9,59,<char>,1,0.239781
9,59,<char>,2,0.107470
9,59,<char>,3,0.132160
9,59,<char>,4,0.400284
9,59,<chars>,0,0.444652
9,59,<chars>,1,0.555348
9,59,<digit>,0,0.282833
9,59,<digit>,1,0.010414
9,59,<digit>,2,0.085148
9,59,<digit>,3,0.099391
9,59,<digit>,4,0.049283
9,59,<digit>,5,0.012198
9,59,<digit>,6,0.116771
9,59,<digit>,7,0.109439
9,59,<digit>,8,0.129612
9,59,<digit>,9,0.104911
9,59,<digits>,0,0.396328
9,59,<digits>,1,0.603672
9,59,<elements>,0,0.313439
9,59,<elements>,1,0.686561
9,59,<escape>,0,0.407682
9,59,<escape>,1,0.184964
9,59,<escape>,2,0.341026
9,59,<escape>,3,0.053452
9,59,<escape>,4,0.012876
9,59,<int>,0,0.487299
9,59,<int>,1,0.000000
9,59,<int>,2,0.512701
9,59,<members>,0,0.014921
9,59,<members>,1,0.985079
9,59,<number>,0,0.158352
9,59,<number>,1,0.456951
9,59,<number>,2,0.384697
9,59,<object>,0,0.223462
9,59,<object>,1,0.776538
9,59,<pair>,0,1.000000
9,59,<start>,0,1.000000
9,59,<string>,0,1.000000
9,59,<value>,0,0.402171
9,59,<value>,1,0.305166
9,59,<value>,2,0.022086
9,59,<value>,3,0.187408
9,59,<value>,4,0.009846
9,59,<value>,5,0.029492
9,59,<value>,6,0.043830
10,0,<array>,0,0.559041
10,0,<array>,1,0.440959
10,0,<char>,0,0.300532
10,0,<char>,1,0.142099
10,0,<char>,2,0.129019
10,0,<char>,3,0.316476
10,0,<char>,4,0.111874
10,0,<chars>,0,0.600647
10,0,<chars>,1,0.399353
10,0,<digit>,0,0.096141
10,0,<digit>,1,0.131411
10,0,<digit>,2,0.155702
10,0,<digit>,3,0.073003
10,0,<digit>,4,0.107959
10,0,<digit>,5,0.086663
10,0,<digit>,6,0.037950
10,0,<digit>,7,0.037962
10,0,<digit>,8,0.160837
10,0,<digit>,9,0.112372
10,0,<digits>,0,0.524986
10,0,<digits>,1,0.475014
10,0,<elements>,0,0.398155
10,0,<elements>,1,0.601845
10,0,<escape>,0,0.169891
10,0,<escape>,1,0.185934
10,0,<escape>,2,0.263149
10,0,<escape>,3,0.095812
10,0,<escape>,4,0.285214
10,0,<int>,0,0.207972
10,0,<int>,1,0.453799
10,0,<int>,2,0.338229
10,0,<members>,0,0.370323
10,0,<members>,1,0.629677
10,0,<number>,0,0.266334
10,0,<number>,1,0.303815
10,0,<number>,2,0.429852
10,0,<object>,0,0.222886
10,0,<object>,1,0.777114
10,0,<pair>,0,1.000000
10,0,<start>,0,1.000000
10,0,<string>,0,1.000000
10,0,<value>,0,0.239005
10,0,<value>,1,0.088137
10,0,<value>,2,0.115592
10,0,<value>,3,0.175891
10,0,<value>,4,0.073222
10,0,<value>,5,0.086375
10,0,<value>,6,0.221778
10,5,<array>,0,0.563205
10,5,<array>,1,0.436795
10,5,<char>,0,0.107143
10,5,<char>,1,0.235392
10,5,<char>,2,0.116611
10,5,<char>,3,0.317967
10,5,<char>,4,0.222886
10,5,<chars>,0,0.387283
10,5,<chars>,1,0.612717
10,5,<digit>,0,0.153085
10,5,<digit>,1,0.088077
10,5,<digit>,2,0.143647
10,5,<digit>,3,0.153997
10,5,<digit>,4,0.077046
10,5,<digit>,5,0.053132
10,5,<digit>,6,0.072932
10,5,<digit>,7,0.091513
10,5,<digit>,8,0.109049
10,5,<digit>,9,0.057523
10,5,<digits>,0,0.344414
10,5,<digits>,1,0.655586
10,5,<elements>,0,0.419351
10,5,<elements>,1,0.580649
10,5,<escape>,0,0.178775
10,5,<escape>,1,0.407206
10,5,<escape>,2,0.113269
10,5,<escape>,3,0.123502
10,5,<escape>,4,0.177248
10,5,<int>,0,0.340093
10,5,<int>,1,0.339959
10,5,<int>,2,0.319948
10,5,<members>,0,0.448203
10,5,<members>,1,0.551797
10,5,<number>,0,0.322018
10,5,<number>,1,0.285980
10,5,<number>,2,0.392002
10,5,<object>,0,0.209076
10,5,<object>,1,0.790924
10,5,<pair>,0,1.000000
10,5,<start>,0,1.000000
10,5,<string>,0,1.000000
10,5,<value>,0,0.252964
10,5,<value>,1,0.174427
10,5,<value>,2,0.111379
10,5,<value>,3,0.201403
10,5,<value>,4,0.063570
10,5,<value>,5,0.126668
10,5,<value>,6,0.069589
10,10,<array>,0,0.000000
10,10,<array>,1,1.000000
10,10,<char>,0,0.171026
10,10,<char>,1,0.356645
10,10,<char>,2,0.121417
10,10,<char>,3,0.194330
10,10,<char>,4,0.156581
10,10,<chars>,0,0.542311
10,10,<chars>,1,0.457689
10,10,<digit>,0,0.121936
10,10,<digit>,1,0.136789
10,10,<digit>,2,0.078053
10,10,<digit>,3,0.078992
10,10,<digit>,4,0.081048
10,10,<digit>,5,0.086412
10,10,<digit>,6,0.088748
10,10,<digit>,7,0.070987
10,10,<digit>,8,0.144475
10,10,<digit>,9,0.112558
10,10,<digits>,0,0.366448
10,10,<digits>,1,0.633552
10,10,<elements>,0,0.000000
10,10,<elements>,1,1.000000
10,10,<escape>,0,0.175228
10,10,<escape>,1,0.288583
10,10,<escape>,2,0.171745
10,10,<escape>,3,0.174414
10,10,<escape>,4,0.190031
10,10,<int>,0,0.289005
10,10,<int>,1,0.539457
10,10,<int>,2,0.171537
10,10,<members>,0,0.317881
10,10,<members>,1,0.682119
10,10,<number>,0,0.427320
10,10,<number>,1,0.201590
10,10,<number>,2,0.371090
10,10,<object>,0,0.436384
10,10,<object>,1,0.563616
10,10,<pair>,0,1.000000
10,10,<start>,0,1.000000
10,10,<string>,0,1.000000
10,10,<value>,0,0.271544
10,10,<value>,1,0.228549
10,10,<value>,2,0.107694
10,10,<value>,3,0.115765
10,10,<value>,4,0.146907
10,10,<value>,5,0.000000
10,10,<value>,6,0.129541
10,15,<array>,0,0.071002
10,15,<array>,1,0.928998
10,15,<char>,0,0.173213
10,15,<char>,1,0.274960
10,15,<char>,2,0.175321
10,15,<char>,3,0.192913
10,15,<char>,4,0.183592
10,15,<chars>,0,0.492868
10,15,<chars>,1,0.507132
10,15,<digit>,0,0.148901
10,15,<digit>,1,0.000000
10,15,<digit>,2,0.049140
10,15,<digit>,3,0.080609
10,15,<digit>,4,0.059522
10,15,<digit>,5,0.069282
10,15,<digit>,6,0.105173
10,15,<digit>,7,0.178691
10,15,<digit>,8,0.146641
10,15,<digit>,9,0.162042
10,15,<digits>,0,0.252056
10,15,<digits>,1,0.747944
10,15,<elements>,0,0.000000
10,15,<elements>,1,1.000000
10,15,<escape>,0,0.341658
10,15,<escape>,1,0.227481
10,15,<escape>,2,0.138271
10,15,<escape>,3,0.134355
10,15,<escape>,4,0.158235
10,15,<int>,0,0.262114
10,15,<int>,1,0.551888
10,15,<int>,2,0.185998
10,15,<members>,0,0.247134
10,15,<members>,1,0.752866
10,15,<number>,0,0.371236
10,15,<number>,1,0.248171
10,15,<number>,2,0.380592
10,15,<object>,0,0.391451
10,15,<object>,1,0.608549
10,15,<pair>,0,1.000000
10,15,<start>,0,1.000000
10,15,<string>,0,1.000000
10,15,<value>,0,0.266347
10,15,<value>,1,0.270467
10,15,<value>,2,0.081511
10,15,<value>,3,0.124213
10,15,<value>,4,0.150210
10,15,<value>,5,0.047744
10,15,<value>,6,0.059507
10,20,<array>,0,0.003148
10,20,<array>,1,0.996852
10,20,<char>,0,0.047468
10,20,<char>,1,0.327560
10,20,<char>,2,0.217014
10,20,<char>,3,0.147261
10,20,<char>,4,0.260697
10,20,<chars>,0,0.385253
10,20,<chars>,1,0.614747
10,20,<digit>,0,0.165478
10,20,<digit>,1,0.063338
10,20,<digit>,2,0.052692
10,20,<digit>,3,0.015636
10,20,<digit>,4,0.089962
10,20,<digit>,5,0.149548
10,20,<digit>,6,0.123311
10,20,<digit>,7,0.147738
10,20,<digit>,8,0.113848
10,20,<digit>,9,0.078449
10,20,<digits>,0,0.229343
10,20,<digits>,1,0.770657
10,20,<elements>,0,0.000000
10,20,<elements>,1,1.000000
10,20,<escape>,0,0.227362
10,20,<escape>,1,0.247107
10,20,<escape>,2,0.186448
10,20,<escape>,3,0.132625
10,20,<escape>,4,0.206458
10,20,<int>,0,0.331037
10,20,<int>,1,0.495674
10,20,<int>,2,0.173289
10,20,<members>,0,0.290642
10,20,<members>,1,0.709358
10,20,<number>,0,0.341221
10,20,<number>,1,0.220987
10,20,<number>,2,0.437791
10,20,<object>,0,0.328241
10,20,<object>,1,0.671759
10,20,<pair>,0,1.000000
10,20,<start>,0,1.000000
10,20,<string>,0,1.000000
10,20,<value>,0,0.317917
10,20,<value>,1,0.298279
10,20,<value>,2,0.002036
10,20,<value>,3,0.144794
10,20,<value>,4,0.150184
10,20,<value>,5,0.028256
10,20,<value>,6,0.058535
10,25,<array>,0,0.056626
10,25,<array>,1,0.943374
10,25,<char>,0,0.156546
10,25,<char>,1,0.243806
10,25,<char>,2,0.228771
10,25,<char>,3,0.163278
10,25,<char>,4,0.207599
10,25,<chars>,0,0.397399
10,25,<chars>,1,0.602601
10,25,<digit>,0,0.199192
10,25,<digit>,1,0.091313
10,25,<digit>,2,0.000000
10,25,<digit>,3,0.034824
10,25,<digit>,4,0.164718
10,25,<digit>,5,0.109589
10,25,<digit>,6,0.000000
10,25,<digit>,7,0.139697
10,25,<digit>,8,0.013982
10,25,<digit>,9,0.246685
10,25,<digits>,0,0.200943
10,25,<digits>,1,0.799057
10,25,<elements>,0,0.000000
10,25,<elements>,1,1.000000
10,25,<escape>,0,0.232612
10,25,<escape>,1,0.350753
10,25,<escape>,2,0.075467
10,25,<escape>,3,0.138855
10,25,<escape>,4,0.202312
10,25,<int>,0,0.612826
10,25,<int>,1,0.000000
10,25,<int>,2,0.387174
10,25,<members>,0,0.278422
10,25,<members>,1,0.721578
10,25,<number>,0,0.346407
10,25,<number>,1,0.211949
10,25,<number>,2,0.441643
10,25,<object>,0,0.222476
10,25,<object>,1,0.777524
10,25,<pair>,0,1.000000
10,25,<start>,0,1.000000
10,25,<string>,0,1.000000
10,25,<value>,0,0.296638
10,25,<value>,1,0.280913
10,25,<value>,2,0.093974
10,25,<value>,3,0.136689
10,25,<value>,4,0.109623
10,25,<value>,5,0.025993
10,25,<value>,6,0.056170
10,30,<array>,0,0.037210
10,30,<array>,1,0.962790
10,30,<char>,0,0.000000
10,30,<char>,1,0.296534
10,30,<char>,2,0.246813
10,30,<char>,3,0.146610
10,30,<char>,4,0.310044
10,30,<chars>,0,0.360243
10,30,<chars>,1,0.639757
10,30,<digit>,0,0.130002
10,30,<digit>,1,0.074783
10,30,<digit>,2,0.032367
10,30,<digit>,3,0.085240
10,30,<digit>,4,0.092317
10,30,<digit>,5,0.064722
10,30,<digit>,6,0.109679
10,30,<digit>,7,0.102309
10,30,<digit>,8,0.140269
10,30,<digit>,9,0.168312
10,30,<digits>,0,0.212746
10,30,<digits>,1,0.787254
10,30,<elements>,0,0.000000
10,30,<elements>,1,1.000000
10,30,<escape>,0,0.280922
10,30,<escape>,1,0.459299
10,30,<escape>,2,0.199816
10,30,<escape>,3,0.059962
10,30,<escape>,4,0.000000
10,30,<int>,0,0.387462
10,30,<int>,1,0.154908
10,30,<int>,2,0.457630
10,30,<members>,0,0.336472
10,30,<members>,1,0.663528
10,30,<number>,0,0.330157
10,30,<number>,1,0.245408
10,30,<number>,2,0.424435
10,30,<object>,0,0.181700
10,30,<object>,1,0.818300
10,30,<pair>,0,1.000000
10,30,<start>,0,1.000000
10,30,<string>,0,1.000000
10,30,<value>,0,0.310460
10,30,<value>,1,0.242470
10,30,<value>,2,0.003717
10,30,<value>,3,0.257785
10,30,<value>,4,0.112779
10,30,<value>,5,0.025580
10,30,<value>,6,0.047210
10,35,<array>,0,0.000000
10,35,<array>,1,1.000000
10,35,<char>,0,0.009252
10,35,<char>,1,0.307202
10,35,<char>,2,0.172213
10,35,<char>,3,0.144175
10,35,<char>,4,0.367158
10,35,<chars>,0,0.360043
10,35,<chars>,1,0.639957
10,35,<digit>,0,0.134855
10,35,<digit>,1,0.087103
10,35,<digit>,2,0.016779
10,35,<digit>,3,0.128489
10,35,<digit>,4,0.066414
10,35,<digit>,5,0.037975
10,35,<digit>,6,0.151754
10,35,<digit>,7,0.093342
10,35,<digit>,8,0.100000
10,35,<digit>,9,0.183289
10,35,<digits>,0,0.238624
10,35,<digits>,1,0.761376
10,35,<elements>,0,0.052063
10,35,<elements>,1,0.947937
10,35,<escape>,0,0.306325
10,35,<escape>,1,0.446194
10,35,<escape>,2,0.186864
10,35,<escape>,3,0.032108
10,35,<escape>,4,0.028509
10,35,<int>,0,0.381628
10,35,<int>,1,0.323460
10,35,<int>,2,0.294912
10,35,<members>,0,0.234400
10,35,<members>,1,0.765600
10,35,<number>,0,0.367917
10,35,<number>,1,0.261449
10,35,<number>,2,0.370634
10,35,<object>,0,0.100823
10,35,<object>,1,0.899177
10,35,<pair>,0,1.000000
10,35,<start>,0,1.000000
10,35,<string>,0,1.000000
10,35,<value>,0,0.307766
10,35,<value>,1,0.256715
10,35,<value>,2,0.044802
10,35,<value>,3,0.206427
10,35,<value>,4,0.115531
10,35,<value>,5,0.027551
10,35,<value>,6,0.041208
10,40,<array>,0,0.027978
10,40,<array>,1,0.972022
10,40,<char>,0,0.021713
10,40,<char>,1,0.293769
10,40,<char>,2,0.181145
10,40,<char>,3,0.150358
10,40,<char>,4,0.353014
10,40,<chars>,0,0.351305
10,40,<chars>,1,0.648695
10,40,<digit>,0,0.168949
10,40,<digit>,1,0.060256
10,40,<digit>,2,0.053287
10,40,<digit>,3,0.120003
10,40,<digit>,4,0.152864
10,40,<digit>,5,0.034318
10,40,<digit>,6,0.105962
10,40,<digit>,7,0.067354
10,40,<digit>,8,0.041639
10,40,<digit>,9,0.195366
10,40,<digits>,0,0.275641
10,40,<digits>,1,0.724359
10,40,<elements>,0,0.028304
10,40,<elements>,1,0.971696
10,40,<escape>,0,0.278805
10,40,<escape>,1,0.461714
10,40,<escape>,2,0.211946
10,40,<escape>,3,0.047535
10,40,<escape>,4,0.000000
10,40,<int>,0,0.464212
10,40,<int>,1,0.237755
10,40,<int>,2,0.298033
10,40,<members>,0,0.048330
10,40,<members>,1,0.951670
10,40,<number>,0,0.200569
10,40,<number>,1,0.314635
10,40,<number>,2,0.484795
10,40,<object>,0,0.131039
10,40,<object>,1,0.868961
10,40,<pair>,0,1.000000
10,40,<start>,0,1.000000
10,40,<string>,0,1.000000
10,40,<value>,0,0.349585
10,40,<value>,1,0.226542
10,40,<value>,2,0.041536
10,40,<value>,3,0.225137
10,40,<value>,4,0.091196
10,40,<value>,5,0.010702
10,40,<value>,6,0.055302
10,45,<array>,0,0.015005
10,45,<array>,1,0.984995
10,45,<char>,0,0.035478
10,45,<char>,1,0.300530
10,45,<char>,2,0.176398
10,45,<char>,3,0.157208
10,45,<char>,4,0.330386
10,45,<chars>,0,0.284020
10,45,<chars>,1,0.715980
10,45,<digit>,0,0.160074
10,45,<digit>,1,0.058030
10,45,<digit>,2,0.048708
10,45,<digit>,3,0.069418
10,45,<digit>,4,0.156932
10,45,<digit>,5,0.038271
10,45,<digit>,6,0.070234
10,45,<digit>,7,0.124408
10,45,<digit>,8,0.092506
10,45,<digit>,9,0.181419
10,45,<digits>,0,0.248393
10,45,<digits>,1,0.751607
10,45,<elements>,0,0.024287
10,45,<elements>,1,0.975713
10,45,<escape>,0,0.335953
10,45,<escape>,1,0.463498
10,45,<escape>,2,0.171635
10,45,<escape>,3,0.026565
10,45,<escape>,4,0.002349
10,45,<int>,0,0.423197
10,45,<int>,1,0.199956
10,45,<int>,2,0.376846
10,45,<members>,0,0.287799
10,45,<members>,1,0.712201
10,45,<number>,0,0.302240
10,45,<number>,1,0.284370
10,45,<number>,2,0.413390
10,45,<object>,0,0.077603
10,45,<object>,1,0.922397
10,45,<pair>,0,1.000000
10,45,<start>,0,1.000000
10,45,<string>,0,1.000000
10,45,<value>,0,0.337892
10,45,<value>,1,0.251717
10,45,<value>,2,0.036558
10,45,<value>,3,0.223874
10,45,<value>,4,0.098514
10,45,<value>,5,0.016845
10,45,<value>,6,0.034600
10,50,<array>,0,0.000000
10,50,<array>,1,1.000000
10,50,<char>,0,0.075475
10,50,<char>,1,0.155467
10,50,<char>,2,0.247506
10,50,<char>,3,0.183111
10,50,<char>,4,0.338441
10,50,<chars>,0,0.236077
10,50,<chars>,1,0.763923
10,50,<digit>,0,0.163731
10,50,<digit>,1,0.049285
10,50,<digit>,2,0.024199
10,50,<digit>,3,0.095856
10,50,<digit>,4,0.266560
10,50,<digit>,5,0.081315
10,50,<digit>,6,0.108388
10,50,<digit>,7,0.077280
10,50,<digit>,8,0.051568
10,50,<digit>,9,0.081818
10,50,<digits>,0,0.134218
10,50,<digits>,1,0.865782
10,50,<elements>,0,0.049875
10,50,<elements>,1,0.950125
10,50,<escape>,0,0.300146
10,50,<escape>,1,0.471653
10,50,<escape>,2,0.197888
10,50,<escape>,3,0.029239
10,50,<escape>,4,0.001074
10,50,<int>,0,0.450656
10,50,<int>,1,0.181030
10,50,<int>,2,0.368314
10,50,<members>,0,0.203627
10,50,<members>,1,0.796373
10,50,<number>,0,0.247561
10,50,<number>,1,0.295429
10,50,<number>,2,0.457010
10,50,<object>,0,0.113355
10,50,<object>,1,0.886645
10,50,<pair>,0,1.000000
10,50,<start>,0,1.000000
10,50,<string>,0,1.000000
10,50,<value>,0,0.414231
10,50,<value>,1,0.226700
10,50,<value>,2,0.032944
10,50,<value>,3,0.235511
10,50,<value>,4,0.038848
10,50,<value>,5,0.015854
10,50,<value>,6,0.035912
10,55,<array>,0,0.016666
10,55,<array>,1,0.983334
10,55,<char>,0,0.057000
10,55,<char>,1,0.288747
10,55,<char>,2,0.171142
10,55,<char>,3,0.183990
10,55,<char>,4,0.299121
10,55,<chars>,0,0.188544
10,55,<chars>,1,0.811456
10,55,<digit>,0,0.174136
10,55,<digit>,1,0.051862
10,55,<digit>,2,0.000000
10,55,<digit>,3,0.109998
10,55,<digit>,4,0.153115
10,55,<digit>,5,0.091749
10,55,<digit>,6,0.102593
10,55,<digit>,7,0.059302
10,55,<digit>,8,0.060410
10,55,<digit>,9,0.196835
10,55,<digits>,0,0.124841
10,55,<digits>,1,0.875159
10,55,<elements>,0,0.028933
10,55,<elements>,1,0.971067
10,55,<escape>,0,0.292864
10,55,<escape>,1,0.480340
10,55,<escape>,2,0.178121
10,55,<escape>,3,0.030785
10,55,<escape>,4,0.017890
10,55,<int>,0,0.476626
10,55,<int>,1,0.194361
10,55,<int>,2,0.329012
10,55,<members>,0,0.187882
10,55,<members>,1,0.812118
10,55,<number>,0,0.249198
10,55,<number>,1,0.289629
10,55,<number>,2,0.461173
10,55,<object>,0,0.116759
10,55,<object>,1,0.883241
10,55,<pair>,0,1.000000
10,55,<start>,0,1.000000
10,55,<string>,0,1.000000
10,55,<value>,0,0.346651
10,55,<value>,1,0.249166
10,55,<value>,2,0.048524
10,55,<value>,3,0.233359
10,55,<value>,4,0.042690
10,55,<value>,5,0.030944
10,55,<value>,6,0.048666
10,59,<array>,0,0.006770
10,59,<array>,1,0.993230
10,59,<char>,0,0.077132
10,59,<char>,1,0.293684
10,59,<char>,2,0.138744
10,59,<char>,3,0.198307
10,59,<char>,4,0.292133
10,59,<chars>,0,0.163380
10,59,<chars>,1,0.836620
10,59,<digit>,0,0.273676
10,59,<digit>,1,0.054166
10,59,<digit>,2,0.037550
10,59,<digit>,3,0.073577
10,59,<digit>,4,0.165235
10,59,<digit>,5,0.010766
10,59,<digit>,6,0.113628
10,59,<digit>,7,0.037007
10,59,<digit>,8,0.085971
10,59,<digit>,9,0.148424
10,59,<digits>,0,0.281729
10,59,<digits>,1,0.718271
10,59,<elements>,0,0.111886
10,59,<elements>,1,0.888114
10,59,<escape>,0,0.277967
10,59,<escape>,1,0.446270
10,59,<escape>,2,0.242127
10,59,<escape>,3,0.013976
10,59,<escape>,4,0.019660
10,59,<int>,0,0.461044
10,59,<int>,1,0.219418
10,59,<int>,2,0.319538
10,59,<members>,0,0.181506
10,59,<members>,1,0.818494
10,59,<number>,0,0.247647
10,59,<number>,1,0.300044
10,59,<number>,2,0.452309
10,59,<object>,0,0.092558
10,59,<object>,1,0.907442
10,59,<pair>,0,1.000000
10,59,<start>,0,1.000000
10,59,<string>,0,1.000000
10,59,<value>,0,0.371723
10,59,<value>,1,0.251151
10,59,<value>,2,0.027525
10,59,<value>,3,0.238979
10,59,<value>,4,0.041845
10,59,<value>,5,0.023885
10,59,<value>,6,0.044890
11,0,<array>,0,0.534126
11,0,<array>,1,0.465874
11,0,<char>,0,0.248988
11,0,<char>,1,0.222332
11,0,<char>,2,0.133321
11,0,<char>,3,0.162866
11,0,<char>,4,0.232493
11,0,<chars>,0,0.296873
11,0,<chars>,1,0.703127
11,0,<digit>,0,0.114786
11,0,<digit>,1,0.059315
11,0,<digit>,2,0.089282
11,0,<digit>,3,0.114901
11,0,<digit>,4,0.099807
11,0,<digit>,5,0.122243
11,0,<digit>,6,0.111625
11,0,<digit>,7,0.079709
11,0,<digit>,8,0.124191
11,0,<digit>,9,0.084141
11,0,<digits>,0,0.560334
11,0,<digits>,1,0.439666
11,0,<elements>,0,0.310156
11,0,<elements>,1,0.689844
11,0,<escape>,0,0.260275
11,0,<escape>,1,0.102521
11,0,<escape>,2,0.139789
11,0,<escape>,3,0.240291
11,0,<escape>,4,0.257125
11,0,<int>,0,0.344792
11,0,<int>,1,0.289099
11,0,<int>,2,0.366109
11,0,<members>,0,0.416683
11,0,<members>,1,0.583317
11,0,<number>,0,0.412088
11,0,<number>,1,0.433412
11,0,<number>,2,0.154499
11,0,<object>,0,0.504905
11,0,<object>,1,0.495095
11,0,<pair>,0,1.000000
11,0,<start>,0,1.000000
11,0,<string>,0,1.000000
11,0,<value>,0,0.109899
11,0,<value>,1,0.294125
11,0,<value>,2,0.081200
11,0,<value>,3,0.180816
11,0,<value>,4,0.071512
11,0,<value>,5,0.178872
11,0,<value>,6,0.083576
11,5,<array>,0,0.283692
11,5,<array>,1,0.716308
11,5,<char>,0,0.281398
11,5,<char>,1,0.181419
11,5,<char>,2,0.283827
11,5,<char>,3,0.139157
11,5,<char>,4,0.114199
11,5,<chars>,0,0.466738
11,5,<chars>,1,0.533262
11,5,<digit>,0,0.103735
11,5,<digit>,1,0.188005
11,5,<digit>,2,0.063565
11,5,<digit>,3,0.063850
11,5,<digit>,4,0.128183
11,5,<digit>,5,0.063740
11,5,<digit>,6,0.045310
11,5,<digit>,7,0.137658
11,5,<digit>,8,0.102694
11,5,<digit>,9,0.103260
11,5,<digits>,0,0.423280
11,5,<digits>,1,0.576720
11,5,<elements>,0,0.007211
11,5,<elements>,1,0.992789
11,5,<escape>,0,0.053361
11,5,<escape>,1,0.238420
11,5,<escape>,2,0.226817
11,5,<escape>,3,0.235555
11,5,<escape>,4,0.245846
11,5,<int>,0,0.471098
11,5,<int>,1,0.106001
11,5,<int>,2,0.422901
11,5,<members>,0,0.426335
11,5,<members>,1,0.573665
11,5,<number>,0,0.403560
11,5,<number>,1,0.363819
11,5,<number>,2,0.232622
11,5,<object>,0,0.350074
11,5,<object>,1,0.649926
11,5,<pair>,0,1.000000
11,5,<start>,0,1.000000
11,5,<string>,0,1.000000
11,5,<value>,0,0.118108
11,5,<value>,1,0.327828
11,5,<value>,2,0.149331
11,5,<value>,3,0.184653
11,5,<value>,4,0.106801
11,5,<value>,5,0.042627
11,5,<value>,6,0.070652
11,10,<array>,0,0.141874
11,10,<array>,1,0.858126
11,10,<char>,0,0.323622
11,10,<char>,1,0.161777
11,10,<char>,2,0.374653
11,10,<char>,3,0.010795
11,10,<char>,4,0.129153
11,10,<chars>,0,0.442788
11,10,<chars>,1,0.557212
11,10,<digit>,0,0.091710
11,10,<digit>,1,0.175236
11,10,<digit>,2,0.039080
11,10,<digit>,3,0.050332
11,10,<digit>,4,0.182989
11,10,<digit>,5,0.112731
11,10,<digit>,6,0.031111
11,10,<digit>,7,0.127813
11,10,<digit>,8,0.098105
11,10,<digit>,9,0.090894
11,10,<digits>,0,0.302922
11,10,<digits>,1,0.697078
11,10,<elements>,0,0.002383
11,10,<elements>,1,0.997617
11,10,<escape>,0,0.179123
11,10,<escape>,1,0.189847
11,10,<escape>,2,0.179669
11,10,<escape>,3,0.264493
11,10,<escape>,4,0.186868
11,10,<int>,0,0.502807
11,10,<int>,1,0.113258
11,10,<int>,2,0.383935
11,10,<members>,0,0.403531
11,10,<members>,1,0.596469
11,10,<number>,0,0.384399
11,10,<number>,1,0.355196
11,10,<number>,2,0.260405
11,10,<object>,0,0.378862
11,10,<object>,1,0.621138
11,10,<pair>,0,1.000000
11,10,<start>,0,1.000000
11,10,<string>,0,1.000000
11,10,<value>,0,0.490415
11,10,<value>,1,0.245907
11,10,<value>,2,0.064168
11,10,<value>,3,0.068912
11,10,<value>,4,0.052864
11,10,<value>,5,0.027817
11,10,<value>,6,0.049917
11,15,<array>,0,0.253427
11,15,<array>,1,0.746573
11,15,<char>,0,0.175108
11,15,<char>,1,0.282193
11,15,<char>,2,0.418259
11,15,<char>,3,0.016006
11,15,<char>,4,0.108434
11,15,<chars>,0,0.355889
11,15,<chars>,1,0.644111
11,15,<digit>,0,0.113447
11,15,<digit>,1,0.125657
11,15,<digit>,2,0.056452
11,15,<digit>,3,0.039957
11,15,<digit>,4,0.123788
11,15,<digit>,5,0.016996
11,15,<digit>,6,0.006882
11,15,<digit>,7,0.211405
11,15,<digit>,8,0.196884
11,15,<digit>,9,0.108532
11,15,<digits>,0,0.433053
11,15,<digits>,1,0.566947
11,15,<elements>,0,0.002486
11,15,<elements>,1,0.997514
11,15,<escape>,0,0.197469
11,15,<escape>,1,0.169035
11,15,<escape>,2,0.303213
11,15,<escape>,3,0.182703
11,15,<escape>,4,0.147580
11,15,<int>,0,0.515638
11,15,<int>,1,0.090255
11,15,<int>,2,0.394107
11,15,<members>,0,0.353719
11,15,<members>,1,0.646281
11,15,<number>,0,0.373116
11,15,<number>,1,0.350192
11,15,<number>,2,0.276692
11,15,<object>,0,0.337333
11,15,<object>,1,0.662667
11,15,<pair>,0,1.000000
11,15,<start>,0,1.000000
11,15,<string>,0,1.000000
11,15,<value>,0,0.307599
11,15,<value>,1,0.299601
11,15,<value>,2,0.086847
11,15,<value>,3,0.172362
11,15,<value>,4,0.044379
11,15,<value>,5,0.033275
11,15,<value>,6,0.055936
11,20,<array>,0,0.227211
11,20,<array>,1,0.772789
11,20,<char>,0,0.217373
11,20,<char>,1,0.221132
11,20,<char>,2,0.269535
11,20,<char>,3,0.047556
11,20,<char>,4,0.244404
11,20,<chars>,0,0.364334
11,20,<chars>,1,0.635666
11,20,<digit>,0,0.084035
11,20,<digit>,1,0.071726
11,20,<digit>,2,0.029660
11,20,<digit>,3,0.004177
11,20,<digit>,4,0.231473
11,20,<digit>,5,0.138832
11,20,<digit>,6,0.066632
11,20,<digit>,7,0.150210
11,20,<digit>,8,0.154448
11,20,<digit>,9,0.068808
11,20,<digits>,0,0.291079
11,20,<digits>,1,0.708921
11,20,<elements>,0,0.003298
11,20,<elements>,1,0.996702
11,20,<escape>,0,0.191434
11,20,<escape>,1,0.194420
11,20,<escape>,2,0.217938
11,20,<escape>,3,0.182724
11,20,<escape>,4,0.213484
11,20,<int>,0,0.498762
11,20,<int>,1,0.082558
11,20,<int>,2,0.418679
11,20,<members>,0,0.426737
11,20,<members>,1,0.573263
11,20,<number>,0,0.224310
11,20,<number>,1,0.498790
11,20,<number>,2,0.276900
11,20,<object>,0,0.322955
11,20,<object>,1,0.677045
11,20,<pair>,0,1.000000
11,20,<start>,0,1.000000
11,20,<string>,0,1.000000
11,20,<value>,0,0.296776
11,20,<value>,1,0.369936
11,20,<value>,2,0.058693
11,20,<value>,3,0.148694
11,20,<value>,4,0.053632
11,20,<value>,5,0.014305
11,20,<value>,6,0.057964
11,25,<array>,0,0.109614
11,25,<array>,1,0.890386
11,25,<char>,0,0.247669
11,25,<char>,1,0.155490
11,25,<char>,2,0.243325
11,25,<char>,3,0.194922
11,25,<char>,4,0.158594
11,25,<chars>,0,0.361143
11,25,<chars>,1,0.638857
11,25,<digit>,0,0.162731
11,25,<digit>,1,0.132759
11,25,<digit>,2,0.067721
11,25,<digit>,3,0.069445
11,25,<digit>,4,0.009718
11,25,<digit>,5,0.043734
11,25,<digit>,6,0.052205
11,25,<digit>,7,0.136266
11,25,<digit>,8,0.279464
11,25,<digit>,9,0.045956
11,25,<digits>,0,0.332211
11,25,<digits>,1,0.667789
11,25,<elements>,0,0.000427
11,25,<elements>,1,0.999573
11,25,<escape>,0,0.210325
11,25,<escape>,1,0.221252
11,25,<escape>,2,0.223726
11,25,<escape>,3,0.188021
11,25,<escape>,4,0.156676
11,25,<int>,0,0.476201
11,25,<int>,1,0.162801
11,25,<int>,2,0.360998
11,25,<members>,0,0.427939
11,25,<members>,1,0.572061
11,25,<number>,0,0.294428
11,25,<number>,1,0.424856
11,25,<number>,2,0.280716
11,25,<object>,0,0.274201
11,25,<object>,1,0.725799
11,25,<pair>,0,1.000000
11,25,<start>,0,1.000000
11,25,<string>,0,1.000000
11,25,<value>,0,0.321046
11,25,<value>,1,0.315654
11,25,<value>,2,0.061788
11,25,<value>,3,0.141826
11,25,<value>,4,0.100277
11,25,<value>,5,0.014568
11,25,<value>,6,0.044842
11,30,<array>,0,0.131383
11,30,<array>,1,0.868617
11,30,<char>,0,0.159579
11,30,<char>,1,0.224190
11,30,<char>,2,0.440560
11,30,<char>,3,0.121860
11,30,<char>,4,0.053810
11,30,<chars>,0,0.000000
11,30,<chars>,1,1.000000
11,30,<digit>,0,0.147910
11,30,<digit>,1,0.166420
11,30,<digit>,2,0.094492
11,30,<digit>,3,0.020368
11,30,<digit>,4,0.079846
11,30,<digit>,5,0.135882
11,30,<digit>,6,0.099103
11,30,<digit>,7,0.024557
11,30,<digit>,8,0.231422
11,30,<digit>,9,0.000000
11,30,<digits>,0,0.274609
11,30,<digits>,1,0.725391
11,30,<elements>,0,0.047710
11,30,<elements>,1,0.952290
11,30,<escape>,0,0.145017
11,30,<escape>,1,0.185888
11,30,<escape>,2,0.281935
11,30,<escape>,3,0.198039
11,30,<escape>,4,0.189121
11,30,<int>,0,0.525318
11,30,<int>,1,0.083694
11,30,<int>,2,0.390988
11,30,<members>,0,0.437296
11,30,<members>,1,0.562704
11,30,<number>,0,0.325452
11,30,<number>,1,0.410692
11,30,<number>,2,0.263856
11,30,<object>,0,0.113456
11,30,<object>,1,0.886544
11,30,<pair>,0,1.000000
11,30,<start>,0,1.000000
11,30,<string>,0,1.000000
11,30,<value>,0,0.393600
11,30,<value>,1,0.193199
11,30,<value>,2,0.020930
11,30,<value>,3,0.214320
11,30,<value>,4,0.115520
11,30,<value>,5,0.023183
11,30,<value>,6,0.039248
11,35,<array>,0,0.101667
11,35,<array>,1,0.898333
11,35,<char>,0,0.299147
11,35,<char>,1,0.187662
11,35,<char>,2,0.199700
11,35,<char>,3,0.084138
11,35,<char>,4,0.229352
11,35,<chars>,0,0.208393
11,35,<chars>,1,0.791607
11,35,<digit>,0,0.143589
11,35,<digit>,1,0.090285
11,35,<digit>,2,0.145423
11,35,<digit>,3,0.062559
11,35,<digit>,4,0.030331
11,35,<digit>,5,0.229796
11,35,<digit>,6,0.078703
11,35,<digit>,7,0.014428
11,35,<digit>,8,0.174287
11,35,<digit>,9,0.030598
11,35,<digits>,0,0.313857
11,35,<digits>,1,0.686143
11,35,<elements>,0,0.080602
11,35,<elements>,1,0.919398
11,35,<escape>,0,0.239320
11,35,<escape>,1,0.237302
11,35,<escape>,2,0.304452
11,35,<escape>,3,0.000000
11,35,<escape>,4,0.218927
11,35,<int>,0,0.449947
11,35,<int>,1,0.201360
11,35,<int>,2,0.348693
11,35,<members>,0,0.320942
11,35,<members>,1,0.679058
11,35,<number>,0,0.370762
11,35,<number>,1,0.147668
11,35,<number>,2,0.481570
11,35,<object>,0,0.247280
11,35,<object>,1,0.752720
11,35,<pair>,0,1.000000
11,35,<start>,0,1.000000
11,35,<string>,0,1.000000
11,35,<value>,0,0.338058
11,35,<value>,1,0.330484
11,35,<value>,2,0.031242
11,35,<value>,3,0.169428
11,35,<value>,4,0.088586
11,35,<value>,5,0.026207
11,35,<value>,6,0.015997
11,40,<array>,0,0.101754
11,40,<array>,1,0.898246
11,40,<char>,0,0.227478
11,40,<char>,1,0.181973
11,40,<char>,2,0.248435
11,40,<char>,3,0.079176
11,40,<char>,4,0.262938
11,40,<chars>,0,0.240393
11,40,<chars>,1,0.759607
11,40,<digit>,0,0.127681
11,40,<digit>,1,0.108954
11,40,<digit>,2,0.128185
11,40,<digit>,3,0.043108
11,40,<digit>,4,0.031240
11,40,<digit>,5,0.234708
11,40,<digit>,6,0.028691
11,40,<digit>,7,0.035539
11,40,<digit>,8,0.199057
11,40,<digit>,9,0.062838
11,40,<digits>,0,0.281055
11,40,<digits>,1,0.718945
11,40,<elements>,0,0.006666
11,40,<elements>,1,0.993334
11,40,<escape>,0,0.289851
11,40,<escape>,1,0.222102
11,40,<escape>,2,0.293705
11,40,<escape>,3,0.043965
11,40,<escape>,4,0.150378
11,40,<int>,0,0.455937
11,40,<int>,1,0.096869
11,40,<int>,2,0.447194
11,40,<members>,0,0.383289
11,40,<members>,1,0.616711
11,40,<number>,0,0.331855
11,40,<number>,1,0.273955
11,40,<number>,2,0.394190
11,40,<object>,0,0.245584
11,40,<object>,1,0.754416
11,40,<pair>,0,1.000000
11,40,<start>,0,1.000000
11,40,<string>,0,1.000000
11,40,<value>,0,0.299083
11,40,<value>,1,0.345647
11,40,<value>,2,0.052760
11,40,<value>,3,0.189225
11,40,<value>,4,0.034755
11,40,<value>,5,0.031171
11,40,<value>,6,0.047360
11,45,<array>,0,0.104024
11,45,<array>,1,0.895976
11,45,<char>,0,0.239931
11,45,<char>,1,0.164579
11,45,<char>,2,0.280403
11,45,<char>,3,0.075760
11,45,<char>,4,0.239327
11,45,<chars>,0,0.152286
11,45,<chars>,1,0.847714
11,45,<digit>,0,0.128757
11,45,<digit>,1,0.058769
11,45,<digit>,2,0.234638
11,45,<digit>,3,0.025917
11,45,<digit>,4,0.058363
11,45,<digit>,5,0.084487
11,45,<digit>,6,0.037109
11,45,<digit>,7,0.059446
11,45,<digit>,8,0.293415
11,45,<digit>,9,0.019099
11,45,<digits>,0,0.334480
11,45,<digits>,1,0.665520
11,45,<elements>,0,0.008585
11,45,<elements>,1,0.991415
11,45,<escape>,0,0.256085
11,45,<escape>,1,0.272046
11,45,<escape>,2,0.335122
11,45,<escape>,3,0.000000
11,45,<escape>,4,0.136747
11,45,<int>,0,0.492874
11,45,<int>,1,0.103352
11,45,<int>,2,0.403773
11,45,<members>,0,0.371509
11,45,<members>,1,0.628491
11,45,<number>,0,0.297278
11,45,<number>,1,0.307781
11,45,<number>,2,0.394941
11,45,<object>,0,0.260571
11,45,<object>,1,0.739429
11,45,<pair>,0,1.000000
11,45,<start>,0,1.000000
11,45,<string>,0,1.000000
11,45,<value>,0,0.298869
11,45,<value>,1,0.320428
11,45,<value>,2,0.044206
11,45,<value>,3,0.203455
11,45,<value>,4,0.041930
11,45,<value>,5,0.037967
11,45,<value>,6,0.053145
11,50,<array>,0,0.133110
11,50,<array>,1,0.866890
11,50,<char>,0,0.241035
11,50,<char>,1,0.206953
11,50,<char>,2,0.258068
11,50,<char>,3,0.075205
11,50,<char>,4,0.218739
11,50,<chars>,0,0.107474
11,50,<chars>,1,0.892526
11,50,<digit>,0,0.182080
11,50,<digit>,1,0.133394
11,50,<digit>,2,0.000000
11,50,<digit>,3,0.036689
11,50,<digit>,4,0.085506
11,50,<digit>,5,0.120991
11,50,<digit>,6,0.000000
11,50,<digit>,7,0.043876
11,50,<digit>,8,0.361745
11,50,<digit>,9,0.035720
11,50,<digits>,0,0.324593
11,50,<digits>,1,0.675407
11,50,<elements>,0,0.009676
11,50,<elements>,1,0.990324
11,50,<escape>,0,0.280828
11,50,<escape>,1,0.268523
11,50,<escape>,2,0.326221
11,50,<escape>,3,0.018449
11,50,<escape>,4,0.105979
11,50,<int>,0,0.482715
11,50,<int>,1,0.103811
11,50,<int>,2,0.413474
11,50,<members>,0,0.352904
11,50,<members>,1,0.647096
11,50,<number>,0,0.225343
11,50,<number>,1,0.315762
11,50,<number>,2,0.458896
11,50,<object>,0,0.214408
11,50,<object>,1,0.785592
11,50,<pair>,0,1.000000
11,50,<start>,0,1.000000
11,50,<string>,0,1.000000
11,50,<value>,0,0.340152
11,50,<value>,1,0.329174
11,50,<value>,2,0.024825
11,50,<value>,3,0.187850
11,50,<value>,4,0.046696
11,50,<value>,5,0.018775
11,50,<value>,6,0.052529
11,55,<array>,0,0.133520
11,55,<array>,1,0.866480
11,55,<char>,0,0.230534
11,55,<char>,1,0.202917
11,55,<char>,2,0.256695
11,55,<char>,3,0.091221
11,55,<char>,4,0.218633
11,55,<chars>,0,0.127596
11,55,<chars>,1,0.872404
11,55,<digit>,0,0.260417
11,55,<digit>,1,0.110173
11,55,<digit>,2,0.000000
11,55,<digit>,3,0.027469
11,55,<digit>,4,0.054789
11,55,<digit>,5,0.118845
11,55,<digit>,6,0.000157
11,55,<digit>,7,0.060265
11,55,<digit>,8,0.330908
11,55,<digit>,9,0.036977
11,55,<digits>,0,0.320797
11,55,<digits>,1,0.679203
11,55,<elements>,0,0.009824
11,55,<elements>,1,0.990176
11,55,<escape>,0,0.318659
11,55,<escape>,1,0.280292
11,55,<escape>,2,0.341397
11,55,<escape>,3,0.016615
11,55,<escape>,4,0.043037
11,55,<int>,0,0.486515
11,55,<int>,1,0.108604
11,55,<int>,2,0.404881
11,55,<members>,0,0.353559
11,55,<members>,1,0.646441
11,55,<number>,0,0.222821
11,55,<number>,1,0.327114
11,55,<number>,2,0.450065
11,55,<object>,0,0.216823
11,55,<object>,1,0.783177
11,55,<pair>,0,1.000000
11,55,<start>,0,1.000000
11,55,<string>,0,1.000000
11,55,<value>,0,0.376497
11,55,<value>,1,0.307502
11,55,<value>,2,0.026862
11,55,<value>,3,0.177323
11,55,<value>,4,0.044041
11,55,<value>,5,0.018039
11,55,<value>,6,0.049736
11,59,<array>,0,0.104775
11,59,<array>,1,0.895225
11,59,<char>,0,0.215693
11,59,<char>,1,0.108546
11,59,<char>,2,0.439273
11,59,<char>,3,0.057951
11,59,<char>,4,0.178537
11,59,<chars>,0,0.131263
11,59,<chars>,1,0.868737
11,59,<digit>,0,0.275274
11,59,<digit>,1,0.091971
11,59,<digit>,2,0.006173
11,59,<digit>,3,0.026629
11,59,<digit>,4,0.054256
11,59,<digit>,5,0.106694
11,59,<digit>,6,0.000000
11,59,<digit>,7,0.066906
11,59,<digit>,8,0.328423
11,59,<digit>,9,0.043674
11,59,<digits>,0,0.317465
11,59,<digits>,1,0.682535
11,59,<elements>,0,0.000000
11,59,<elements>,1,1.000000
11,59,<escape>,0,0.258935
11,59,<escape>,1,0.260075
11,59,<escape>,2,0.371532
11,59,<escape>,3,0.005596
11,59,<escape>,4,0.103862
11,59,<int>,0,0.512273
11,59,<int>,1,0.111545
11,59,<int>,2,0.376182
11,59,<members>,0,0.124810
11,59,<members>,1,0.875190
11,59,<number>,0,0.223593
11,59,<number>,1,0.327850
11,59,<number>,2,0.448557
11,59,<object>,0,0.104593
11,59,<object>,1,0.895407
11,59,<pair>,0,1.000000
11,59,<start>,0,1.000000
11,59,<string>,0,1.000000
11,59,<value>,0,0.374054
11,59,<value>,1,0.308564
11,59,<value>,2,0.041878
11,59,<value>,3,0.195194
11,59,<value>,4,0.044927
11,59,<value>,5,0.017210
11,59,<value>,6,0.018173
12,0,<array>,0,0.531429
12,0,<array>,1,0.468571
12,0,<char>,0,0.170907
12,0,<char>,1,0.156936
12,0,<char>,2,0.196849
12,0,<char>,3,0.206021
12,0,<char>,4,0.269287
12,0,<chars>,0,0.433166
12,0,<chars>,1,0.566834
12,0,<digit>,0,0.067244
12,0,<digit>,1,0.077767
12,0,<digit>,2,0.155658
12,0,<digit>,3,0.157924
12,0,<digit>,4,0.161730
12,0,<digit>,5,0.058178
12,0,<digit>,6,0.034715
12,0,<digit>,7,0.125280
12,0,<digit>,8,0.052637
12,0,<digit>,9,0.108866
12,0,<digits>,0,0.460524
12,0,<digits>,1,0.539476
12,0,<elements>,0,0.679111
12,0,<elements>,1,0.320889
12,0,<escape>,0,0.226024
12,0,<escape>,1,0.184725
12,0,<escape>,2,0.123160
12,0,<escape>,3,0.152605
12,0,<escape>,4,0.313486
12,0,<int>,0,0.251429
12,0,<int>,1,0.203203
12,0,<int>,2,0.545368
12,0,<members>,0,0.511061
12,0,<members>,1,0.488939
12,0,<number>,0,0.274894
12,0,<number>,1,0.408511
12,0,<number>,2,0.316595
12,0,<object>,0,0.395555
12,0,<object>,1,0.604445
12,0,<pair>,0,1.000000
12,0,<start>,0,1.000000
12,0,<string>,0,1.000000
12,0,<value>,0,0.188012
12,0,<value>,1,0.256504
12,0,<value>,2,0.135318
12,0,<value>,3,0.075722
12,0,<value>,4,0.189572
12,0,<value>,5,0.084930
12,0,<value>,6,0.069943
12,5,<array>,0,0.234923
12,5,<array>,1,0.765077
12,5,<char>,0,0.257497
12,5,<char>,1,0.184421
12,5,<char>,2,0.112720
12,5,<char>,3,0.137351
12,5,<char>,4,0.308011
12,5,<chars>,0,0.363290
12,5,<chars>,1,0.636710
12,5,<digit>,0,0.082337
12,5,<digit>,1,0.063638
12,5,<digit>,2,0.149693
12,5,<digit>,3,0.020050
12,5,<digit>,4,0.116135
12,5,<digit>,5,0.096853
12,5,<digit>,6,0.102759
12,5,<digit>,7,0.109243
12,5,<digit>,8,0.140499
12,5,<digit>,9,0.118793
12,5,<digits>,0,0.484087
12,5,<digits>,1,0.515913
12,5,<elements>,0,0.359212
12,5,<elements>,1,0.640788
12,5,<escape>,0,0.351842
12,5,<escape>,1,0.169831
12,5,<escape>,2,0.143737
12,5,<escape>,3,0.177128
12,5,<escape>,4,0.157462
12,5,<int>,0,0.304686
12,5,<int>,1,0.345632
12,5,<int>,2,0.349682
12,5,<members>,0,0.329159
12,5,<members>,1,0.670841
12,5,<number>,0,0.335997
12,5,<number>,1,0.428895
12,5,<number>,2,0.235108
12,5,<object>,0,0.572650
12,5,<object>,1,0.427350
12,5,<pair>,0,1.000000
12,5,<start>,0,1.000000
12,5,<string>,0,1.000000
12,5,<value>,0,0.232048
12,5,<value>,1,0.227473
12,5,<value>,2,0.096676
12,5,<value>,3,0.161551
12,5,<value>,4,0.080327
12,5,<value>,5,0.116032
12,5,<value>,6,0.085893
12,10,<array>,0,0.259429
12,10,<array>,1,0.740571
12,10,<char>,0,0.157257
12,10,<char>,1,0.214165
12,10,<char>,2,0.198444
12,10,<char>,3,0.139026
12,10,<char>,4,0.291108
12,10,<chars>,0,0.380058
12,10,<chars>,1,0.619942
12,10,<digit>,0,0.059762
12,10,<digit>,1,0.066408
12,10,<digit>,2,0.151313
12,10,<digit>,3,0.014889
12,10,<digit>,4,0.098968
12,10,<digit>,5,0.095092
12,10,<digit>,6,0.079449
12,10,<digit>,7,0.123856
12,10,<digit>,8,0.157375
12,10,<digit>,9,0.152889
12,10,<digits>,0,0.477295
12,10,<digits>,1,0.522705
12,10,<elements>,0,0.051398
12,10,<elements>,1,0.948602
12,10,<escape>,0,0.265007
12,10,<escape>,1,0.141523
12,10,<escape>,2,0.189045
12,10,<escape>,3,0.239010
12,10,<escape>,4,0.165415
12,10,<int>,0,0.336511
12,10,<int>,1,0.308218
12,10,<int>,2,0.355272
12,10,<members>,0,0.346357
12,10,<members>,1,0.653643
12,10,<number>,0,0.301326
12,10,<number>,1,0.445751
12,10,<number>,2,0.252922
12,10,<object>,0,0.572392
12,10,<object>,1,0.427608
12,10,<pair>,0,1.000000
12,10,<start>,0,1.000000
12,10,<string>,0,1.000000
12,10,<value>,0,0.252932
12,10,<value>,1,0.251086
12,10,<value>,2,0.018957
12,10,<value>,3,0.188648
12,10,<value>,4,0.118316
12,10,<value>,5,0.126359
12,10,<value>,6,0.043701
12,15,<array>,0,0.222259
12,15,<array>,1,0.777741
12,15,<char>,0,0.147732
12,15,<char>,1,0.327055
12,15,<char>,2,0.142310
12,15,<char>,3,0.182092
12,15,<char>,4,0.200810
12,15,<chars>,0,0.362260
12,15,<chars>,1,0.637740
12,15,<digit>,0,0.071437
12,15,<digit>,1,0.073307
12,15,<digit>,2,0.136138
12,15,<digit>,3,0.085869
12,15,<digit>,4,0.099549
12,15,<digit>,5,0.112469
12,15,<digit>,6,0.108727
12,15,<digit>,7,0.136724
12,15,<digit>,8,0.122536
12,15,<digit>,9,0.053244
12,15,<digits>,0,0.428324
12,15,<digits>,1,0.571676
12,15,<elements>,0,0.000000
12,15,<elements>,1,1.000000
12,15,<escape>,0,0.307737
12,15,<escape>,1,0.179928
12,15,<escape>,2,0.159720
12,15,<escape>,3,0.213842
12,15,<escape>,4,0.138773
12,15,<int>,0,0.314459
12,15,<int>,1,0.320761
12,15,<int>,2,0.364779
12,15,<members>,0,0.288090
12,15,<members>,1,0.711910
12,15,<number>,0,0.273271
12,15,<number>,1,0.446240
12,15,<number>,2,0.280489
12,15,<object>,0,0.569566
12,15,<object>,1,0.430434
12,15,<pair>,0,1.000000
12,15,<start>,0,1.000000
12,15,<string>,0,1.000000
12,15,<value>,0,0.220603
12,15,<value>,1,0.239921
12,15,<value>,2,0.000000
12,15,<value>,3,0.171861
12,15,<value>,4,0.011426
12,15,<value>,5,0.307032
12,15,<value>,6,0.049158
12,20,<array>,0,0.221178
12,20,<array>,1,0.778822
12,20,<char>,0,0.205032
12,20,<char>,1,0.231587
12,20,<char>,2,0.236128
12,20,<char>,3,0.121019
12,20,<char>,4,0.206235
12,20,<chars>,0,0.321633
12,20,<chars>,1,0.678367
12,20,<digit>,0,0.103815
12,20,<digit>,1,0.062483
12,20,<digit>,2,0.140985
12,20,<digit>,3,0.134194
12,20,<digit>,4,0.121110
12,20,<digit>,5,0.090291
12,20,<digit>,6,0.105499
12,20,<digit>,7,0.046474
12,20,<digit>,8,0.109743
12,20,<digit>,9,0.085407
12,20,<digits>,0,0.488764
12,20,<digits>,1,0.511236
12,20,<elements>,0,0.079106
12,20,<elements>,1,0.920894
12,20,<escape>,0,0.200290
12,20,<escape>,1,0.279207
12,20,<escape>,2,0.195831
12,20,<escape>,3,0.196942
12,20,<escape>,4,0.127729
12,20,<int>,0,0.464179
12,20,<int>,1,0.228432
12,20,<int>,2,0.307389
12,20,<members>,0,0.318053
12,20,<members>,1,0.681947
12,20,<number>,0,0.283121
12,20,<number>,1,0.456720
12,20,<number>,2,0.260159
12,20,<object>,0,0.442974
12,20,<object>,1,0.557026
12,20,<pair>,0,1.000000
12,20,<start>,0,1.000000
12,20,<string>,0,1.000000
12,20,<value>,0,0.269417
12,20,<value>,1,0.346070
12,20,<value>,2,0.007090
12,20,<value>,3,0.100090
12,20,<value>,4,0.059124
12,20,<value>,5,0.170983
12,20,<value>,6,0.047227
12,25,<array>,0,0.224990
12,25,<array>,1,0.775010
12,25,<char>,0,0.207130
12,25,<char>,1,0.192000
12,25,<char>,2,0.221027
12,25,<char>,3,0.166918
12,25,<char>,4,0.212925
12,25,<chars>,0,0.316337
12,25,<chars>,1,0.683663
12,25,<digit>,0,0.124689
12,25,<digit>,1,0.004089
12,25,<digit>,2,0.232724
12,25,<digit>,3,0.052343
12,25,<digit>,4,0.108255
12,25,<digit>,5,0.120497
12,25,<digit>,6,0.042816
12,25,<digit>,7,0.088100
12,25,<digit>,8,0.180553
12,25,<digit>,9,0.045933
12,25,<digits>,0,0.509934
12,25,<digits>,1,0.490066
12,25,<elements>,0,0.000000
12,25,<elements>,1,1.000000
12,25,<escape>,0,0.241151
12,25,<escape>,1,0.217789
12,25,<escape>,2,0.230437
12,25,<escape>,3,0.197248
12,25,<escape>,4,0.113374
12,25,<int>,0,0.359078
12,25,<int>,1,0.323037
12,25,<int>,2,0.317885
12,25,<members>,0,0.177059
12,25,<members>,1,0.822941
12,25,<number>,0,0.248364
12,25,<number>,1,0.466669
12,25,<number>,2,0.284968
12,25,<object>,0,0.484557
12,25,<object>,1,0.515443
12,25,<pair>,0,1.000000
12,25,<start>,0,1.000000
12,25,<string>,0,1.000000
12,25,<value>,0,0.311545
12,25,<value>,1,0.382065
12,25,<value>,2,0.016455
12,25,<value>,3,0.097808
12,25,<value>,4,0.065398
12,25,<value>,5,0.066214
12,25,<value>,6,0.060514
12,30,<array>,0,0.221070
12,30,<array>,1,0.778930
12,30,<char>,0,0.165743
12,30,<char>,1,0.232535
12,30,<char>,2,0.324070
12,30,<char>,3,0.152057
12,30,<char>,4,0.125595
12,30,<chars>,0,0.327796
12,30,<chars>,1,0.672204
12,30,<digit>,0,0.157948
12,30,<digit>,1,0.000000
12,30,<digit>,2,0.088679
12,30,<digit>,3,0.038009
12,30,<digit>,4,0.202421
12,30,<digit>,5,0.083518
12,30,<digit>,6,0.100666
12,30,<digit>,7,0.193315
12,30,<digit>,8,0.135444
12,30,<digit>,9,0.000000
12,30,<digits>,0,0.528467
12,30,<digits>,1,0.471533
12,30,<elements>,0,0.000000
12,30,<elements>,1,1.000000
12,30,<escape>,0,0.254457
12,30,<escape>,1,0.276168
12,30,<escape>,2,0.183591
12,30,<escape>,3,0.178897
12,30,<escape>,4,0.106887
12,30,<int>,0,0.288033
12,30,<int>,1,0.335452
12,30,<int>,2,0.376515
12,30,<members>,0,0.122557
12,30,<members>,1,0.877443
12,30,<number>,0,0.207495
12,30,<number>,1,0.468283
12,30,<number>,2,0.324222
12,30,<object>,0,0.501615
12,30,<object>,1,0.498385
12,30,<pair>,0,1.000000
12,30,<start>,0,1.000000
12,30,<string>,0,1.000000
12,30,<value>,0,0.362961
12,30,<value>,1,0.407658
12,30,<value>,2,0.011443
12,30,<value>,3,0.167770
12,30,<value>,4,0.024572
12,30,<value>,5,0.015093
12,30,<value>,6,0.010502
12,35,<array>,0,0.190319
12,35,<array>,1,0.809681
12,35,<char>,0,0.141950
12,35,<char>,1,0.306699
12,35,<char>,2,0.307847
12,35,<char>,3,0.064678
12,35,<char>,4,0.178826
12,35,<chars>,0,0.315993
12,35,<chars>,1,0.684007
12,35,<digit>,0,0.140389
12,35,<digit>,1,0.064204
12,35,<digit>,2,0.218534
12,35,<digit>,3,0.087414
12,35,<digit>,4,0.017632
12,35,<digit>,5,0.074813
12,35,<digit>,6,0.031513
12,35,<digit>,7,0.115620
12,35,<digit>,8,0.161481
12,35,<digit>,9,0.088399
12,35,<digits>,0,0.496621
12,35,<digits>,1,0.503379
12,35,<elements>,0,0.008961
12,35,<elements>,1,0.991039
12,35,<escape>,0,0.209595
12,35,<escape>,1,0.429370
12,35,<escape>,2,0.182007
12,35,<escape>,3,0.156053
12,35,<escape>,4,0.022974
12,35,<int>,0,0.339848
12,35,<int>,1,0.369947
12,35,<int>,2,0.290205
12,35,<members>,0,0.000000
12,35,<members>,1,1.000000
12,35,<number>,0,0.245803
12,35,<number>,1,0.485562
12,35,<number>,2,0.268635
12,35,<object>,0,0.486472
12,35,<object>,1,0.513528
12,35,<pair>,0,1.000000
12,35,<start>,0,1.000000
12,35,<string>,0,1.000000
12,35,<value>,0,0.486203
12,35,<value>,1,0.228267
12,35,<value>,2,0.021655
12,35,<value>,3,0.154656
12,35,<value>,4,0.030730
12,35,<value>,5,0.026832
12,35,<value>,6,0.051658
12,40,<array>,0,0.261129
12,40,<array>,1,0.738871
12,40,<char>,0,0.118537
12,40,<char>,1,0.350219
12,40,<char>,2,0.252727
12,40,<char>,3,0.148012
12,40,<char>,4,0.130504
12,40,<chars>,0,0.340816
12,40,<chars>,1,0.659184
12,40,<digit>,0,0.223072
12,40,<digit>,1,0.018222
12,40,<digit>,2,0.044539
12,40,<digit>,3,0.046358
12,40,<digit>,4,0.006243
12,40,<digit>,5,0.115636
12,40,<digit>,6,0.156247
12,40,<digit>,7,0.097438
12,40,<digit>,8,0.170489
12,40,<digit>,9,0.121757
12,40,<digits>,0,0.519299
12,40,<digits>,1,0.480701
12,40,<elements>,0,0.011545
12,40,<elements>,1,0.988455
12,40,<escape>,0,0.240779
12,40,<escape>,1,0.289814
12,40,<escape>,2,0.245868
12,40,<escape>,3,0.147019
12,40,<escape>,4,0.076520
12,40,<int>,0,0.311531
12,40,<int>,1,0.382057
12,40,<int>,2,0.306412
12,40,<members>,0,0.032038
12,40,<members>,1,0.967962
12,40,<number>,0,0.269292
12,40,<number>,1,0.466812
12,40,<number>,2,0.263896
12,40,<object>,0,0.392057
12,40,<object>,1,0.607943
12,40,<pair>,0,1.000000
12,40,<start>,0,1.000000
12,40,<string>,0,1.000000
12,40,<value>,0,0.372996
12,40,<value>,1,0.292686
12,40,<value>,2,0.019541
12,40,<value>,3,0.185113
12,40,<value>,4,0.020264
12,40,<value>,5,0.050205
12,40,<value>,6,0.059195
12,45,<array>,0,0.271632
12,45,<array>,1,0.728368
12,45,<char>,0,0.067874
12,45,<char>,1,0.334242
12,45,<char>,2,0.241057
12,45,<char>,3,0.161758
12,45,<char>,4,0.195069
12,45,<chars>,0,0.348039
12,45,<chars>,1,0.651961
12,45,<digit>,0,0.281562
12,45,<digit>,1,0.050816
12,45,<digit>,2,0.115972
12,45,<digit>,3,0.051984
12,45,<digit>,4,0.031512
12,45,<digit>,5,0.093674
12,45,<digit>,6,0.040359
12,45,<digit>,7,0.092775
12,45,<digit>,8,0.114489
12,45,<digit>,9,0.126857
12,45,<digits>,0,0.388901
12,45,<digits>,1,0.611099
12,45,<elements>,0,0.016145
12,45,<elements>,1,0.983855
12,45,<escape>,0,0.250245
12,45,<escape>,1,0.287141
12,45,<escape>,2,0.304033
12,45,<escape>,3,0.158580
12,45,<escape>,4,0.000000
12,45,<int>,0,0.330265
12,45,<int>,1,0.275819
12,45,<int>,2,0.393916
12,45,<members>,0,0.000000
12,45,<members>,1,1.000000
12,45,<number>,0,0.259710
12,45,<number>,1,0.531040
12,45,<number>,2,0.209249
12,45,<object>,0,0.435487
12,45,<object>,1,0.564513
12,45,<pair>,0,1.000000
12,45,<start>,0,1.000000
12,45,<string>,0,1.000000
12,45,<value>,0,0.389066
12,45,<value>,1,0.305208
12,45,<value>,2,0.026487
12,45,<value>,3,0.198735
12,45,<value>,4,0.036574
12,45,<value>,5,0.037509
12,45,<value>,6,0.006422
12,50,<array>,0,0.262670
12,50,<array>,1,0.737330
12,50,<char>,0,0.147895
12,50,<char>,1,0.320600
12,50,<char>,2,0.221952
12,50,<char>,3,0.157446
12,50,<char>,4,0.152108
12,50,<chars>,0,0.105039
12,50,<chars>,1,0.894961
12,50,<digit>,0,0.241058
12,50,<digit>,1,0.108182
12,50,<digit>,2,0.119105
12,50,<digit>,3,0.082025
12,50,<digit>,4,0.048170
12,50,<digit>,5,0.149407
12,50,<digit>,6,0.108974
12,50,<digit>,7,0.018984
12,50,<digit>,8,0.026356
12,50,<digit>,9,0.097739
12,50,<digits>,0,0.197719
12,50,<digits>,1,0.802281
12,50,<elements>,0,0.033054
12,50,<elements>,1,0.966946
12,50,<escape>,0,0.267188
12,50,<escape>,1,0.349919
12,50,<escape>,2,0.283548
12,50,<escape>,3,0.031666
12,50,<escape>,4,0.067678
12,50,<int>,0,0.331097
12,50,<int>,1,0.354277
12,50,<int>,2,0.314626
12,50,<members>,0,0.094995
12,50,<members>,1,0.905005
12,50,<number>,0,0.264822
12,50,<number>,1,0.493168
12,50,<number>,2,0.242010
12,50,<object>,0,0.424445
12,50,<object>,1,0.575555
12,50,<pair>,0,1.000000
12,50,<start>,0,1.000000
12,50,<string>,0,1.000000
12,50,<value>,0,0.417471
12,50,<value>,1,0.328536
12,50,<value>,2,0.005968
12,50,<value>,3,0.166173
12,50,<value>,4,0.032822
12,50,<value>,5,0.032147
12,50,<value>,6,0.016883
12,55,<array>,0,0.260811
12,55,<array>,1,0.739189
12,55,<char>,0,0.167874
12,55,<char>,1,0.310167
12,55,<char>,2,0.211694
12,55,<char>,3,0.159996
12,55,<char>,4,0.150270
12,55,<chars>,0,0.030339
12,55,<chars>,1,0.969661
12,55,<digit>,0,0.290653
12,55,<digit>,1,0.031756
12,55,<digit>,2,0.094483
12,55,<digit>,3,0.070239
12,55,<digit>,4,0.049098
12,55,<digit>,5,0.114464
12,55,<digit>,6,0.100479
12,55,<digit>,7,0.080945
12,55,<digit>,8,0.056856
12,55,<digit>,9,0.111027
12,55,<digits>,0,0.185107
12,55,<digits>,1,0.814893
12,55,<elements>,0,0.053552
12,55,<elements>,1,0.946448
12,55,<escape>,0,0.314420
12,55,<escape>,1,0.343507
12,55,<escape>,2,0.286257
12,55,<escape>,3,0.055816
12,55,<escape>,4,0.000000
12,55,<int>,0,0.286903
12,55,<int>,1,0.309464
12,55,<int>,2,0.403633
12,55,<members>,0,0.094464
12,55,<members>,1,0.905536
12,55,<number>,0,0.268891
12,55,<number>,1,0.489342
12,55,<number>,2,0.241767
12,55,<object>,0,0.425078
12,55,<object>,1,0.574922
12,55,<pair>,0,1.000000
12,55,<start>,0,1.000000
12,55,<string>,0,1.000000
12,55,<value>,0,0.417419
12,55,<value>,1,0.318074
12,55,<value>,2,0.022625
12,55,<value>,3,0.161002
12,55,<value>,4,0.033719
12,55,<value>,5,0.030647
12,55,<value>,6,0.016513
12,59,<array>,0,0.265888
12,59,<array>,1,0.734112
12,59,<char>,0,0.162739
12,59,<char>,1,0.318641
12,59,<char>,2,0.213562
12,59,<char>,3,0.156523
12,59,<char>,4,0.148536
12,59,<chars>,0,0.033195
12,59,<chars>,1,0.966805
12,59,<digit>,0,0.223051
12,59,<digit>,1,0.030427
12,59,<digit>,2,0.106112
12,59,<digit>,3,0.071657
12,59,<digit>,4,0.106881
12,59,<digit>,5,0.117400
12,59,<digit>,6,0.111678
12,59,<digit>,7,0.068716
12,59,<digit>,8,0.052314
12,59,<digit>,9,0.111763
12,59,<digits>,0,0.149936
12,59,<digits>,1,0.850064
12,59,<elements>,0,0.020952
12,59,<elements>,1,0.979048
12,59,<escape>,0,0.225131
12,59,<escape>,1,0.430740
12,59,<escape>,2,0.271037
12,59,<escape>,3,0.044620
12,59,<escape>,4,0.028471
12,59,<int>,0,0.277968
12,59,<int>,1,0.320213
12,59,<int>,2,0.401819
12,59,<members>,0,0.010706
12,59,<members>,1,0.989294
12,59,<number>,0,0.270479
12,59,<number>,1,0.487128
12,59,<number>,2,0.242392
12,59,<object>,0,0.424943
12,59,<object>,1,0.575057
12,59,<pair>,0,1.000000
12,59,<start>,0,1.000000
12,59,<string>,0,1.000000
12,59,<value>,0,0.414128
12,59,<value>,1,0.329634
12,59,<value>,2,0.020783
12,59,<value>,3,0.158070
12,59,<value>,4,0.029226
12,59,<value>,5,0.031169
12,59,<value>,6,0.016990
13,0,<array>,0,0.321821
13,0,<array>,1,0.678179
13,0,<char>,0,0.293238
13,0,<char>,1,0.119462
13,0,<char>,2,0.190784
13,0,<char>,3,0.164358
13,0,<char>,4,0.232159
13,0,<chars>,0,0.406151
13,0,<chars>,1,0.593849
13,0,<digit>,0,0.058564
13,0,<digit>,1,0.115856
13,0,<digit>,2,0.045978
13,0,<digit>,3,0.091246
13,0,<digit>,4,0.084414
13,0,<digit>,5,0.082418
13,0,<digit>,6,0.116862
13,0,<digit>,7,0.136545
13,0,<digit>,8,0.175177
13,0,<digit>,9,0.092940
13,0,<digits>,0,0.390713
13,0,<digits>,1,0.609287
13,0,<elements>,0,0.534832
13,0,<elements>,1,0.465168
13,0,<escape>,0,0.247510
13,0,<escape>,1,0.132581
13,0,<escape>,2,0.197679
13,0,<escape>,3,0.183346
13,0,<escape>,4,0.238884
13,0,<int>,0,0.285568
13,0,<int>,1,0.393560
13,0,<int>,2,0.320872
13,0,<members>,0,0.479814
13,0,<members>,1,0.520186
13,0,<number>,0,0.337358
13,0,<number>,1,0.206624
13,0,<number>,2,0.456018
13,0,<object>,0,0.526432
13,0,<object>,1,0.473568
13,0,<pair>,0,1.000000
13,0,<start>,0,1.000000
13,0,<string>,0,1.000000
13,0,<value>,0,0.215471
13,0,<value>,1,0.219712
13,0,<value>,2,0.074253
13,0,<value>,3,0.086718
13,0,<value>,4,0.136461
13,0,<value>,5,0.129171
13,0,<value>,6,0.138214
13,5,<array>,0,0.517698
13,5,<array>,1,0.482302
13,5,<char>,0,0.219925
13,5,<char>,1,0.253066
13,5,<char>,2,0.258268
13,5,<char>,3,0.136641
13,5,<char>,4,0.132100
13,5,<chars>,0,0.385447
13,5,<chars>,1,0.614553
13,5,<digit>,0,0.085228
13,5,<digit>,1,0.191431
13,5,<digit>,2,0.097528
13,5,<digit>,3,0.116698
13,5,<digit>,4,0.114276
13,5,<digit>,5,0.136140
13,5,<digit>,6,0.059501
13,5,<digit>,7,0.077201
13,5,<digit>,8,0.009436
13,5,<digit>,9,0.112561
13,5,<digits>,0,0.371145
13,5,<digits>,1,0.628855
13,5,<elements>,0,0.000000
13,5,<elements>,1,1.000000
13,5,<escape>,0,0.351387
13,5,<escape>,1,0.062860
13,5,<escape>,2,0.165108
13,5,<escape>,3,0.230804
13,5,<escape>,4,0.189841
13,5,<int>,0,0.333503
13,5,<int>,1,0.313374
13,5,<int>,2,0.353124
13,5,<members>,0,0.416517
13,5,<members>,1,0.583483
13,5,<number>,0,0.120532
13,5,<number>,1,0.330700
13,5,<number>,2,0.548769
13,5,<object>,0,0.463969
13,5,<object>,1,0.536031
13,5,<pair>,0,1.000000
13,5,<start>,0,1.000000
13,5,<string>,0,1.000000
13,5,<value>,0,0.213932
13,5,<value>,1,0.183080
13,5,<value>,2,0.124013
13,5,<value>,3,0.145629
13,5,<value>,4,0.119359
13,5,<value>,5,0.130186
13,5,<value>,6,0.083800
13,10,<array>,0,0.419738
13,10,<array>,1,0.580262
13,10,<char>,0,0.217789
13,10,<char>,1,0.201983
13,10,<char>,2,0.261319
13,10,<char>,3,0.155537
13,10,<char>,4,0.163372
13,10,<chars>,0,0.393037
13,10,<chars>,1,0.606963
13,10,<digit>,0,0.133237
13,10,<digit>,1,0.066918
13,10,<digit>,2,0.031600
13,10,<digit>,3,0.110761
13,10,<digit>,4,0.060671
13,10,<digit>,5,0.088701
13,10,<digit>,6,0.181226
13,10,<digit>,7,0.105749
13,10,<digit>,8,0.117394
13,10,<digit>,9,0.103742
13,10,<digits>,0,0.426729
13,10,<digits>,1,0.573271
13,10,<elements>,0,0.015618
13,10,<elements>,1,0.984382
13,10,<escape>,0,0.235505
13,10,<escape>,1,0.164824
13,10,<escape>,2,0.264217
13,10,<escape>,3,0.174004
13,10,<escape>,4,0.161451
13,10,<int>,0,0.294223
13,10,<int>,1,0.271531
13,10,<int>,2,0.434246
13,10,<members>,0,0.380268
13,10,<members>,1,0.619732
13,10,<number>,0,0.293766
13,10,<number>,1,0.340758
13,10,<number>,2,0.365476
13,10,<object>,0,0.442320
13,10,<object>,1,0.557680
13,10,<pair>,0,1.000000
13,10,<start>,0,1.000000
13,10,<string>,0,1.000000
13,10,<value>,0,0.164027
13,10,<value>,1,0.211653
13,10,<value>,2,0.047136
13,10,<value>,3,0.198847
13,10,<value>,4,0.206943
13,10,<value>,5,0.106429
13,10,<value>,6,0.064964
13,15,<array>,0,0.382743
13,15,<array>,1,0.617257
13,15,<char>,0,0.213172
13,15,<char>,1,0.246098
13,15,<char>,2,0.204523
13,15,<char>,3,0.203431
13,15,<char>,4,0.132777
13,15,<chars>,0,0.301037
13,15,<chars>,1,0.698963
13,15,<digit>,0,0.124443
13,15,<digit>,1,0.216421
13,15,<digit>,2,0.045287
13,15,<digit>,3,0.077732
13,15,<digit>,4,0.050787
13,15,<digit>,5,0.084035
13,15,<digit>,6,0.130264
13,15,<digit>,7,0.052416
13,15,<digit>,8,0.164869
13,15,<digit>,9,0.053745
13,15,<digits>,0,0.000000
13,15,<digits>,1,1.000000
13,15,<elements>,0,0.001912
13,15,<elements>,1,0.998088
13,15,<escape>,0,0.313666
13,15,<escape>,1,0.268475
13,15,<escape>,2,0.215016
13,15,<escape>,3,0.151929
13,15,<escape>,4,0.050915
13,15,<int>,0,0.401816
13,15,<int>,1,0.281459
13,15,<int>,2,0.316725
13,15,<members>,0,0.352041
13,15,<members>,1,0.647959
13,15,<number>,0,0.379747
13,15,<number>,1,0.110015
13,15,<number>,2,0.510238
13,15,<object>,0,0.424754
13,15,<object>,1,0.575246
13,15,<pair>,0,1.000000
13,15,<start>,0,1.000000
13,15,<string>,0,1.000000
13,15,<value>,0,0.264367
13,15,<value>,1,0.286384
13,15,<value>,2,0.054479
13,15,<value>,3,0.130430
13,15,<value>,4,0.099736
13,15,<value>,5,0.127621
13,15,<value>,6,0.036983
13,20,<array>,0,0.365310
13,20,<array>,1,0.634690
13,20,<char>,0,0.192847
13,20,<char>,1,0.213301
13,20,<char>,2,0.148979
13,20,<char>,3,0.264401
13,20,<char>,4,0.180472
13,20,<chars>,0,0.292618
13,20,<chars>,1,0.707382
13,20,<digit>,0,0.086295
13,20,<digit>,1,0.171522
13,20,<digit>,2,0.063308
13,20,<digit>,3,0.045341
13,20,<digit>,4,0.054218
13,20,<digit>,5,0.093556
13,20,<digit>,6,0.118722
13,20,<digit>,7,0.096906
13,20,<digit>,8,0.148729
13,20,<digit>,9,0.121403
13,20,<digits>,0,0.212881
13,20,<digits>,1,0.787119
13,20,<elements>,0,0.000876
13,20,<elements>,1,0.999124
13,20,<escape>,0,0.364900
13,20,<escape>,1,0.188053
13,20,<escape>,2,0.254225
13,20,<escape>,3,0.180484
13,20,<escape>,4,0.012338
13,20,<int>,0,0.387640
13,20,<int>,1,0.220796
13,20,<int>,2,0.391564
13,20,<members>,0,0.385457
13,20,<members>,1,0.614543
13,20,<number>,0,0.480942
13,20,<number>,1,0.150744
13,20,<number>,2,0.368314
13,20,<object>,0,0.133523
13,20,<object>,1,0.866477
13,20,<pair>,0,1.000000
13,20,<start>,0,1.000000
13,20,<string>,0,1.000000
13,20,<value>,0,0.317781
13,20,<value>,1,0.295181
13,20,<value>,2,0.094087
13,20,<value>,3,0.211229
13,20,<value>,4,0.047779
13,20,<value>,5,0.008329
13,20,<value>,6,0.025613
13,25,<array>,0,0.338547
13,25,<array>,1,0.661453
13,25,<char>,0,0.173972
13,25,<char>,1,0.248627
13,25,<char>,2,0.235736
13,25,<char>,3,0.178451
13,25,<char>,4,0.163214
13,25,<chars>,0,0.322295
13,25,<chars>,1,0.677705
13,25,<digit>,0,0.191578
13,25,<digit>,1,0.046878
13,25,<digit>,2,0.048642
13,25,<digit>,3,0.027948
13,25,<digit>,4,0.037754
13,25,<digit>,5,0.085518
13,25,<digit>,6,0.246043
13,25,<digit>,7,0.066689
13,25,<digit>,8,0.137253
13,25,<digit>,9,0.111698
13,25,<digits>,0,0.112256
13,25,<digits>,1,0.887744
13,25,<elements>,0,0.000238
13,25,<elements>,1,0.999762
13,25,<escape>,0,0.312683
13,25,<escape>,1,0.290268
13,25,<escape>,2,0.247267
13,25,<escape>,3,0.111118
13,25,<escape>,4,0.038664
13,25,<int>,0,0.355805
13,25,<int>,1,0.264151
13,25,<int>,2,0.380045
13,25,<members>,0,0.222655
13,25,<members>,1,0.777345
13,25,<number>,0,0.455891
13,25,<number>,1,0.281711
13,25,<number>,2,0.262397
13,25,<object>,0,0.160995
13,25,<object>,1,0.839005
13,25,<pair>,0,1.000000
13,25,<start>,0,1.000000
13,25,<string>,0,1.000000
13,25,<value>,0,0.332623
13,25,<value>,1,0.316292
13,25,<value>,2,0.068014
13,25,<value>,3,0.156648
13,25,<value>,4,0.018547
13,25,<value>,5,0.092202
13,25,<value>,6,0.015673
13,30,<array>,0,0.334468
13,30,<array>,1,0.665532
13,30,<char>,0,0.115145
13,30,<char>,1,0.187868
13,30,<char>,2,0.398086
13,30,<char>,3,0.159854
13,30,<char>,4,0.139047
13,30,<chars>,0,0.218984
13,30,<chars>,1,0.781016
13,30,<digit>,0,0.186473
13,30,<digit>,1,0.046880
13,30,<digit>,2,0.019176
13,30,<digit>,3,0.009958
13,30,<digit>,4,0.017422
13,30,<digit>,5,0.087852
13,30,<digit>,6,0.325586
13,30,<digit>,7,0.065727
13,30,<digit>,8,0.142628
13,30,<digit>,9,0.098299
13,30,<digits>,0,0.094584
13,30,<digits>,1,0.905416
13,30,<elements>,0,0.000000
13,30,<elements>,1,1.000000
13,30,<escape>,0,0.210593
13,30,<escape>,1,0.374477
13,30,<escape>,2,0.268353
13,30,<escape>,3,0.114372
13,30,<escape>,4,0.032205
13,30,<int>,0,0.365467
13,30,<int>,1,0.252515
13,30,<int>,2,0.382018
13,30,<members>,0,0.205319
13,30,<members>,1,0.794681
13,30,<number>,0,0.410765
13,30,<number>,1,0.211471
13,30,<number>,2,0.377764
13,30,<object>,0,0.208302
13,30,<object>,1,0.791698
13,30,<pair>,0,1.000000
13,30,<start>,0,1.000000
13,30,<string>,0,1.000000
13,30,<value>,0,0.324537
13,30,<value>,1,0.346459
13,30,<value>,2,0.029684
13,30,<value>,3,0.146625
13,30,<value>,4,0.053113
13,30,<value>,5,0.062739
13,30,<value>,6,0.036843
13,35,<array>,0,0.286659
13,35,<array>,1,0.713341
13,35,<char>,0,0.157378
13,35,<char>,1,0.250398
13,35,<char>,2,0.250638
13,35,<char>,3,0.212549
13,35,<char>,4,0.129038
13,35,<chars>,0,0.060699
13,35,<chars>,1,0.939301
13,35,<digit>,0,0.263766
13,35,<digit>,1,0.032111
13,35,<digit>,2,0.065477
13,35,<digit>,3,0.051292
13,35,<digit>,4,0.004637
13,35,<digit>,5,0.164684
13,35,<digit>,6,0.224596
13,35,<digit>,7,0.084224
13,35,<digit>,8,0.104990
13,35,<digit>,9,0.004224
13,35,<digits>,0,0.104876
13,35,<digits>,1,0.895124
13,35,<elements>,0,0.000000
13,35,<elements>,1,1.000000
13,35,<escape>,0,0.336979
13,35,<escape>,1,0.307796
13,35,<escape>,2,0.251707
13,35,<escape>,3,0.071940
13,35,<escape>,4,0.031579
13,35,<int>,0,0.430668
13,35,<int>,1,0.217544
13,35,<int>,2,0.351789
13,35,<members>,0,0.273115
13,35,<members>,1,0.726885
13,35,<number>,0,0.399769
13,35,<number>,1,0.206912
13,35,<number>,2,0.393319
13,35,<object>,0,0.175537
13,35,<object>,1,0.824463
13,35,<pair>,0,1.000000
13,35,<start>,0,1.000000
13,35,<string>,0,1.000000
13,35,<value>,0,0.325501
13,35,<value>,1,0.271780
13,35,<value>,2,0.018728
13,35,<value>,3,0.211042
13,35,<value>,4,0.068690
13,35,<value>,5,0.062365
13,35,<value>,6,0.041895
13,40,<array>,0,0.292508
13,40,<array>,1,0.707492
13,40,<char>,0,0.129836
13,40,<char>,1,0.212300
13,40,<char>,2,0.354971
13,40,<char>,3,0.200764
13,40,<char>,4,0.102128
13,40,<chars>,0,0.019019
13,40,<chars>,1,0.980981
13,40,<digit>,0,0.262036
13,40,<digit>,1,0.056698
13,40,<digit>,2,0.057508
13,40,<digit>,3,0.067212
13,40,<digit>,4,0.021605
13,40,<digit>,5,0.000000
13,40,<digit>,6,0.279645
13,40,<digit>,7,0.155855
13,40,<digit>,8,0.014140
13,40,<digit>,9,0.085301
13,40,<digits>,0,0.113702
13,40,<digits>,1,0.886298
13,40,<elements>,0,0.005750
13,40,<elements>,1,0.994250
13,40,<escape>,0,0.214852
13,40,<escape>,1,0.328447
13,40,<escape>,2,0.387446
13,40,<escape>,3,0.045156
13,40,<escape>,4,0.024098
13,40,<int>,0,0.406979
13,40,<int>,1,0.214458
13,40,<int>,2,0.378563
13,40,<members>,0,0.239018
13,40,<members>,1,0.760982
13,40,<number>,0,0.428465
13,40,<number>,1,0.212758
13,40,<number>,2,0.358777
13,40,<object>,0,0.188195
13,40,<object>,1,0.811805
13,40,<pair>,0,1.000000
13,40,<start>,0,1.000000
13,40,<string>,0,1.000000
13,40,<value>,0,0.328001
13,40,<value>,1,0.328184
13,40,<value>,2,0.019685
13,40,<value>,3,0.170653
13,40,<value>,4,0.065195
13,40,<value>,5,0.052317
13,40,<value>,6,0.035965
13,45,<array>,0,0.235542
13,45,<array>,1,0.764458
13,45,<char>,0,0.140262
13,45,<char>,1,0.257241
13,45,<char>,2,0.270424
13,45,<char>,3,0.214694
13,45,<char>,4,0.117379
13,45,<chars>,0,0.038016
13,45,<chars>,1,0.961984
13,45,<digit>,0,0.326067
13,45,<digit>,1,0.048684
13,45,<digit>,2,0.031036
13,45,<digit>,3,0.037544
13,45,<digit>,4,0.060185
13,45,<digit>,5,0.014524
13,45,<digit>,6,0.157162
13,45,<digit>,7,0.116397
13,45,<digit>,8,0.120772
13,45,<digit>,9,0.087630
13,45,<digits>,0,0.056846
13,45,<digits>,1,0.943154
13,45,<elements>,0,0.003865
13,45,<elements>,1,0.996135
13,45,<escape>,0,0.215500
13,45,<escape>,1,0.355065
13,45,<escape>,2,0.373062
13,45,<escape>,3,0.045224
13,45,<escape>,4,0.011148
13,45,<int>,0,0.414546
13,45,<int>,1,0.229368
13,45,<int>,2,0.356085
13,45,<members>,0,0.229334
13,45,<members>,1,0.770666
13,45,<number>,0,0.379623
13,45,<number>,1,0.241564
13,45,<number>,2,0.378813
13,45,<object>,0,0.122751
13,45,<object>,1,0.877249
13,45,<pair>,0,1.000000
13,45,<start>,0,1.000000
13,45,<string>,0,1.000000
13,45,<value>,0,0.290793
13,45,<value>,1,0.379655
13,45,<value>,2,0.004519
13,45,<value>,3,0.176729
13,45,<value>,4,0.048522
13,45,<value>,5,0.056837
13,45,<value>,6,0.042946
13,50,<array>,0,0.242759
13,50,<array>,1,0.757241
13,50,<char>,0,0.146668
13,50,<char>,1,0.242262
13,50,<char>,2,0.279164
13,50,<char>,3,0.192940
13,50,<char>,4,0.138966
13,50,<chars>,0,0.038948
13,50,<chars>,1,0.961052
13,50,<digit>,0,0.360188
13,50,<digit>,1,0.096384
13,50,<digit>,2,0.027753
13,50,<digit>,3,0.066957
13,50,<digit>,4,0.017707
13,50,<digit>,5,0.018267
13,50,<digit>,6,0.164444
13,50,<digit>,7,0.011927
13,50,<digit>,8,0.142027
13,50,<digit>,9,0.094346
13,50,<digits>,0,0.061572
13,50,<digits>,1,0.938428
13,50,<elements>,0,0.004517
13,50,<elements>,1,0.995483
13,50,<escape>,0,0.247575
13,50,<escape>,1,0.327696
13,50,<escape>,2,0.371157
13,50,<escape>,3,0.042501
13,50,<escape>,4,0.011071
13,50,<int>,0,0.417248
13,50,<int>,1,0.229208
13,50,<int>,2,0.353544
13,50,<members>,0,0.231964
13,50,<members>,1,0.768036
13,50,<number>,0,0.152999
13,50,<number>,1,0.304405
13,50,<number>,2,0.542596
13,50,<object>,0,0.115636
13,50,<object>,1,0.884364
13,50,<pair>,0,1.000000
13,50,<start>,0,1.000000
13,50,<string>,0,1.000000
13,50,<value>,0,0.335359
13,50,<value>,1,0.333485
13,50,<value>,2,0.003978
13,50,<value>,3,0.167711
13,50,<value>,4,0.040899
13,50,<value>,5,0.062366
13,50,<value>,6,0.056203
13,55,<array>,0,0.205084
13,55,<array>,1,0.794916
13,55,<char>,0,0.115602
13,55,<char>,1,0.201913
13,55,<char>,2,0.379307
13,55,<char>,3,0.208616
13,55,<char>,4,0.094562
13,55,<chars>,0,0.016468
13,55,<chars>,1,0.983532
13,55,<digit>,0,0.303461
13,55,<digit>,1,0.059466
13,55,<digit>,2,0.080829
13,55,<digit>,3,0.094709
13,55,<digit>,4,0.026021
13,55,<digit>,5,0.013303
13,55,<digit>,6,0.245278
13,55,<digit>,7,0.067612
13,55,<digit>,8,0.015453
13,55,<digit>,9,0.093867
13,55,<digits>,0,0.073355
13,55,<digits>,1,0.926645
13,55,<elements>,0,0.042471
13,55,<elements>,1,0.957529
13,55,<escape>,0,0.251487
13,55,<escape>,1,0.342971
13,55,<escape>,2,0.335048
13,55,<escape>,3,0.056186
13,55,<escape>,4,0.014309
13,55,<int>,0,0.378130
13,55,<int>,1,0.241437
13,55,<int>,2,0.380433
13,55,<members>,0,0.236798
13,55,<members>,1,0.763202
13,55,<number>,0,0.386330
13,55,<number>,1,0.263334
13,55,<number>,2,0.350336
13,55,<object>,0,0.105385
13,55,<object>,1,0.894615
13,55,<pair>,0,1.000000
13,55,<start>,0,1.000000
13,55,<string>,0,1.000000
13,55,<value>,0,0.360599
13,55,<value>,1,0.306239
13,55,<value>,2,0.001489
13,55,<value>,3,0.194810
13,55,<value>,4,0.035617
13,55,<value>,5,0.057910
13,55,<value>,6,0.043337
13,59,<array>,0,0.193903
13,59,<array>,1,0.806097
13,59,<char>,0,0.101487
13,59,<char>,1,0.278537
13,59,<char>,2,0.299712
13,59,<char>,3,0.212239
13,59,<char>,4,0.108026
13,59,<chars>,0,0.012982
13,59,<chars>,1,0.987018
13,59,<digit>,0,0.286032
13,59,<digit>,1,0.055466
13,59,<digit>,2,0.089691
13,59,<digit>,3,0.091531
13,59,<digit>,4,0.026730
13,59,<digit>,5,0.029175
13,59,<digit>,6,0.136451
13,59,<digit>,7,0.097973
13,59,<digit>,8,0.061130
13,59,<digit>,9,0.125820
13,59,<digits>,0,0.033564
13,59,<digits>,1,0.966436
13,59,<elements>,0,0.038493
13,59,<elements>,1,0.961507
13,59,<escape>,0,0.258249
13,59,<escape>,1,0.369154
13,59,<escape>,2,0.292835
13,59,<escape>,3,0.058014
13,59,<escape>,4,0.021748
13,59,<int>,0,0.399568
13,59,<int>,1,0.234311
13,59,<int>,2,0.366121
13,59,<members>,0,0.228759
13,59,<members>,1,0.771241
13,59,<number>,0,0.370414
13,59,<number>,1,0.262570
13,59,<number>,2,0.367017
13,59,<object>,0,0.101532
13,59,<object>,1,0.898468
13,59,<pair>,0,1.000000
13,59,<start>,0,1.000000
13,59,<string>,0,1.000000
13,59,<value>,0,0.367491
13,59,<value>,1,0.248432
13,59,<value>,2,0.038213
13,59,<value>,3,0.193791
13,59,<value>,4,0.021487
13,59,<value>,5,0.062135
13,59,<value>,6,0.068451
14,0,<array>,0,0.273028
14,0,<array>,1,0.726972
14,0,<char>,0,0.098722
14,0,<char>,1,0.129464
14,0,<char>,2,0.218132
14,0,<char>,3,0.320751
14,0,<char>,4,0.232931
14,0,<chars>,0,0.735425
14,0,<chars>,1,0.264575
14,0,<digit>,0,0.109137
14,0,<digit>,1,0.161925
14,0,<digit>,2,0.066426
14,0,<digit>,3,0.087143
14,0,<digit>,4,0.161808
14,0,<digit>,5,0.032508
14,0,<digit>,6,0.068776
14,0,<digit>,7,0.089643
14,0,<digit>,8,0.125918
14,0,<digit>,9,0.096716
14,0,<digits>,0,0.282729
14,0,<digits>,1,0.717271
14,0,<elements>,0,0.541579
14,0,<elements>,1,0.458421
14,0,<escape>,0,0.269569
14,0,<escape>,1,0.276355
14,0,<escape>,2,0.081010
14,0,<escape>,3,0.117120
14,0,<escape>,4,0.255946
14,0,<int>,0,0.430414
14,0,<int>,1,0.234848
14,0,<int>,2,0.334738
14,0,<members>,0,0.224174
14,0,<members>,1,0.775826
14,0,<number>,0,0.517815
14,0,<number>,1,0.128464
14,0,<number>,2,0.353721
14,0,<object>,0,0.418718
14,0,<object>,1,0.581282
14,0,<pair>,0,1.000000
14,0,<start>,0,1.000000
14,0,<string>,0,1.000000
14,0,<value>,0,0.160085
14,0,<value>,1,0.234368
14,0,<value>,2,0.194942
14,0,<value>,3,0.082412
14,0,<value>,4,0.171791
14,0,<value>,5,0.072277
14,0,<value>,6,0.084126
14,5,<array>,0,0.377695
14,5,<array>,1,0.622305
14,5,<char>,0,0.258835
14,5,<char>,1,0.205382
14,5,<char>,2,0.267547
14,5,<char>,3,0.099634
14,5,<char>,4,0.168601
14,5,<chars>,0,0.505179
14,5,<chars>,1,0.494821
14,5,<digit>,0,0.058968
14,5,<digit>,1,0.129645
14,5,<digit>,2,0.086456
14,5,<digit>,3,0.117518
14,5,<digit>,4,0.127623
14,5,<digit>,5,0.062352
14,5,<digit>,6,0.085057
14,5,<digit>,7,0.120007
14,5,<digit>,8,0.098942
14,5,<digit>,9,0.113433
14,5,<digits>,0,0.398584
14,5,<digits>,1,0.601416
14,5,<elements>,0,0.444533
14,5,<elements>,1,0.555467
14,5,<escape>,0,0.202888
14,5,<escape>,1,0.125549
14,5,<escape>,2,0.364586
14,5,<escape>,3,0.190728
14,5,<escape>,4,0.116250
14,5,<int>,0,0.319210
14,5,<int>,1,0.491725
14,5,<int>,2,0.189066
14,5,<members>,0,0.000000
14,5,<members>,1,1.000000
14,5,<number>,0,0.451425
14,5,<number>,1,0.247797
14,5,<number>,2,0.300778
14,5,<object>,0,0.440117
14,5,<object>,1,0.559883
14,5,<pair>,0,1.000000
14,5,<start>,0,1.000000
14,5,<string>,0,1.000000
14,5,<value>,0,0.161052
14,5,<value>,1,0.191043
14,5,<value>,2,0.184958
14,5,<value>,3,0.186922
14,5,<value>,4,0.076753
14,5,<value>,5,0.143305
14,5,<value>,6,0.055968
14,10,<array>,0,0.363751
14,10,<array>,1,0.636249
14,10,<char>,0,0.112049
14,10,<char>,1,0.190754
14,10,<char>,2,0.229191
14,10,<char>,3,0.235016
14,10,<char>,4,0.232991
14,10,<chars>,0,0.528069
14,10,<chars>,1,0.471931
14,10,<digit>,0,0.165152
14,10,<digit>,1,0.145025
14,10,<digit>,2,0.000000
14,10,<digit>,3,0.121962
14,10,<digit>,4,0.182510
14,10,<digit>,5,0.000000
14,10,<digit>,6,0.140949
14,10,<digit>,7,0.104890
14,10,<digit>,8,0.082956
14,10,<digit>,9,0.056555
14,10,<digits>,0,0.419017
14,10,<digits>,1,0.580983
14,10,<elements>,0,0.450004
14,10,<elements>,1,0.549996
14,10,<escape>,0,0.350330
14,10,<escape>,1,0.152495
14,10,<escape>,2,0.321372
14,10,<escape>,3,0.088996
14,10,<escape>,4,0.086807
14,10,<int>,0,0.265159
14,10,<int>,1,0.434902
14,10,<int>,2,0.299939
14,10,<members>,0,0.012665
14,10,<members>,1,0.987335
14,10,<number>,0,0.452692
14,10,<number>,1,0.227969
14,10,<number>,2,0.319340
14,10,<object>,0,0.438462
14,10,<object>,1,0.561538
14,10,<pair>,0,1.000000
14,10,<start>,0,1.000000
14,10,<string>,0,1.000000
14,10,<value>,0,0.136745
14,10,<value>,1,0.327168
14,10,<value>,2,0.000000
14,10,<value>,3,0.161231
14,10,<value>,4,0.172685
14,10,<value>,5,0.021583
14,10,<value>,6,0.180588
14,15,<array>,0,0.087977
14,15,<array>,1,0.912023
14,15,<char>,0,0.258798
14,15,<char>,1,0.212131
14,15,<char>,2,0.239567
14,15,<char>,3,0.111306
14,15,<char>,4,0.178198
14,15,<chars>,0,0.532098
14,15,<chars>,1,0.467902
14,15,<digit>,0,0.083190
14,15,<digit>,1,0.196989
14,15,<digit>,2,0.008725
14,15,<digit>,3,0.149058
14,15,<digit>,4,0.097132
14,15,<digit>,5,0.002575
14,15,<digit>,6,0.196736
14,15,<digit>,7,0.082594
14,15,<digit>,8,0.160743
14,15,<digit>,9,0.022259
14,15,<digits>,0,0.445347
14,15,<digits>,1,0.554653
14,15,<elements>,0,0.398112
14,15,<elements>,1,0.601888
14,15,<escape>,0,0.341942
14,15,<escape>,1,0.224852
14,15,<escape>,2,0.343609
14,15,<escape>,3,0.056344
14,15,<escape>,4,0.033253
14,15,<int>,0,0.422569
14,15,<int>,1,0.333688
14,15,<int>,2,0.243744
14,15,<members>,0,0.000000
14,15,<members>,1,1.000000
14,15,<number>,0,0.518199
14,15,<number>,1,0.187050
14,15,<number>,2,0.294751
14,15,<object>,0,0.432399
14,15,<object>,1,0.567601
14,15,<pair>,0,1.000000
14,15,<start>,0,1.000000
14,15,<string>,0,1.000000
14,15,<value>,0,0.307073
14,15,<value>,1,0.183344
14,15,<value>,2,0.042529
14,15,<value>,3,0.156453
14,15,<value>,4,0.087007
14,15,<value>,5,0.116630
14,15,<value>,6,0.106964
14,20,<array>,0,0.110140
14,20,<array>,1,0.889860
14,20,<char>,0,0.262148
14,20,<char>,1,0.193996
14,20,<char>,2,0.222410
14,20,<char>,3,0.172361
14,20,<char>,4,0.149084
14,20,<chars>,0,0.558042
14,20,<chars>,1,0.441958
14,20,<digit>,0,0.079159
14,20,<digit>,1,0.159650
14,20,<digit>,2,0.224288
14,20,<digit>,3,0.118915
14,20,<digit>,4,0.121927
14,20,<digit>,5,0.005321
14,20,<digit>,6,0.102812
14,20,<digit>,7,0.074391
14,20,<digit>,8,0.067106
14,20,<digit>,9,0.046431
14,20,<digits>,0,0.482571
14,20,<digits>,1,0.517429
14,20,<elements>,0,0.440399
14,20,<elements>,1,0.559601
14,20,<escape>,0,0.432596
14,20,<escape>,1,0.158982
14,20,<escape>,2,0.358666
14,20,<escape>,3,0.009061
14,20,<escape>,4,0.040696
14,20,<int>,0,0.344550
14,20,<int>,1,0.214069
14,20,<int>,2,0.441381
14,20,<members>,0,0.006591
14,20,<members>,1,0.993409
14,20,<number>,0,0.463483
14,20,<number>,1,0.228956
14,20,<number>,2,0.307561
14,20,<object>,0,0.408245
14,20,<object>,1,0.591755
14,20,<pair>,0,1.000000
14,20,<start>,0,1.000000
14,20,<string>,0,1.000000
14,20,<value>,0,0.454497
14,20,<value>,1,0.222105
14,20,<value>,2,0.036407
14,20,<value>,3,0.088343
14,20,<value>,4,0.031470
14,20,<value>,5,0.095762
14,20,<value>,6,0.071415
14,25,<array>,0,0.225877
14,25,<array>,1,0.774123
14,25,<char>,0,0.138214
14,25,<char>,1,0.202565
14,25,<char>,2,0.247586
14,25,<char>,3,0.166379
14,25,<char>,4,0.245257
14,25,<chars>,0,0.534024
14,25,<chars>,1,0.465976
14,25,<digit>,0,0.125140
14,25,<digit>,1,0.100737
14,25,<digit>,2,0.248461
14,25,<digit>,3,0.132238
14,25,<digit>,4,0.073811
14,25,<digit>,5,0.008699
14,25,<digit>,6,0.090229
14,25,<digit>,7,0.093281
14,25,<digit>,8,0.100498
14,25,<digit>,9,0.026905
14,25,<digits>,0,0.389722
14,25,<digits>,1,0.610278
14,25,<elements>,0,0.357474
14,25,<elements>,1,0.642526
14,25,<escape>,0,0.406006
14,25,<escape>,1,0.162923
14,25,<escape>,2,0.317711
14,25,<escape>,3,0.003608
14,25,<escape>,4,0.109752
14,25,<int>,0,0.350967
14,25,<int>,1,0.190996
14,25,<int>,2,0.458037
14,25,<members>,0,0.000737
14,25,<members>,1,0.999263
14,25,<number>,0,0.396632
14,25,<number>,1,0.220861
14,25,<number>,2,0.382507
14,25,<object>,0,0.397759
14,25,<object>,1,0.602241
14,25,<pair>,0,1.000000
14,25,<start>,0,1.000000
14,25,<string>,0,1.000000
14,25,<value>,0,0.329850
14,25,<value>,1,0.280370
14,25,<value>,2,0.024652
14,25,<value>,3,0.189767
14,25,<value>,4,0.064608
14,25,<value>,5,0.014188
14,25,<value>,6,0.096565
14,30,<array>,0,0.000000
14,30,<array>,1,1.000000
14,30,<char>,0,0.249516
14,30,<char>,1,0.084626
14,30,<char>,2,0.375711
14,30,<char>,3,0.062124
14,30,<char>,4,0.228023
14,30,<chars>,0,0.517592
14,30,<chars>,1,0.482408
14,30,<digit>,0,0.123583
14,30,<digit>,1,0.081081
14,30,<digit>,2,0.288762
14,30,<digit>,3,0.109059
14,30,<digit>,4,0.079049
14,30,<digit>,5,0.005117
14,30,<digit>,6,0.090821
14,30,<digit>,7,0.048436
14,30,<digit>,8,0.135132
14,30,<digit>,9,0.038960
14,30,<digits>,0,0.000000
14,30,<digits>,1,1.000000
14,30,<elements>,0,0.357111
14,30,<elements>,1,0.642889
14,30,<escape>,0,0.309876
14,30,<escape>,1,0.178078
14,30,<escape>,2,0.388593
14,30,<escape>,3,0.000000
14,30,<escape>,4,0.123453
14,30,<int>,0,0.317704
14,30,<int>,1,0.311936
14,30,<int>,2,0.370360
14,30,<members>,0,0.001393
14,30,<members>,1,0.998607
14,30,<number>,0,0.393861
14,30,<number>,1,0.288386
14,30,<number>,2,0.317752
14,30,<object>,0,0.465908
14,30,<object>,1,0.534092
14,30,<pair>,0,1.000000
14,30,<start>,0,1.000000
14,30,<string>,0,1.000000
14,30,<value>,0,0.313546
14,30,<value>,1,0.284421
14,30,<value>,2,0.000000
14,30,<value>,3,0.178848
14,30,<value>,4,0.066380
14,30,<value>,5,0.078949
14,30,<value>,6,0.077855
14,35,<array>,0,0.060248
14,35,<array>,1,0.939752
14,35,<char>,0,0.144865
14,35,<char>,1,0.096146
14,35,<char>,2,0.309021
14,35,<char>,3,0.157398
14,35,<char>,4,0.292570
14,35,<chars>,0,0.445326
14,35,<chars>,1,0.554674
14,35,<digit>,0,0.113440
14,35,<digit>,1,0.066489
14,35,<digit>,2,0.278698
14,35,<digit>,3,0.090909
14,35,<digit>,4,0.088027
14,35,<digit>,5,0.003117
14,35,<digit>,6,0.058761
14,35,<digit>,7,0.081112
14,35,<digit>,8,0.135895
14,35,<digit>,9,0.083551
14,35,<digits>,0,0.165941
14,35,<digits>,1,0.834059
14,35,<elements>,0,0.217312
14,35,<elements>,1,0.782688
14,35,<escape>,0,0.322443
14,35,<escape>,1,0.158041
14,35,<escape>,2,0.357716
14,35,<escape>,3,0.000000
14,35,<escape>,4,0.161799
14,35,<int>,0,0.366838
14,35,<int>,1,0.244583
14,35,<int>,2,0.388579
14,35,<members>,0,0.030039
14,35,<members>,1,0.969961
14,35,<number>,0,0.261013
14,35,<number>,1,0.485698
14,35,<number>,2,0.253289
14,35,<object>,0,0.447128
14,35,<object>,1,0.552872
14,35,<pair>,0,1.000000
14,35,<start>,0,1.000000
14,35,<string>,0,1.000000
14,35,<value>,0,0.347892
14,35,<value>,1,0.269703
14,35,<value>,2,0.089468
14,35,<value>,3,0.121163
14,35,<value>,4,0.056518
14,35,<value>,5,0.068594
14,35,<value>,6,0.046662
14,40,<array>,0,0.044398
14,40,<array>,1,0.955602
14,40,<char>,0,0.235872
14,40,<char>,1,0.161476
14,40,<char>,2,0.242689
14,40,<char>,3,0.000000
14,40,<char>,4,0.359963
14,40,<chars>,0,0.425500
14,40,<chars>,1,0.574500
14,40,<digit>,0,0.200679
14,40,<digit>,1,0.084137
14,40,<digit>,2,0.307601
14,40,<digit>,3,0.049970
14,40,<digit>,4,0.089870
14,40,<digit>,5,0.000000
14,40,<digit>,6,0.089588
14,40,<digit>,7,0.000000
14,40,<digit>,8,0.128132
14,40,<digit>,9,0.050023
14,40,<digits>,0,0.156392
14,40,<digits>,1,0.843608
14,40,<elements>,0,0.300232
14,40,<elements>,1,0.699768
14,40,<escape>,0,0.334994
14,40,<escape>,1,0.178971
14,40,<escape>,2,0.388874
14,40,<escape>,3,0.007147
14,40,<escape>,4,0.090014
14,40,<int>,0,0.356437
14,40,<int>,1,0.227725
14,40,<int>,2,0.415838
14,40,<members>,0,0.003421
14,40,<members>,1,0.996579
14,40,<number>,0,0.130649
14,40,<number>,1,0.503735
14,40,<number>,2,0.365616
14,40,<object>,0,0.390944
14,40,<object>,1,0.609056
14,40,<pair>,0,1.000000
14,40,<start>,0,1.000000
14,40,<string>,0,1.000000
14,40,<value>,0,0.348490
14,40,<value>,1,0.300901
14,40,<value>,2,0.038187
14,40,<value>,3,0.141376
14,40,<value>,4,0.062984
14,40,<value>,5,0.059068
14,40,<value>,6,0.048994
14,45,<array>,0,0.052404
14,45,<array>,1,0.947596
14,45,<char>,0,0.210461
14,45,<char>,1,0.165509
14,45,<char>,2,0.172183
14,45,<char>,3,0.068410
14,45,<char>,4,0.383437
14,45,<chars>,0,0.444215
14,45,<chars>,1,0.555785
14,45,<digit>,0,0.205138
14,45,<digit>,1,0.083488
14,45,<digit>,2,0.246061
14,45,<digit>,3,0.163835
14,45,<digit>,4,0.041288
14,45,<digit>,5,0.001027
14,45,<digit>,6,0.091842
14,45,<digit>,7,0.000000
14,45,<digit>,8,0.125993
14,45,<digit>,9,0.041328
14,45,<digits>,0,0.207966
14,45,<digits>,1,0.792034
14,45,<elements>,0,0.299176
14,45,<elements>,1,0.700824
14,45,<escape>,0,0.390192
14,45,<escape>,1,0.171511
14,45,<escape>,2,0.358340
14,45,<escape>,3,0.000000
14,45,<escape>,4,0.079957
14,45,<int>,0,0.380763
14,45,<int>,1,0.257465
14,45,<int>,2,0.361771
14,45,<members>,0,0.005750
14,45,<members>,1,0.994250
14,45,<number>,0,0.391679
14,45,<number>,1,0.377736
14,45,<number>,2,0.230586
14,45,<object>,0,0.417271
14,45,<object>,1,0.582729
14,45,<pair>,0,1.000000
14,45,<start>,0,1.000000
14,45,<string>,0,1.000000
14,45,<value>,0,0.348346
14,45,<value>,1,0.335187
14,45,<value>,2,0.045483
14,45,<value>,3,0.148691
14,45,<value>,4,0.064747
14,45,<value>,5,0.015293
14,45,<value>,6,0.042253
14,50,<array>,0,0.081228
14,50,<array>,1,0.918772
14,50,<char>,0,0.223033
14,50,<char>,1,0.107019
14,50,<char>,2,0.205136
14,50,<char>,3,0.070629
14,50,<char>,4,0.394183
14,50,<chars>,0,0.342726
14,50,<chars>,1,0.657274
14,50,<digit>,0,0.214585
14,50,<digit>,1,0.031241
14,50,<digit>,2,0.331888
14,50,<digit>,3,0.128442
14,50,<digit>,4,0.107435
14,50,<digit>,5,0.005408
14,50,<digit>,6,0.050021
14,50,<digit>,7,0.054491
14,50,<digit>,8,0.033705
14,50,<digit>,9,0.042784
14,50,<digits>,0,0.196947
14,50,<digits>,1,0.803053
14,50,<elements>,0,0.297395
14,50,<elements>,1,0.702605
14,50,<escape>,0,0.349042
14,50,<escape>,1,0.198998
14,50,<escape>,2,0.387949
14,50,<escape>,3,0.006679
14,50,<escape>,4,0.057333
14,50,<int>,0,0.364727
14,50,<int>,1,0.269113
14,50,<int>,2,0.366160
14,50,<members>,0,0.006430
14,50,<members>,1,0.993570
14,50,<number>,0,0.319292
14,50,<number>,1,0.249223
14,50,<number>,2,0.431485
14,50,<object>,0,0.386296
14,50,<object>,1,0.613704
14,50,<pair>,0,1.000000
14,50,<start>,0,1.000000
14,50,<string>,0,1.000000
14,50,<value>,0,0.338191
14,50,<value>,1,0.303886
14,50,<value>,2,0.051305
14,50,<value>,3,0.177753
14,50,<value>,4,0.059623
14,50,<value>,5,0.040095
14,50,<value>,6,0.029147
14,55,<array>,0,0.050956
14,55,<array>,1,0.949044
14,55,<char>,0,0.198402
14,55,<char>,1,0.230138
14,55,<char>,2,0.191362
14,55,<char>,3,0.000000
14,55,<char>,4,0.380098
14,55,<chars>,0,0.376395
14,55,<chars>,1,0.623605
14,55,<digit>,0,0.194360
14,55,<digit>,1,0.050493
14,55,<digit>,2,0.320938
14,55,<digit>,3,0.107908
14,55,<digit>,4,0.094220
14,55,<digit>,5,0.000247
14,55,<digit>,6,0.046153
14,55,<digit>,7,0.084529
14,55,<digit>,8,0.088347
14,55,<digit>,9,0.012805
14,55,<digits>,0,0.134267
14,55,<digits>,1,0.865733
14,55,<elements>,0,0.288803
14,55,<elements>,1,0.711197
14,55,<escape>,0,0.328602
14,55,<escape>,1,0.293685
14,55,<escape>,2,0.310658
14,55,<escape>,3,0.007559
14,55,<escape>,4,0.059495
14,55,<int>,0,0.358185
14,55,<int>,1,0.143031
14,55,<int>,2,0.498784
14,55,<members>,0,0.002888
14,55,<members>,1,0.997112
14,55,<number>,0,0.235913
14,55,<number>,1,0.307479
14,55,<number>,2,0.456608
14,55,<object>,0,0.350797
14,55,<object>,1,0.649203
14,55,<pair>,0,1.000000
14,55,<start>,0,1.000000
14,55,<string>,0,1.000000
14,55,<value>,0,0.342101
14,55,<value>,1,0.319310
14,55,<value>,2,0.042046
14,55,<value>,3,0.165413
14,55,<value>,4,0.058393
14,55,<value>,5,0.040933
14,55,<value>,6,0.031805
14,59,<array>,0,0.000000
14,59,<array>,1,1.000000
14,59,<char>,0,0.203818
14,59,<char>,1,0.119028
14,59,<char>,2,0.188364
14,59,<char>,3,0.093273
14,59,<char>,4,0.395516
14,59,<chars>,0,0.378688
14,59,<chars>,1,0.621312
14,59,<digit>,0,0.252808
14,59,<digit>,1,0.053696
14,59,<digit>,2,0.319359
14,59,<digit>,3,0.112657
14,59,<digit>,4,0.077042
14,59,<digit>,5,0.000000
14,59,<digit>,6,0.076473
14,59,<digit>,7,0.050939
14,59,<digit>,8,0.039608
14,59,<digit>,9,0.017418
14,59,<digits>,0,0.118440
14,59,<digits>,1,0.881560
14,59,<elements>,0,0.226081
14,59,<elements>,1,0.773919
14,59,<escape>,0,0.407641
14,59,<escape>,1,0.187563
14,59,<escape>,2,0.373080
14,59,<escape>,3,0.007710
14,59,<escape>,4,0.024005
14,59,<int>,0,0.434815
14,59,<int>,1,0.054327
14,59,<int>,2,0.510858
14,59,<members>,0,0.000597
14,59,<members>,1,0.999403
14,59,<number>,0,0.201883
14,59,<number>,1,0.361688
14,59,<number>,2,0.436429
14,59,<object>,0,0.358070
14,59,<object>,1,0.641930
14,59,<pair>,0,1.000000
14,59,<start>,0,1.000000
14,59,<string>,0,1.000000
14,59,<value>,0,0.357035
14,59,<value>,1,0.330374
14,59,<value>,2,0.001499
14,59,<value>,3,0.188385
14,59,<value>,4,0.062506
14,59,<value>,5,0.037396
14,59,<value>,6,0.022804
15,0,<array>,0,0.334514
15,0,<array>,1,0.665486
15,0,<char>,0,0.194754
15,0,<char>,1,0.243039
15,0,<char>,2,0.120560
15,0,<char>,3,0.107754
15,0,<char>,4,0.333892
15,0,<chars>,0,0.422904
15,0,<chars>,1,0.577096
15,0,<digit>,0,0.141162
15,0,<digit>,1,0.072400
15,0,<digit>,2,0.109651
15,0,<digit>,3,0.048306
15,0,<digit>,4,0.109166
15,0,<digit>,5,0.144780
15,0,<digit>,6,0.029974
15,0,<digit>,7,0.110463
15,0,<digit>,8,0.141836
15,0,<digit>,9,0.092262
15,0,<digits>,0,0.536971
15,0,<digits>,1,0.463029
15,0,<elements>,0,0.458797
15,0,<elements>,1,0.541203
15,0,<escape>,0,0.277464
15,0,<escape>,1,0.309001
15,0,<escape>,2,0.208602
15,0,<escape>,3,0.103613
15,0,<escape>,4,0.101321
15,0,<int>,0,0.311430
15,0,<int>,1,0.354715
15,0,<int>,2,0.333855
15,0,<members>,0,0.371415
15,0,<members>,1,0.628585
15,0,<number>,0,0.393799
15,0,<number>,1,0.327903
15,0,<number>,2,0.278298
15,0,<object>,0,0.197402
15,0,<object>,1,0.802598
15,0,<pair>,0,1.000000
15,0,<start>,0,1.000000
15,0,<string>,0,1.000000
15,0,<value>,0,0.213376
15,0,<value>,1,0.113515
15,0,<value>,2,0.058979
15,0,<value>,3,0.214657
15,0,<value>,4,0.186979
15,0,<value>,5,0.161506
15,0,<value>,6,0.050987
15,5,<array>,0,0.533168
15,5,<array>,1,0.466832
15,5,<char>,0,0.230077
15,5,<char>,1,0.262432
15,5,<char>,2,0.202028
15,5,<char>,3,0.119497
15,5,<char>,4,0.185967
15,5,<chars>,0,0.375440
15,5,<chars>,1,0.624560
15,5,<digit>,0,0.106417
15,5,<digit>,1,0.071697
15,5,<digit>,2,0.062900
15,5,<digit>,3,0.099621
15,5,<digit>,4,0.069858
15,5,<digit>,5,0.088828
15,5,<digit>,6,0.032539
15,5,<digit>,7,0.129234
15,5,<digit>,8,0.280234
15,5,<digit>,9,0.058671
15,5,<digits>,0,0.386050
15,5,<digits>,1,0.613950
15,5,<elements>,0,0.219799
15,5,<elements>,1,0.780201
15,5,<escape>,0,0.307665
15,5,<escape>,1,0.112905
15,5,<escape>,2,0.290637
15,5,<escape>,3,0.117714
15,5,<escape>,4,0.171079
15,5,<int>,0,0.312620
15,5,<int>,1,0.417040
15,5,<int>,2,0.270340
15,5,<members>,0,0.387174
15,5,<members>,1,0.612826
15,5,<number>,0,0.542874
15,5,<number>,1,0.231237
15,5,<number>,2,0.225889
15,5,<object>,0,0.292987
15,5,<object>,1,0.707013
15,5,<pair>,0,1.000000
15,5,<start>,0,1.000000
15,5,<string>,0,1.000000
15,5,<value>,0,0.264705
15,5,<value>,1,0.201456
15,5,<value>,2,0.075097
15,5,<value>,3,0.119532
15,5,<value>,4,0.153549
15,5,<value>,5,0.129627
15,5,<value>,6,0.056034
15,10,<array>,0,0.491450
15,10,<array>,1,0.508550
15,10,<char>,0,0.242347
15,10,<char>,1,0.154302
15,10,<char>,2,0.171019
15,10,<char>,3,0.189037
15,10,<char>,4,0.243295
15,10,<chars>,0,0.445592
15,10,<chars>,1,0.554408
15,10,<digit>,0,0.176794
15,10,<digit>,1,0.103859
15,10,<digit>,2,0.094668
15,10,<digit>,3,0.078830
15,10,<digit>,4,0.101066
15,10,<digit>,5,0.139736
15,10,<digit>,6,0.065794
15,10,<digit>,7,0.239252
15,10,<digit>,8,0.000000
15,10,<digit>,9,0.000000
15,10,<digits>,0,0.473942
15,10,<digits>,1,0.526058
15,10,<elements>,0,0.196016
15,10,<elements>,1,0.803984
15,10,<escape>,0,0.308337
15,10,<escape>,1,0.227926
15,10,<escape>,2,0.289964
15,10,<escape>,3,0.164220
15,10,<escape>,4,0.009553
15,10,<int>,0,0.280144
15,10,<int>,1,0.408549
15,10,<int>,2,0.311307
15,10,<members>,0,0.000000
15,10,<members>,1,1.000000
15,10,<number>,0,0.578010
15,10,<number>,1,0.284990
15,10,<number>,2,0.137000
15,10,<object>,0,0.265842
15,10,<object>,1,0.734158
15,10,<pair>,0,1.000000
15,10,<start>,0,1.000000
15,10,<string>,0,1.000000
15,10,<value>,0,0.204268
15,10,<value>,1,0.239728
15,10,<value>,2,0.088539
15,10,<value>,3,0.057617
15,10,<value>,4,0.215989
15,10,<value>,5,0.097648
15,10,<value>,6,0.096210
15,15,<array>,0,0.455129
15,15,<array>,1,0.544871
15,15,<char>,0,0.341496
15,15,<char>,1,0.133606
15,15,<char>,2,0.236847
15,15,<char>,3,0.119223
15,15,<char>,4,0.168828
15,15,<chars>,0,0.411997
15,15,<chars>,1,0.588003
15,15,<digit>,0,0.190666
15,15,<digit>,1,0.094228
15,15,<digit>,2,0.105012
15,15,<digit>,3,0.064695
15,15,<digit>,4,0.128314
15,15,<digit>,5,0.085543
15,15,<digit>,6,0.000000
15,15,<digit>,7,0.027669
15,15,<digit>,8,0.261407
15,15,<digit>,9,0.042466
15,15,<digits>,0,0.386007
15,15,<digits>,1,0.613993
15,15,<elements>,0,0.265385
15,15,<elements>,1,0.734615
15,15,<escape>,0,0.287602
15,15,<escape>,1,0.251922
15,15,<escape>,2,0.394688
15,15,<escape>,3,0.047143
15,15,<escape>,4,0.018645
15,15,<int>,0,0.232706
15,15,<int>,1,0.343540
15,15,<int>,2,0.423754
15,15,<members>,0,0.041892
15,15,<members>,1,0.958108
15,15,<number>,0,0.562567
15,15,<number>,1,0.214031
15,15,<number>,2,0.223402
15,15,<object>,0,0.301489
15,15,<object>,1,0.698511
15,15,<pair>,0,1.000000
15,15,<start>,0,1.000000
15,15,<string>,0,1.000000
15,15,<value>,0,0.370137
15,15,<value>,1,0.214305
15,15,<value>,2,0.110688
15,15,<value>,3,0.075854
15,15,<value>,4,0.079063
15,15,<value>,5,0.056672
15,15,<value>,6,0.093282
15,20,<array>,0,0.409925
15,20,<array>,1,0.590075
15,20,<char>,0,0.044019
15,20,<char>,1,0.301081
15,20,<char>,2,0.171680
15,20,<char>,3,0.150106
15,20,<char>,4,0.333114
15,20,<chars>,0,0.396105
15,20,<chars>,1,0.603895
15,20,<digit>,0,0.178547
15,20,<digit>,1,0.090260
15,20,<digit>,2,0.030116
15,20,<digit>,3,0.047307
15,20,<digit>,4,0.102831
15,20,<digit>,5,0.056929
15,20,<digit>,6,0.008637
15,20,<digit>,7,0.176647
15,20,<digit>,8,0.213423
15,20,<digit>,9,0.095302
15,20,<digits>,0,0.359937
15,20,<digits>,1,0.640063
15,20,<elements>,0,0.263999
15,20,<elements>,1,0.736001
15,20,<escape>,0,0.515535
15,20,<escape>,1,0.224602
15,20,<escape>,2,0.214523
15,20,<escape>,3,0.013605
15,20,<escape>,4,0.031735
15,20,<int>,0,0.278155
15,20,<int>,1,0.281726
15,20,<int>,2,0.440119
15,20,<members>,0,0.036632
15,20,<members>,1,0.963368
15,20,<number>,0,0.545268
15,20,<number>,1,0.235836
15,20,<number>,2,0.218896
15,20,<object>,0,0.319100
15,20,<object>,1,0.680900
15,20,<pair>,0,1.000000
15,20,<start>,0,1.000000
15,20,<string>,0,1.000000
15,20,<value>,0,0.333031
15,20,<value>,1,0.263752
15,20,<value>,2,0.022292
15,20,<value>,3,0.095013
15,20,<value>,4,0.119614
15,20,<value>,5,0.080289
15,20,<value>,6,0.086010
15,25,<array>,0,0.504252
15,25,<array>,1,0.495748
15,25,<char>,0,0.285403
15,25,<char>,1,0.206302
15,25,<char>,2,0.225402
15,25,<char>,3,0.098962
15,25,<char>,4,0.183931
15,25,<chars>,0,0.379084
15,25,<chars>,1,0.620916
15,25,<digit>,0,0.183361
15,25,<digit>,1,0.110603
15,25,<digit>,2,0.037947
15,25,<digit>,3,0.012345
15,25,<digit>,4,0.102654
15,25,<digit>,5,0.106333
15,25,<digit>,6,0.015353
15,25,<digit>,7,0.183083
15,25,<digit>,8,0.154358
15,25,<digit>,9,0.093962
15,25,<digits>,0,0.403098
15,25,<digits>,1,0.596902
15,25,<elements>,0,0.245700
15,25,<elements>,1,0.754300
15,25,<escape>,0,0.345641
15,25,<escape>,1,0.125068
15,25,<escape>,2,0.466198
15,25,<escape>,3,0.038381
15,25,<escape>,4,0.024712
15,25,<int>,0,0.283204
15,25,<int>,1,0.340351
15,25,<int>,2,0.376445
15,25,<members>,0,0.040353
15,25,<members>,1,0.959647
15,25,<number>,0,0.438902
15,25,<number>,1,0.195802
15,25,<number>,2,0.365296
15,25,<object>,0,0.263325
15,25,<object>,1,0.736675
15,25,<pair>,0,1.000000
15,25,<start>,0,1.000000
15,25,<string>,0,1.000000
15,25,<value>,0,0.452788
15,25,<value>,1,0.218946
15,25,<value>,2,0.010119
15,25,<value>,3,0.133354
15,25,<value>,4,0.057352
15,25,<value>,5,0.067622
15,25,<value>,6,0.059820
15,30,<array>,0,0.437596
15,30,<array>,1,0.562404
15,30,<char>,0,0.082267
15,30,<char>,1,0.201307
15,30,<char>,2,0.264868
15,30,<char>,3,0.124902
15,30,<char>,4,0.326655
15,30,<chars>,0,0.409043
15,30,<chars>,1,0.590957
15,30,<digit>,0,0.208905
15,30,<digit>,1,0.076724
15,30,<digit>,2,0.024324
15,30,<digit>,3,0.035431
15,30,<digit>,4,0.069301
15,30,<digit>,5,0.028555
15,30,<digit>,6,0.127667
15,30,<digit>,7,0.083747
15,30,<digit>,8,0.151422
15,30,<digit>,9,0.193926
15,30,<digits>,0,0.444742
15,30,<digits>,1,0.555258
15,30,<elements>,0,0.241304
15,30,<elements>,1,0.758696
15,30,<escape>,0,0.356193
15,30,<escape>,1,0.209213
15,30,<escape>,2,0.392600
15,30,<escape>,3,0.020557
15,30,<escape>,4,0.021436
15,30,<int>,0,0.255347
15,30,<int>,1,0.342107
15,30,<int>,2,0.402545
15,30,<members>,0,0.034998
15,30,<members>,1,0.965002
15,30,<number>,0,0.431785
15,30,<number>,1,0.247613
15,30,<number>,2,0.320602
15,30,<object>,0,0.432400
15,30,<object>,1,0.567600
15,30,<pair>,0,1.000000
15,30,<start>,0,1.000000
15,30,<string>,0,1.000000
15,30,<value>,0,0.466888
15,30,<value>,1,0.252542
15,30,<value>,2,0.001696
15,30,<value>,3,0.113869
15,30,<value>,4,0.060323
15,30,<value>,5,0.042499
15,30,<value>,6,0.062184
15,35,<array>,0,0.455568
15,35,<array>,1,0.544432
15,35,<char>,0,0.044499
15,35,<char>,1,0.156335
15,35,<char>,2,0.307140
15,35,<char>,3,0.128108
15,35,<char>,4,0.363918
15,35,<chars>,0,0.290892
15,35,<chars>,1,0.709108
15,35,<digit>,0,0.291756
15,35,<digit>,1,0.091664
15,35,<digit>,2,0.008053
15,35,<digit>,3,0.035043
15,35,<digit>,4,0.110274
15,35,<digit>,5,0.075611
15,35,<digit>,6,0.070092
15,35,<digit>,7,0.082689
15,35,<digit>,8,0.167101
15,35,<digit>,9,0.067716
15,35,<digits>,0,0.360767
15,35,<digits>,1,0.639233
15,35,<elements>,0,0.243126
15,35,<elements>,1,0.756874
15,35,<escape>,0,0.403903
15,35,<escape>,1,0.243944
15,35,<escape>,2,0.334974
15,35,<escape>,3,0.000000
15,35,<escape>,4,0.017178
15,35,<int>,0,0.258862
15,35,<int>,1,0.367286
15,35,<int>,2,0.373852
15,35,<members>,0,0.002134
15,35,<members>,1,0.997866
15,35,<number>,0,0.439640
15,35,<number>,1,0.262419
15,35,<number>,2,0.297941
15,35,<object>,0,0.262764
15,35,<object>,1,0.737236
15,35,<pair>,0,1.000000
15,35,<start>,0,1.000000
15,35,<string>,0,1.000000
15,35,<value>,0,0.427899
15,35,<value>,1,0.203387
15,35,<value>,2,0.022511
15,35,<value>,3,0.187416
15,35,<value>,4,0.051129
15,35,<value>,5,0.053303
15,35,<value>,6,0.054356
15,40,<array>,0,0.000000
15,40,<array>,1,1.000000
15,40,<char>,0,0.126808
15,40,<char>,1,0.271290
15,40,<char>,2,0.123745
15,40,<char>,3,0.152666
15,40,<char>,4,0.325492
15,40,<chars>,0,0.284643
15,40,<chars>,1,0.715357
15,40,<digit>,0,0.276903
15,40,<digit>,1,0.090909
15,40,<digit>,2,0.024113
15,40,<digit>,3,0.030839
15,40,<digit>,4,0.000000
15,40,<digit>,5,0.075759
15,40,<digit>,6,0.147845
15,40,<digit>,7,0.042712
15,40,<digit>,8,0.182547
15,40,<digit>,9,0.128373
15,40,<digits>,0,0.373111
15,40,<digits>,1,0.626889
15,40,<elements>,0,0.198675
15,40,<elements>,1,0.801325
15,40,<escape>,0,0.402843
15,40,<escape>,1,0.221776
15,40,<escape>,2,0.357646
15,40,<escape>,3,0.001273
15,40,<escape>,4,0.016462
15,40,<int>,0,0.256211
15,40,<int>,1,0.414127
15,40,<int>,2,0.329662
15,40,<members>,0,0.021936
15,40,<members>,1,0.978064
15,40,<number>,0,0.442008
15,40,<number>,1,0.249636
15,40,<number>,2,0.308356
15,40,<object>,0,0.263695
15,40,<object>,1,0.736305
15,40,<pair>,0,1.000000
15,40,<start>,0,1.000000
15,40,<string>,0,1.000000
15,40,<value>,0,0.396382
15,40,<value>,1,0.185184
15,40,<value>,2,0.051943
15,40,<value>,3,0.173708
15,40,<value>,4,0.035058
15,40,<value>,5,0.055049
15,40,<value>,6,0.102677
15,45,<array>,0,0.000000
15,45,<array>,1,1.000000
15,45,<char>,0,0.152649
15,45,<char>,1,0.099673
15,45,<char>,2,0.252092
15,45,<char>,3,0.122119
15,45,<char>,4,0.373467
15,45,<chars>,0,0.286141
15,45,<chars>,1,0.713859
15,45,<digit>,0,0.319814
15,45,<digit>,1,0.011555
15,45,<digit>,2,0.030432
15,45,<digit>,3,0.012619
15,45,<digit>,4,0.019819
15,45,<digit>,5,0.137157
15,45,<digit>,6,0.177039
15,45,<digit>,7,0.044001
15,45,<digit>,8,0.153325
15,45,<digit>,9,0.094237
15,45,<digits>,0,0.355365
15,45,<digits>,1,0.644635
15,45,<elements>,0,0.188082
15,45,<elements>,1,0.811918
15,45,<escape>,0,0.381803
15,45,<escape>,1,0.233057
15,45,<escape>,2,0.334237
15,45,<escape>,3,0.004511
15,45,<escape>,4,0.046391
15,45,<int>,0,0.288261
15,45,<int>,1,0.326964
15,45,<int>,2,0.384775
15,45,<members>,0,0.009888
15,45,<members>,1,0.990112
15,45,<number>,0,0.451379
15,45,<number>,1,0.257931
15,45,<number>,2,0.290690
15,45,<object>,0,0.251038
15,45,<object>,1,0.748962
15,45,<pair>,0,1.000000
15,45,<start>,0,1.000000
15,45,<string>,0,1.000000
15,45,<value>,0,0.457798
15,45,<value>,1,0.228217
15,45,<value>,2,0.012078
15,45,<value>,3,0.186253
15,45,<value>,4,0.021335
15,45,<value>,5,0.053501
15,45,<value>,6,0.040818
15,50,<array>,0,0.084704
15,50,<array>,1,0.915296
15,50,<char>,0,0.142639
15,50,<char>,1,0.186721
15,50,<char>,2,0.246582
15,50,<char>,3,0.112129
15,50,<char>,4,0.311929
15,50,<chars>,0,0.275119
15,50,<chars>,1,0.724881
15,50,<digit>,0,0.300840
15,50,<digit>,1,0.014972
15,50,<digit>,2,0.035574
15,50,<digit>,3,0.065544
15,50,<digit>,4,0.029172
15,50,<digit>,5,0.101388
15,50,<digit>,6,0.162237
15,50,<digit>,7,0.039897
15,50,<digit>,8,0.148181
15,50,<digit>,9,0.102196
15,50,<digits>,0,0.346866
15,50,<digits>,1,0.653134
15,50,<elements>,0,0.189549
15,50,<elements>,1,0.810451
15,50,<escape>,0,0.381200
15,50,<escape>,1,0.237327
15,50,<escape>,2,0.334764
15,50,<escape>,3,0.004870
15,50,<escape>,4,0.041840
15,50,<int>,0,0.288060
15,50,<int>,1,0.333320
15,50,<int>,2,0.378619
15,50,<members>,0,0.022919
15,50,<members>,1,0.977081
15,50,<number>,0,0.443030
15,50,<number>,1,0.260098
15,50,<number>,2,0.296872
15,50,<object>,0,0.260352
15,50,<object>,1,0.739648
15,50,<pair>,0,1.000000
15,50,<start>,0,1.000000
15,50,<string>,0,1.000000
15,50,<value>,0,0.417336
15,50,<value>,1,0.243541
15,50,<value>,2,0.014627
15,50,<value>,3,0.199646
15,50,<value>,4,0.024360
15,50,<value>,5,0.060510
15,50,<value>,6,0.039980
15,55,<array>,0,0.141167
15,55,<array>,1,0.858833
15,55,<char>,0,0.087421
15,55,<char>,1,0.207132
15,55,<char>,2,0.174861
15,55,<char>,3,0.192514
15,55,<char>,4,0.338073
15,55,<chars>,0,0.264763
15,55,<chars>,1,0.735237
15,55,<digit>,0,0.360562
15,55,<digit>,1,0.034461
15,55,<digit>,2,0.033997
15,55,<digit>,3,0.033279
15,55,<digit>,4,0.089533
15,55,<digit>,5,0.067816
15,55,<digit>,6,0.145416
15,55,<digit>,7,0.037552
15,55,<digit>,8,0.101469
15,55,<digit>,9,0.095914
15,55,<digits>,0,0.348285
15,55,<digits>,1,0.651715
15,55,<elements>,0,0.184571
15,55,<elements>,1,0.815429
15,55,<escape>,0,0.356280
15,55,<escape>,1,0.216041
15,55,<escape>,2,0.375491
15,55,<escape>,3,0.000775
15,55,<escape>,4,0.051413
15,55,<int>,0,0.281853
15,55,<int>,1,0.345085
15,55,<int>,2,0.373062
15,55,<members>,0,0.024812
15,55,<members>,1,0.975188
15,55,<number>,0,0.442669
15,55,<number>,1,0.276092
15,55,<number>,2,0.281239
15,55,<object>,0,0.249859
15,55,<object>,1,0.750141
15,55,<pair>,0,1.000000
15,55,<start>,0,1.000000
15,55,<string>,0,1.000000
15,55,<value>,0,0.431808
15,55,<value>,1,0.243259
15,55,<value>,2,0.005627
15,55,<value>,3,0.190979
15,55,<value>,4,0.019785
15,55,<value>,5,0.042652
15,55,<value>,6,0.065889
15,59,<array>,0,0.124843
15,59,<array>,1,0.875157
15,59,<char>,0,0.082802
15,59,<char>,1,0.160766
15,59,<char>,2,0.214626
15,59,<char>,3,0.128578
15,59,<char>,4,0.413229
15,59,<chars>,0,0.264094
15,59,<chars>,1,0.735906
15,59,<digit>,0,0.347757
15,59,<digit>,1,0.069200
15,59,<digit>,2,0.046060
15,59,<digit>,3,0.074061
15,59,<digit>,4,0.036732
15,59,<digit>,5,0.000000
15,59,<digit>,6,0.174860
15,59,<digit>,7,0.045134
15,59,<digit>,8,0.121338
15,59,<digit>,9,0.084858
15,59,<digits>,0,0.345970
15,59,<digits>,1,0.654030
15,59,<elements>,0,0.105553
15,59,<elements>,1,0.894447
15,59,<escape>,0,0.365858
15,59,<escape>,1,0.225025
15,59,<escape>,2,0.368460
15,59,<escape>,3,0.000550
15,59,<escape>,4,0.040107
15,59,<int>,0,0.297223
15,59,<int>,1,0.325904
15,59,<int>,2,0.376873
15,59,<members>,0,0.031020
15,59,<members>,1,0.968980
15,59,<number>,0,0.444315
15,59,<number>,1,0.290938
15,59,<number>,2,0.264747
15,59,<object>,0,0.208584
15,59,<object>,1,0.791416
15,59,<pair>,0,1.000000
15,59,<start>,0,1.000000
15,59,<string>,0,1.000000
15,59,<value>,0,0.443344
15,59,<value>,1,0.237562
15,59,<value>,2,0.001508
15,59,<value>,3,0.190288
15,59,<value>,4,0.021922
15,59,<value>,5,0.041387
15,59,<value>,6,0.063988
16,0,<array>,0,0.558019
16,0,<array>,1,0.441981
16,0,<char>,0,0.079423
16,0,<char>,1,0.307811
16,0,<char>,2,0.220345
16,0,<char>,3,0.244352
16,0,<char>,4,0.148069
16,0,<chars>,0,0.473793
16,0,<chars>,1,0.526207
16,0,<digit>,0,0.048218
16,0,<digit>,1,0.107425
16,0,<digit>,2,0.125857
16,0,<digit>,3,0.147183
16,0,<digit>,4,0.099209
16,0,<digit>,5,0.047639
16,0,<digit>,6,0.071347
16,0,<digit>,7,0.161430
16,0,<digit>,8,0.131000
16,0,<digit>,9,0.060691
16,0,<digits>,0,0.362062
16,0,<digits>,1,0.637938
16,0,<elements>,0,0.418703
16,0,<elements>,1,0.581297
16,0,<escape>,0,0.096793
16,0,<escape>,1,0.250788
16,0,<escape>,2,0.359737
16,0,<escape>,3,0.076971
16,0,<escape>,4,0.215712
16,0,<int>,0,0.384424
16,0,<int>,1,0.273015
16,0,<int>,2,0.342561
16,0,<members>,0,0.258957
16,0,<members>,1,0.741043
16,0,<number>,0,0.451664
16,0,<number>,1,0.368668
16,0,<number>,2,0.179668
16,0,<object>,0,0.616301
16,0,<object>,1,0.383699
16,0,<pair>,0,1.000000
16,0,<start>,0,1.000000
16,0,<string>,0,1.000000
16,0,<value>,0,0.146384
16,0,<value>,1,0.190002
16,0,<value>,2,0.177689
16,0,<value>,3,0.114818
16,0,<value>,4,0.128635
16,0,<value>,5,0.140795
16,0,<value>,6,0.101679
16,5,<array>,0,0.421611
16,5,<array>,1,0.578389
16,5,<char>,0,0.305676
16,5,<char>,1,0.078606
16,5,<char>,2,0.235202
16,5,<char>,3,0.132306
16,5,<char>,4,0.248210
16,5,<chars>,0,0.577998
16,5,<chars>,1,0.422002
16,5,<digit>,0,0.145929
16,5,<digit>,1,0.071458
16,5,<digit>,2,0.083674
16,5,<digit>,3,0.000000
16,5,<digit>,4,0.109478
16,5,<digit>,5,0.076154
16,5,<digit>,6,0.067709
16,5,<digit>,7,0.193765
16,5,<digit>,8,0.096150
16,5,<digit>,9,0.155682
16,5,<digits>,0,0.347976
16,5,<digits>,1,0.652024
16,5,<elements>,0,0.319181
16,5,<elements>,1,0.680819
16,5,<escape>,0,0.178427
16,5,<escape>,1,0.161157
16,5,<escape>,2,0.230157
16,5,<escape>,3,0.199459
16,5,<escape>,4,0.230801
16,5,<int>,0,0.332549
16,5,<int>,1,0.281295
16,5,<int>,2,0.386156
16,5,<members>,0,0.301247
16,5,<members>,1,0.698753
16,5,<number>,0,0.424722
16,5,<number>,1,0.328219
16,5,<number>,2,0.247059
16,5,<object>,0,0.368925
16,5,<object>,1,0.631075
16,5,<pair>,0,1.000000
16,5,<start>,0,1.000000
16,5,<string>,0,1.000000
16,5,<value>,0,0.342269
16,5,<value>,1,0.117635
16,5,<value>,2,0.170674
16,5,<value>,3,0.101442
16,5,<value>,4,0.062751
16,5,<value>,5,0.089646
16,5,<value>,6,0.115584
16,10,<array>,0,0.210738
16,10,<array>,1,0.789262
16,10,<char>,0,0.195534
16,10,<char>,1,0.299199
16,10,<char>,2,0.256730
16,10,<char>,3,0.148147
16,10,<char>,4,0.100390
16,10,<chars>,0,0.537729
16,10,<chars>,1,0.462271
16,10,<digit>,0,0.103764
16,10,<digit>,1,0.095429
16,10,<digit>,2,0.063397
16,10,<digit>,3,0.088505
16,10,<digit>,4,0.132315
16,10,<digit>,5,0.065867
16,10,<digit>,6,0.108293
16,10,<digit>,7,0.145942
16,10,<digit>,8,0.077127
16,10,<digit>,9,0.119360
16,10,<digits>,0,0.433482
16,10,<digits>,1,0.566518
16,10,<elements>,0,0.287342
16,10,<elements>,1,0.712658
16,10,<escape>,0,0.240655
16,10,<escape>,1,0.172550
16,10,<escape>,2,0.226575
16,10,<escape>,3,0.185396
16,10,<escape>,4,0.174824
16,10,<int>,0,0.259036
16,10,<int>,1,0.295762
16,10,<int>,2,0.445202
16,10,<members>,0,0.314282
16,10,<members>,1,0.685718
16,10,<number>,0,0.386161
16,10,<number>,1,0.341617
16,10,<number>,2,0.272223
16,10,<object>,0,0.407066
16,10,<object>,1,0.592934
16,10,<pair>,0,1.000000
16,10,<start>,0,1.000000
16,10,<string>,0,1.000000
16,10,<value>,0,0.304568
16,10,<value>,1,0.500285
16,10,<value>,2,0.000000
16,10,<value>,3,0.091379
16,10,<value>,4,0.000000
16,10,<value>,5,0.091224
16,10,<value>,6,0.012544
16,15,<array>,0,0.209470
16,15,<array>,1,0.790530
16,15,<char>,0,0.300804
16,15,<char>,1,0.314593
16,15,<char>,2,0.178705
16,15,<char>,3,0.119459
16,15,<char>,4,0.086439
16,15,<chars>,0,0.535880
16,15,<chars>,1,0.464120
16,15,<digit>,0,0.128439
16,15,<digit>,1,0.098506
16,15,<digit>,2,0.058175
16,15,<digit>,3,0.000000
16,15,<digit>,4,0.131057
16,15,<digit>,5,0.082439
16,15,<digit>,6,0.123018
16,15,<digit>,7,0.155803
16,15,<digit>,8,0.117180
16,15,<digit>,9,0.105382
16,15,<digits>,0,0.378914
16,15,<digits>,1,0.621086
16,15,<elements>,0,0.376225
16,15,<elements>,1,0.623775
16,15,<escape>,0,0.246082
16,15,<escape>,1,0.197838
16,15,<escape>,2,0.209723
16,15,<escape>,3,0.180907
16,15,<escape>,4,0.165450
16,15,<int>,0,0.296059
16,15,<int>,1,0.302761
16,15,<int>,2,0.401180
16,15,<members>,0,0.000000
16,15,<members>,1,1.000000
16,15,<number>,0,0.282383
16,15,<number>,1,0.233855
16,15,<number>,2,0.483761
16,15,<object>,0,0.402138
16,15,<object>,1,0.597862
16,15,<pair>,0,1.000000
16,15,<start>,0,1.000000
16,15,<string>,0,1.000000
16,15,<value>,0,0.278279
16,15,<value>,1,0.415999
16,15,<value>,2,0.045104
16,15,<value>,3,0.083855
16,15,<value>,4,0.068252
16,15,<value>,5,0.076635
16,15,<value>,6,0.031875
16,20,<array>,0,0.204301
16,20,<array>,1,0.795699
16,20,<char>,0,0.286269
16,20,<char>,1,0.170801
16,20,<char>,2,0.237069
16,20,<char>,3,0.129392
16,20,<char>,4,0.176468
16,20,<chars>,0,0.512085
16,20,<chars>,1,0.487915
16,20,<digit>,0,0.160469
16,20,<digit>,1,0.104899
16,20,<digit>,2,0.118348
16,20,<digit>,3,0.006995
16,20,<digit>,4,0.119105
16,20,<digit>,5,0.059540
16,20,<digit>,6,0.111111
16,20,<digit>,7,0.015871
16,20,<digit>,8,0.217739
16,20,<digit>,9,0.085923
16,20,<digits>,0,0.352333
16,20,<digits>,1,0.647667
16,20,<elements>,0,0.418740
16,20,<elements>,1,0.581260
16,20,<escape>,0,0.294646
16,20,<escape>,1,0.228127
16,20,<escape>,2,0.232638
16,20,<escape>,3,0.150669
16,20,<escape>,4,0.093921
16,20,<int>,0,0.309806
16,20,<int>,1,0.298076
16,20,<int>,2,0.392117
16,20,<members>,0,0.000000
16,20,<members>,1,1.000000
16,20,<number>,0,0.393605
16,20,<number>,1,0.363947
16,20,<number>,2,0.242448
16,20,<object>,0,0.461831
16,20,<object>,1,0.538169
16,20,<pair>,0,1.000000
16,20,<start>,0,1.000000
16,20,<string>,0,1.000000
16,20,<value>,0,0.272470
16,20,<value>,1,0.412961
16,20,<value>,2,0.092134
16,20,<value>,3,0.085083
16,20,<value>,4,0.057497
16,20,<value>,5,0.043685
16,20,<value>,6,0.036170
16,25,<array>,0,0.214160
16,25,<array>,1,0.785840
16,25,<char>,0,0.239109
16,25,<char>,1,0.384597
16,25,<char>,2,0.000000
16,25,<char>,3,0.141218
16,25,<char>,4,0.235076
16,25,<chars>,0,0.537696
16,25,<chars>,1,0.462304
16,25,<digit>,0,0.096773
16,25,<digit>,1,0.117490
16,25,<digit>,2,0.128103
16,25,<digit>,3,0.025541
16,25,<digit>,4,0.158308
16,25,<digit>,5,0.108103
16,25,<digit>,6,0.134479
16,25,<digit>,7,0.062529
16,25,<digit>,8,0.138490
16,25,<digit>,9,0.030184
16,25,<digits>,0,0.313218
16,25,<digits>,1,0.686782
16,25,<elements>,0,0.344250
16,25,<elements>,1,0.655750
16,25,<escape>,0,0.358144
16,25,<escape>,1,0.212533
16,25,<escape>,2,0.258187
16,25,<escape>,3,0.055968
16,25,<escape>,4,0.115168
16,25,<int>,0,0.342373
16,25,<int>,1,0.157183
16,25,<int>,2,0.500443
16,25,<members>,0,0.071352
16,25,<members>,1,0.928648
16,25,<number>,0,0.414275
16,25,<number>,1,0.216496
16,25,<number>,2,0.369228
16,25,<object>,0,0.268654
16,25,<object>,1,0.731346
16,25,<pair>,0,1.000000
16,25,<start>,0,1.000000
16,25,<string>,0,1.000000
16,25,<value>,0,0.267279
16,25,<value>,1,0.407564
16,25,<value>,2,0.000080
16,25,<value>,3,0.164862
16,25,<value>,4,0.072354
16,25,<value>,5,0.051730
16,25,<value>,6,0.036131
16,30,<array>,0,0.156363
16,30,<array>,1,0.843637
16,30,<char>,0,0.167233
16,30,<char>,1,0.252806
16,30,<char>,2,0.259677
16,30,<char>,3,0.123924
16,30,<char>,4,0.196360
16,30,<chars>,0,0.442137
16,30,<chars>,1,0.557863
16,30,<digit>,0,0.142184
16,30,<digit>,1,0.087608
16,30,<digit>,2,0.155236
16,30,<digit>,3,0.036901
16,30,<digit>,4,0.172908
16,30,<digit>,5,0.111675
16,30,<digit>,6,0.076688
16,30,<digit>,7,0.115405
16,30,<digit>,8,0.101395
16,30,<digit>,9,0.000000
16,30,<digits>,0,0.348478
16,30,<digits>,1,0.651522
16,30,<elements>,0,0.348688
16,30,<elements>,1,0.651312
16,30,<escape>,0,0.280240
16,30,<escape>,1,0.211148
16,30,<escape>,2,0.284441
16,30,<escape>,3,0.117678
16,30,<escape>,4,0.106492
16,30,<int>,0,0.341647
16,30,<int>,1,0.249212
16,30,<int>,2,0.409142
16,30,<members>,0,0.045476
16,30,<members>,1,0.954524
16,30,<number>,0,0.371083
16,30,<number>,1,0.312766
16,30,<number>,2,0.316151
16,30,<object>,0,0.036527
16,30,<object>,1,0.963473
16,30,<pair>,0,1.000000
16,30,<start>,0,1.000000
16,30,<string>,0,1.000000
16,30,<value>,0,0.299409
16,30,<value>,1,0.434783
16,30,<value>,2,0.000306
16,30,<value>,3,0.176340
16,30,<value>,4,0.010901
16,30,<value>,5,0.037213
16,30,<value>,6,0.041048
16,35,<array>,0,0.129041
16,35,<array>,1,0.870959
16,35,<char>,0,0.195180
16,35,<char>,1,0.258774
16,35,<char>,2,0.277497
16,35,<char>,3,0.086745
16,35,<char>,4,0.181803
16,35,<chars>,0,0.292983
16,35,<chars>,1,0.707017
16,35,<digit>,0,0.229744
16,35,<digit>,1,0.098764
16,35,<digit>,2,0.125505
16,35,<digit>,3,0.055582
16,35,<digit>,4,0.087242
16,35,<digit>,5,0.110750
16,35,<digit>,6,0.069457
16,35,<digit>,7,0.093527
16,35,<digit>,8,0.119096
16,35,<digit>,9,0.010333
16,35,<digits>,0,0.361570
16,35,<digits>,1,0.638430
16,35,<elements>,0,0.378136
16,35,<elements>,1,0.621864
16,35,<escape>,0,0.332889
16,35,<escape>,1,0.191044
16,35,<escape>,2,0.241516
16,35,<escape>,3,0.126348
16,35,<escape>,4,0.108203
16,35,<int>,0,0.359215
16,35,<int>,1,0.271909
16,35,<int>,2,0.368876
16,35,<members>,0,0.020396
16,35,<members>,1,0.979604
16,35,<number>,0,0.327730
16,35,<number>,1,0.350423
16,35,<number>,2,0.321847
16,35,<object>,0,0.053348
16,35,<object>,1,0.946652
16,35,<pair>,0,1.000000
16,35,<start>,0,1.000000
16,35,<string>,0,1.000000
16,35,<value>,0,0.286375
16,35,<value>,1,0.373230
16,35,<value>,2,0.079682
16,35,<value>,3,0.153131
16,35,<value>,4,0.026634
16,35,<value>,5,0.034254
16,35,<value>,6,0.046695
16,40,<array>,0,0.112929
16,40,<array>,1,0.887071
16,40,<char>,0,0.145326
16,40,<char>,1,0.308779
16,40,<char>,2,0.252058
16,40,<char>,3,0.096830
16,40,<char>,4,0.197007
16,40,<chars>,0,0.319167
16,40,<chars>,1,0.680833
16,40,<digit>,0,0.221459
16,40,<digit>,1,0.106418
16,40,<digit>,2,0.105052
16,40,<digit>,3,0.043934
16,40,<digit>,4,0.136892
16,40,<digit>,5,0.113053
16,40,<digit>,6,0.078416
16,40,<digit>,7,0.103723
16,40,<digit>,8,0.050496
16,40,<digit>,9,0.040558
16,40,<digits>,0,0.014601
16,40,<digits>,1,0.985399
16,40,<elements>,0,0.241178
16,40,<elements>,1,0.758822
16,40,<escape>,0,0.367581
16,40,<escape>,1,0.241826
16,40,<escape>,2,0.226398
16,40,<escape>,3,0.054714
16,40,<escape>,4,0.109481
16,40,<int>,0,0.326169
16,40,<int>,1,0.202053
16,40,<int>,2,0.471778
16,40,<members>,0,0.000000
16,40,<members>,1,1.000000
16,40,<number>,0,0.310185
16,40,<number>,1,0.348699
16,40,<number>,2,0.341116
16,40,<object>,0,0.026429
16,40,<object>,1,0.973571
16,40,<pair>,0,1.000000
16,40,<start>,0,1.000000
16,40,<string>,0,1.000000
16,40,<value>,0,0.302358
16,40,<value>,1,0.346553
16,40,<value>,2,0.011672
16,40,<value>,3,0.196317
16,40,<value>,4,0.072258
16,40,<value>,5,0.026776
16,40,<value>,6,0.044066
16,45,<array>,0,0.059796
16,45,<array>,1,0.940204
16,45,<char>,0,0.201824
16,45,<char>,1,0.262715
16,45,<char>,2,0.223003
16,45,<char>,3,0.095245
16,45,<char>,4,0.217212
16,45,<chars>,0,0.301609
16,45,<chars>,1,0.698391
16,45,<digit>,0,0.282124
16,45,<digit>,1,0.039457
16,45,<digit>,2,0.111517
16,45,<digit>,3,0.062630
16,45,<digit>,4,0.101322
16,45,<digit>,5,0.000000
16,45,<digit>,6,0.103224
16,45,<digit>,7,0.097655
16,45,<digit>,8,0.174559
16,45,<digit>,9,0.027512
16,45,<digits>,0,0.099708
16,45,<digits>,1,0.900292
16,45,<elements>,0,0.265216
16,45,<elements>,1,0.734784
16,45,<escape>,0,0.346801
16,45,<escape>,1,0.315913
16,45,<escape>,2,0.266857
16,45,<escape>,3,0.070428
16,45,<escape>,4,0.000000
16,45,<int>,0,0.403050
16,45,<int>,1,0.213829
16,45,<int>,2,0.383120
16,45,<members>,0,0.000000
16,45,<members>,1,1.000000
16,45,<number>,0,0.287552
16,45,<number>,1,0.338554
16,45,<number>,2,0.373893
16,45,<object>,0,0.042524
16,45,<object>,1,0.957476
16,45,<pair>,0,1.000000
16,45,<start>,0,1.000000
16,45,<string>,0,1.000000
16,45,<value>,0,0.345309
16,45,<value>,1,0.336124
16,45,<value>,2,0.004955
16,45,<value>,3,0.190424
16,45,<value>,4,0.055701
16,45,<value>,5,0.025678
16,45,<value>,6,0.041808
16,50,<array>,0,0.111594
16,50,<array>,1,0.888406
16,50,<char>,0,0.219499
16,50,<char>,1,0.262275
16,50,<char>,2,0.263294
16,50,<char>,3,0.020770
16,50,<char>,4,0.234163
16,50,<chars>,0,0.266616
16,50,<chars>,1,0.733384
16,50,<digit>,0,0.283606
16,50,<digit>,1,0.113513
16,50,<digit>,2,0.073810
16,50,<digit>,3,0.050136
16,50,<digit>,4,0.088978
16,50,<digit>,5,0.066237
16,50,<digit>,6,0.131906
16,50,<digit>,7,0.089478
16,50,<digit>,8,0.030691
16,50,<digit>,9,0.071644
16,50,<digits>,0,0.093086
16,50,<digits>,1,0.906914
16,50,<elements>,0,0.281520
16,50,<elements>,1,0.718480
16,50,<escape>,0,0.390307
16,50,<escape>,1,0.264570
16,50,<escape>,2,0.231032
16,50,<escape>,3,0.071051
16,50,<escape>,4,0.043039
16,50,<int>,0,0.295071
16,50,<int>,1,0.206560
16,50,<int>,2,0.498368
16,50,<members>,0,0.000000
16,50,<members>,1,1.000000
16,50,<number>,0,0.306883
16,50,<number>,1,0.306749
16,50,<number>,2,0.386367
16,50,<object>,0,0.051467
16,50,<object>,1,0.948533
16,50,<pair>,0,1.000000
16,50,<start>,0,1.000000
16,50,<string>,0,1.000000
16,50,<value>,0,0.343748
16,50,<value>,1,0.332649
16,50,<value>,2,0.009249
16,50,<value>,3,0.209407
16,50,<value>,4,0.048162
16,50,<value>,5,0.017657
16,50,<value>,6,0.039127
16,55,<array>,0,0.075489
16,55,<array>,1,0.924511
16,55,<char>,0,0.184537
16,55,<char>,1,0.262310
16,55,<char>,2,0.278013
16,55,<char>,3,0.058189
16,55,<char>,4,0.216951
16,55,<chars>,0,0.191341
16,55,<chars>,1,0.808659
16,55,<digit>,0,0.311624
16,55,<digit>,1,0.068705
16,55,<digit>,2,0.032817
16,55,<digit>,3,0.064675
16,55,<digit>,4,0.095193
16,55,<digit>,5,0.076712
16,55,<digit>,6,0.120343
16,55,<digit>,7,0.020217
16,55,<digit>,8,0.191133
16,55,<digit>,9,0.018580
16,55,<digits>,0,0.045696
16,55,<digits>,1,0.954304
16,55,<elements>,0,0.288598
16,55,<elements>,1,0.711402
16,55,<escape>,0,0.375130
16,55,<escape>,1,0.268031
16,55,<escape>,2,0.230476
16,55,<escape>,3,0.061802
16,55,<escape>,4,0.064561
16,55,<int>,0,0.393955
16,55,<int>,1,0.209479
16,55,<int>,2,0.396566
16,55,<members>,0,0.027625
16,55,<members>,1,0.972375
16,55,<number>,0,0.220653
16,55,<number>,1,0.348733
16,55,<number>,2,0.430614
16,55,<object>,0,0.050491
16,55,<object>,1,0.949509
16,55,<pair>,0,1.000000
16,55,<start>,0,1.000000
16,55,<string>,0,1.000000
16,55,<value>,0,0.312072
16,55,<value>,1,0.390830
16,55,<value>,2,0.011478
16,55,<value>,3,0.186743
16,55,<value>,4,0.039489
16,55,<value>,5,0.022526
16,55,<value>,6,0.036861
16,59,<array>,0,0.096227
16,59,<array>,1,0.903773
16,59,<char>,0,0.087931
16,59,<char>,1,0.313537
16,59,<char>,2,0.254078
16,59,<char>,3,0.063956
16,59,<char>,4,0.280499
16,59,<chars>,0,0.203444
16,59,<chars>,1,0.796556
16,59,<digit>,0,0.328391
16,59,<digit>,1,0.090935
16,59,<digit>,2,0.052586
16,59,<digit>,3,0.066220
16,59,<digit>,4,0.107050
16,59,<digit>,5,0.068355
16,59,<digit>,6,0.096706
16,59,<digit>,7,0.082782
16,59,<digit>,8,0.068600
16,59,<digit>,9,0.038374
16,59,<digits>,0,0.059235
16,59,<digits>,1,0.940765
16,59,<elements>,0,0.281242
16,59,<elements>,1,0.718758
16,59,<escape>,0,0.365139
16,59,<escape>,1,0.301245
16,59,<escape>,2,0.244250
16,59,<escape>,3,0.073171
16,59,<escape>,4,0.016195
16,59,<int>,0,0.324664
16,59,<int>,1,0.200560
16,59,<int>,2,0.474776
16,59,<members>,0,0.019595
16,59,<members>,1,0.980405
16,59,<number>,0,0.246897
16,59,<number>,1,0.354410
16,59,<number>,2,0.398693
16,59,<object>,0,0.071834
16,59,<object>,1,0.928166
16,59,<pair>,0,1.000000
16,59,<start>,0,1.000000
16,59,<string>,0,1.000000
16,59,<value>,0,0.339218
16,59,<value>,1,0.348832
16,59,<value>,2,0.008728
16,59,<value>,3,0.204299
16,59,<value>,4,0.032802
16,59,<value>,5,0.030088
16,59,<value>,6,0.036034
17,0,<array>,0,0.576376
17,0,<array>,1,0.423624
17,0,<char>,0,0.185736
17,0,<char>,1,0.217190
17,0,<char>,2,0.258836
17,0,<char>,3,0.257541
17,0,<char>,4,0.080698
17,0,<chars>,0,0.589190
17,0,<chars>,1,0.410810
17,0,<digit>,0,0.114464
17,0,<digit>,1,0.044840
17,0,<digit>,2,0.168638
17,0,<digit>,3,0.106599
17,0,<digit>,4,0.064083
17,0,<digit>,5,0.142515
17,0,<digit>,6,0.069032
17,0,<digit>,7,0.074876
17,0,<digit>,8,0.064724
17,0,<digit>,9,0.150228
17,0,<digits>,0,0.356983
17,0,<digits>,1,0.643017
17,0,<elements>,0,0.215231
17,0,<elements>,1,0.784769
17,0,<escape>,0,0.225576
17,0,<escape>,1,0.185961
17,0,<escape>,2,0.088804
17,0,<escape>,3,0.239801
17,0,<escape>,4,0.259858
17,0,<int>,0,0.348716
17,0,<int>,1,0.475440
17,0,<int>,2,0.175844
17,0,<members>,0,0.175940
17,0,<members>,1,0.824060
17,0,<number>,0,0.473313
17,0,<number>,1,0.238603
17,0,<number>,2,0.288084
17,0,<object>,0,0.528534
17,0,<object>,1,0.471466
17,0,<pair>,0,1.000000
17,0,<start>,0,1.000000
17,0,<string>,0,1.000000
17,0,<value>,0,0.175158
17,0,<value>,1,0.179602
17,0,<value>,2,0.151083
17,0,<value>,3,0.098987
17,0,<value>,4,0.073305
17,0,<value>,5,0.167801
17,0,<value>,6,0.154065
17,5,<array>,0,0.553082
17,5,<array>,1,0.446918
17,5,<char>,0,0.208807
17,5,<char>,1,0.202543
17,5,<char>,2,0.173195
17,5,<char>,3,0.256519
17,5,<char>,4,0.158936
17,5,<chars>,0,0.560643
17,5,<chars>,1,0.439357
17,5,<digit>,0,0.146445
17,5,<digit>,1,0.072918
17,5,<digit>,2,0.082559
17,5,<digit>,3,0.138790
17,5,<digit>,4,0.093231
17,5,<digit>,5,0.107408
17,5,<digit>,6,0.091296
17,5,<digit>,7,0.116784
17,5,<digit>,8,0.097233
17,5,<digit>,9,0.053337
17,5,<digits>,0,0.673414
17,5,<digits>,1,0.326586
17,5,<elements>,0,0.329297
17,5,<elements>,1,0.670703
17,5,<escape>,0,0.248579
17,5,<escape>,1,0.187403
17,5,<escape>,2,0.186098
17,5,<escape>,3,0.172416
17,5,<escape>,4,0.205503
17,5,<int>,0,0.418130
17,5,<int>,1,0.253219
17,5,<int>,2,0.328650
17,5,<members>,0,0.000111
17,5,<members>,1,0.999889
17,5,<number>,0,0.411176
17,5,<number>,1,0.302866
17,5,<number>,2,0.285958
17,5,<object>,0,0.316487
17,5,<object>,1,0.683513
17,5,<pair>,0,1.000000
17,5,<start>,0,1.000000
17,5,<string>,0,1.000000
17,5,<value>,0,0.265212
17,5,<value>,1,0.216034
17,5,<value>,2,0.056016
17,5,<value>,3,0.152800
17,5,<value>,4,0.065213
17,5,<value>,5,0.101940
17,5,<value>,6,0.142783
17,10,<array>,0,0.398429
17,10,<array>,1,0.601571
17,10,<char>,0,0.217915
17,10,<char>,1,0.194454
17,10,<char>,2,0.125976
17,10,<char>,3,0.266750
17,10,<char>,4,0.194904
17,10,<chars>,0,0.585484
17,10,<chars>,1,0.414516
17,10,<digit>,0,0.095057
17,10,<digit>,1,0.200404
17,10,<digit>,2,0.231252
17,10,<digit>,3,0.106324
17,10,<digit>,4,0.028639
17,10,<digit>,5,0.049096
17,10,<digit>,6,0.052651
17,10,<digit>,7,0.083763
17,10,<digit>,8,0.115722
17,10,<digit>,9,0.037092
17,10,<digits>,0,0.630047
17,10,<digits>,1,0.369953
17,10,<elements>,0,0.348886
17,10,<elements>,1,0.651114
17,10,<escape>,0,0.143308
17,10,<escape>,1,0.221511
17,10,<escape>,2,0.231012
17,10,<escape>,3,0.198642
17,10,<escape>,4,0.205528
17,10,<int>,0,0.412162
17,10,<int>,1,0.247332
17,10,<int>,2,0.340505
17,10,<members>,0,0.010299
17,10,<members>,1,0.989701
17,10,<number>,0,0.465366
17,10,<number>,1,0.214063
17,10,<number>,2,0.320571
17,10,<object>,0,0.337410
17,10,<object>,1,0.662590
17,10,<pair>,0,1.000000
17,10,<start>,0,1.000000
17,10,<string>,0,1.000000
17,10,<value>,0,0.228256
17,10,<value>,1,0.188476
17,10,<value>,2,0.053403
17,10,<value>,3,0.174800
17,10,<value>,4,0.083557
17,10,<value>,5,0.124905
17,10,<value>,6,0.146601
17,15,<array>,0,0.445508
17,15,<array>,1,0.554492
17,15,<char>,0,0.254680
17,15,<char>,1,0.215997
17,15,<char>,2,0.201662
17,15,<char>,3,0.188106
17,15,<char>,4,0.139556
17,15,<chars>,0,0.589493
17,15,<chars>,1,0.410507
17,15,<digit>,0,0.124434
17,15,<digit>,1,0.209683
17,15,<digit>,2,0.005321
17,15,<digit>,3,0.085916
17,15,<digit>,4,0.011610
17,15,<digit>,5,0.205677
17,15,<digit>,6,0.069558
17,15,<digit>,7,0.089234
17,15,<digit>,8,0.118071
17,15,<digit>,9,0.080496
17,15,<digits>,0,0.388616
17,15,<digits>,1,0.611384
17,15,<elements>,0,0.180324
17,15,<elements>,1,0.819676
17,15,<escape>,0,0.156234
17,15,<escape>,1,0.227507
17,15,<escape>,2,0.233206
17,15,<escape>,3,0.171212
17,15,<escape>,4,0.211841
17,15,<int>,0,0.421600
17,15,<int>,1,0.319487
17,15,<int>,2,0.258913
17,15,<members>,0,0.026320
17,15,<members>,1,0.973680
17,15,<number>,0,0.401876
17,15,<number>,1,0.296832
17,15,<number>,2,0.301291
17,15,<object>,0,0.320481
17,15,<object>,1,0.679519
17,15,<pair>,0,1.000000
17,15,<start>,0,1.000000
17,15,<string>,0,1.000000
17,15,<value>,0,0.277111
17,15,<value>,1,0.228550
17,15,<value>,2,0.100697
17,15,<value>,3,0.176488
17,15,<value>,4,0.045032
17,15,<value>,5,0.024842
17,15,<value>,6,0.147280
17,20,<array>,0,0.436350
17,20,<array>,1,0.563650
17,20,<char>,0,0.225717
17,20,<char>,1,0.295856
17,20,<char>,2,0.008830
17,20,<char>,3,0.334071
17,20,<char>,4,0.135526
17,20,<chars>,0,0.330783
17,20,<chars>,1,0.669217
17,20,<digit>,0,0.081943
17,20,<digit>,1,0.189674
17,20,<digit>,2,0.104458
17,20,<digit>,3,0.106076
17,20,<digit>,4,0.037374
17,20,<digit>,5,0.067010
17,20,<digit>,6,0.045197
17,20,<digit>,7,0.157762
17,20,<digit>,8,0.113142
17,20,<digit>,9,0.097364
17,20,<digits>,0,0.275010
17,20,<digits>,1,0.724990
17,20,<elements>,0,0.167972
17,20,<elements>,1,0.832028
17,20,<escape>,0,0.090228
17,20,<escape>,1,0.350571
17,20,<escape>,2,0.295417
17,20,<escape>,3,0.129132
17,20,<escape>,4,0.134652
17,20,<int>,0,0.459561
17,20,<int>,1,0.231281
17,20,<int>,2,0.309158
17,20,<members>,0,0.027796
17,20,<members>,1,0.972204
17,20,<number>,0,0.430875
17,20,<number>,1,0.244874
17,20,<number>,2,0.324251
17,20,<object>,0,0.260429
17,20,<object>,1,0.739571
17,20,<pair>,0,1.000000
17,20,<start>,0,1.000000
17,20,<string>,0,1.000000
17,20,<value>,0,0.275934
17,20,<value>,1,0.264028
17,20,<value>,2,0.036268
17,20,<value>,3,0.218806
17,20,<value>,4,0.043275
17,20,<value>,5,0.032660
17,20,<value>,6,0.129028
17,25,<array>,0,0.406693
17,25,<array>,1,0.593307
17,25,<char>,0,0.217832
17,25,<char>,1,0.243325
17,25,<char>,2,0.091606
17,25,<char>,3,0.331955
17,25,<char>,4,0.115281
17,25,<chars>,0,0.520108
17,25,<chars>,1,0.479892
17,25,<digit>,0,0.161191
17,25,<digit>,1,0.200383
17,25,<digit>,2,0.120793
17,25,<digit>,3,0.077899
17,25,<digit>,4,0.051183
17,25,<digit>,5,0.071348
17,25,<digit>,6,0.038751
17,25,<digit>,7,0.056519
17,25,<digit>,8,0.092375
17,25,<digit>,9,0.129558
17,25,<digits>,0,0.326634
17,25,<digits>,1,0.673366
17,25,<elements>,0,0.062418
17,25,<elements>,1,0.937582
17,25,<escape>,0,0.198140
17,25,<escape>,1,0.240971
17,25,<escape>,2,0.170447
17,25,<escape>,3,0.226246
17,25,<escape>,4,0.164196
17,25,<int>,0,0.400351
17,25,<int>,1,0.231622
17,25,<int>,2,0.368027
17,25,<members>,0,0.019794
17,25,<members>,1,0.980206
17,25,<number>,0,0.446572
17,25,<number>,1,0.309085
17,25,<number>,2,0.244343
17,25,<object>,0,0.248960
17,25,<object>,1,0.751040
17,25,<pair>,0,1.000000
17,25,<start>,0,1.000000
17,25,<string>,0,1.000000
17,25,<value>,0,0.333362
17,25,<value>,1,0.316308
17,25,<value>,2,0.001131
17,25,<value>,3,0.218462
17,25,<value>,4,0.057695
17,25,<value>,5,0.019330
17,25,<value>,6,0.053711
17,30,<array>,0,0.478664
17,30,<array>,1,0.521336
17,30,<char>,0,0.265879
17,30,<char>,1,0.102618
17,30,<char>,2,0.225992
17,30,<char>,3,0.264508
17,30,<char>,4,0.141004
17,30,<chars>,0,0.440376
17,30,<chars>,1,0.559624
17,30,<digit>,0,0.221709
17,30,<digit>,1,0.136553
17,30,<digit>,2,0.081662
17,30,<digit>,3,0.075856
17,30,<digit>,4,0.046939
17,30,<digit>,5,0.100483
17,30,<digit>,6,0.051352
17,30,<digit>,7,0.000000
17,30,<digit>,8,0.087926
17,30,<digit>,9,0.197519
17,30,<digits>,0,0.330755
17,30,<digits>,1,0.669245
17,30,<elements>,0,0.100902
17,30,<elements>,1,0.899098
17,30,<escape>,0,0.251300
17,30,<escape>,1,0.352825
17,30,<escape>,2,0.265659
17,30,<escape>,3,0.044128
17,30,<escape>,4,0.086088
17,30,<int>,0,0.418547
17,30,<int>,1,0.230512
17,30,<int>,2,0.350941
17,30,<members>,0,0.034648
17,30,<members>,1,0.965352
17,30,<number>,0,0.479992
17,30,<number>,1,0.308983
17,30,<number>,2,0.211025
17,30,<object>,0,0.221630
17,30,<object>,1,0.778370
17,30,<pair>,0,1.000000
17,30,<start>,0,1.000000
17,30,<string>,0,1.000000
17,30,<value>,0,0.307265
17,30,<value>,1,0.308083
17,30,<value>,2,0.003979
17,30,<value>,3,0.187128
17,30,<value>,4,0.047199
17,30,<value>,5,0.035745
17,30,<value>,6,0.110601
17,35,<array>,0,0.468212
17,35,<array>,1,0.531788
17,35,<char>,0,0.261735
17,35,<char>,1,0.179090
17,35,<char>,2,0.109305
17,35,<char>,3,0.218319
17,35,<char>,4,0.231552
17,35,<chars>,0,0.491314
17,35,<chars>,1,0.508686
17,35,<digit>,0,0.191066
17,35,<digit>,1,0.126827
17,35,<digit>,2,0.079467
17,35,<digit>,3,0.207019
17,35,<digit>,4,0.132805
17,35,<digit>,5,0.047907
17,35,<digit>,6,0.010348
17,35,<digit>,7,0.006608
17,35,<digit>,8,0.077501
17,35,<digit>,9,0.120452
17,35,<digits>,0,0.287378
17,35,<digits>,1,0.712622
17,35,<elements>,0,0.045328
17,35,<elements>,1,0.954672
17,35,<escape>,0,0.221101
17,35,<escape>,1,0.370617
17,35,<escape>,2,0.233181
17,35,<escape>,3,0.113024
17,35,<escape>,4,0.062076
17,35,<int>,0,0.387493
17,35,<int>,1,0.242742
17,35,<int>,2,0.369765
17,35,<members>,0,0.006904
17,35,<members>,1,0.993096
17,35,<number>,0,0.462969
17,35,<number>,1,0.326376
17,35,<number>,2,0.210656
17,35,<object>,0,0.081292
17,35,<object>,1,0.918708
17,35,<pair>,0,1.000000
17,35,<start>,0,1.000000
17,35,<string>,0,1.000000
17,35,<value>,0,0.307645
17,35,<value>,1,0.287418
17,35,<value>,2,0.004465
17,35,<value>,3,0.220534
17,35,<value>,4,0.041584
17,35,<value>,5,0.031285
17,35,<value>,6,0.107069
17,40,<array>,0,0.455765
17,40,<array>,1,0.544235
17,40,<char>,0,0.276888
17,40,<char>,1,0.160892
17,40,<char>,2,0.125098
17,40,<char>,3,0.219205
17,40,<char>,4,0.217918
17,40,<chars>,0,0.478228
17,40,<chars>,1,0.521772
17,40,<digit>,0,0.214322
17,40,<digit>,1,0.191700
17,40,<digit>,2,0.127055
17,40,<digit>,3,0.058722
17,40,<digit>,4,0.064410
17,40,<digit>,5,0.000000
17,40,<digit>,6,0.044798
17,40,<digit>,7,0.036644
17,40,<digit>,8,0.096208
17,40,<digit>,9,0.166141
17,40,<digits>,0,0.233184
17,40,<digits>,1,0.766816
17,40,<elements>,0,0.135581
17,40,<elements>,1,0.864419
17,40,<escape>,0,0.271791
17,40,<escape>,1,0.353236
17,40,<escape>,2,0.238271
17,40,<escape>,3,0.116837
17,40,<escape>,4,0.019865
17,40,<int>,0,0.467674
17,40,<int>,1,0.127650
17,40,<int>,2,0.404675
17,40,<members>,0,0.013645
17,40,<members>,1,0.986355
17,40,<number>,0,0.472752
17,40,<number>,1,0.343889
17,40,<number>,2,0.183359
17,40,<object>,0,0.148298
17,40,<object>,1,0.851702
17,40,<pair>,0,1.000000
17,40,<start>,0,1.000000
17,40,<string>,0,1.000000
17,40,<value>,0,0.284573
17,40,<value>,1,0.383145
17,40,<value>,2,0.005544
17,40,<value>,3,0.185090
17,40,<value>,4,0.042408
17,40,<value>,5,0.024235
17,40,<value>,6,0.075005
17,45,<array>,0,0.410590
17,45,<array>,1,0.589410
17,45,<char>,0,0.282587
17,45,<char>,1,0.165135
17,45,<char>,2,0.129453
17,45,<char>,3,0.241322
17,45,<char>,4,0.181503
17,45,<chars>,0,0.000000
17,45,<chars>,1,1.000000
17,45,<digit>,0,0.175676
17,45,<digit>,1,0.140205
17,45,<digit>,2,0.080895
17,45,<digit>,3,0.017205
17,45,<digit>,4,0.163635
17,45,<digit>,5,0.059501
17,45,<digit>,6,0.040068
17,45,<digit>,7,0.000000
17,45,<digit>,8,0.216290
17,45,<digit>,9,0.106525
17,45,<digits>,0,0.253963
17,45,<digits>,1,0.746037
17,45,<elements>,0,0.126919
17,45,<elements>,1,0.873081
17,45,<escape>,0,0.279906
17,45,<escape>,1,0.308054
17,45,<escape>,2,0.264651
17,45,<escape>,3,0.111851
17,45,<escape>,4,0.035537
17,45,<int>,0,0.410977
17,45,<int>,1,0.136116
17,45,<int>,2,0.452907
17,45,<members>,0,0.004756
17,45,<members>,1,0.995244
17,45,<number>,0,0.451718
17,45,<number>,1,0.370814
17,45,<number>,2,0.177469
17,45,<object>,0,0.227842
17,45,<object>,1,0.772158
17,45,<pair>,0,1.000000
17,45,<start>,0,1.000000
17,45,<string>,0,1.000000
17,45,<value>,0,0.280613
17,45,<value>,1,0.335217
17,45,<value>,2,0.016290
17,45,<value>,3,0.201645
17,45,<value>,4,0.052218
17,45,<value>,5,0.025191
17,45,<value>,6,0.088826
17,50,<array>,0,0.417256
17,50,<array>,1,0.582744
17,50,<char>,0,0.251548
17,50,<char>,1,0.198704
17,50,<char>,2,0.151265
17,50,<char>,3,0.212608
17,50,<char>,4,0.185875
17,50,<chars>,0,0.092274
17,50,<chars>,1,0.907726
17,50,<digit>,0,0.191398
17,50,<digit>,1,0.194936
17,50,<digit>,2,0.072568
17,50,<digit>,3,0.025815
17,50,<digit>,4,0.163975
17,50,<digit>,5,0.060362
17,50,<digit>,6,0.056547
17,50,<digit>,7,0.019460
17,50,<digit>,8,0.155125
17,50,<digit>,9,0.059812
17,50,<digits>,0,0.253958
17,50,<digits>,1,0.746042
17,50,<elements>,0,0.087156
17,50,<elements>,1,0.912844
17,50,<escape>,0,0.299162
17,50,<escape>,1,0.338294
17,50,<escape>,2,0.250083
17,50,<escape>,3,0.108466
17,50,<escape>,4,0.003995
17,50,<int>,0,0.380601
17,50,<int>,1,0.165924
17,50,<int>,2,0.453475
17,50,<members>,0,0.038731
17,50,<members>,1,0.961269
17,50,<number>,0,0.453520
17,50,<number>,1,0.366332
17,50,<number>,2,0.180148
17,50,<object>,0,0.221750
17,50,<object>,1,0.778250
17,50,<pair>,0,1.000000
17,50,<start>,0,1.000000
17,50,<string>,0,1.000000
17,50,<value>,0,0.252966
17,50,<value>,1,0.349149
17,50,<value>,2,0.015699
17,50,<value>,3,0.199118
17,50,<value>,4,0.043551
17,50,<value>,5,0.021108
17,50,<value>,6,0.118408
17,55,<array>,0,0.383548
17,55,<array>,1,0.616452
17,55,<char>,0,0.194078
17,55,<char>,1,0.209750
17,55,<char>,2,0.113718
17,55,<char>,3,0.301755
17,55,<char>,4,0.180698
17,55,<chars>,0,0.133627
17,55,<chars>,1,0.866373
17,55,<digit>,0,0.238283
17,55,<digit>,1,0.161138
17,55,<digit>,2,0.062511
17,55,<digit>,3,0.038518
17,55,<digit>,4,0.169980
17,55,<digit>,5,0.000000
17,55,<digit>,6,0.054127
17,55,<digit>,7,0.039836
17,55,<digit>,8,0.152668
17,55,<digit>,9,0.082939
17,55,<digits>,0,0.250019
17,55,<digits>,1,0.749981
17,55,<elements>,0,0.095416
17,55,<elements>,1,0.904584
17,55,<escape>,0,0.268705
17,55,<escape>,1,0.370050
17,55,<escape>,2,0.254340
17,55,<escape>,3,0.105319
17,55,<escape>,4,0.001586
17,55,<int>,0,0.424670
17,55,<int>,1,0.188216
17,55,<int>,2,0.387114
17,55,<members>,0,0.018872
17,55,<members>,1,0.981128
17,55,<number>,0,0.465874
17,55,<number>,1,0.364218
17,55,<number>,2,0.169908
17,55,<object>,0,0.164191
17,55,<object>,1,0.835809
17,55,<pair>,0,1.000000
17,55,<start>,0,1.000000
17,55,<string>,0,1.000000
17,55,<value>,0,0.276159
17,55,<value>,1,0.358988
17,55,<value>,2,0.000778
17,55,<value>,3,0.190166
17,55,<value>,4,0.043754
17,55,<value>,5,0.033627
17,55,<value>,6,0.096528
17,59,<array>,0,0.131130
17,59,<array>,1,0.868870
17,59,<char>,0,0.265160
17,59,<char>,1,0.223107
17,59,<char>,2,0.110604
17,59,<char>,3,0.221388
17,59,<char>,4,0.179742
17,59,<chars>,0,0.103987
17,59,<chars>,1,0.896013
17,59,<digit>,0,0.279079
17,59,<digit>,1,0.088687
17,59,<digit>,2,0.043205
17,59,<digit>,3,0.004053
17,59,<digit>,4,0.250085
17,59,<digit>,5,0.093939
17,59,<digit>,6,0.037686
17,59,<digit>,7,0.056356
17,59,<digit>,8,0.146909
17,59,<digit>,9,0.000000
17,59,<digits>,0,0.147211
17,59,<digits>,1,0.852789
17,59,<elements>,0,0.102330
17,59,<elements>,1,0.897670
17,59,<escape>,0,0.231790
17,59,<escape>,1,0.363210
17,59,<escape>,2,0.326110
17,59,<escape>,3,0.070835
17,59,<escape>,4,0.008055
17,59,<int>,0,0.438583
17,59,<int>,1,0.105346
17,59,<int>,2,0.456071
17,59,<members>,0,0.032823
17,59,<members>,1,0.967177
17,59,<number>,0,0.433870
17,59,<number>,1,0.395581
17,59,<number>,2,0.170549
17,59,<object>,0,0.184993
17,59,<object>,1,0.815007
17,59,<pair>,0,1.000000
17,59,<start>,0,1.000000
17,59,<string>,0,1.000000
17,59,<value>,0,0.301898
17,59,<value>,1,0.355388
17,59,<value>,2,0.000110
17,59,<value>,3,0.230350
17,59,<value>,4,0.045639
17,59,<value>,5,0.004078
17,59,<value>,6,0.062537
18,0,<array>,0,0.622991
18,0,<array>,1,0.377009
18,0,<char>,0,0.242435
18,0,<char>,1,0.088447
18,0,<char>,2,0.224394
18,0,<char>,3,0.153502
18,0,<char>,4,0.291222
18,0,<chars>,0,0.410116
18,0,<chars>,1,0.589884
18,0,<digit>,0,0.091542
18,0,<digit>,1,0.062241
18,0,<digit>,2,0.109280
18,0,<digit>,3,0.134480
18,0,<digit>,4,0.088274
18,0,<digit>,5,0.108299
18,0,<digit>,6,0.088514
18,0,<digit>,7,0.074132
18,0,<digit>,8,0.129956
18,0,<digit>,9,0.113282
18,0,<digits>,0,0.580068
18,0,<digits>,1,0.419932
18,0,<elements>,0,0.789618
18,0,<elements>,1,0.210382
18,0,<escape>,0,0.075398
18,0,<escape>,1,0.259864
18,0,<escape>,2,0.144476
18,0,<escape>,3,0.287570
18,0,<escape>,4,0.232692
18,0,<int>,0,0.212165
18,0,<int>,1,0.453854
18,0,<int>,2,0.333981
18,0,<members>,0,0.554442
18,0,<members>,1,0.445558
18,0,<number>,0,0.198461
18,0,<number>,1,0.222552
18,0,<number>,2,0.578986
18,0,<object>,0,0.403437
18,0,<object>,1,0.596563
18,0,<pair>,0,1.000000
18,0,<start>,0,1.000000
18,0,<string>,0,1.000000
18,0,<value>,0,0.150583
18,0,<value>,1,0.151483
18,0,<value>,2,0.154706
18,0,<value>,3,0.158274
18,0,<value>,4,0.120755
18,0,<value>,5,0.109055
18,0,<value>,6,0.155144
18,5,<array>,0,0.246748
18,5,<array>,1,0.753252
18,5,<char>,0,0.114380
18,5,<char>,1,0.144383
18,5,<char>,2,0.355870
18,5,<char>,3,0.153223
18,5,<char>,4,0.232144
18,5,<chars>,0,0.431303
18,5,<chars>,1,0.568697
18,5,<digit>,0,0.130026
18,5,<digit>,1,0.050985
18,5,<digit>,2,0.080940
18,5,<digit>,3,0.076061
18,5,<digit>,4,0.062253
18,5,<digit>,5,0.168718
18,5,<digit>,6,0.164113
18,5,<digit>,7,0.044740
18,5,<digit>,8,0.107014
18,5,<digit>,9,0.115151
18,5,<digits>,0,0.362464
18,5,<digits>,1,0.637536
18,5,<elements>,0,0.465750
18,5,<elements>,1,0.534250
18,5,<escape>,0,0.192093
18,5,<escape>,1,0.128982
18,5,<escape>,2,0.354566
18,5,<escape>,3,0.138246
18,5,<escape>,4,0.186113
18,5,<int>,0,0.223135
18,5,<int>,1,0.396459
18,5,<int>,2,0.380406
18,5,<members>,0,0.473767
18,5,<members>,1,0.526233
18,5,<number>,0,0.181379
18,5,<number>,1,0.369005
18,5,<number>,2,0.449617
18,5,<object>,0,0.598575
18,5,<object>,1,0.401425
18,5,<pair>,0,1.000000
18,5,<start>,0,1.000000
18,5,<string>,0,1.000000
18,5,<value>,0,0.176352
18,5,<value>,1,0.223642
18,5,<value>,2,0.103914
18,5,<value>,3,0.172650
18,5,<value>,4,0.114445
18,5,<value>,5,0.092416
18,5,<value>,6,0.116581
18,10,<array>,0,0.278280
18,10,<array>,1,0.721720
18,10,<char>,0,0.081514
18,10,<char>,1,0.128353
18,10,<char>,2,0.352313
18,10,<char>,3,0.181277
18,10,<char>,4,0.256543
18,10,<chars>,0,0.415033
18,10,<chars>,1,0.584967
18,10,<digit>,0,0.106997
18,10,<digit>,1,0.022695
18,10,<digit>,2,0.119834
18,10,<digit>,3,0.300985
18,10,<digit>,4,0.000000
18,10,<digit>,5,0.129008
18,10,<digit>,6,0.107544
18,10,<digit>,7,0.063683
18,10,<digit>,8,0.059404
18,10,<digit>,9,0.089850
18,10,<digits>,0,0.365635
18,10,<digits>,1,0.634365
18,10,<elements>,0,0.436338
18,10,<elements>,1,0.563662
18,10,<escape>,0,0.144962
18,10,<escape>,1,0.068002
18,10,<escape>,2,0.335162
18,10,<escape>,3,0.191753
18,10,<escape>,4,0.260121
18,10,<int>,0,0.169929
18,10,<int>,1,0.337757
18,10,<int>,2,0.492314
18,10,<members>,0,0.449388
18,10,<members>,1,0.550612
18,10,<number>,0,0.271005
18,10,<number>,1,0.326435
18,10,<number>,2,0.402561
18,10,<object>,0,0.312930
18,10,<object>,1,0.687070
18,10,<pair>,0,1.000000
18,10,<start>,0,1.000000
18,10,<string>,0,1.000000
18,10,<value>,0,0.241204
18,10,<value>,1,0.285844
18,10,<value>,2,0.025421
18,10,<value>,3,0.161906
18,10,<value>,4,0.173989
18,10,<value>,5,0.039616
18,10,<value>,6,0.072022
18,15,<array>,0,0.236657
18,15,<array>,1,0.763343
18,15,<char>,0,0.102597
18,15,<char>,1,0.000000
18,15,<char>,2,0.432182
18,15,<char>,3,0.153078
18,15,<char>,4,0.312142
18,15,<chars>,0,0.396767
18,15,<chars>,1,0.603233
18,15,<digit>,0,0.119586
18,15,<digit>,1,0.045601
18,15,<digit>,2,0.116341
18,15,<digit>,3,0.315110
18,15,<digit>,4,0.000000
18,15,<digit>,5,0.130617
18,15,<digit>,6,0.104740
18,15,<digit>,7,0.003659
18,15,<digit>,8,0.026702
18,15,<digit>,9,0.137644
18,15,<digits>,0,0.372193
18,15,<digits>,1,0.627807
18,15,<elements>,0,0.471731
18,15,<elements>,1,0.528269
18,15,<escape>,0,0.184844
18,15,<escape>,1,0.020910
18,15,<escape>,2,0.303313
18,15,<escape>,3,0.180799
18,15,<escape>,4,0.310133
18,15,<int>,0,0.202980
18,15,<int>,1,0.347024
18,15,<int>,2,0.449996
18,15,<members>,0,0.478352
18,15,<members>,1,0.521648
18,15,<number>,0,0.316531
18,15,<number>,1,0.309307
18,15,<number>,2,0.374162
18,15,<object>,0,0.224959
18,15,<object>,1,0.775041
18,15,<pair>,0,1.000000
18,15,<start>,0,1.000000
18,15,<string>,0,1.000000
18,15,<value>,0,0.288740
18,15,<value>,1,0.278432
18,15,<value>,2,0.040327
18,15,<value>,3,0.150194
18,15,<value>,4,0.054433
18,15,<value>,5,0.115756
18,15,<value>,6,0.072119
18,20,<array>,0,0.237315
18,20,<array>,1,0.762685
18,20,<char>,0,0.068826
18,20,<char>,1,0.143933
18,20,<char>,2,0.442752
18,20,<char>,3,0.163340
18,20,<char>,4,0.181149
18,20,<chars>,0,0.298996
18,20,<chars>,1,0.701004
18,20,<digit>,0,0.130331
18,20,<digit>,1,0.065915
18,20,<digit>,2,0.133089
18,20,<digit>,3,0.349992
18,20,<digit>,4,0.008315
18,20,<digit>,5,0.166615
18,20,<digit>,6,0.059959
18,20,<digit>,7,0.027522
18,20,<digit>,8,0.053995
18,20,<digit>,9,0.004268
18,20,<digits>,0,0.372624
18,20,<digits>,1,0.627376
18,20,<elements>,0,0.279700
18,20,<elements>,1,0.720300
18,20,<escape>,0,0.182569
18,20,<escape>,1,0.023053
18,20,<escape>,2,0.395980
18,20,<escape>,3,0.154878
18,20,<escape>,4,0.243520
18,20,<int>,0,0.147829
18,20,<int>,1,0.357625
18,20,<int>,2,0.494546
18,20,<members>,0,0.372189
18,20,<members>,1,0.627811
18,20,<number>,0,0.279672
18,20,<number>,1,0.340237
18,20,<number>,2,0.380091
18,20,<object>,0,0.239711
18,20,<object>,1,0.760289
18,20,<pair>,0,1.000000
18,20,<start>,0,1.000000
18,20,<string>,0,1.000000
18,20,<value>,0,0.267794
18,20,<value>,1,0.319428
18,20,<value>,2,0.037396
18,20,<value>,3,0.132104
18,20,<value>,4,0.110315
18,20,<value>,5,0.073973
18,20,<value>,6,0.058990
18,25,<array>,0,0.000000
18,25,<array>,1,1.000000
18,25,<char>,0,0.082179
18,25,<char>,1,0.017146
18,25,<char>,2,0.549773
18,25,<char>,3,0.163340
18,25,<char>,4,0.187562
18,25,<chars>,0,0.375011
18,25,<chars>,1,0.624989
18,25,<digit>,0,0.109058
18,25,<digit>,1,0.030497
18,25,<digit>,2,0.125337
18,25,<digit>,3,0.318951
18,25,<digit>,4,0.004833
18,25,<digit>,5,0.133927
18,25,<digit>,6,0.023860
18,25,<digit>,7,0.053769
18,25,<digit>,8,0.149675
18,25,<digit>,9,0.050092
18,25,<digits>,0,0.379626
18,25,<digits>,1,0.620374
18,25,<elements>,0,0.213116
18,25,<elements>,1,0.786884
18,25,<escape>,0,0.191720
18,25,<escape>,1,0.102680
18,25,<escape>,2,0.286686
18,25,<escape>,3,0.181739
18,25,<escape>,4,0.237176
18,25,<int>,0,0.150067
18,25,<int>,1,0.308149
18,25,<int>,2,0.541784
18,25,<members>,0,0.428134
18,25,<members>,1,0.571866
18,25,<number>,0,0.318728
18,25,<number>,1,0.293583
18,25,<number>,2,0.387690
18,25,<object>,0,0.138451
18,25,<object>,1,0.861549
18,25,<pair>,0,1.000000
18,25,<start>,0,1.000000
18,25,<string>,0,1.000000
18,25,<value>,0,0.276817
18,25,<value>,1,0.325532
18,25,<value>,2,0.036350
18,25,<value>,3,0.119348
18,25,<value>,4,0.107279
18,25,<value>,5,0.043781
18,25,<value>,6,0.090893
18,30,<array>,0,0.108482
18,30,<array>,1,0.891518
18,30,<char>,0,0.078268
18,30,<char>,1,0.036424
18,30,<char>,2,0.527292
18,30,<char>,3,0.120563
18,30,<char>,4,0.237453
18,30,<chars>,0,0.470939
18,30,<chars>,1,0.529061
18,30,<digit>,0,0.135246
18,30,<digit>,1,0.041031
18,30,<digit>,2,0.105913
18,30,<digit>,3,0.378244
18,30,<digit>,4,0.113161
18,30,<digit>,5,0.144615
18,30,<digit>,6,0.021380
18,30,<digit>,7,0.008197
18,30,<digit>,8,0.011490
18,30,<digit>,9,0.040722
18,30,<digits>,0,0.370659
18,30,<digits>,1,0.629341
18,30,<elements>,0,0.000000
18,30,<elements>,1,1.000000
18,30,<escape>,0,0.206098
18,30,<escape>,1,0.254492
18,30,<escape>,2,0.335104
18,30,<escape>,3,0.132787
18,30,<escape>,4,0.071519
18,30,<int>,0,0.113305
18,30,<int>,1,0.383324
18,30,<int>,2,0.503371
18,30,<members>,0,0.185793
18,30,<members>,1,0.814207
18,30,<number>,0,0.252048
18,30,<number>,1,0.305341
18,30,<number>,2,0.442611
18,30,<object>,0,0.129774
18,30,<object>,1,0.870226
18,30,<pair>,0,1.000000
18,30,<start>,0,1.000000
18,30,<string>,0,1.000000
18,30,<value>,0,0.286888
18,30,<value>,1,0.307670
18,30,<value>,2,0.039284
18,30,<value>,3,0.154456
18,30,<value>,4,0.142106
18,30,<value>,5,0.008065
18,30,<value>,6,0.061531
18,35,<array>,0,0.158516
18,35,<array>,1,0.841484
18,35,<char>,0,0.038459
18,35,<char>,1,0.111840
18,35,<char>,2,0.468061
18,35,<char>,3,0.122345
18,35,<char>,4,0.259294
18,35,<chars>,0,0.450565
18,35,<chars>,1,0.549435
18,35,<digit>,0,0.133020
18,35,<digit>,1,0.038473
18,35,<digit>,2,0.158817
18,35,<digit>,3,0.331568
18,35,<digit>,4,0.000000
18,35,<digit>,5,0.107567
18,35,<digit>,6,0.029087
18,35,<digit>,7,0.072482
18,35,<digit>,8,0.078116
18,35,<digit>,9,0.050870
18,35,<digits>,0,0.354354
18,35,<digits>,1,0.645646
18,35,<elements>,0,0.131938
18,35,<elements>,1,0.868062
18,35,<escape>,0,0.299354
18,35,<escape>,1,0.410110
18,35,<escape>,2,0.212954
18,35,<escape>,3,0.000000
18,35,<escape>,4,0.077582
18,35,<int>,0,0.098061
18,35,<int>,1,0.438494
18,35,<int>,2,0.463445
18,35,<members>,0,0.023930
18,35,<members>,1,0.976070
18,35,<number>,0,0.231765
18,35,<number>,1,0.361375
18,35,<number>,2,0.406860
18,35,<object>,0,0.125188
18,35,<object>,1,0.874812
18,35,<pair>,0,1.000000
18,35,<start>,0,1.000000
18,35,<string>,0,1.000000
18,35,<value>,0,0.296324
18,35,<value>,1,0.324661
18,35,<value>,2,0.044432
18,35,<value>,3,0.167581
18,35,<value>,4,0.064347
18,35,<value>,5,0.042524
18,35,<value>,6,0.060131
18,40,<array>,0,0.200785
18,40,<array>,1,0.799215
18,40,<char>,0,0.068628
18,40,<char>,1,0.071777
18,40,<char>,2,0.454518
18,40,<char>,3,0.156961
18,40,<char>,4,0.248117
18,40,<chars>,0,0.434724
18,40,<chars>,1,0.565276
18,40,<digit>,0,0.166523
18,40,<digit>,1,0.068292
18,40,<digit>,2,0.137472
18,40,<digit>,3,0.349294
18,40,<digit>,4,0.037375
18,40,<digit>,5,0.076224
18,40,<digit>,6,0.061264
18,40,<digit>,7,0.049749
18,40,<digit>,8,0.006130
18,40,<digit>,9,0.047677
18,40,<digits>,0,0.329730
18,40,<digits>,1,0.670270
18,40,<elements>,0,0.087634
18,40,<elements>,1,0.912366
18,40,<escape>,0,0.195634
18,40,<escape>,1,0.246944
18,40,<escape>,2,0.372476
18,40,<escape>,3,0.151887
18,40,<escape>,4,0.033059
18,40,<int>,0,0.099252
18,40,<int>,1,0.380274
18,40,<int>,2,0.520474
18,40,<members>,0,0.102102
18,40,<members>,1,0.897898
18,40,<number>,0,0.234704
18,40,<number>,1,0.303297
18,40,<number>,2,0.461999
18,40,<object>,0,0.000000
18,40,<object>,1,1.000000
18,40,<pair>,0,1.000000
18,40,<start>,0,1.000000
18,40,<string>,0,1.000000
18,40,<value>,0,0.296704
18,40,<value>,1,0.350316
18,40,<value>,2,0.050811
18,40,<value>,3,0.180719
18,40,<value>,4,0.022477
18,40,<value>,5,0.021535
18,40,<value>,6,0.077437
18,45,<array>,0,0.217584
18,45,<array>,1,0.782416
18,45,<char>,0,0.043143
18,45,<char>,1,0.145029
18,45,<char>,2,0.427547
18,45,<char>,3,0.140645
18,45,<char>,4,0.243637
18,45,<chars>,0,0.416610
18,45,<chars>,1,0.583390
18,45,<digit>,0,0.202124
18,45,<digit>,1,0.075980
18,45,<digit>,2,0.201644
18,45,<digit>,3,0.214541
18,45,<digit>,4,0.022190
18,45,<digit>,5,0.010751
18,45,<digit>,6,0.112993
18,45,<digit>,7,0.087617
18,45,<digit>,8,0.045289
18,45,<digit>,9,0.026870
18,45,<digits>,0,0.356580
18,45,<digits>,1,0.643420
18,45,<elements>,0,0.094091
18,45,<elements>,1,0.905909
18,45,<escape>,0,0.366249
18,45,<escape>,1,0.178579
18,45,<escape>,2,0.352999
18,45,<escape>,3,0.088278
18,45,<escape>,4,0.013896
18,45,<int>,0,0.132103
18,45,<int>,1,0.395128
18,45,<int>,2,0.472769
18,45,<members>,0,0.021440
18,45,<members>,1,0.978560
18,45,<number>,0,0.206813
18,45,<number>,1,0.295496
18,45,<number>,2,0.497690
18,45,<object>,0,0.120743
18,45,<object>,1,0.879257
18,45,<pair>,0,1.000000
18,45,<start>,0,1.000000
18,45,<string>,0,1.000000
18,45,<value>,0,0.319864
18,45,<value>,1,0.289172
18,45,<value>,2,0.046531
18,45,<value>,3,0.190093
18,45,<value>,4,0.089988
18,45,<value>,5,0.018875
18,45,<value>,6,0.045477
18,50,<array>,0,0.217642
18,50,<array>,1,0.782358
18,50,<char>,0,0.018751
18,50,<char>,1,0.029858
18,50,<char>,2,0.473917
18,50,<char>,3,0.153204
18,50,<char>,4,0.324270
18,50,<chars>,0,0.362289
18,50,<chars>,1,0.637711
18,50,<digit>,0,0.243644
18,50,<digit>,1,0.036428
18,50,<digit>,2,0.175114
18,50,<digit>,3,0.291729
18,50,<digit>,4,0.040469
18,50,<digit>,5,0.130356
18,50,<digit>,6,0.000000
18,50,<digit>,7,0.052437
18,50,<digit>,8,0.012027
18,50,<digit>,9,0.017796
18,50,<digits>,0,0.349814
18,50,<digits>,1,0.650186
18,50,<elements>,0,0.080644
18,50,<elements>,1,0.919356
18,50,<escape>,0,0.283288
18,50,<escape>,1,0.336772
18,50,<escape>,2,0.337416
18,50,<escape>,3,0.041170
18,50,<escape>,4,0.001355
18,50,<int>,0,0.118610
18,50,<int>,1,0.411270
18,50,<int>,2,0.470120
18,50,<members>,0,0.052196
18,50,<members>,1,0.947804
18,50,<number>,0,0.202501
18,50,<number>,1,0.306441
18,50,<number>,2,0.491058
18,50,<object>,0,0.127547
18,50,<object>,1,0.872453
18,50,<pair>,0,1.000000
18,50,<start>,0,1.000000
18,50,<string>,0,1.000000
18,50,<value>,0,0.346138
18,50,<value>,1,0.329830
18,50,<value>,2,0.022301
18,50,<value>,3,0.174968
18,50,<value>,4,0.067218
18,50,<value>,5,0.017896
18,50,<value>,6,0.041648
18,55,<array>,0,0.227164
18,55,<array>,1,0.772836
18,55,<char>,0,0.024779
18,55,<char>,1,0.020824
18,55,<char>,2,0.439749
18,55,<char>,3,0.148322
18,55,<char>,4,0.366326
18,55,<chars>,0,0.185965
18,55,<chars>,1,0.814035
18,55,<digit>,0,0.231228
18,55,<digit>,1,0.032373
18,55,<digit>,2,0.266757
18,55,<digit>,3,0.228885
18,55,<digit>,4,0.033500
18,55,<digit>,5,0.092965
18,55,<digit>,6,0.002666
18,55,<digit>,7,0.064800
18,55,<digit>,8,0.039941
18,55,<digit>,9,0.006886
18,55,<digits>,0,0.346681
18,55,<digits>,1,0.653319
18,55,<elements>,0,0.081291
18,55,<elements>,1,0.918709
18,55,<escape>,0,0.287104
18,55,<escape>,1,0.234496
18,55,<escape>,2,0.432886
18,55,<escape>,3,0.040277
18,55,<escape>,4,0.005237
18,55,<int>,0,0.118293
18,55,<int>,1,0.404181
18,55,<int>,2,0.477526
18,55,<members>,0,0.053244
18,55,<members>,1,0.946756
18,55,<number>,0,0.213850
18,55,<number>,1,0.321421
18,55,<number>,2,0.464729
18,55,<object>,0,0.156805
18,55,<object>,1,0.843195
18,55,<pair>,0,1.000000
18,55,<start>,0,1.000000
18,55,<string>,0,1.000000
18,55,<value>,0,0.282956
18,55,<value>,1,0.352341
18,55,<value>,2,0.052407
18,55,<value>,3,0.177708
18,55,<value>,4,0.078570
18,55,<value>,5,0.012334
18,55,<value>,6,0.043684
18,59,<array>,0,0.235512
18,59,<array>,1,0.764488
18,59,<char>,0,0.025693
18,59,<char>,1,0.035460
18,59,<char>,2,0.417471
18,59,<char>,3,0.188667
18,59,<char>,4,0.332709
18,59,<chars>,0,0.140494
18,59,<chars>,1,0.859506
18,59,<digit>,0,0.289387
18,59,<digit>,1,0.074046
18,59,<digit>,2,0.151604
18,59,<digit>,3,0.215450
18,59,<digit>,4,0.080029
18,59,<digit>,5,0.068556
18,59,<digit>,6,0.008751
18,59,<digit>,7,0.038069
18,59,<digit>,8,0.074108
18,59,<digit>,9,0.000000
18,59,<digits>,0,0.349812
18,59,<digits>,1,0.650188
18,59,<elements>,0,0.085409
18,59,<elements>,1,0.914591
18,59,<escape>,0,0.324042
18,59,<escape>,1,0.262787
18,59,<escape>,2,0.383717
18,59,<escape>,3,0.028914
18,59,<escape>,4,0.000540
18,59,<int>,0,0.118413
18,59,<int>,1,0.401649
18,59,<int>,2,0.479938
18,59,<members>,0,0.054110
18,59,<members>,1,0.945890
18,59,<number>,0,0.179144
18,59,<number>,1,0.350645
18,59,<number>,2,0.470211
18,59,<object>,0,0.126777
18,59,<object>,1,0.873223
18,59,<pair>,0,1.000000
18,59,<start>,0,1.000000
18,59,<string>,0,1.000000
18,59,<value>,0,0.302253
18,59,<value>,1,0.332687
18,59,<value>,2,0.045306
18,59,<value>,3,0.180260
18,59,<value>,4,0.073395
18,59,<value>,5,0.019155
18,59,<value>,6,0.046944
19,0,<array>,0,0.607044
19,0,<array>,1,0.392956
19,0,<char>,0,0.199819
19,0,<char>,1,0.238604
19,0,<char>,2,0.247979
19,0,<char>,3,0.205143
19,0,<char>,4,0.108455
19,0,<chars>,0,0.231882
19,0,<chars>,1,0.768118
19,0,<digit>,0,0.045429
19,0,<digit>,1,0.117515
19,0,<digit>,2,0.127003
19,0,<digit>,3,0.111132
19,0,<digit>,4,0.135056
19,0,<digit>,5,0.099882
19,0,<digit>,6,0.121097
19,0,<digit>,7,0.062202
19,0,<digit>,8,0.113567
19,0,<digit>,9,0.067116
19,0,<digits>,0,0.543010
19,0,<digits>,1,0.456990
19,0,<elements>,0,0.234199
19,0,<elements>,1,0.765801
19,0,<escape>,0,0.251017
19,0,<escape>,1,0.251038
19,0,<escape>,2,0.110771
19,0,<escape>,3,0.171252
19,0,<escape>,4,0.215922
19,0,<int>,0,0.401358
19,0,<int>,1,0.327650
19,0,<int>,2,0.270993
19,0,<members>,0,0.330082
19,0,<members>,1,0.669918
19,0,<number>,0,0.521873
19,0,<number>,1,0.281154
19,0,<number>,2,0.196973
19,0,<object>,0,0.646294
19,0,<object>,1,0.353706
19,0,<pair>,0,1.000000
19,0,<start>,0,1.000000
19,0,<string>,0,1.000000
19,0,<value>,0,0.229572
19,0,<value>,1,0.117679
19,0,<value>,2,0.089205
19,0,<value>,3,0.125371
19,0,<value>,4,0.196838
19,0,<value>,5,0.092223
19,0,<value>,6,0.149113
19,5,<array>,0,0.360800
19,5,<array>,1,0.639200
19,5,<char>,0,0.244895
19,5,<char>,1,0.095131
19,5,<char>,2,0.190368
19,5,<char>,3,0.245839
19,5,<char>,4,0.223767
19,5,<chars>,0,0.394072
19,5,<chars>,1,0.605928
19,5,<digit>,0,0.140343
19,5,<digit>,1,0.192816
19,5,<digit>,2,0.012021
19,5,<digit>,3,0.000000
19,5,<digit>,4,0.089524
19,5,<digit>,5,0.097558
19,5,<digit>,6,0.237244
19,5,<digit>,7,0.117377
19,5,<digit>,8,0.093819
19,5,<digit>,9,0.019298
19,5,<digits>,0,0.260989
19,5,<digits>,1,0.739011
19,5,<elements>,0,0.464130
19,5,<elements>,1,0.535870
19,5,<escape>,0,0.087946
19,5,<escape>,1,0.282732
19,5,<escape>,2,0.185912
19,5,<escape>,3,0.230570
19,5,<escape>,4,0.212841
19,5,<int>,0,0.296726
19,5,<int>,1,0.281478
19,5,<int>,2,0.421797
19,5,<members>,0,0.419769
19,5,<members>,1,0.580231
19,5,<number>,0,0.376285
19,5,<number>,1,0.301411
19,5,<number>,2,0.322304
19,5,<object>,0,0.467134
19,5,<object>,1,0.532866
19,5,<pair>,0,1.000000
19,5,<start>,0,1.000000
19,5,<string>,0,1.000000
19,5,<value>,0,0.127627
19,5,<value>,1,0.551542
19,5,<value>,2,0.117492
19,5,<value>,3,0.114661
19,5,<value>,4,0.029887
19,5,<value>,5,0.028327
19,5,<value>,6,0.030464
19,10,<array>,0,0.344069
19,10,<array>,1,0.655931
19,10,<char>,0,0.247864
19,10,<char>,1,0.117899
19,10,<char>,2,0.191857
19,10,<char>,3,0.189797
19,10,<char>,4,0.252583
19,10,<chars>,0,0.401907
19,10,<chars>,1,0.598093
19,10,<digit>,0,0.128589
19,10,<digit>,1,0.237794
19,10,<digit>,2,0.027195
19,10,<digit>,3,0.000984
19,10,<digit>,4,0.093948
19,10,<digit>,5,0.103678
19,10,<digit>,6,0.271445
19,10,<digit>,7,0.025031
19,10,<digit>,8,0.091262
19,10,<digit>,9,0.020074
19,10,<digits>,0,0.301111
19,10,<digits>,1,0.698889
19,10,<elements>,0,0.306712
19,10,<elements>,1,0.693288
19,10,<escape>,0,0.096644
19,10,<escape>,1,0.381585
19,10,<escape>,2,0.000000
19,10,<escape>,3,0.303347
19,10,<escape>,4,0.218423
19,10,<int>,0,0.336785
19,10,<int>,1,0.297867
19,10,<int>,2,0.365347
19,10,<members>,0,0.422987
19,10,<members>,1,0.577013
19,10,<number>,0,0.446049
19,10,<number>,1,0.243987
19,10,<number>,2,0.309964
19,10,<object>,0,0.428098
19,10,<object>,1,0.571902
19,10,<pair>,0,1.000000
19,10,<start>,0,1.000000
19,10,<string>,0,1.000000
19,10,<value>,0,0.106027
19,10,<value>,1,0.478102
19,10,<value>,2,0.090231
19,10,<value>,3,0.115382
19,10,<value>,4,0.115518
19,10,<value>,5,0.064933
19,10,<value>,6,0.029806
19,15,<array>,0,0.356332
19,15,<array>,1,0.643668
19,15,<char>,0,0.146656
19,15,<char>,1,0.112204
19,15,<char>,2,0.297339
19,15,<char>,3,0.193410
19,15,<char>,4,0.250392
19,15,<chars>,0,0.451824
19,15,<chars>,1,0.548176
19,15,<digit>,0,0.233763
19,15,<digit>,1,0.153429
19,15,<digit>,2,0.000000
19,15,<digit>,3,0.059291
19,15,<digit>,4,0.098778
19,15,<digit>,5,0.000000
19,15,<digit>,6,0.263345
19,15,<digit>,7,0.130265
19,15,<digit>,8,0.033194
19,15,<digit>,9,0.027935
19,15,<digits>,0,0.299873
19,15,<digits>,1,0.700127
19,15,<elements>,0,0.350236
19,15,<elements>,1,0.649764
19,15,<escape>,0,0.128987
19,15,<escape>,1,0.288794
19,15,<escape>,2,0.212378
19,15,<escape>,3,0.168849
19,15,<escape>,4,0.200993
19,15,<int>,0,0.324774
19,15,<int>,1,0.325677
19,15,<int>,2,0.349549
19,15,<members>,0,0.286524
19,15,<members>,1,0.713476
19,15,<number>,0,0.404129
19,15,<number>,1,0.250210
19,15,<number>,2,0.345661
19,15,<object>,0,0.415540
19,15,<object>,1,0.584460
19,15,<pair>,0,1.000000
19,15,<start>,0,1.000000
19,15,<string>,0,1.000000
19,15,<value>,0,0.146443
19,15,<value>,1,0.310839
19,15,<value>,2,0.249591
19,15,<value>,3,0.167607
19,15,<value>,4,0.003174
19,15,<value>,5,0.073277
19,15,<value>,6,0.049069
19,20,<array>,0,0.325629
19,20,<array>,1,0.674371
19,20,<char>,0,0.148740
19,20,<char>,1,0.121343
19,20,<char>,2,0.194948
19,20,<char>,3,0.226040
19,20,<char>,4,0.308930
19,20,<chars>,0,0.451808
19,20,<chars>,1,0.548192
19,20,<digit>,0,0.191215
19,20,<digit>,1,0.100241
19,20,<digit>,2,0.008602
19,20,<digit>,3,0.000000
19,20,<digit>,4,0.218708
19,20,<digit>,5,0.075127
19,20,<digit>,6,0.230635
19,20,<digit>,7,0.009666
19,20,<digit>,8,0.092773
19,20,<digit>,9,0.073033
19,20,<digits>,0,0.264737
19,20,<digits>,1,0.735263
19,20,<elements>,0,0.358788
19,20,<elements>,1,0.641212
19,20,<escape>,0,0.168763
19,20,<escape>,1,0.303881
19,20,<escape>,2,0.148974
19,20,<escape>,3,0.135792
19,20,<escape>,4,0.242590
19,20,<int>,0,0.378678
19,20,<int>,1,0.318365
19,20,<int>,2,0.302957
19,20,<members>,0,0.291375
19,20,<members>,1,0.708625
19,20,<number>,0,0.382982
19,20,<number>,1,0.228571
19,20,<number>,2,0.388447
19,20,<object>,0,0.437462
19,20,<object>,1,0.562538
19,20,<pair>,0,1.000000
19,20,<start>,0,1.000000
19,20,<string>,0,1.000000
19,20,<value>,0,0.189957
19,20,<value>,1,0.362088
19,20,<value>,2,0.064278
19,20,<value>,3,0.068648
19,20,<value>,4,0.132882
19,20,<value>,5,0.025318
19,20,<value>,6,0.156828
19,25,<array>,0,0.311951
19,25,<array>,1,0.688049
19,25,<char>,0,0.223044
19,25,<char>,1,0.167157
19,25,<char>,2,0.181713
19,25,<char>,3,0.148859
19,25,<char>,4,0.279226
19,25,<chars>,0,0.417894
19,25,<chars>,1,0.582106
19,25,<digit>,0,0.185456
19,25,<digit>,1,0.052271
19,25,<digit>,2,0.000000
19,25,<digit>,3,0.000000
19,25,<digit>,4,0.099061
19,25,<digit>,5,0.214613
19,25,<digit>,6,0.230244
19,25,<digit>,7,0.060287
19,25,<digit>,8,0.111797
19,25,<digit>,9,0.046272
19,25,<digits>,0,0.312529
19,25,<digits>,1,0.687471
19,25,<elements>,0,0.008519
19,25,<elements>,1,0.991481
19,25,<escape>,0,0.255702
19,25,<escape>,1,0.229908
19,25,<escape>,2,0.241413
19,25,<escape>,3,0.189190
19,25,<escape>,4,0.083788
19,25,<int>,0,0.296689
19,25,<int>,1,0.367246
19,25,<int>,2,0.336066
19,25,<members>,0,0.428311
19,25,<members>,1,0.571689
19,25,<number>,0,0.370769
19,25,<number>,1,0.194638
19,25,<number>,2,0.434593
19,25,<object>,0,0.456392
19,25,<object>,1,0.543608
19,25,<pair>,0,1.000000
19,25,<start>,0,1.000000
19,25,<string>,0,1.000000
19,25,<value>,0,0.132605
19,25,<value>,1,0.334873
19,25,<value>,2,0.087085
19,25,<value>,3,0.166697
19,25,<value>,4,0.062462
19,25,<value>,5,0.083210
19,25,<value>,6,0.133068
19,30,<array>,0,0.037514
19,30,<array>,1,0.962486
19,30,<char>,0,0.185396
19,30,<char>,1,0.196240
19,30,<char>,2,0.177991
19,30,<char>,3,0.165173
19,30,<char>,4,0.275201
19,30,<chars>,0,0.369027
19,30,<chars>,1,0.630973
19,30,<digit>,0,0.180465
19,30,<digit>,1,0.060523
19,30,<digit>,2,0.033779
19,30,<digit>,3,0.074240
19,30,<digit>,4,0.028437
19,30,<digit>,5,0.166486
19,30,<digit>,6,0.179453
19,30,<digit>,7,0.124997
19,30,<digit>,8,0.073288
19,30,<digit>,9,0.078332
19,30,<digits>,0,0.305295
19,30,<digits>,1,0.694705
19,30,<elements>,0,0.000014
19,30,<elements>,1,0.999986
19,30,<escape>,0,0.248846
19,30,<escape>,1,0.298437
19,30,<escape>,2,0.256491
19,30,<escape>,3,0.112283
19,30,<escape>,4,0.083943
19,30,<int>,0,0.383865
19,30,<int>,1,0.093068
19,30,<int>,2,0.523067
19,30,<members>,0,0.521798
19,30,<members>,1,0.478202
19,30,<number>,0,0.294612
19,30,<number>,1,0.404307
19,30,<number>,2,0.301081
19,30,<object>,0,0.454052
19,30,<object>,1,0.545948
19,30,<pair>,0,1.000000
19,30,<start>,0,1.000000
19,30,<string>,0,1.000000
19,30,<value>,0,0.169145
19,30,<value>,1,0.394498
19,30,<value>,2,0.081927
19,30,<value>,3,0.183294
19,30,<value>,4,0.060561
19,30,<value>,5,0.046524
19,30,<value>,6,0.064051
19,35,<array>,0,0.023940
19,35,<array>,1,0.976060
19,35,<char>,0,0.026059
19,35,<char>,1,0.334144
19,35,<char>,2,0.184185
19,35,<char>,3,0.170800
19,35,<char>,4,0.284811
19,35,<chars>,0,0.308478
19,35,<chars>,1,0.691522
19,35,<digit>,0,0.220107
19,35,<digit>,1,0.116264
19,35,<digit>,2,0.023459
19,35,<digit>,3,0.034771
19,35,<digit>,4,0.071307
19,35,<digit>,5,0.147137
19,35,<digit>,6,0.203482
19,35,<digit>,7,0.071270
19,35,<digit>,8,0.039807
19,35,<digit>,9,0.072397
19,35,<digits>,0,0.395903
19,35,<digits>,1,0.604097
19,35,<elements>,0,0.000000
19,35,<elements>,1,1.000000
19,35,<escape>,0,0.204107
19,35,<escape>,1,0.367401
19,35,<escape>,2,0.158868
19,35,<escape>,3,0.139215
19,35,<escape>,4,0.130408
19,35,<int>,0,0.352948
19,35,<int>,1,0.327863
19,35,<int>,2,0.319188
19,35,<members>,0,0.398372
19,35,<members>,1,0.601628
19,35,<number>,0,0.263474
19,35,<number>,1,0.281671
19,35,<number>,2,0.454855
19,35,<object>,0,0.249389
19,35,<object>,1,0.750611
19,35,<pair>,0,1.000000
19,35,<start>,0,1.000000
19,35,<string>,0,1.000000
19,35,<value>,0,0.178934
19,35,<value>,1,0.436211
19,35,<value>,2,0.069256
19,35,<value>,3,0.154501
19,35,<value>,4,0.081960
19,35,<value>,5,0.017805
19,35,<value>,6,0.061332
19,40,<array>,0,0.103835
19,40,<array>,1,0.896165
19,40,<char>,0,0.178434
19,40,<char>,1,0.286384
19,40,<char>,2,0.000520
19,40,<char>,3,0.146862
19,40,<char>,4,0.387800
19,40,<chars>,0,0.326850
19,40,<chars>,1,0.673150
19,40,<digit>,0,0.173465
19,40,<digit>,1,0.097694
19,40,<digit>,2,0.013708
19,40,<digit>,3,0.096437
19,40,<digit>,4,0.058026
19,40,<digit>,5,0.177181
19,40,<digit>,6,0.189202
19,40,<digit>,7,0.094396
19,40,<digit>,8,0.032222
19,40,<digit>,9,0.067669
19,40,<digits>,0,0.346697
19,40,<digits>,1,0.653303
19,40,<elements>,0,0.000084
19,40,<elements>,1,0.999916
19,40,<escape>,0,0.225825
19,40,<escape>,1,0.358272
19,40,<escape>,2,0.247170
19,40,<escape>,3,0.148724
19,40,<escape>,4,0.020009
19,40,<int>,0,0.343177
19,40,<int>,1,0.342957
19,40,<int>,2,0.313866
19,40,<members>,0,0.414870
19,40,<members>,1,0.585130
19,40,<number>,0,0.259766
19,40,<number>,1,0.311283
19,40,<number>,2,0.428951
19,40,<object>,0,0.459239
19,40,<object>,1,0.540761
19,40,<pair>,0,1.000000
19,40,<start>,0,1.000000
19,40,<string>,0,1.000000
19,40,<value>,0,0.171190
19,40,<value>,1,0.428687
19,40,<value>,2,0.046274
19,40,<value>,3,0.162507
19,40,<value>,4,0.126530
19,40,<value>,5,0.024196
19,40,<value>,6,0.040616
19,45,<array>,0,0.090434
19,45,<array>,1,0.909566
19,45,<char>,0,0.140070
19,45,<char>,1,0.256837
19,45,<char>,2,0.147460
19,45,<char>,3,0.185651
19,45,<char>,4,0.269982
19,45,<chars>,0,0.126464
19,45,<chars>,1,0.873536
19,45,<digit>,0,0.212540
19,45,<digit>,1,0.127923
19,45,<digit>,2,0.007454
19,45,<digit>,3,0.003466
19,45,<digit>,4,0.131957
19,45,<digit>,5,0.144049
19,45,<digit>,6,0.229372
19,45,<digit>,7,0.080029
19,45,<digit>,8,0.014520
19,45,<digit>,9,0.048692
19,45,<digits>,0,0.291761
19,45,<digits>,1,0.708239
19,45,<elements>,0,0.037778
19,45,<elements>,1,0.962222
19,45,<escape>,0,0.259021
19,45,<escape>,1,0.420423
19,45,<escape>,2,0.186514
19,45,<escape>,3,0.122494
19,45,<escape>,4,0.011547
19,45,<int>,0,0.394750
19,45,<int>,1,0.307027
19,45,<int>,2,0.298223
19,45,<members>,0,0.287853
19,45,<members>,1,0.712147
19,45,<number>,0,0.277811
19,45,<number>,1,0.285782
19,45,<number>,2,0.436407
19,45,<object>,0,0.461036
19,45,<object>,1,0.538964
19,45,<pair>,0,1.000000
19,45,<start>,0,1.000000
19,45,<string>,0,1.000000
19,45,<value>,0,0.221792
19,45,<value>,1,0.406011
19,45,<value>,2,0.077290
19,45,<value>,3,0.119780
19,45,<value>,4,0.092890
19,45,<value>,5,0.019855
19,45,<value>,6,0.062382
19,50,<array>,0,0.215032
19,50,<array>,1,0.784968
19,50,<char>,0,0.060850
19,50,<char>,1,0.291782
19,50,<char>,2,0.215178
19,50,<char>,3,0.186970
19,50,<char>,4,0.245220
19,50,<chars>,0,0.110850
19,50,<chars>,1,0.889150
19,50,<digit>,0,0.177593
19,50,<digit>,1,0.085407
19,50,<digit>,2,0.024379
19,50,<digit>,3,0.064567
19,50,<digit>,4,0.062830
19,50,<digit>,5,0.152004
19,50,<digit>,6,0.231676
19,50,<digit>,7,0.127282
19,50,<digit>,8,0.029437
19,50,<digit>,9,0.044826
19,50,<digits>,0,0.317734
19,50,<digits>,1,0.682266
19,50,<elements>,0,0.022451
19,50,<elements>,1,0.977549
19,50,<escape>,0,0.261063
19,50,<escape>,1,0.458526
19,50,<escape>,2,0.194669
19,50,<escape>,3,0.071355
19,50,<escape>,4,0.014388
19,50,<int>,0,0.415133
19,50,<int>,1,0.289340
19,50,<int>,2,0.295526
19,50,<members>,0,0.017250
19,50,<members>,1,0.982750
19,50,<number>,0,0.214584
19,50,<number>,1,0.313140
19,50,<number>,2,0.472276
19,50,<object>,0,0.445799
19,50,<object>,1,0.554201
19,50,<pair>,0,1.000000
19,50,<start>,0,1.000000
19,50,<string>,0,1.000000
19,50,<value>,0,0.240560
19,50,<value>,1,0.423928
19,50,<value>,2,0.028860
19,50,<value>,3,0.161491
19,50,<value>,4,0.085835
19,50,<value>,5,0.018625
19,50,<value>,6,0.040702
19,55,<array>,0,0.178363
19,55,<array>,1,0.821637
19,55,<char>,0,0.095636
19,55,<char>,1,0.235491
19,55,<char>,2,0.180899
19,55,<char>,3,0.156603
19,55,<char>,4,0.331371
19,55,<chars>,0,0.149449
19,55,<chars>,1,0.850551
19,55,<digit>,0,0.223735
19,55,<digit>,1,0.097663
19,55,<digit>,2,0.027656
19,55,<digit>,3,0.005672
19,55,<digit>,4,0.000562
19,55,<digit>,5,0.180310
19,55,<digit>,6,0.238059
19,55,<digit>,7,0.091165
19,55,<digit>,8,0.031212
19,55,<digit>,9,0.103966
19,55,<digits>,0,0.249266
19,55,<digits>,1,0.750734
19,55,<elements>,0,0.051168
19,55,<elements>,1,0.948832
19,55,<escape>,0,0.257383
19,55,<escape>,1,0.444850
19,55,<escape>,2,0.201276
19,55,<escape>,3,0.079132
19,55,<escape>,4,0.017358
19,55,<int>,0,0.435540
19,55,<int>,1,0.321423
19,55,<int>,2,0.243037
19,55,<members>,0,0.083858
19,55,<members>,1,0.916142
19,55,<number>,0,0.267996
19,55,<number>,1,0.320512
19,55,<number>,2,0.411492
19,55,<object>,0,0.441466
19,55,<object>,1,0.558534
19,55,<pair>,0,1.000000
19,55,<start>,0,1.000000
19,55,<string>,0,1.000000
19,55,<value>,0,0.261672
19,55,<value>,1,0.452361
19,55,<value>,2,0.012138
19,55,<value>,3,0.172749
19,55,<value>,4,0.059233
19,55,<value>,5,0.024669
19,55,<value>,6,0.017177
19,59,<array>,0,0.169004
19,59,<array>,1,0.830996
19,59,<char>,0,0.082880
19,59,<char>,1,0.268375
19,59,<char>,2,0.174425
19,59,<char>,3,0.190141
19,59,<char>,4,0.284179
19,59,<chars>,0,0.099826
19,59,<chars>,1,0.900174
19,59,<digit>,0,0.326016
19,59,<digit>,1,0.034025
19,59,<digit>,2,0.012826
19,59,<digit>,3,0.000000
19,59,<digit>,4,0.114916
19,59,<digit>,5,0.165039
19,59,<digit>,6,0.141532
19,59,<digit>,7,0.081186
19,59,<digit>,8,0.037225
19,59,<digit>,9,0.087234
19,59,<digits>,0,0.253841
19,59,<digits>,1,0.746159
19,59,<elements>,0,0.059315
19,59,<elements>,1,0.940685
19,59,<escape>,0,0.276471
19,59,<escape>,1,0.452103
19,59,<escape>,2,0.217152
19,59,<escape>,3,0.037431
19,59,<escape>,4,0.016842
19,59,<int>,0,0.453086
19,59,<int>,1,0.250061
19,59,<int>,2,0.296853
19,59,<members>,0,0.049760
19,59,<members>,1,0.950240
19,59,<number>,0,0.269124
19,59,<number>,1,0.304531
19,59,<number>,2,0.426345
19,59,<object>,0,0.442057
19,59,<object>,1,0.557943
19,59,<pair>,0,1.000000
19,59,<start>,0,1.000000
19,59,<string>,0,1.000000
19,59,<value>,0,0.232393
19,59,<value>,1,0.418317
19,59,<value>,2,0.040776
19,59,<value>,3,0.180260
19,59,<value>,4,0.054678
19,59,<value>,5,0.036354
19,59,<value>,6,0.037222
